step,t_s,north_m,east_m,down_m,vn_m_s,ve_m_s,vd_m_s,roll_rad,pitch_rad,yaw_rad,pos_error_m,raw_action_0,raw_action_1,raw_action_2,raw_action_3,cmd_vn_m_s,cmd_ve_m_s,cmd_vd_m_s
1,0.0,0.278729647397995,0.1185740977525711,-0.881600022315979,-0.009291093796491623,0.028717316687107086,-0.07912985980510712,0.0026809509541461025,0.0010085790912405075,1.4732299555212442,0.03667629882693291,0.3097987473011017,0.4096187949180603,-0.6708860993385315,1.0,0.09166761,0.121203765,0.1985112
2,0.0343,0.2780844271183014,0.11970773339271545,-0.8841623067855835,-0.009684811346232891,0.02925201877951622,-0.07830943167209625,0.00258706906415998,0.0011656662593134955,1.4732228981443554,0.03950000926852226,0.31259188055992126,0.41015681624412537,-0.6695228815078735,1.0,0.09247127,0.12133303,0.198059
3,0.0684,0.27756544947624207,0.12064296752214432,-0.8862040042877197,-0.009799273684620857,0.029596086591482162,-0.07115147262811661,0.0024146514898949916,0.0013785446366476233,1.4732283576245901,0.04176442325115204,0.40516960620880127,0.21005502343177795,-1.0,1.0,0.09214931,0.047773637,0.22743392
4,0.1024,0.27708035707473755,0.12157174199819565,-0.8875865936279297,-0.009800747036933899,0.02988220751285553,-0.03642645478248596,0.0020311050582815164,0.0012390836808723656,1.4732379450045143,0.04340054839849472,0.4635253846645355,0.11001428961753845,-1.0,1.0,0.1046161,0.024829851,0.2256966
5,0.1361,0.27665627002716064,0.12245652824640274,-0.8876680135726929,-0.00956372357904911,0.03019951842725277,0.008017459884285927,0.0011226135555193826,0.00044765036402178945,1.4732250286732276,0.04379381611943245,0.5198339819908142,0.022477179765701294,-1.0,1.0,0.115286276,0.004984881,0.22177517
6,0.1704,0.2762957215309143,0.1233268454670906,-0.8863221406936646,-0.008864778093993664,0.030844926834106445,0.050431281328201294,-0.001073306454315624,-0.0008685481825815672,1.4732416734300404,0.04285822808742523,0.5723342299461365,-0.04307034611701965,-1.0,1.0,0.12409616,-0.009338712,0.21682464
7,0.2045,0.2759934365749359,0.12420789152383804,-0.8836175203323364,-0.007571690250188112,0.03162318840622902,0.08662919700145721,-0.0032213427497287082,-0.00141770818898265,1.4732462008038936,0.040714118629693985,0.6250606179237366,-0.12414407730102539,-1.0,1.0,0.13178079,-0.026173148,0.21082883
8,0.2384,0.27570000290870667,0.12537281215190887,-0.8784806728363037,-0.0049364292062819,0.03276945278048515,0.12329193949699402,-0.006130346637861561,-0.0013998564272263874,1.473254989235491,0.036629289388656616,0.6809315085411072,-0.2613680064678192,-1.0,1.0,0.13753612,-0.052791715,0.2019823
9,0.2727,0.2755267024040222,0.1263340264558792,-0.8731474876403809,-0.002110601868480444,0.03347359970211983,0.14643266797065735,-0.008171864551975556,-0.0009439271497196999,1.4732487308069293,0.03259046748280525,0.7336322665214539,-0.35775914788246155,-1.0,1.0,0.14208683,-0.0692893,0.19367582
10,0.3064,0.27544713020324707,0.12732109427452087,-0.866958737373352,0.001345512573607266,0.03392867371439934,0.1644735038280487,-0.010975853288408995,0.0002696430122852119,1.473245535013621,0.02837279997766018,0.7780311703681946,-0.4738909900188446,-1.0,1.0,0.14378802,-0.08757985,0.18481012
11,0.3402,0.2755087912082672,0.12832586467266083,-0.860163688659668,0.005548244342207909,0.03398342430591583,0.17827489972114563,-0.013053935572051938,0.0017448001567871366,1.4732372792142419,0.024658864364027977,0.8222341537475586,-0.5881739854812622,-1.0,1.0,0.14455831,-0.10340781,0.1758116
12,0.3746,0.27573302388191223,0.12931925058364868,-0.8529924154281616,0.010409669950604439,0.03357298672199249,0.18839195370674133,-0.014667576085449973,0.0032735755570538387,1.4732129112902677,0.022308798506855965,0.8421698212623596,-0.7124296426773071,-1.0,1.0,0.1414086,-0.11962395,0.16790985
13,0.4082,0.27613356709480286,0.13026216626167297,-0.8455725908279419,0.015745989978313446,0.03245823085308075,0.19490750133991241,-0.016634068798526695,0.005814198727698782,1.473171232819208,0.022094707936048508,0.859970211982727,-0.8199760913848877,-0.5816152095794678,1.0,0.16251047,-0.15495269,0.10990911
14,0.4424,0.2769353687763214,0.13135987520217896,-0.8361563682556152,0.02290438860654831,0.029912929981946945,0.1991443932056427,-0.0178763564650484,0.0080519697679083,1.473112110643008,0.02509867586195469,0.8322567939758301,-0.9388785362243652,0.1405937373638153,1.0,0.16480309,-0.18591627,-0.027840303
15,0.4775,0.27780699729919434,0.13212357461452484,-0.82874596118927,0.029290255159139633,0.026955271139740944,0.1921783834695816,-0.01872539926829548,0.010160862536709399,1.473078022181055,0.029358115047216415,0.7787275314331055,-0.9985522031784058,0.8046387434005737,1.0,0.12976006,-0.16638964,-0.13407767
16,0.5111,0.278907835483551,0.1327190101146698,-0.8219407796859741,0.036333922296762466,0.02293458953499794,0.1650599241256714,-0.01981934470091057,0.013450795468446883,1.4729987931386253,0.03415842354297638,0.6916113495826721,-0.9942970275878906,1.0,1.0,0.110083364,-0.15826166,-0.15916939
17,0.5453,0.2803155481815338,0.1330859363079071,-0.8163971900939941,0.043689973652362823,0.017709117382764816,0.12213440239429474,-0.02039340571863396,0.016212419657750696,1.472917833041487,0.038442764431238174,0.5348510146141052,-0.9086642265319824,1.0,1.0,0.092013806,-0.15632327,-0.17203633
18,0.5794,0.28205862641334534,0.1331898719072342,-0.8124452829360962,0.051296744495630264,0.011430783197283745,0.07800941169261932,-0.020358715964841078,0.01924650915340753,1.4728123718623198,0.041605107486248016,0.32782280445098877,-0.7677725553512573,1.0,1.0,0.06291376,-0.14734624,-0.19191392
19,0.6134,0.2841115891933441,0.1329919546842575,-0.8101240396499634,0.05877859517931938,0.004264742136001587,0.03697061538696289,-0.01970529898841713,0.020955886146804714,1.4727238217560745,0.04344012960791588,0.06718887388706207,-0.576744556427002,1.0,1.0,0.01452605,-0.124690585,-0.21619725
20,0.6472,0.28703638911247253,0.13234736025333405,-0.8094305992126465,0.06753338873386383,-0.005622293800115585,-0.009642298333346844,-0.01789559572332962,0.022691397488992897,1.4726441932394811,0.04388407990336418,-0.2995605170726776,-0.3071589767932892,1.0,1.0,-0.06882298,-0.0705687,-0.2297465
21,0.6812,0.2896503806114197,0.1314869076013565,-0.8104833364486694,0.07398083060979843,-0.013984237797558308,-0.044413574039936066,-0.01560995852371513,0.023431841576413592,1.4725786794766653,0.04290487989783287,-0.6236092448234558,-0.07390990853309631,1.0,1.0,-0.13202813,-0.01564792,-0.21171613
22,0.7154,0.2925088703632355,0.13029691576957703,-0.8128238916397095,0.07954640686511993,-0.022452697157859802,-0.07589875906705856,-0.01292061627146635,0.023557919367488227,1.4725435257502761,0.040938448160886765,-0.96285480260849,0.17034116387367249,1.0,1.0,-0.17210943,0.030448329,-0.1787491
23,0.7497,0.29555436968803406,0.12881287932395935,-0.8162992000579834,0.08392569422721863,-0.03061600588262081,-0.10246330499649048,-0.007666958337620956,0.02258779220021041,1.4724761477746973,0.03827391192317009,-1.0,0.37159767746925354,1.0,1.0,-0.170973,0.06353317,-0.170973
24,0.7833,0.2987240254878998,0.1270412653684616,-0.820710301399231,0.08697658777236938,-0.038271304219961166,-0.12118898332118988,-0.002000803668614946,0.020493894276703218,1.4723997150514119,0.03529420495033264,-1.0,0.5598500967025757,1.0,1.0,-0.16436586,0.09202024,-0.16436586
25,0.8182,0.30198752880096436,0.12499301135540009,-0.825803279876709,0.0882679745554924,-0.04499475657939911,-0.1333632916212082,0.006190334341415596,0.016435651854045483,1.4723013112491334,0.03252759203314781,-1.0,0.7371958494186401,1.0,1.0,-0.1567573,0.11556082,-0.1567573
26,0.8522,0.3060820400714874,0.12208479642868042,-0.8328331708908081,0.08702527731657028,-0.05157600715756416,-0.14286018908023834,0.011912155188950904,0.01293775308890263,1.4722086332431987,0.030188793316483498,-1.0,0.9333292245864868,1.0,1.0,-0.14754197,0.13770524,-0.14754197
27,0.8865,0.30926942825317383,0.11953938752412796,-0.8387081623077393,0.08364421874284744,-0.05503453314304352,-0.14672133326530457,0.019232180098386144,0.007288267233584697,1.4720359272465071,0.029803253710269928,-1.0,1.0,1.0,1.0,-0.14433756,0.14433756,-0.14433756
28,0.9204,0.3123025596141815,0.11691227555274963,-0.8445841073989868,0.0787343829870224,-0.056982651352882385,-0.14834703505039215,0.024055302151763353,0.0025536666782768514,1.4718849260126996,0.030933545902371407,-1.0,1.0,1.0,1.0,-0.14433756,0.14433756,-0.14433756
29,0.9542,0.3151306211948395,0.11425329744815826,-0.8503459692001343,0.07225707918405533,-0.05710049346089363,-0.14825908839702606,0.02744766587663071,-0.0015837462700875702,1.4717411153138353,0.033347923308610916,-1.0,1.0,1.0,1.0,-0.14433756,0.14433756,-0.14433756
30,0.9882,0.3177233636379242,0.11162494868040085,-0.8559356927871704,0.0647512897849083,-0.05572224780917168,-0.14715836942195892,0.03109666262323003,-0.007146063273901522,1.4715372503323898,0.03666031360626221,-1.0,1.0,1.0,1.0,-0.14433756,0.14433756,-0.14433756
31,1.0225,0.3200327455997467,0.1090717613697052,-0.8613338470458984,0.056300461292266846,-0.05275198444724083,-0.14565950632095337,0.03305806412131657,-0.01103249955703282,1.4713918417368714,0.04047776013612747,-1.0,1.0,1.0,1.0,-0.14433756,0.14433756,-0.14433756
32,1.0576,0.32242706418037415,0.1060948371887207,-0.8678104877471924,0.04499080032110214,-0.04707327112555504,-0.14387844502925873,0.034244096670999556,-0.01394733145071915,1.4712814537096877,0.04548797383904457,-1.0,1.0,0.8282800912857056,1.0,-0.15253977,0.15253977,-0.12634566
33,1.0913,0.3239073157310486,0.10394387692213058,-0.8727773427963257,0.035434603691101074,-0.041206225752830505,-0.14245961606502533,0.0351965824766502,-0.0173183014615953,1.4712148746824356,0.049447350203990936,-1.0,1.0,0.39053747057914734,1.0,-0.17039877,0.17039877,-0.0665471
34,1.1255,0.32502809166908264,0.10198190063238144,-0.8775891065597534,0.025809042155742645,-0.03463669493794441,-0.14025165140628815,0.035395757797863706,-0.019378524961475203,1.4711991620320042,0.05329827591776848,-1.0,1.0,-0.03381618857383728,1.0,-0.17672618,0.17672618,0.005976206
35,1.1593,0.3257867991924286,0.1002412810921669,-0.8822271823883057,0.01621369458734989,-0.027593059465289116,-0.1353958696126938,0.035254348105169704,-0.021320246115224983,1.471226326275123,0.056964028626680374,-1.0,1.0,-0.4712124764919281,1.0,-0.16771193,0.16771193,0.07902795
36,1.1934,0.32619425654411316,0.09878210723400116,-0.8864974975585938,0.006959332153201103,-0.020041845738887787,-0.12141337245702744,0.035134826267684785,-0.022400832049903042,1.4712823858160693,0.06027368828654289,-1.0,1.0,-0.9709916114807129,1.0,-0.14573297,0.14573297,0.14150548
37,1.2274,0.3262418210506439,0.09763375669717789,-0.8900717496871948,-0.0019311687210574746,-0.012358603999018669,-0.09857302904129028,0.034921765058100046,-0.023707763790697216,1.4713897112079994,0.06294260919094086,-1.0,1.0,-1.0,1.0,-0.14433756,0.14433756,0.14433756
38,1.2618,0.3258129060268402,0.09664492309093475,-0.8932451009750366,-0.012905905954539776,-0.002608073176816106,-0.058657802641391754,0.03452843905163596,-0.024341088465053277,1.4715234018947214,0.06508069485425949,-1.0,1.0,-1.0,1.0,-0.14433756,0.14433756,0.14433756
39,1.2955,0.32515713572502136,0.09619397670030594,-0.8944153785705566,-0.02128017507493496,0.005420265719294548,-0.02209932915866375,0.0338809101579346,-0.02448411061856354,1.4716369857152132,0.06558625400066376,-1.0,1.0,-1.0,1.0,-0.14433756,0.14433756,0.14433756
40,1.3292,0.32424086332321167,0.09600812941789627,-0.8943278789520264,-0.029683375731110573,0.013546214438974857,0.011037123389542103,0.03250750758080773,-0.0241708937460458,1.4718399185902773,0.06496550887823105,-1.0,1.0,-1.0,1.0,-0.14433756,0.14433756,0.14433756
41,1.3634,0.3230023682117462,0.09607433527708054,-0.8930743932723999,-0.037918418645858765,0.021670954301953316,0.03952048346400261,0.03124522748075902,-0.023622623779004145,1.4719995750976276,0.06323029100894928,-1.0,1.0,-1.0,1.0,-0.14433756,0.14433756,0.14433756
42,1.3973,0.3214150071144104,0.09640263020992279,-0.8907777070999146,-0.045920129865407944,0.02976744808256626,0.06341058760881424,0.03001908314775132,-0.022981973331055762,1.472164824243267,0.060448627918958664,-1.0,1.0,-1.0,1.0,-0.14433756,0.14433756,0.14433756
43,1.4313,0.31947362422943115,0.09698821604251862,-0.8876298666000366,-0.05358155444264412,0.03757831081748009,0.08365397155284882,0.028241545875204922,-0.021894186458461484,1.4724087697991182,0.05676424130797386,-1.0,1.0,-1.0,1.0,-0.14433756,0.14433756,0.14433756
44,1.4654,0.31662681698799133,0.09808659553527832,-0.8827892541885376,-0.06298760324716568,0.047172222286462784,0.10425455868244171,0.026796637422809425,-0.020924968511024575,1.4726009168717675,0.051165077835321426,-1.0,1.0,-1.0,1.0,-0.14433756,0.14433756,0.14433756
45,1.4998,0.3112272620201111,0.10061252117156982,-0.8733760118484497,-0.0767912045121193,0.061160773038864136,0.12907613813877106,0.025005615816649902,-0.019667140883423338,1.4728260871419336,0.040388818830251694,-1.0,0.8908271789550781,-1.0,1.0,-0.14957534,0.13324578,0.14957534
46,1.5335,0.30819106101989746,0.10219044983386993,-0.8680970668792725,-0.08308600634336472,0.06754116714000702,0.13856087625026703,0.023757485840486835,-0.018775751738249392,1.4729912031295185,0.034408651292324066,-1.0,0.9060530662536621,-1.0,1.0,-0.14884824,0.1348644,0.14884824
47,1.5672,0.30494898557662964,0.10395076125860214,-0.8625047206878662,-0.08889392763376236,0.07364552468061447,0.14700399339199066,0.022081404602499452,-0.017451797612722027,1.4732025249620164,0.02818443812429905,-1.0,0.4013257920742035,-1.0,1.0,-0.17006163,0.06825012,0.17006163
48,1.6007,0.30153560638427734,0.10596297681331635,-0.8566551208496094,-0.09441429376602173,0.07936302572488785,0.15401574969291687,0.020833584634932026,-0.01631360001352499,1.473393739928284,0.02193072997033596,-0.7576026916503906,0.11399146914482117,-1.0,1.0,-0.1503485,0.022621945,0.19845295
49,1.6343,0.29709070920944214,0.10887864232063293,-0.8491157293319702,-0.10076561570167542,0.08608867973089218,0.1646706759929657,0.019832471172252217,-0.015203764039639998,1.473528762195551,0.01492306124418974,-0.7370107769966125,0.12450066208839417,-1.0,1.0,-0.14758243,0.024930585,0.20024459
50,1.6683,0.293363094329834,0.11155968904495239,-0.8428144454956055,-0.10553756356239319,0.09111012518405914,0.17561611533164978,0.018565657456566565,-0.012824439745708962,1.473725303483999,0.011759532615542412,0.2017272412776947,-0.6793595552444458,-0.7563768029212952,1.0,0.04865594,-0.16385926,0.18243557
51,1.7024,0.28948965668678284,0.11449246108531952,-0.8362289667129517,-0.11001430451869965,0.09535831212997437,0.18529203534126282,0.017468774224373984,-0.010074455442903937,1.4738768373500244,0.013479785993695259,0.679964005947113,-1.0,-0.31812530755996704,1.0,0.13594691,-0.19993252,0.063603595
52,1.7362,0.2854425311088562,0.11767195910215378,-0.8295142650604248,-0.11434534937143326,0.09883105009794235,0.189399853348732,0.01586426856157438,-0.0069333822929802235,1.4740314338513034,0.01914416253566742,1.0,-1.0,0.1757858693599701,1.0,0.17542669,-0.17542669,-0.030837532
53,1.7709,0.2812589704990387,0.12105032801628113,-0.822969913482666,-0.11798731237649918,0.10108841210603714,0.17606282234191895,0.01090280049105406,-0.000529210062516954,1.4742462177932183,0.026295630261301994,1.0,-1.0,0.8346147537231445,1.0,0.15224154,-0.15224154,-0.12706304
54,1.8045,0.27700889110565186,0.12452086061239243,-0.817147970199585,-0.12038268148899078,0.101397305727005,0.14775945246219635,0.004846601043307888,0.005431286097215826,1.4744000153461705,0.033477284014225006,1.0,-1.0,1.0,1.0,0.14433756,-0.14433756,-0.14433756
55,1.8389,0.271705687046051,0.128819540143013,-0.8115224838256836,-0.12047887593507767,0.09839766472578049,0.0977616161108017,-0.003992571314875038,0.012571026444123012,1.4745286460268212,0.04144544526934624,1.0,-1.0,1.0,1.0,0.14433756,-0.14433756,-0.14433756
56,1.8733,0.26758381724357605,0.13207998871803284,-0.8087512254714966,-0.11790643632411957,0.09348015487194061,0.05619271099567413,-0.0100144656587553,0.016829061084293634,1.4745647318595918,0.04650920629501343,1.0,-1.0,1.0,1.0,0.14433756,-0.14433756,-0.14433756
57,1.9069,0.2636483907699585,0.1350402534008026,-0.807512640953064,-0.11319886893033981,0.08669311553239822,0.019814692437648773,-0.017699526729856342,0.021686640905165644,1.474601749798744,0.05034827068448067,1.0,-1.0,1.0,1.0,0.14433756,-0.14433756,-0.14433756
58,1.9412,0.25997838377952576,0.13768205046653748,-0.8076858520507812,-0.10663820803165436,0.0786060094833374,-0.010720319114625454,-0.02271850555605746,0.0245498927780831,1.4746269166710453,0.053074151277542114,1.0,-1.0,1.0,1.0,0.14433756,-0.14433756,-0.14433756
59,1.9754,0.25660601258277893,0.14001093804836273,-0.8089354038238525,-0.0985381156206131,0.06955479085445404,-0.035901378840208054,-0.02626632714836899,0.026377453786636352,1.4746394335281685,0.054982803761959076,1.0,-1.0,1.0,1.0,0.14433756,-0.14433756,-0.14433756
60,2.01,0.25362861156463623,0.14191274344921112,-0.811174750328064,-0.08920905739068985,0.059848684817552567,-0.0563851073384285,-0.030083487953644603,0.028166128482085242,1.4746761851512118,0.05607418715953827,1.0,-1.0,1.0,1.0,0.14433756,-0.14433756,-0.14433756
61,2.0442,0.2504793703556061,0.14364953339099884,-0.8150559663772583,-0.07631134986877441,0.04710972309112549,-0.0767676830291748,-0.0322004492683108,0.02898179854792227,1.4746779162059203,0.05652020499110222,1.0,-1.0,1.0,1.0,0.14433756,-0.14433756,-0.14433756
62,2.0785,0.248508483171463,0.14454026520252228,-0.8188431262969971,-0.06535831838846207,0.0363941565155983,-0.08955283463001251,-0.033800420275176164,0.02936260353607378,1.4746837751603183,0.056248608976602554,1.0,-1.0,1.0,1.0,0.14433756,-0.14433756,-0.14433756
63,2.1123,0.24702045321464539,0.1450091451406479,-0.8230210542678833,-0.054099515080451965,0.02585071697831154,-0.09976457804441452,-0.03434062169635272,0.029298643977425244,1.4746861720052995,0.055569976568222046,1.0,-1.0,1.0,1.0,0.14433756,-0.14433756,-0.14433756
64,2.1465,0.24599196016788483,0.14505939185619354,-0.8275008201599121,-0.04264974594116211,0.015259237959980965,-0.10801497846841812,-0.03447637425232491,0.0288032918534813,1.47466992672265,0.05455692857503891,1.0,-1.0,1.0,1.0,0.14433756,-0.14433756,-0.14433756
65,2.1802,0.24541182816028595,0.14474093914031982,-0.8321875333786011,-0.031077364459633827,0.005009523127228022,-0.11464674770832062,-0.03412455818875783,0.028169490722961467,1.474671790935413,0.053305063396692276,1.0,-1.0,1.0,1.0,0.14433756,-0.14433756,-0.14433756
66,2.2142,0.24525892734527588,0.14406909048557281,-0.8370510339736938,-0.01975291408598423,-0.005029894877225161,-0.11983265727758408,-0.03353636577250021,0.027485807336867688,1.4746491540661475,0.05187582969665527,1.0,-0.9966518878936768,1.0,1.0,0.14449865,-0.14401485,-0.14449865
67,2.2485,0.24565276503562927,0.1427631825208664,-0.8432552814483643,-0.005628610495477915,-0.01713799498975277,-0.1249653622508049,-0.03236715274957675,0.026324933337107545,1.4745836403033314,0.04995294660329819,1.0,-0.6597614288330078,1.0,1.0,0.16020095,-0.10569441,-0.16020095
68,2.2826,0.24651962518692017,0.1412906050682068,-0.8483277559280396,0.005320563912391663,-0.026480404660105705,-0.1281564086675644,-0.031199090295468,0.025334713867761843,1.4745249176012951,0.04826507344841957,1.0,-0.3547549545764923,1.0,1.0,0.17146425,-0.06082779,-0.17146425
69,2.3191,0.24781593680381775,0.13942818343639374,-0.8534892797470093,0.015975238755345345,-0.035650741308927536,-0.13169386982917786,-0.029610645782695635,0.023852252763401624,1.4744207880026732,0.04656809940934181,1.0,-0.0086326003074646,1.0,1.0,0.17677338,-0.0015260141,-0.17677338
70,2.3533,0.2494909167289734,0.13723218441009521,-0.8587789535522461,0.026291389018297195,-0.04439632222056389,-0.13723742961883545,-0.028522166072099016,0.022357674276081548,1.4743532768690395,0.04506037384271622,1.0,0.367561399936676,1.0,1.0,0.17109242,0.06288697,-0.17109242
71,2.3873,0.2515968978404999,0.13468092679977417,-0.8642528057098389,0.03634120896458626,-0.05260234698653221,-0.14320625364780426,-0.02705037633745053,0.019134577325029344,1.4742575362278512,0.043874774128198624,1.0,0.7809581756591797,1.0,1.0,0.15474921,0.12085266,-0.15474921
72,2.4214,0.25407761335372925,0.13183413445949554,-0.8699300289154053,0.046054936945438385,-0.06004558131098747,-0.1485079526901245,-0.02586831980405125,0.015493075920482375,1.474204139847995,0.04331282153725624,1.0,1.0,1.0,1.0,0.14433756,0.14433756,-0.14433756
73,2.4552,0.2576006054878235,0.1278638243675232,-0.8772319555282593,0.05786977335810661,-0.06787014752626419,-0.15295521914958954,-0.024690744871423868,0.011446244518917249,1.474165524012189,0.04383359104394913,1.0,1.0,0.6768003702163696,1.0,0.1594571,0.1594571,-0.10792063
74,2.4894,0.2607114315032959,0.12448472529649734,-0.8831065893173218,0.06682292371988297,-0.07227791845798492,-0.1534920334815979,-0.02259154559287174,0.004524478185597894,1.4741130597387144,0.04536961019039154,1.0,1.0,0.12175047397613525,1.0,0.17612521,0.17612521,-0.021443328
75,2.5235,0.26406392455101013,0.12098006904125214,-0.8889806270599365,0.07535023242235184,-0.07487857341766357,-0.15085001289844513,-0.02058829709556272,-0.0015221262100313983,1.4740769739059438,0.04790249839425087,0.7348161339759827,1.0,-0.4633977711200714,1.0,0.13868141,0.18872939,0.087456785
76,2.5589,0.26764848828315735,0.11739429831504822,-0.8946771621704102,0.0831296443939209,-0.07556870579719543,-0.1409613937139511,-0.01811488623315163,-0.009031786264245882,1.474000674340713,0.05120059847831726,0.28467950224876404,1.0,-1.0,1.0,0.049335066,0.17330039,0.17330039
77,2.5933,0.2714535892009735,0.11388123035430908,-0.8998146057128906,0.0903979241847992,-0.0744195356965065,-0.11866459250450134,-0.01649788868036387,-0.014003912180613023,1.4739297010976624,0.05477580055594444,-0.16696222126483917,1.0,-1.0,1.0,-0.029311463,0.17555746,0.17555746
78,2.6271,0.27540209889411926,0.11046401411294937,-0.9039380550384521,0.0969911441206932,-0.0717783272266388,-0.08499462157487869,-0.013868465472047274,-0.020288726843037036,1.4738057309489192,0.058018360286951065,-0.5694543719291687,1.0,-1.0,1.0,-0.09338021,0.16398191,0.16398191
79,2.6614,0.28054630756378174,0.10640275478363037,-0.9071872234344482,0.10437886416912079,-0.06619712710380554,-0.03319959342479706,-0.010656588127384332,-0.024293259756351136,1.473660322353401,0.060913264751434326,-0.9839766621589661,1.0,-1.0,1.0,-0.14278331,0.14510845,0.14510845
80,2.6952,0.28484416007995605,0.10336890816688538,-0.9081170558929443,0.10952265560626984,-0.060196343809366226,0.004951830487698317,-0.006827458701662875,-0.026958270495031217,1.473545673268473,0.062066700309515,-1.0,1.0,-1.0,1.0,-0.14433756,0.14433756,0.14433756
81,2.7294,0.2892901599407196,0.10062495619058609,-0.9076873064041138,0.1137685477733612,-0.053054120391607285,0.03502834960818291,0.00013382907877227643,-0.02934965599586787,1.4733657767368382,0.06228660047054291,-1.0,1.0,-1.0,1.0,-0.14433756,0.14433756,0.14433756
82,2.7635,0.2938568890094757,0.09821254014968872,-0.9061962366104126,0.11657342314720154,-0.04474058374762535,0.058371517807245255,0.006488522558977154,-0.030147416303374114,1.4732326186823341,0.061880648136138916,-1.0,1.0,-1.0,1.0,-0.14433756,0.14433756,0.14433756
83,2.7972,0.2984524965286255,0.09623192995786667,-0.903779149055481,0.11741093546152115,-0.03561649098992348,0.07783128321170807,0.012063930403950202,-0.030255380437847007,1.4731316848770202,0.060983914881944656,-1.0,1.0,-1.0,1.0,-0.14433756,0.14433756,0.14433756
84,2.8314,0.30295708775520325,0.09467845410108566,-0.9005746841430664,0.11631621420383453,-0.026069918647408485,0.09425383806228638,0.019422490006002126,-0.029682719660290506,1.4730138399987842,0.059736039489507675,-1.0,1.0,-1.0,1.0,-0.14433756,0.14433756,0.14433756
85,2.8654,0.30836406350135803,0.09338019043207169,-0.8956655263900757,0.11204125732183456,-0.013886618427932262,0.11112441122531891,0.02453280485461996,-0.028836171489970773,1.4729737594243786,0.05788445472717285,-1.0,1.0,-1.0,1.0,-0.14433756,0.14433756,0.14433756
86,2.8993,0.31615376472473145,0.09271306544542313,-0.8861908912658691,0.10002422332763672,0.0055413139052689075,0.13152946531772614,0.029728532272823675,-0.02744846274436313,1.4729399372785346,0.054702166467905045,-1.0,1.0,-1.0,1.0,-0.14433756,0.14433756,0.14433756
87,2.9334,0.31615376472473145,0.09271306544542313,-0.8861908912658691,0.10002422332763672,0.0055413139052689075,0.13152946531772614,0.032576839234717665,-0.02637146999656208,1.4729280862116836,0.054702166467905045,-1.0,1.0,-1.0,1.0,-0.14433756,0.14433756,0.14433756
88,2.9671,0.32265904545783997,0.09367108345031738,-0.8753703832626343,0.0830962285399437,0.024378061294555664,0.14583033323287964,0.03564206690918241,-0.02472244689136882,1.472940070436589,0.051943760365247726,-1.0,1.0,-1.0,1.0,-0.14433756,0.14433756,0.14433756
89,3.0015,0.32531625032424927,0.09467297792434692,-0.8696519136428833,0.07333661615848541,0.033316511660814285,0.15118926763534546,0.037266836523104536,-0.023369613072473608,1.4729935999744996,0.050892699509859085,-1.0,1.0,-1.0,1.0,-0.14433756,0.14433756,0.14433756
90,3.0355,0.3279900848865509,0.0964280217885971,-0.8622807264328003,0.060291074216365814,0.044156115502119064,0.15656530857086182,0.03819472345878017,-0.022184161008684478,1.4730467300382466,0.049900177866220474,-1.0,1.0,-1.0,1.0,-0.14433756,0.14433756,0.14433756
91,3.0694,0.32959339022636414,0.0982196107506752,-0.8562647104263306,0.0495205819606781,0.05235408619046211,0.15996643900871277,0.03878562064801991,-0.020496694757037002,1.4731468648952337,0.049408357590436935,-1.0,0.892615556716919,-1.0,1.0,-0.14949001,0.13343711,0.14949001
92,3.1037,0.33067750930786133,0.10029322654008865,-0.8501735925674438,0.03856247663497925,0.060134340077638626,0.16265927255153656,0.03879606939410927,-0.01919278612019899,1.473247665542493,0.04919647425413132,-1.0,0.5975103378295898,-0.7806305885314941,1.0,-0.17828047,0.10652442,0.13917118
93,3.1372,0.33123138546943665,0.10261661559343338,-0.8440322875976562,0.02746877446770668,0.06751598417758942,0.16525283455848694,0.03846190093395317,-0.018070513392082786,1.473359118834113,0.04928941652178764,-1.0,0.2791660726070404,-0.3716055452823639,1.0,-0.22670907,0.06328948,0.084246345
94,3.1709,0.33129194378852844,0.10519887506961823,-0.8378829956054688,0.0163233894854784,0.07448430359363556,0.16548579931259155,0.03772964814747907,-0.016308742865427498,1.4735270311408426,0.049749720841646194,-1.0,-0.06879010796546936,0.06853219866752625,1.0,-0.24882968,-0.017117022,-0.017052846
95,3.2045,0.330879807472229,0.10802579671144485,-0.8319215774536133,0.004967741202563047,0.0809999331831932,0.1583782434463501,0.037269046114571464,-0.014478240936404851,1.4737179797910012,0.05057189613580704,-1.0,-0.4493415057659149,0.5653609037399292,1.0,-0.20267408,-0.09106988,-0.114584
96,3.2383,0.3297072649002075,0.11187761276960373,-0.8252478837966919,-0.009938204661011696,0.08860030770301819,0.12891525030136108,0.03720090664136826,-0.011170931918851901,1.4739930843316065,0.051856864243745804,-1.0,-0.9581736326217651,1.0,1.0,-0.14634915,-0.14022788,-0.14634915
97,3.2725,0.3282468318939209,0.1151827946305275,-0.8212136030197144,-0.022519776597619057,0.09377921372652054,0.09021282941102982,0.03714146821478906,-0.007777807736657651,1.4742231814497893,0.05262232571840286,-1.0,-1.0,1.0,1.0,-0.14433756,-0.14433756,-0.14433756
98,3.3064,0.32626116275787354,0.11866304278373718,-0.8186497688293457,-0.03527126461267471,0.09736187756061554,0.05058518797159195,0.036265388084693866,-0.0013777244922630956,1.4746024155890165,0.05273595452308655,-1.0,-1.0,1.0,1.0,-0.14433756,-0.14433756,-0.14433756
99,3.3402,0.32376033067703247,0.12228859961032867,-0.8175832033157349,-0.04777808487415314,0.0990225151181221,0.01489749364554882,0.03454041287356831,0.0045211169850189695,1.4749158696493188,0.05206577852368355,-1.0,-1.0,1.0,1.0,-0.14433756,-0.14433756,-0.14433756
100,3.3746,0.3207589089870453,0.12598919868469238,-0.8178200721740723,-0.05970292538404465,0.09859857708215714,-0.015391286462545395,0.03239581918199794,0.009710435651701032,1.4751981647248673,0.05069001019001007,-1.0,-1.0,1.0,1.0,-0.14433756,-0.14433756,-0.14433756
101,3.4082,0.31725236773490906,0.12970557808876038,-0.8191729784011841,-0.07069379836320877,0.09625174105167389,-0.04038672521710396,0.028942044626869032,0.016508574614237815,1.4755302609128,0.04875350371003151,-1.0,-1.0,1.0,1.0,-0.14433756,-0.14433756,-0.14433756
102,3.4423,0.312185138463974,0.1342226266860962,-0.8221386671066284,-0.08326271176338196,0.0907195582985878,-0.0653885006904602,0.026105996528367814,0.021133121597944088,1.4757696790947983,0.04586649686098099,-1.0,-1.0,1.0,1.0,-0.14433756,-0.14433756,-0.14433756
103,3.4764,0.3076876699924469,0.13762862980365753,-0.8253008127212524,-0.09241834282875061,0.0846337229013443,-0.08113496750593185,0.023737722272366004,0.024492890727782397,1.4759319987632387,0.04354116693139076,-0.6892239451408386,-1.0,1.0,1.0,-0.10952421,-0.15890947,-0.15890947
104,3.5109,0.30287966132164,0.14078480005264282,-0.8290210962295532,-0.10071467608213425,0.07742339372634888,-0.09403616189956665,0.020564877922726838,0.028236748024053578,1.4761362632188477,0.04151168093085289,-0.17194385826587677,-1.0,1.0,1.0,-0.030173467,-0.17548442,-0.17548442
105,3.5453,0.29785963892936707,0.14366063475608826,-0.8331979513168335,-0.10808585584163666,0.06917151808738708,-0.10595588386058807,0.018108263700534658,0.03041884859450743,1.476268222850861,0.04007701948285103,0.347744882106781,-1.0,1.0,1.0,0.059695,-0.1716632,-0.1716632
106,3.5791,0.2926292419433594,0.1462651938199997,-0.8377698659896851,-0.11473794281482697,0.060330990701913834,-0.11800701916217804,0.014660645624831962,0.03243102700384662,1.4763863340452061,0.039489585906267166,0.8962036371231079,-1.0,1.0,1.0,0.13382004,-0.14931878,-0.14931878
107,3.6134,0.2872295081615448,0.1485625058412552,-0.8427219390869141,-0.12043365091085434,0.0509534627199173,-0.12917263805866241,0.011472182251518399,0.03339626477381062,1.476453445704676,0.03992317616939545,1.0,-1.0,1.0,1.0,0.14433756,-0.14433756,-0.14433756
108,3.6472,0.2802862524986267,0.1509113907814026,-0.8492851257324219,-0.1259140521287918,0.03867767006158829,-0.13840380311012268,0.005194988807120139,0.033996222952540435,1.4765518495069545,0.04197095334529877,1.0,-1.0,1.0,1.0,0.14433756,-0.14433756,-0.14433756
109,3.6816,0.2746221721172333,0.15232522785663605,-0.8547177314758301,-0.1282653510570526,0.02859380654990673,-0.142151340842247,-0.0010798578566046514,0.03370423022555386,1.4766076427317916,0.04471442103385925,1.0,-1.0,1.0,1.0,0.14433756,-0.14433756,-0.14433756
110,3.7153,0.2689180076122284,0.15331438183784485,-0.8602359294891357,-0.1284463107585907,0.0182776041328907,-0.14422643184661865,-0.00683933889683815,0.0329756080766596,1.4766742217590436,0.04827107861638069,1.0,-1.0,1.0,1.0,0.14433756,-0.14433756,-0.14433756
111,3.7493,0.2632629871368408,0.15387842059135437,-0.8658112287521362,-0.12653891742229462,0.008134705014526844,-0.1457071304321289,-0.014574897039217915,0.03145460603789889,1.4767545160659095,0.05244830623269081,1.0,-1.0,0.7315154075622559,1.0,0.15701503,-0.15701503,-0.11485891
112,3.7836,0.25777530670166016,0.15401042997837067,-0.8713761568069458,-0.12273687869310379,-0.001874404726549983,-0.14647652208805084,-0.019956237422724447,0.030015394253522638,1.4768047166524576,0.057013362646102905,1.0,-1.0,0.3697110116481781,1.0,0.17102894,-0.17102894,-0.06323128
113,3.8179,0.2525376081466675,0.15374670922756195,-0.8768717050552368,-0.11703992635011673,-0.011563162319362164,-0.14472593367099762,-0.02553553493930523,0.028102997000088153,1.4768949978134112,0.06178741902112961,1.0,-1.0,-0.02458903193473816,1.0,0.17674999,-0.17674999,0.004346111
114,3.8514,0.24637535214424133,0.15288503468036652,-0.8833788633346558,-0.10814471542835236,-0.02291281335055828,-0.13614732027053833,-0.028764155869024748,0.026873975204746405,1.4769571826248646,0.0677289068698883,1.0,-1.0,-0.5745816230773926,1.0,0.16377538,-0.16377538,0.09410233
115,3.8853,0.2417847365140915,0.15188191831111908,-0.8881441354751587,-0.09983733296394348,-0.03125721961259842,-0.12013057619333267,-0.03187121181736055,0.025671664082900312,1.4769934016156896,0.07230430841445923,1.0,-1.0,-1.0,1.0,0.14433756,-0.14433756,0.14433756
116,3.9192,0.23756074905395508,0.15062649548053741,-0.8922199010848999,-0.09091711789369583,-0.039233651012182236,-0.09602680802345276,-0.0349489875578677,0.02440212062709733,1.4770089811080667,0.07642272114753723,1.0,-0.9694914817810059,-1.0,1.0,0.1458051,-0.14135681,0.1458051
117,3.9533,0.2337077111005783,0.1491485983133316,-0.8952176570892334,-0.081383615732193,-0.04650721326470375,-0.061831265687942505,-0.03643079951671221,0.023519266080979248,1.4770317511353868,0.07977696508169174,1.0,-0.6120693683624268,-1.0,1.0,0.1622341,-0.09929852,0.1622341
118,3.9873,0.23025770485401154,0.14747437834739685,-0.8969820737838745,-0.0713304877281189,-0.053500764071941376,-0.025577394291758537,-0.03744293388899682,0.0220073083869518,1.4769973963573249,0.08219870924949646,1.0,-0.2611809968948364,-1.0,1.0,0.17383696,-0.04540291,0.17383696
119,4.0213,0.22724130749702454,0.14559853076934814,-0.8975464105606079,-0.06091732159256935,-0.060025982558727264,0.007834991440176964,-0.03758869202440822,0.02053238527683327,1.4769794200199666,0.08365066349506378,1.0,0.07700011134147644,-1.0,1.0,0.17651524,0.013591694,0.17651524
120,4.0557,0.22414271533489227,0.1429724097251892,-0.896734356880188,-0.047552403062582016,-0.0678776204586029,0.04533592611551285,-0.03742710056407846,0.01885490379867899,1.476939073129452,0.08415303379297256,1.0,0.4833586513996124,-1.0,1.0,0.16727608,0.08085434,0.16727608
121,4.0895,0.22220781445503235,0.14064238965511322,-0.8950023651123047,-0.036614760756492615,-0.07370203733444214,0.07184702157974243,-0.036859863896648394,0.015314694061717505,1.4769354778619803,0.08358888328075409,1.0,0.8163448572158813,-1.0,1.0,0.15310022,0.12498258,0.15310022
122,4.1233,0.22077976167201996,0.13810941576957703,-0.8923529386520386,-0.025598714128136635,-0.07877594232559204,0.09383071213960648,-0.03610923945984195,0.011392422657465128,1.4769193657373854,0.08220110088586807,1.0,1.0,-1.0,1.0,0.14433756,0.14433756,0.14433756
123,4.1582,0.21987450122833252,0.13537363708019257,-0.8889141082763672,-0.014332517050206661,-0.08290384709835052,0.11090407520532608,-0.034678959668090474,0.005248206255840488,1.4769316162783999,0.08008565753698349,1.0,1.0,-1.0,1.0,0.14433756,0.14433756,0.14433756
124,4.1925,0.21949803829193115,0.13246674835681915,-0.8849129676818848,-0.003087444230914116,-0.08555122464895248,0.12287179380655289,-0.033283124119968886,0.0003723557910021852,1.4769305510139639,0.07740887254476547,1.0,1.0,-1.0,1.0,0.14433756,0.14433756,0.14433756
125,4.2264,0.2196613997220993,0.1294386386871338,-0.8805058002471924,0.00808720663189888,-0.0866214707493782,0.1315767765045166,-0.030847240942387295,-0.00675872365825496,1.4769426683969236,0.07428906857967377,1.0,1.0,-1.0,1.0,0.14433756,0.14433756,0.14433756
126,4.2602,0.22064191102981567,0.12557202577590942,-0.8746410608291626,0.021786760538816452,-0.08553752303123474,0.14017844200134277,-0.028683295640427216,-0.012100167079829393,1.4768794183210343,0.06991639733314514,1.0,1.0,-1.0,1.0,0.14433756,0.14433756,0.14433756
127,4.2943,0.22201143205165863,0.12247687578201294,-0.8696694374084473,0.032409001141786575,-0.08284914493560791,0.14567452669143677,-0.026739668662022348,-0.016256072613087376,1.4768033850719124,0.06612171977758408,1.0,1.0,-1.0,1.0,0.14433756,0.14433756,0.14433756
128,4.3282,0.22385288774967194,0.11944357305765152,-0.8645190000534058,0.04250852391123772,-0.07851559668779373,0.1502431035041809,-0.02401907899974907,-0.021259621749722853,1.476652650154214,0.062188826501369476,1.0,1.0,-1.0,1.0,0.14433756,0.14433756,0.14433756
129,4.3624,0.22608040273189545,0.11658044904470444,-0.8593028783798218,0.05218101292848587,-0.07280156016349792,0.15411818027496338,-0.021910733427328202,-0.024422140108354157,1.4765280142151982,0.05829421430826187,1.0,1.0,-1.0,1.0,0.14433756,0.14433756,0.14433756
130,4.3961,0.22868594527244568,0.11397235095500946,-0.853898286819458,0.06132899224758148,-0.06588325649499893,0.15726293623447418,-0.020154653326908356,-0.026603318975399495,1.4764076393339267,0.05448383837938309,1.0,1.0,-1.0,1.0,0.14433756,0.14433756,0.14433756
131,4.4305,0.23161651194095612,0.11170826107263565,-0.8483377695083618,0.06980384141206741,-0.05798513814806938,0.15984337031841278,-0.017789379288322093,-0.028812993666108677,1.4762214843737302,0.050914306193590164,1.0,1.0,-0.7033994197845459,1.0,0.15827951,0.15827951,0.11133371
132,4.4644,0.23567751049995422,0.10945457965135574,-0.8410869836807251,0.079692542552948,-0.04694315418601036,0.162412628531456,-0.016041507133605658,-0.029948451122215374,1.4760672873466145,0.04704602062702179,1.0,1.0,-0.0611707866191864,1.0,0.17661156,0.17661156,0.010803468
133,4.4986,0.24297747015953064,0.10735014081001282,-0.8293358087539673,0.09400547295808792,-0.027328789234161377,0.1553996056318283,-0.01407363602660536,-0.03069235523845857,1.4758941818757594,0.043001215904951096,1.0,1.0,0.4915361702442169,1.0,0.16697836,0.16697836,-0.0820759
134,4.5324,0.24297747015953064,0.10735014081001282,-0.8293358087539673,0.09400547295808792,-0.027328789234161377,0.1553996056318283,-0.01296356286493578,-0.031024890431852394,1.4757679480400896,0.043001215904951096,1.0,1.0,1.0,1.0,0.14433756,0.14433756,-0.14433756
135,4.5663,0.25116246938705444,0.10688920319080353,-0.8194743394851685,0.10724348574876785,-0.005394945852458477,0.09737878292798996,-0.011756299927937822,-0.031212751479622266,1.4756355889339128,0.04129437357187271,1.0,1.0,1.0,1.0,0.14433756,0.14433756,-0.14433756
136,4.6006,0.25554075837135315,0.10723484307527542,-0.8163527250289917,0.11349277943372726,0.006057511083781719,0.05740846320986748,-0.010814054808916373,-0.030944209134390603,1.4755393156605063,0.040334172546863556,1.0,1.0,1.0,1.0,0.14433756,0.14433756,-0.14433756
137,4.6357,0.26129674911499023,0.10822876542806625,-0.8142745494842529,0.12059677392244339,0.020098809152841568,0.013012899085879326,-0.009926555335350166,-0.030299491123996044,1.47545782293115,0.0384293831884861,1.0,1.0,1.0,1.0,0.14433756,0.14433756,-0.14433756
138,4.6693,0.2660829722881317,0.10947191715240479,-0.814020037651062,0.12579789757728577,0.030735284090042114,-0.016294265165925026,-0.00854974110322528,-0.028859790399888414,1.4753671422960328,0.036238893866539,0.18653084337711334,1.0,1.0,1.0,0.03269117,0.17525879,-0.17525879
139,4.7036,0.2709977626800537,0.11108517646789551,-0.8148355484008789,0.13039253652095795,0.04084121808409691,-0.04108838737010956,-0.007446728959484964,-0.027414626034356914,1.4753279938280086,0.03359313681721687,-0.2875528931617737,1.0,1.0,1.0,-0.049813356,0.17323197,-0.17323197
140,4.7372,0.27600741386413574,0.11305569112300873,-0.8165738582611084,0.13463032245635986,0.05051300674676895,-0.06478355079889297,-0.006365421578628794,-0.026085583814731278,1.4752971011593636,0.030728338286280632,-0.7786308526992798,1.0,1.0,1.0,-0.12057638,0.15485694,-0.15485694
141,4.7714,0.28110167384147644,0.11538612097501755,-0.8192148208618164,0.1381893903017044,0.05961870402097702,-0.08585792034864426,-0.00362899625076823,-0.02427256824303798,1.4752783258736786,0.0278981514275074,-1.0,0.6773489713668823,1.0,1.0,-0.159433,0.107991785,-0.159433
142,4.8053,0.2862216830253601,0.11806865781545639,-0.8225600719451904,0.14057984948158264,0.0682469978928566,-0.10212001204490662,0.0002775350001927891,-0.022867384583371297,1.475274730606207,0.02571890689432621,-1.0,0.21945396065711975,1.0,1.0,-0.17468598,0.03833553,-0.17468598
143,4.8389,0.2926192283630371,0.12189456820487976,-0.8274091482162476,0.1414528638124466,0.0785134807229042,-0.11812607944011688,0.0070067768279984755,-0.020687264738978188,1.4752953701046552,0.025038456544280052,-1.0,-0.4004453122615814,1.0,1.0,-0.17008942,-0.06811151,-0.17008942
144,4.8727,0.29766589403152466,0.1253104954957962,-0.8318716287612915,0.1400560736656189,0.08622267842292786,-0.13031381368637085,0.012363100142015075,-0.01842692756971945,1.4753283933021721,0.026554418727755547,-1.0,-1.0,1.0,1.0,-0.14433756,-0.14433756,-0.14433756
145,4.9066,0.30253079533576965,0.12904833257198334,-0.8367478847503662,0.1363140344619751,0.0932602658867836,-0.14034491777420044,0.019969900687473313,-0.013618421693418656,1.4754349197457752,0.029911937192082405,-1.0,-1.0,1.0,1.0,-0.14433756,-0.14433756,-0.14433756
146,4.9401,0.30709439516067505,0.1330852061510086,-0.8418606519699097,0.13058534264564514,0.09898705780506134,-0.1461055427789688,0.025287007914141197,-0.008134930876904822,1.4755887172987274,0.03470243886113167,-1.0,-1.0,1.0,1.0,-0.14433756,-0.14433756,-0.14433756
147,4.9742,0.3112790286540985,0.13734470307826996,-0.8471158742904663,0.12304620444774628,0.10297328233718872,-0.14910048246383667,0.028961729132395,-0.00225084367616585,1.4757728748881063,0.04038601741194725,-1.0,-1.0,1.0,1.0,-0.14433756,-0.14433756,-0.14433756
148,5.0081,0.31501683592796326,0.1417374610900879,-0.8524049520492554,0.1137838065624237,0.10487872362136841,-0.15092681348323822,0.03267332264817879,0.006619371153473312,1.4760656894499606,0.046519991010427475,-1.0,-1.0,1.0,1.0,-0.14433756,-0.14433756,-0.14433756
149,5.0422,0.3190711438655853,0.1472776085138321,-0.8589507341384888,0.10066117346286774,0.10443136841058731,-0.15204952657222748,0.0346464566192239,0.013277236427968579,1.4762865986623825,0.05439787358045578,-1.0,-1.0,1.0,1.0,-0.14433756,-0.14433756,-0.14433756
150,5.0776,0.32179102301597595,0.15168623626232147,-0.864111065864563,0.08943276852369308,0.10170389711856842,-0.1524813324213028,0.03571666038683985,0.018526525633299214,1.4764976541787713,0.060650650411844254,-1.0,-1.0,1.0,1.0,-0.14433756,-0.14433756,-0.14433756
151,5.1116,0.3239882290363312,0.1559990495443344,-0.8692291975021362,0.07763677835464478,0.09739097952842712,-0.15252934396266937,0.03643513547586199,0.02478299427487069,1.4767650355522153,0.06670944392681122,-1.0,-1.0,1.0,1.0,-0.14433756,-0.14433756,-0.14433756
152,5.1454,0.3257479965686798,0.16010116040706635,-0.8743412494659424,0.06567946821451187,0.09155932813882828,-0.15231885015964508,0.036459062313780675,0.028744177999659948,1.476920564159876,0.0725332647562027,-1.0,-1.0,1.0,1.0,-0.14433756,-0.14433756,-0.14433756
153,5.1792,0.3270256519317627,0.16394637525081635,-0.8794583082199097,0.05344044789671898,0.0844973474740982,-0.15202228724956512,0.03594280021409041,0.032480010442552665,1.4770806201413897,0.0780574157834053,-1.0,-1.0,0.6525113582611084,1.0,-0.16051482,-0.16051482,-0.10473774
154,5.2136,0.3278183937072754,0.16749222576618195,-0.8845783472061157,0.04135865718126297,0.07640440762042999,-0.1515413522720337,0.03532945340909914,0.03437341602846353,1.4771714339345614,0.0832524374127388,-1.0,-1.0,0.2807407081127167,1.0,-0.17339319,-0.17339319,-0.04867853
155,5.2472,0.32814306020736694,0.17141596972942352,-0.8908663988113403,0.026513658463954926,0.06547797471284866,-0.1468583196401596,0.034160180048932245,0.03627961102939057,1.4772892788127974,0.0891871377825737,-1.0,-1.0,-0.22658699750900269,1.0,-0.17455046,-0.17455046,0.039550863
156,5.2814,0.32784849405288696,0.17404982447624207,-0.8956243991851807,0.01505113672465086,0.05629902333021164,-0.1366119384765625,0.033217708145099216,0.03733240854256933,1.4773547925756134,0.09332121908664703,-1.0,-1.0,-0.6882288455963135,1.0,-0.1589535,-0.1589535,0.10939638
157,5.3153,0.3270905315876007,0.17623472213745117,-0.899960994720459,0.004114702343940735,0.04693323001265526,-0.11906497180461884,0.03247422638956015,0.038031971026662705,1.4774292279280812,0.09682579338550568,-1.0,-1.0,-1.0,1.0,-0.14433756,-0.14433756,0.14433756
158,5.3492,0.3258957266807556,0.17802433669567108,-0.9035822153091431,-0.006206195801496506,0.03767511248588562,-0.08961240202188492,0.03142572322363914,0.03867850747673909,1.4775205743534707,0.09957273304462433,-1.0,-1.0,-1.0,1.0,-0.14433756,-0.14433756,0.14433756
159,5.3833,0.32431256771087646,0.17938701808452606,-0.9060245752334595,-0.016110438853502274,0.0285080224275589,-0.053725212812423706,0.030412586004756544,0.03871637013729944,1.4775870202226682,0.10126584768295288,-1.0,-1.0,-1.0,1.0,-0.14433756,-0.14433756,0.14433756
160,5.4173,0.32240724563598633,0.1803404837846756,-0.9071356058120728,-0.025773601606488228,0.01915295235812664,-0.018371261656284332,0.02883588852910495,0.03803991889804091,1.4776380197575434,0.10182110965251923,-1.0,-1.0,-1.0,1.0,-0.14433756,-0.14433756,0.14433756
161,5.4515,0.3195543587207794,0.1809341460466385,-0.9068015813827515,-0.03736508637666702,0.007159265223890543,0.019504716619849205,0.02762567530896189,0.037272266875014774,1.4776938129823805,0.10095546394586563,-1.0,-1.0,-1.0,1.0,-0.14433756,-0.14433756,0.14433756
162,5.4855,0.3169289231300354,0.1808946579694748,-0.9052251577377319,-0.046485453844070435,-0.002548748627305031,0.044594019651412964,0.026150517091653374,0.03613918753853773,1.477731763027914,0.09904643148183823,-1.0,-1.0,-1.0,1.0,-0.14433756,-0.14433756,0.14433756
163,5.5192,0.31406208872795105,0.18041503429412842,-0.9026988744735718,-0.05493169650435448,-0.012241564691066742,0.06595572829246521,0.02432834690371293,0.03451056882460261,1.477797010474621,0.09623365849256516,-1.0,-1.0,-1.0,1.0,-0.14433756,-0.14433756,0.14433756
164,5.5534,0.3110487461090088,0.17955468595027924,-0.8993335962295532,-0.06297119706869125,-0.021587679162621498,0.08379202336072922,0.02304173216920362,0.03324673452038648,1.4778476105353326,0.09267958998680115,-1.0,-1.0,-1.0,1.0,-0.14433756,-0.14433756,0.14433756
165,5.5872,0.30782726407051086,0.17832475900650024,-0.8953424692153931,-0.07056114822626114,-0.03064967319369316,0.09881846606731415,0.021307752144642228,0.03139889395625119,1.4779249753649994,0.08852550387382507,-0.9290823340415955,-1.0,-1.0,1.0,-0.13726784,-0.14774562,0.14774562
166,5.6216,0.3044412434101105,0.17674018442630768,-0.8908796310424805,-0.07772823423147202,-0.03937958925962448,0.11113152652978897,0.019948139748534925,0.02987492707018317,1.4779864943861802,0.08391699939966202,-0.636286735534668,-1.0,-1.0,1.0,-0.10257651,-0.16121113,0.16121113
167,5.6553,0.3000088036060333,0.17432527244091034,-0.8849527835845947,-0.08614381402730942,-0.049802590161561966,0.12406664341688156,0.018831122602382424,0.028532604415215365,1.478054937626195,0.07780171185731888,-0.24327395856380463,-1.0,-1.0,1.0,-0.042382665,-0.17421785,0.17421785
168,5.6892,0.29632440209388733,0.1720736175775528,-0.8798701763153076,-0.09212560951709747,-0.05764253810048103,0.13392257690429688,0.01707146804043699,0.026711382978413262,1.478126976133682,0.07267732918262482,0.08498871326446533,-1.0,-1.0,1.0,0.014996967,-0.17645834,0.17645834
169,5.7234,0.2925754487514496,0.1695757359266281,-0.8744833469390869,-0.09767404943704605,-0.06497568637132645,0.1438625156879425,0.015204135425776387,0.025433854200529245,1.478213395711055,0.06746464222669601,0.4339781701564789,-1.0,-1.0,1.0,0.07334167,-0.16899852,0.16899852
170,5.7574,0.288788378238678,0.1668175309896469,-0.868872880935669,-0.10249236971139908,-0.07200805097818375,0.1534879207611084,0.01290770514166597,0.024435636925534895,1.4782975516015013,0.06228049844503403,0.7942032814025879,-1.0,-1.0,1.0,0.12241403,-0.15413438,0.15413438
171,5.7914,0.2849883735179901,0.16378168761730194,-0.8629870414733887,-0.10631369799375534,-0.0787864401936531,0.16137459874153137,0.008324574474099634,0.023061029684133684,1.4783924932943628,0.057213254272937775,1.0,-1.0,-1.0,1.0,0.14433756,-0.14433756,0.14433756
172,5.8252,0.28120559453964233,0.1604563593864441,-0.8569047451019287,-0.10900019109249115,-0.08553360402584076,0.16606169939041138,0.003602069715582657,0.021821785927514156,1.4784738528656647,0.052444346249103546,1.0,-1.0,-1.0,1.0,0.14433756,-0.14433756,0.14433756
173,5.8591,0.27652159333229065,0.15594986081123352,-0.8490705490112305,-0.11016363650560379,-0.09336927533149719,0.16799628734588623,-0.0031425176027258914,0.01997664597517178,1.478567462977981,0.04730094596743584,1.0,-1.0,-1.0,1.0,0.14433756,-0.14433756,0.14433756
174,5.8937,0.2728528082370758,0.15209545195102692,-0.8428540229797363,-0.10935226082801819,-0.09950268268585205,0.1679835319519043,-0.007985477605480937,0.018498706002880894,1.4786292483152708,0.04419063776731491,1.0,-1.0,-1.0,1.0,0.14433756,-0.14433756,0.14433756
175,5.9274,0.2692820131778717,0.14802947640419006,-0.8366913795471191,-0.10650444030761719,-0.10532744973897934,0.16761258244514465,-0.014482487429986767,0.016314349027581575,1.4787120726251723,0.04221397638320923,1.0,-0.5404577255249023,-0.7332097291946411,1.0,0.18482092,-0.09988789,0.13551249
176,5.9629,0.26591429114341736,0.14372195303440094,-0.830596923828125,-0.10186045616865158,-0.11074548959732056,0.16721393167972565,-0.01897476269248937,0.014636581467669574,1.478805815895543,0.0414736270904541,1.0,0.07058456540107727,-0.234456866979599,1.0,0.24282694,0.017139833,0.056932442
177,5.9975,0.25988152623176575,0.13437707722187042,-0.8185895681381226,-0.08821333944797516,-0.12052389234304428,0.16168104112148285,-0.023687792163116225,0.012396803693966788,1.4789142065519092,0.0438024066388607,1.0,0.6640989780426025,0.27437350153923035,1.0,0.20302346,0.13482767,-0.05570426
178,6.0315,0.25988152623176575,0.13437707722187042,-0.8185895681381226,-0.08821333944797516,-0.12052389234304428,0.16168104112148285,-0.02674859025167411,0.010114878275121596,1.479008216138389,0.0438024066388607,1.0,1.0,0.818412184715271,1.0,0.15300329,0.15300329,-0.12521976
179,6.0655,0.25683167576789856,0.1280556172132492,-0.8118382692337036,-0.07639963924884796,-0.12603242695331573,0.13603347539901733,-0.029879389945603654,0.005981373983790652,1.4791472331472912,0.04697231575846672,1.0,1.0,1.0,1.0,0.14433756,0.14433756,-0.14433756
180,6.0993,0.2535663843154907,0.11742253601551056,-0.8045564889907837,-0.052651457488536835,-0.13130216300487518,0.0629168227314949,-0.03243438716412825,-0.0012679596031624977,1.4793829229037632,0.05147727206349373,1.0,1.0,1.0,1.0,0.14433756,0.14433756,-0.14433756
181,6.1334,0.2527555227279663,0.11196393519639969,-0.802970290184021,-0.03943897783756256,-0.13077497482299805,0.025251781567931175,-0.03306639690269608,-0.006927530620663155,1.4795722736572678,0.05264423042535782,1.0,1.0,1.0,1.0,0.14433756,0.14433756,-0.14433756
182,6.1674,0.2524814307689667,0.10654304176568985,-0.8026535511016846,-0.026051610708236694,-0.1280451864004135,-0.007457729894667864,-0.032573139937515976,-0.014781006982238633,1.479810093942612,0.05304381251335144,1.0,1.0,1.0,1.0,0.14433756,0.14433756,-0.14433756
183,6.2024,0.2527984082698822,0.10126274824142456,-0.8034845590591431,-0.01276386994868517,-0.12322163581848145,-0.034864794462919235,-0.03139091903714317,-0.02027586252661519,1.479928471453066,0.05270352587103844,1.0,1.0,1.0,1.0,0.14433756,0.14433756,-0.14433756
184,6.2363,0.2539709508419037,0.09495258331298828,-0.8059746026992798,0.0030582370236516,-0.1147957518696785,-0.06256675720214844,-0.03001076076934482,-0.024337998782069867,1.4799842646779031,0.05138980224728584,1.0,1.0,1.0,1.0,0.14433756,0.14433756,-0.14433756
185,6.2704,0.2554258108139038,0.09019707888364792,-0.808868408203125,0.015046965330839157,-0.1063813865184784,-0.0801277831196785,-0.027782279584031556,-0.028941957241895765,1.480000643118607,0.049919940531253815,1.0,1.0,1.0,1.0,0.14433756,0.14433756,-0.14433756
186,6.3045,0.25733232498168945,0.08572088927030563,-0.8123496770858765,0.02645440772175789,-0.09728753566741943,-0.09426867216825485,-0.02588151077382555,-0.031611295617347226,1.4799605625442014,0.048300981521606445,1.0,1.0,1.0,1.0,0.14433756,0.14433756,-0.14433756
187,6.3383,0.25961050391197205,0.08161868155002594,-0.8162611722946167,0.0371895432472229,-0.08744338899850845,-0.10561387985944748,-0.023478937915815963,-0.03387504912294183,1.479859229264724,0.04670839384198189,1.0,1.0,1.0,1.0,0.14433756,0.14433756,-0.14433756
188,6.3723,0.2622109651565552,0.07792375236749649,-0.820589542388916,0.04719145968556404,-0.07709307223558426,-0.11489454656839371,-0.02185925743628941,-0.0348822566472098,1.4797650865201897,0.045217759907245636,1.0,1.0,1.0,1.0,0.14433756,0.14433756,-0.14433756
189,6.4064,0.2651248276233673,0.07465894520282745,-0.8252290487289429,0.05659399926662445,-0.06635182350873947,-0.12228155881166458,-0.01960314179347737,-0.035551993807688885,1.4796032994839672,0.04395357519388199,0.9765825271606445,1.0,1.0,1.0,0.1420577,0.14546409,-0.14546409
190,6.4409,0.26912349462509155,0.07121258229017258,-0.8311640024185181,0.06741905212402344,-0.05265447124838829,-0.12931443750858307,-0.01789355674062003,-0.035578463132210754,1.4794495019310152,0.04293212667107582,0.6017194390296936,1.0,1.0,1.0,0.097878665,0.16266495,-0.16266495
191,6.4745,0.27259790897369385,0.06898696720600128,-0.836122989654541,0.07549061626195908,-0.04164103418588638,-0.13384516537189484,-0.01647718676407771,-0.03531642472570377,1.479325798098381,0.042546965181827545,0.2811037302017212,1.0,1.0,1.0,0.048739083,0.1733847,-0.1733847
192,6.5085,0.27625152468681335,0.06725066155195236,-0.8413043022155762,0.08285707235336304,-0.030682791024446487,-0.13979969918727875,-0.014369497619253652,-0.034591915912336915,1.4791248625941344,0.04260069504380226,-0.06341473758220673,1.0,1.0,1.0,-0.011198995,0.17659923,-0.17659923
193,6.5427,0.28002527356147766,0.06600912660360336,-0.8467714786529541,0.08941502869129181,-0.01974104717373848,-0.14689384400844574,-0.012169097178981209,-0.033917474527463555,1.478971464515346,0.04315660521388054,-0.42919325828552246,1.0,1.0,1.0,-0.07260157,0.16915824,-0.16915824
194,6.5778,0.28391292691230774,0.06531916558742523,-0.8525170087814331,0.09517502039670944,-0.008770007640123367,-0.15360035002231598,-0.00968987417555048,-0.03329042492642599,1.4788632070170342,0.04423333704471588,-0.8171786069869995,1.0,1.0,1.0,-0.12507829,0.15306114,-0.15306114
195,6.6114,0.28792646527290344,0.06520085781812668,-0.858493447303772,0.09992110729217529,0.0020946217700839043,-0.15917016565799713,-0.005051725304636087,-0.03221641991247287,1.4787364405491465,0.04587254300713539,-1.0,1.0,1.0,1.0,-0.14433756,0.14433756,-0.14433756
196,6.6453,0.2930607795715332,0.06581762433052063,-0.8661206960678101,0.1039324551820755,0.0155528225004673,-0.1626168042421341,-0.00028717959646861905,-0.031060512292026804,1.4786638694094418,0.04875035583972931,-1.0,1.0,1.0,1.0,-0.14433756,0.14433756,-0.14433756
197,6.6794,0.297244131565094,0.06690419465303421,-0.872331976890564,0.10537061095237732,0.02621597982943058,-0.1628253310918808,0.006684978543046335,-0.029105198613744613,1.4785783819384504,0.0517130121588707,-1.0,1.0,1.0,1.0,-0.14433756,0.14433756,-0.14433756
198,6.7137,0.3013870120048523,0.068460613489151,-0.8785427808761597,0.10479168593883514,0.036443982273340225,-0.16184107959270477,0.01176044863357346,-0.027410188126071648,1.4785549461208576,0.055194396525621414,-1.0,1.0,0.9896321296691895,1.0,-0.14483638,0.14483638,-0.14333473
199,6.7473,0.30540338158607483,0.07046695053577423,-0.8847531080245972,0.1023324504494667,0.04638811573386192,-0.16056644916534424,0.018525044249942856,-0.02477996909031993,1.478567995610199,0.05911089852452278,-1.0,1.0,0.5211431980133057,1.0,-0.16587274,0.16587274,-0.08644345
200,6.7814,0.30922189354896545,0.07284178584814072,-0.8908791542053223,0.09795539081096649,0.055840689688920975,-0.15928804874420166,0.02321540564238501,-0.022642181023691473,1.4785911651116828,0.06335783004760742,-1.0,1.0,0.04285809397697449,1.0,-0.17669557,0.17669557,-0.0075728353
201,6.8153,0.31280258297920227,0.07554418593645096,-0.8968968391418457,0.09219067543745041,0.06462784111499786,-0.15356704592704773,0.02673534310584557,-0.020843906464750685,1.4786241883091997,0.06784005463123322,-1.0,1.0,-0.4865628778934479,1.0,-0.16715984,0.16715984,0.08133377
202,6.8492,0.3168288469314575,0.07937489449977875,-0.9038931131362915,0.08323415368795395,0.07456328719854355,-0.1339620053768158,0.031021846521950218,-0.01864211930817626,1.478690101546179,0.07332638651132584,-1.0,1.0,-1.0,1.0,-0.14433756,0.14433756,0.14433756
203,6.8837,0.3196747601032257,0.08272257447242737,-0.908629298210144,0.07534115016460419,0.08181891590356827,-0.10762719810009003,0.033850410721669395,-0.01721845476696065,1.4787488242482154,0.07720275223255157,-1.0,1.0,-1.0,1.0,-0.14433756,0.14433756,0.14433756
204,6.9173,0.3221728801727295,0.08627332001924515,-0.9122796058654785,0.06681183725595474,0.08840515464544296,-0.07221035659313202,0.036423392599930424,-0.01565200942120856,1.478854418585437,0.08028594404459,-1.0,1.0,-1.0,1.0,-0.14433756,0.14433756,0.14433756
205,6.9508,0.3242536783218384,0.09000720828771591,-0.9146571159362793,0.05755048617720604,0.09467019140720367,-0.03493872657418251,0.037456370368934115,-0.01447722664653656,1.478923660773779,0.08232960850000381,-1.0,1.0,-1.0,1.0,-0.14433756,0.14433756,0.14433756
206,6.9853,0.325905978679657,0.09390240907669067,-0.9157278537750244,0.04788646101951599,0.10064695030450821,-0.0018623112700879574,0.03798926058068056,-0.013065395487117685,1.4790363124878894,0.08326447755098343,-1.0,1.0,-1.0,1.0,-0.14433756,0.14433756,0.14433756
207,7.0196,0.3270794451236725,0.09799153357744217,-0.9155700206756592,0.03769546374678612,0.10636813193559647,0.026433540508151054,0.03788909659536916,-0.011394722754797224,1.4791803895028628,0.08310824632644653,-1.0,0.6566134691238403,-1.0,1.0,-0.16033743,0.105279714,0.16033743
208,7.0533,0.32789257168769836,0.10337211191654205,-0.9138679504394531,0.02467772364616394,0.11296655237674713,0.05580984055995941,0.0374722328221769,-0.010252362926099637,1.4793090201835135,0.08159049600362778,-1.0,0.10485342144966125,-1.0,1.0,-0.17629282,0.018484905,0.17629282
209,7.0871,0.3280758857727051,0.10780874639749527,-0.9114941358566284,0.014429446309804916,0.11764952540397644,0.07667548954486847,0.03656040391563659,-0.00855385183800944,1.4794885172409848,0.07954709976911545,-1.0,-0.37253472208976746,-1.0,1.0,-0.17094514,-0.063682996,0.17094514
210,7.1212,0.3278641104698181,0.1123310998082161,-0.908360481262207,0.004243640229105949,0.12204746156930923,0.09627693146467209,0.03570641553902145,-0.006699746083380014,1.4796749385172905,0.07693420350551605,-1.0,-0.8895113468170166,-1.0,1.0,-0.14963809,-0.13310479,0.14963809
211,7.1553,0.32727232575416565,0.11692854762077332,-0.9045654535293579,-0.005840362049639225,0.12585075199604034,0.11413409560918808,0.03490867811805583,-0.004280224181596945,1.4798673519060486,0.07389283180236816,-1.0,-1.0,-1.0,1.0,-0.14433756,-0.14433756,0.14433756
212,7.1899,0.3262935280799866,0.12157852202653885,-0.90010666847229,-0.015996115282177925,0.12879428267478943,0.12711010873317719,0.03347693566829941,0.0008316450662440429,1.4802053070483796,0.07048846781253815,-1.0,-1.0,-1.0,1.0,-0.14433756,-0.14433756,0.14433756
213,7.2239,0.32488754391670227,0.12623262405395508,-0.8951839208602905,-0.02621699683368206,0.13059429824352264,0.1352330446243286,0.031921485224719603,0.00623454177521361,1.4805111710995753,0.06693416833877563,-1.0,-1.0,-1.0,1.0,-0.14433756,-0.14433756,0.14433756
214,7.2581,0.32257288694381714,0.13200955092906952,-0.8886100053787231,-0.03857545927166939,0.1301686316728592,0.14236193895339966,0.02954320330868398,0.013490931178609519,1.4808798857524967,0.0626230537891388,-1.0,-1.0,-1.0,1.0,-0.14433756,-0.14433756,0.14433756
215,7.2919,0.320292592048645,0.13655300438404083,-0.8831027746200562,-0.04793620854616165,0.127757728099823,0.1468585580587387,0.02777182251556379,0.018379550350045862,1.4811218339375305,0.05947768688201904,-1.0,-1.0,-1.0,1.0,-0.14433756,-0.14433756,0.14433756
216,7.3254,0.31765249371528625,0.14094959199428558,-0.8774758577346802,-0.0570380799472332,0.12338889390230179,0.1504814326763153,0.02571752871029852,0.02338461207895672,1.4813580563262205,0.05677648261189461,-1.0,-1.0,-1.0,1.0,-0.14433756,-0.14433756,0.14433756
217,7.3591,0.31466996669769287,0.1451282948255539,-0.8718047142028809,-0.06562787294387817,0.11740342527627945,0.15364648401737213,0.023237898950623174,0.028643470979157523,1.4816191792711029,0.05463758856058121,-1.0,-1.0,-1.0,1.0,-0.14433756,-0.14433756,0.14433756
218,7.3932,0.31137770414352417,0.14901645481586456,-0.8660361766815186,-0.07375875115394592,0.10989982634782791,0.15624742209911346,0.02159027816619141,0.03155193001157908,1.4817868252617232,0.05309281498193741,-0.8770505785942078,-1.0,-1.0,1.0,-0.13176076,-0.15023166,0.15023166
219,7.4273,0.3077862858772278,0.1525297611951828,-0.860217809677124,-0.08155054599046707,0.10104777663946152,0.15841802954673767,0.01939290395076703,0.03466341138463253,1.4819816354954625,0.052168428897857666,-0.4405624270439148,-1.0,-1.0,1.0,-0.07435664,-0.16877663,0.16877663
220,7.4613,0.30287325382232666,0.15634550154209137,-0.852952241897583,-0.09047283977270126,0.08867616206407547,0.16059640049934387,0.017720944370685464,0.03636965500255967,1.4821198535560376,0.05190335214138031,0.09745100140571594,-1.0,-1.0,1.0,0.017186312,-0.17635849,0.17635849
221,7.4957,0.29864346981048584,0.15885700285434723,-0.8470796346664429,-0.09705255180597305,0.07795625180006027,0.16304045915603638,0.016205091803563776,0.037383000280902426,1.4822294426348945,0.05234115943312645,0.5419853925704956,-1.0,-0.7033293843269348,1.0,0.10131944,-0.18694127,0.13148129
222,7.5295,0.2942158281803131,0.1608864814043045,-0.841110110282898,-0.10314567387104034,0.0668288841843605,0.16748033463954926,0.013132951353535129,0.03827960339614804,1.4823755170206854,0.053373709321022034,1.0,-1.0,-0.40295881032943726,1.0,0.17000999,-0.17000999,0.06850702
223,7.5637,0.2895958125591278,0.16236303746700287,-0.8349617719650269,-0.10858660936355591,0.05519144609570503,0.17086026072502136,0.009224212136571718,0.0385947593828345,1.4824559444856056,0.05494237318634987,1.0,-1.0,-0.08355945348739624,1.0,0.17646892,-0.17646892,0.014745647
224,7.5976,0.2848290503025055,0.1632712185382843,-0.8288760185241699,-0.11314641684293747,0.04297463968396187,0.1661509871482849,0.004641174575613804,0.038566101272791725,1.4825237219353482,0.056977223604917526,1.0,-1.0,0.3028683364391327,1.0,0.17285712,-0.17285712,-0.052352946
225,7.6312,0.2799767851829529,0.16362236440181732,-0.8231569528579712,-0.11616743355989456,0.030277032405138016,0.15138190984725952,-0.0032937105113110586,0.037862102961007685,1.4826390368105486,0.059308625757694244,1.0,-1.0,0.7673760652542114,1.0,0.15537646,-0.15537646,-0.11923218
226,7.6654,0.2739047706127167,0.16330011188983917,-0.816743016242981,-0.11697706580162048,0.013720356859266758,0.12110427767038345,-0.009934423103836208,0.03688341206634958,1.4827223937526681,0.06235301494598389,1.0,-1.0,1.0,1.0,0.14433756,-0.14433756,-0.14433756
227,7.6994,0.2647439241409302,0.16106702387332916,-0.8097658157348633,-0.11047720164060593,-0.01333538256585598,0.0539206936955452,-0.017559764868086823,0.03515244890396055,1.482851557065537,0.065976083278656,1.0,-1.0,1.0,1.0,0.14433756,-0.14433756,-0.14433756
228,7.7338,0.2605874836444855,0.15923961997032166,-0.8082284927368164,-0.10395275801420212,-0.026413436979055405,0.01853233017027378,-0.02201609681854906,0.033604840221434264,1.482936378746256,0.06667374074459076,1.0,-1.0,1.0,1.0,0.14433756,-0.14433756,-0.14433756
229,7.7683,0.2567780315876007,0.1570153385400772,-0.8079485893249512,-0.09562118351459503,-0.038705263286828995,-0.012498634867370129,-0.026928938272337517,0.030945863207098894,1.4830732652262861,0.06655517965555191,1.0,-1.0,1.0,1.0,0.14433756,-0.14433756,-0.14433756
230,7.8025,0.2533244788646698,0.15440741181373596,-0.8088321685791016,-0.08619716763496399,-0.05018080025911331,-0.038624200969934464,-0.029696601387472543,0.028594391833099805,1.4831628805969672,0.06563864648342133,1.0,-1.0,1.0,1.0,0.14433756,-0.14433756,-0.14433756
231,7.8363,0.2495531290769577,0.15069235861301422,-0.8114186525344849,-0.07335036993026733,-0.06304824352264404,-0.06497189402580261,-0.03139990720582218,0.026556299617997384,1.4832379817397074,0.06349678337574005,1.0,-0.8640671968460083,1.0,1.0,0.15084863,-0.13034335,-0.15084863
232,7.8703,0.24706564843654633,0.14737780392169952,-0.8143649101257324,-0.062353916466236115,-0.07233351469039917,-0.08186723291873932,-0.03281090612740041,0.023744421786983237,1.4833297276392607,0.06115215644240379,1.0,-0.29507124423980713,1.0,1.0,0.17305008,-0.0510621,-0.17305008
233,7.9044,0.24510370194911957,0.14376169443130493,-0.8179154396057129,-0.0509621798992157,-0.08086944371461868,-0.09650050848722458,-0.033297301291584355,0.021573631328783812,1.4833512992440903,0.05834203585982323,1.0,0.24583226442337036,1.0,1.0,0.17416494,0.04281536,-0.17416494
234,7.9386,0.24369367957115173,0.13987287878990173,-0.8219534158706665,-0.039328306913375854,-0.0887414962053299,-0.11119763553142548,-0.03340267924696743,0.01862311099589582,1.4833738029553014,0.0551644042134285,1.0,0.7761660814285278,1.0,1.0,0.1549709,0.120283164,-0.1549709
235,7.9727,0.24280358850955963,0.13573770225048065,-0.8265349864959717,-0.027465667575597763,-0.0957070142030716,-0.1247144266963005,-0.03322772412751144,0.015847279466354815,1.483391646134605,0.05169866606593132,1.0,1.0,1.0,1.0,0.14433756,0.14433756,-0.14433756
236,8.0076,0.2423923760652542,0.1313696950674057,-0.8315515518188477,-0.015803787857294083,-0.10158749669790268,-0.13437432050704956,-0.03250625506285756,0.010052906724614914,1.483479663608632,0.04814650118350983,1.0,1.0,1.0,1.0,0.14433756,0.14433756,-0.14433756
237,8.0414,0.24244648218154907,0.1256992369890213,-0.8382619619369507,-0.0015556832076981664,-0.1064770296216011,-0.14158831536769867,-0.03138018941078259,0.0039528829325517515,1.4835370547301234,0.04404056444764137,1.0,1.0,1.0,1.0,0.14433756,0.14433756,-0.14433756
238,8.0756,0.24294167757034302,0.12101244926452637,-0.843849778175354,0.009444032795727253,-0.10810378193855286,-0.1452145278453827,-0.029995310273833158,-0.0018747905060101252,1.4836045658637569,0.041318994015455246,1.0,1.0,1.0,1.0,0.14433756,0.14433756,-0.14433756
239,8.1093,0.24391770362854004,0.11627659946680069,-0.8495532274246216,0.02014835551381111,-0.10754266381263733,-0.14764590561389923,-0.027637253817919927,-0.009895465010218093,1.483643714331781,0.03930104523897171,1.0,1.0,1.0,1.0,0.14433756,0.14433756,-0.14433756
240,8.1433,0.24537073075771332,0.11158665269613266,-0.8553402423858643,0.03045051544904709,-0.10495495051145554,-0.14942309260368347,-0.02563176035903576,-0.015588730216994756,1.4836285343135676,0.03820795193314552,1.0,1.0,1.0,1.0,0.14433756,0.14433756,-0.14433756
241,8.1776,0.2472373992204666,0.1070689782500267,-0.8611671924591064,0.04024593532085419,-0.10049542039632797,-0.1506216824054718,-0.023123085498721732,-0.021531164312370055,1.4835608900218795,0.03822939842939377,1.0,1.0,1.0,1.0,0.14433756,0.14433756,-0.14433756
242,8.2112,0.24944336712360382,0.10284905880689621,-0.8670083284378052,0.0495036318898201,-0.094566211104393,-0.15137489140033722,-0.02143397973852818,-0.024860188495780162,1.4834674130676178,0.03940938785672188,1.0,1.0,0.980032205581665,1.0,0.14529818,0.14529818,-0.1423969
243,8.2453,0.2526918947696686,0.09813619405031204,-0.8742585182189941,0.060195162892341614,-0.08525557816028595,-0.1518600881099701,-0.019540480525860247,-0.027871849181631485,1.4833350539614407,0.04221854358911514,1.0,1.0,0.4271622598171234,1.0,0.16922562,0.16922562,-0.0722868
244,8.2792,0.25567659735679626,0.09483665227890015,-0.8800797462463379,0.06836235523223877,-0.07663428038358688,-0.15163476765155792,-0.017354915765394687,-0.030595807326564792,1.4831423742565737,0.04533987492322922,1.0,1.0,-0.006468266248703003,1.0,0.17677484,0.17677484,0.0011434268
245,8.3127,0.25894245505332947,0.09194673597812653,-0.8857704401016235,0.07585085183382034,-0.06747561693191528,-0.14468948543071747,-0.015985659813308854,-0.03194462351728427,1.483005887250707,0.04897509887814522,0.9819840788841248,1.0,-0.48375698924064636,1.0,0.16557686,0.16861461,0.081568494
246,8.3471,0.26249098777770996,0.08953961730003357,-0.8910943269729614,0.08267094939947128,-0.05788411945104599,-0.12928365170955658,-0.014449999985579703,-0.03344903697528622,1.4828451654789208,0.05273330584168434,0.6364584565162659,1.0,-1.0,1.0,0.10259953,0.16120382,0.16120382
247,8.3813,0.2663123905658722,0.08760728687047958,-0.8957260847091675,0.08911794424057007,-0.048269808292388916,-0.10352728515863419,-0.013498330813310196,-0.03434572539491051,1.4826956289837128,0.056197796016931534,0.29548704624176025,1.0,-1.0,1.0,0.051131047,0.1730399,0.1730399
248,8.4152,0.2703598439693451,0.08612663298845291,-0.8993234634399414,0.0950985997915268,-0.038308676332235336,-0.07000835984945297,-0.012735627484544022,-0.03481419623660146,1.4825945620203442,0.05897516384720802,-0.042087603360414505,1.0,-1.0,1.0,-0.0074368147,0.17669846,0.17669846
249,8.449,0.27568018436431885,0.0849197506904602,-0.9020290374755859,0.10205791890621185,-0.02598814107477665,-0.021456170827150345,-0.010852448021100148,-0.03490920658908464,1.4824323755099584,0.06106382608413696,-0.4684307873249054,1.0,-1.0,1.0,-0.07860768,0.16781066,0.16781066
250,8.4829,0.28014886379241943,0.08455773442983627,-0.9025216102600098,0.10724706947803497,-0.015709420666098595,0.01427236944437027,-0.008209746978184633,-0.03462218232200675,1.482336901184879,0.061328571289777756,-0.8306161165237427,1.0,-1.0,1.0,-0.12661071,0.15242988,0.15242988
251,8.5177,0.284730464220047,0.0846858099102974,-0.901680588722229,0.11154324561357498,-0.005213946104049683,0.044505245983600616,-0.005147139812620632,-0.03409664493158244,1.4822579384585584,0.06050867587327957,-1.0,1.0,-1.0,1.0,-0.14433756,0.14433756,0.14433756
252,8.552,0.2893525958061218,0.08529307693243027,-0.8997162580490112,0.1148214265704155,0.005503138992935419,0.06744029372930527,0.0007054169522094414,-0.032811678027997615,1.4821732499358937,0.058832183480262756,-1.0,1.0,-1.0,1.0,-0.14433756,0.14433756,0.14433756
253,8.5857,0.2939588129520416,0.08634036034345627,-0.8969136476516724,0.11646941304206848,0.016317002475261688,0.08487127721309662,0.006312266027597843,-0.031284005602944094,1.4821311719906705,0.05662413686513901,-1.0,1.0,-1.0,1.0,-0.14433756,0.14433756,0.14433756
254,8.6193,0.2985052168369293,0.08780395984649658,-0.8933886289596558,0.11649003624916077,0.026874816045165062,0.098961740732193,0.013589469179239751,-0.02884711957876452,1.4821263783007084,0.05406848341226578,-1.0,1.0,-1.0,1.0,-0.14433756,0.14433756,0.14433756
255,8.6533,0.30406415462493896,0.09015033394098282,-0.8881480693817139,0.1138625293970108,0.03959088772535324,0.11331823468208313,0.01841215742864252,-0.02699637866575457,1.4821391614739408,0.050727080553770065,-1.0,1.0,-1.0,1.0,-0.14433756,0.14433756,0.14433756
256,8.6874,0.30831587314605713,0.09245731681585312,-0.8834270238876343,0.10969266295433044,0.049187369644641876,0.12272269278764725,0.02448281440812673,-0.024267655959183548,1.4822034768142662,0.04817640408873558,-1.0,1.0,-1.0,1.0,-0.14433756,0.14433756,0.14433756
257,8.7213,0.31228652596473694,0.09508804231882095,-0.878401517868042,0.10379855334758759,0.05815781280398369,0.13052308559417725,0.02847823847827492,-0.022121803507879192,1.482269256893191,0.04598291590809822,-1.0,1.0,-1.0,1.0,-0.14433756,0.14433756,0.14433756
258,8.7553,0.31586936116218567,0.09793782979249954,-0.8731361627578735,0.09648044407367706,0.06655003130435944,0.1368771493434906,0.031335970533714265,-0.020335244777140153,1.4823201232700116,0.044270165264606476,-1.0,1.0,-1.0,1.0,-0.14433756,0.14433756,0.14433756
259,8.7899,0.3190341889858246,0.10103451460599899,-0.8676488399505615,0.08798163384199142,0.07440841943025589,0.1422301083803177,0.0344019472222356,-0.01793052266490709,1.4824235870783613,0.04310810938477516,-1.0,0.6372277736663818,-1.0,1.0,-0.16117099,0.102702625,0.16117099
260,8.8243,0.32166174054145813,0.10440950840711594,-0.8620076179504395,0.07838626950979233,0.08186982572078705,0.14661215245723724,0.03609433824130512,-0.01617780376506617,1.4825096071815707,0.04249973222613335,-1.0,0.17929038405418396,-1.0,1.0,-0.17537296,0.031442687,0.17537296
261,8.8584,0.32427921891212463,0.10892851650714874,-0.8548362255096436,0.06537923961877823,0.09044381976127625,0.1520887315273285,0.03734770507408047,-0.014031921145140092,1.4826419662877477,0.042703282088041306,-1.0,-0.40934035181999207,-0.6628642082214355,1.0,-0.19721457,-0.08072788,0.13072649
262,8.8923,0.32573622465133667,0.11281592398881912,-0.8489733934402466,0.054434265941381454,0.09661360830068588,0.15782831609249115,0.0378514919285394,-0.012177391469360584,1.4827572811629481,0.04354849457740784,-1.0,-0.9374723434448242,-0.29542574286460876,1.0,-0.17829281,-0.16714457,0.052672286
263,8.9264,0.3266395330429077,0.11692957580089569,-0.8429964780807495,0.04305214807391167,0.10231855511665344,0.16120268404483795,0.038249738541236325,-0.007933162614669044,1.4829837830136594,0.045028507709503174,-1.0,-1.0,0.09869995713233948,1.0,-0.17634773,-0.17634773,-0.017405514
264,8.9603,0.32706406712532043,0.12117118388414383,-0.8370567560195923,0.03114183619618416,0.10714354366064072,0.15703417360782623,0.03827528824294427,-0.002858165599339461,1.483254227022357,0.047169823199510574,-1.0,-1.0,0.5613447427749634,1.0,-0.16430637,-0.16430637,-0.09223252
265,8.9943,0.32700061798095703,0.12550675868988037,-0.8314329385757446,0.018466955050826073,0.11066039651632309,0.14067554473876953,0.037892854149219696,0.0025892731940660757,1.48352720103409,0.04979078099131584,-1.0,-1.0,1.0,1.0,-0.14433756,-0.14433756,-0.14433756
266,9.0305,0.3264752924442291,0.12989303469657898,-0.826515793800354,0.005323661956936121,0.11227371543645859,0.11371975392103195,0.0367264145589002,0.010945459962468465,1.4839592989209553,0.05260000377893448,-1.0,-1.0,1.0,1.0,-0.14433756,-0.14433756,-0.14433756
267,9.0643,0.3252367079257965,0.135349303483963,-0.8218743801116943,-0.011349243111908436,0.11082907021045685,0.0682598128914833,0.0352419186330196,0.017139579425613068,1.4842368003065416,0.05587182939052582,-1.0,-1.0,1.0,1.0,-0.14433756,-0.14433756,-0.14433756
268,9.0987,0.32189902663230896,0.14360378682613373,-0.8187862634658813,-0.03673413768410683,0.10119545459747314,-0.002742988523095846,0.03272958608739592,0.023683173243100618,1.4845431969899552,0.05923965945839882,-1.0,-1.0,1.0,1.0,-0.14433756,-0.14433756,-0.14433756
269,9.1324,0.32189902663230896,0.14360378682613373,-0.8187862634658813,-0.03673413768410683,0.10119545459747314,-0.002742988523095846,0.030753164776880247,0.027299902048023343,1.4846915350626726,0.05923965945839882,-1.0,-1.0,1.0,1.0,-0.14433756,-0.14433756,-0.14433756
270,9.1663,0.31682288646698,0.15096847712993622,-0.8205100297927856,-0.05910331383347511,0.08539523184299469,-0.053551726043224335,0.027829450824839584,0.03117637228301286,1.4849128437492582,0.06003965809941292,-1.0,-1.0,1.0,1.0,-0.14433756,-0.14433756,-0.14433756
271,9.2013,0.3137284815311432,0.15415655076503754,-0.8227821588516235,-0.06895124912261963,0.07614100724458694,-0.07237453758716583,0.025516241585564366,0.033304930831988516,1.4850252291472597,0.05971834808588028,-1.0,-1.0,1.0,1.0,-0.14433756,-0.14433756,-0.14433756
272,9.2352,0.3093838393688202,0.15750408172607422,-0.826557993888855,-0.08015154302120209,0.06349315494298935,-0.09125930070877075,0.023608600571389193,0.034611997811431795,1.4851273613750642,0.058840665966272354,-0.8172130584716797,-1.0,1.0,1.0,-0.12508224,-0.15305951,-0.15305951
273,9.2706,0.3056042194366455,0.15964223444461823,-0.8301925659179688,-0.08816926926374435,0.052903901785612106,-0.10339394956827164,0.0210488554359837,0.03562731549345689,1.485220572013217,0.05790981650352478,-0.44891485571861267,-1.0,1.0,1.0,-0.075638376,-0.16849159,-0.16849159
274,9.3044,0.30157655477523804,0.1612815260887146,-0.8342913389205933,-0.09554701298475266,0.042037319391965866,-0.11411978304386139,0.01911711697513251,0.03592270167023871,1.4853159131802418,0.05688326433300972,-0.06341978907585144,-1.0,1.0,1.0,-0.011199885,-0.1765992,-0.1765992
275,9.3383,0.2973600924015045,0.16243186593055725,-0.8388098478317261,-0.10221519321203232,0.03111017309129238,-0.12508927285671234,0.016485880528620597,0.03582069843929948,1.4854147164566838,0.05589898303151131,0.3387272357940674,-1.0,1.0,1.0,0.058232043,-0.17191426,-0.17191426
276,9.3724,0.29296088218688965,0.1630612313747406,-0.8436956405639648,-0.10807989537715912,0.01998089998960495,-0.13578948378562927,0.01413882937785266,0.03559743815497757,1.4854888854930424,0.05504767596721649,0.767346978187561,-1.0,1.0,1.0,0.11922868,-0.15537779,-0.15537779
277,9.4063,0.28847479820251465,0.16324129700660706,-0.8488516807556152,-0.1129729375243187,0.008859749883413315,-0.14486518502235413,0.009564639025289503,0.03501620324706777,1.4855597255780386,0.05453801900148392,1.0,-1.0,1.0,1.0,0.14433756,-0.14433756,-0.14433756
278,9.4411,0.2829183340072632,0.16286319494247437,-0.8556358814239502,-0.11685611307621002,-0.004760120064020157,-0.15214164555072784,0.004766343666996178,0.03421731941847665,1.4856252393408544,0.054562266916036606,1.0,-1.0,1.0,1.0,0.14433756,-0.14433756,-0.14433756
279,9.4753,0.2784942090511322,0.16212424635887146,-0.8610936403274536,-0.11801143735647202,-0.01542921457439661,-0.15478716790676117,-0.00011338004413076026,0.03315488459110317,1.4856880899425804,0.05517560616135597,1.0,-1.0,0.9439948797225952,1.0,0.14703017,-0.14703017,-0.13879573
280,9.5097,0.27417561411857605,0.16098123788833618,-0.8665421009063721,-0.11714162677526474,-0.025895200669765472,-0.15543852746486664,-0.007526957727620902,0.031095582794631788,1.485778104787425,0.056278295814991,1.0,-1.0,0.5996365547180176,1.0,0.16275117,-0.16275117,-0.09759155
281,9.5441,0.2700311541557312,0.15949513018131256,-0.8719632625579834,-0.11418894678354263,-0.035700827836990356,-0.1550763100385666,-0.01323905751702877,0.029182602974708847,1.4858715817416868,0.05787041038274765,1.0,-1.0,0.2344399392604828,1.0,0.17439663,-0.17439663,-0.040885538
282,9.5786,0.2661306858062744,0.15769584476947784,-0.8772573471069336,-0.10938448458909988,-0.04482237994670868,-0.15115869045257568,-0.019568381299468033,0.026745123981067806,1.4859727818631099,0.05984858050942421,1.0,-1.0,-0.18019497394561768,1.0,0.17535895,-0.17535895,0.0315988
283,9.6125,0.2624723017215729,0.1555992066860199,-0.882225751876831,-0.10319951176643372,-0.053422097116708755,-0.14036054909229279,-0.023406920214275335,0.025172104996671888,1.486028575087947,0.062022168189287186,1.0,-1.0,-0.663104772567749,1.0,0.16005568,-0.16005568,0.106133685
284,9.6462,0.25839751958847046,0.15252022445201874,-0.8876062631607056,-0.09357573091983795,-0.06316739320755005,-0.11455607414245605,-0.0280701381695447,0.023312417526874952,1.4860960862215804,0.06452874094247818,1.0,-1.0,-1.0,1.0,0.14433756,-0.14433756,0.14433756
285,9.6804,0.25555363297462463,0.14971770346164703,-0.8908898830413818,-0.08482388406991959,-0.07042088359594345,-0.08512501418590546,-0.031058502437641636,0.022066268276772633,1.4861429578567658,0.06599102914333344,1.0,-0.47534802556037903,-1.0,1.0,0.16756439,-0.0796514,0.16756439
286,9.7143,0.25306805968284607,0.14664660394191742,-0.8930022716522217,-0.07529018074274063,-0.0771554484963417,-0.050150636583566666,-0.03298394501922831,0.02100670466994939,1.486159069981361,0.0666864886879921,1.0,0.034049272537231445,-1.0,1.0,0.17672548,0.0060173743,0.17672548
287,9.7496,0.25097885727882385,0.1432778388261795,-0.8938260078430176,-0.06510765850543976,-0.0836758017539978,-0.013708837330341339,-0.034597785269708095,0.01908870437525273,1.4862042105618376,0.06640777736902237,1.0,0.5400208830833435,-1.0,1.0,0.16514616,0.08918237,0.16514616
288,9.7833,0.2493162751197815,0.1396196335554123,-0.8932889699935913,-0.054506752640008926,-0.08996274322271347,0.02048627845942974,-0.03521574891412037,0.01654844088739954,1.4862610690511109,0.06503792852163315,1.0,1.0,-1.0,1.0,0.14433756,0.14433756,0.14433756
289,9.8176,0.24804052710533142,0.13575805723667145,-0.8914721012115479,-0.04353063926100731,-0.09568730741739273,0.049537405371665955,-0.035384980317827296,0.013356669368669395,1.4863253843914364,0.06267377734184265,1.0,1.0,-1.0,1.0,0.14433756,0.14433756,0.14433756
290,9.8512,0.2470131367444992,0.13072611391544342,-0.887698769569397,-0.029338911175727844,-0.10155096650123596,0.07597318291664124,-0.034847966367580425,0.007107146792175439,1.4864626703456298,0.05857072025537491,1.0,1.0,-1.0,1.0,0.14433756,0.14433756,0.14433756
291,9.8853,0.24666047096252441,0.12664873898029327,-0.8838138580322266,-0.017864787951111794,-0.10440895706415176,0.09134107828140259,-0.0337293804530983,0.0010309332597146852,1.4866071468347666,0.05467900633811951,1.0,1.0,-1.0,1.0,0.14433756,0.14433756,0.14433756
292,9.9192,0.24673490226268768,0.12257065623998642,-0.879265546798706,-0.006209723185747862,-0.10523812472820282,0.10429921001195908,-0.031712724604176415,-0.006792486507152821,1.4867056837950996,0.05037815123796463,1.0,1.0,-1.0,1.0,0.14433756,0.14433756,0.14433756
293,9.9536,0.24726536870002747,0.11854284256696701,-0.8741703033447266,0.005153418984264135,-0.10406587272882462,0.11513084173202515,-0.03009375984919282,-0.011914254508903942,1.4867553517494296,0.04581182077527046,1.0,1.0,-1.0,1.0,0.14433756,0.14433756,0.14433756
294,9.9877,0.248220294713974,0.11464977264404297,-0.8687014579772949,0.015896987169981003,-0.10118407011032104,0.12402389198541641,-0.028120511445444626,-0.017160223085250385,1.4867594796491193,0.041229236871004105,1.0,1.0,-1.0,1.0,0.14433756,0.14433756,0.14433756
295,10.0214,0.24957700073719025,0.11099812388420105,-0.8629336357116699,0.026414327323436737,-0.09638146311044693,0.1314200907945633,-0.02560660805089672,-0.022639825790602433,1.4866818485033435,0.03684064745903015,1.0,1.0,-1.0,1.0,0.14433756,0.14433756,0.14433756
296,10.0556,0.25177115201950073,0.10685721784830093,-0.8554776906967163,0.03883600980043411,-0.08818750083446503,0.13883282244205475,-0.023858132523745815,-0.025692201632212947,1.4865763873241762,0.03205911070108414,1.0,1.0,-1.0,1.0,0.14433756,0.14433756,0.14433756
297,10.0893,0.2538808286190033,0.10397622734308243,-0.8493428230285645,0.04815766215324402,-0.08015865832567215,0.1436716467142105,-0.021455505570276586,-0.029004718378053764,1.4864067439627382,0.029153019189834595,1.0,1.0,-0.9363702535629272,1.0,0.1473961,0.1473961,0.13801733
298,10.1233,0.2562781274318695,0.1015525832772255,-0.8430984020233154,0.05690085142850876,-0.0711747258901596,0.14775367081165314,-0.01964739396005932,-0.03086040070324257,1.4862525469356227,0.0274090263992548,1.0,1.0,-0.42582640051841736,1.0,0.16926982,0.16926982,0.072079554
299,10.1572,0.2589266300201416,0.09958405047655106,-0.8367985486984253,0.06512659043073654,-0.061463113874197006,0.15080496668815613,-0.01811813196073016,-0.03196587679113986,1.4861028772823601,0.027095401659607887,1.0,1.0,0.11885103583335876,1.0,0.17615572,0.17615572,-0.02093629
300,10.1913,0.2618444561958313,0.09814400225877762,-0.8304855823516846,0.07290477305650711,-0.05104833468794823,0.14792539179325104,-0.0162094818581732,-0.0329339774592757,1.4858936859787344,0.028206810355186462,1.0,1.0,0.747014045715332,1.0,0.15631016,0.15631016,-0.11676588
301,10.2255,0.2650452256202698,0.09724385291337967,-0.8244713544845581,0.08042106032371521,-0.03980695456266403,0.13238410651683807,-0.015048233351384768,-0.03343520102118542,1.4857345621036022,0.030361074954271317,0.8442501425743103,1.0,1.0,1.0,0.12814616,0.15178695,-0.15178695
302,10.2592,0.26949745416641235,0.09687398374080658,-0.8180805444717407,0.08952230215072632,-0.024806277826428413,0.09673360735177994,-0.013860128529478566,-0.03366518162607058,1.4855695792740717,0.03341270610690117,0.4435194134712219,1.0,1.0,1.0,0.07481115,0.16867615,-0.16867615
303,10.2934,0.27342116832733154,0.09720528870820999,-0.8142822980880737,0.09671738743782043,-0.012034036219120026,0.058693405240774155,-0.012949551100591141,-0.03335682502254223,1.4854816949580991,0.03537844866514206,0.0751553326845169,1.0,1.0,1.0,0.013266991,0.1765276,-0.1765276
304,10.3273,0.2776610255241394,0.09810405969619751,-0.8118600845336914,0.10359568893909454,0.0005882658297196031,0.020339643582701683,-0.011082305870903806,-0.032362721083075294,1.4853726385114605,0.03652351722121239,-0.339967280626297,1.0,1.0,1.0,-0.0584336,0.17188007,-0.17188007
305,10.3614,0.28213778138160706,0.09956277906894684,-0.8108360767364502,0.1099405437707901,0.013097877614200115,-0.015117965638637543,-0.008709348196453743,-0.03127942829482052,1.4852859526179785,0.03678474202752113,-0.7952746152877808,1.0,1.0,1.0,-0.12253949,0.1540845,-0.1540845
306,10.3955,0.2868153750896454,0.10157328099012375,-0.8111337423324585,0.1154671162366867,0.025179827585816383,-0.04628942906856537,-0.00582998940042781,-0.0301691730811233,1.485258388900696,0.036289799958467484,-1.0,1.0,1.0,1.0,-0.14433756,0.14433756,-0.14433756
307,10.4296,0.2916235029697418,0.1040574386715889,-0.8125710487365723,0.1198803186416626,0.036806512624025345,-0.07174382358789444,-0.00011111030234880928,-0.028302465685140485,1.48525732363626,0.035381775349378586,-1.0,1.0,1.0,1.0,-0.14433756,0.14433756,-0.14433756
308,10.4636,0.2977237105369568,0.10790538042783737,-0.8157750368118286,0.12322818487882614,0.05066166818141937,-0.09482084959745407,0.005579205970418313,-0.026382825881897744,1.485257856268478,0.03422069177031517,-1.0,1.0,1.0,1.0,-0.14433756,0.14433756,-0.14433756
309,10.4975,0.30255037546157837,0.11151234060525894,-0.819196343421936,0.1238178238272667,0.06130693107843399,-0.10775329172611237,0.010926655548458985,-0.02443183567919773,1.4852635820648217,0.033894721418619156,-1.0,0.5874849557876587,1.0,1.0,-0.16325097,0.09590749,-0.16325097
310,10.5313,0.3072308301925659,0.11554551124572754,-0.8231797218322754,0.12209487706422806,0.07131993770599365,-0.11779363453388214,0.018264096075007123,-0.021413367287809886,1.4853136494933152,0.03455917164683342,-1.0,-0.05193743109703064,1.0,1.0,-0.1766576,-0.009175142,-0.1766576
311,10.5655,0.31165769696235657,0.11996930092573166,-0.8275610208511353,0.11840467154979706,0.08078672736883163,-0.12643979489803314,0.02337199951448167,-0.01891848260851543,1.4853886174780009,0.036417458206415176,-1.0,-0.6963098049163818,1.0,1.0,-0.15859525,-0.110431425,-0.15859525
312,10.5994,0.3193967938423157,0.1298350989818573,-0.8375039100646973,0.10504410415887833,0.09768983721733093,-0.14536960422992706,0.028838942841980134,-0.014866631772473883,1.4855398850279173,0.04330619424581528,-1.0,-1.0,1.0,1.0,-0.14433756,-0.14433756,-0.14433756
313,10.6332,0.3193967938423157,0.1298350989818573,-0.8375039100646973,0.10504410415887833,0.09768983721733093,-0.14536960422992706,0.03190179447740983,-0.010805623199293289,1.4857197815595522,0.04330619424581528,-1.0,-1.0,1.0,1.0,-0.14433756,-0.14433756,-0.14433756
314,10.6672,0.3258741796016693,0.14204983413219452,-0.850039005279541,0.08321761339902878,0.11074435710906982,-0.15597784519195557,0.03493126505305106,-0.003142091861055534,1.4860233819238213,0.054655272513628006,-1.0,-1.0,1.0,1.0,-0.14433756,-0.14433756,-0.14433756
315,10.7013,0.3279135227203369,0.14764678478240967,-0.8558645248413086,0.07203228771686554,0.1133599579334259,-0.15747584402561188,0.03617914743845653,0.0038990418255995655,1.4863351049294151,0.060378298163414,-1.0,-1.0,1.0,1.0,-0.14433756,-0.14433756,-0.14433756
316,10.7353,0.3294004201889038,0.15323956310749054,-0.8617863655090332,0.06026999279856682,0.11372261494398117,-0.15823642909526825,0.03660953091537015,0.009945117360088558,1.4865891704974086,0.06628052890300751,-1.0,-1.0,1.0,1.0,-0.14433756,-0.14433756,-0.14433756
317,10.7694,0.3303663730621338,0.15872430801391602,-0.8677244186401367,0.04827168583869934,0.11175093054771423,-0.15845924615859985,0.036467879873702355,0.017836773152752495,1.4869512272476049,0.07223247736692429,-1.0,-1.0,1.0,1.0,-0.14433756,-0.14433756,-0.14433756
318,10.8035,0.3308378756046295,0.16399046778678894,-0.8736575841903687,0.03613718971610069,0.10779236257076263,-0.15831613540649414,0.03583920740887553,0.023197780925514652,1.4872024964964539,0.07811577618122101,-1.0,-1.0,0.9356522560119629,1.0,-0.14743054,-0.14743054,-0.13794371
319,10.8375,0.3306984305381775,0.1701011210680008,-0.8812092542648315,0.02112208679318428,0.10042839497327805,-0.15779095888137817,0.03502536618569333,0.027121711603961825,1.487390648827468,0.08524128049612045,-1.0,-1.0,0.4502153694629669,1.0,-0.16844687,-0.16844687,-0.07583737
320,10.8718,0.3299838900566101,0.1744629442691803,-0.8872101306915283,0.0093931183218956,0.09294592589139938,-0.15515382587909698,0.033582159659681955,0.031590088116572865,1.4875942474928046,0.0905706062912941,-1.0,-1.0,0.04673096537590027,1.0,-0.17668027,-0.17668027,-0.008256439
321,10.9054,0.3287557363510132,0.17829786241054535,-0.8929872512817383,-0.00197398429736495,0.08463238179683685,-0.1460466980934143,0.03234420171052623,0.03428359051772759,1.4877317997631072,0.09544168412685394,-1.0,-1.0,-0.4154700040817261,1.0,-0.16960889,-0.16960889,0.070467405
322,10.9391,0.3270847797393799,0.18163765966892242,-0.8983047008514404,-0.012750834226608276,0.07551939785480499,-0.12861770391464233,0.030913890709855733,0.03693176508489133,1.4878785399391705,0.09977267682552338,-1.0,-1.0,-0.9378416538238525,1.0,-0.1473255,-0.1473255,0.13816799
323,10.9735,0.32497748732566833,0.18443912267684937,-0.9028071165084839,-0.022876041010022163,0.06616171449422836,-0.10119394212961197,0.030024892167879055,0.03840031533374509,1.4879905258630084,0.10331068187952042,-1.0,-1.0,-1.0,1.0,-0.14433756,-0.14433756,0.14433756
324,11.0079,0.32249149680137634,0.18672917783260345,-0.9061341285705566,-0.032498691231012344,0.05636952072381973,-0.06565124541521072,0.028721295620231284,0.03976402442062299,1.4880943891455214,0.1058521643280983,-1.0,-1.0,-1.0,1.0,-0.14433756,-0.14433756,0.14433756
325,11.0417,0.31889036297798157,0.18885280191898346,-0.908458948135376,-0.04415009543299675,0.04367896914482117,-0.021110225468873978,0.027429188115973682,0.040058224658481884,1.4881756155587689,0.10745527595281601,-1.0,-1.0,-1.0,1.0,-0.14433756,-0.14433756,0.14433756
326,11.0756,0.31564417481422424,0.1899307519197464,-0.9088399410247803,-0.05308852344751358,0.033074986189603806,0.009776088409125805,0.026178553103910263,0.039868503559138166,1.4882244845647719,0.10742904245853424,-1.0,-1.0,-1.0,1.0,-0.14433756,-0.14433756,0.14433756
327,11.1093,0.3121107220649719,0.19046980142593384,-0.9079937934875488,-0.06174400821328163,0.0223075021058321,0.035942718386650085,0.02431314399895886,0.03903054408333393,1.4882938599111684,0.10630688816308975,-1.0,-1.0,-1.0,1.0,-0.14433756,-0.14433756,0.14433756
328,11.1433,0.3083173632621765,0.1904817521572113,-0.9060204029083252,-0.07009948790073395,0.011442039161920547,0.05824998393654823,0.022800027413738308,0.03801835561558968,1.488333407853356,0.10417737811803818,-0.8186349868774414,-1.0,-1.0,1.0,-0.12524529,-0.15299284,0.15299284
329,11.1773,0.3042754530906677,0.18997035920619965,-0.90315842628479,-0.07803386449813843,0.0007331218803301454,0.07691869884729385,0.021508021858616187,0.03696225827937274,1.488383075807686,0.10121112316846848,-0.4783400297164917,-1.0,-1.0,1.0,-0.08010143,-0.1674571,0.1674571
330,11.2113,0.30005425214767456,0.18899928033351898,-0.8996083736419678,-0.08551132678985596,-0.009777813218533993,0.0935332179069519,0.019644362533724754,0.035257344161396045,1.4884388690325232,0.0976230725646019,-0.12757615745067596,-1.0,-1.0,1.0,-0.022461284,-0.17606176,0.17606176
331,11.2453,0.2945932447910309,0.18711283802986145,-0.8943109512329102,-0.09381543844938278,-0.022564275190234184,0.11338427662849426,0.01791182228062769,0.03383475008610297,1.4884986569989955,0.09237734228372574,0.33708474040031433,-1.0,-1.0,1.0,0.057964895,-0.17195942,0.17195942
332,11.2793,0.2900860011577606,0.1851019412279129,-0.8894693851470947,-0.09991946071386337,-0.03250276669859886,0.12789136171340942,0.014986843327069238,0.03217474144141313,1.4885829460474964,0.08771335333585739,0.732718825340271,-1.0,-1.0,1.0,0.11500789,-0.15696047,0.15696047
333,11.3136,0.2854471802711487,0.1826924979686737,-0.8841680288314819,-0.10505212098360062,-0.04228232800960541,0.13990181684494019,0.012031824748652536,0.031047531462307272,1.4886428671720233,0.08279299736022949,1.0,-1.0,-1.0,1.0,0.14433756,-0.14433756,0.14433756
334,11.3472,0.28070059418678284,0.1799406111240387,-0.8785029649734497,-0.10910892486572266,-0.05173705145716667,0.14803917706012726,0.006333245183114672,0.02925114816385936,1.4887276888527423,0.0778125748038292,1.0,-1.0,-1.0,1.0,0.14433756,-0.14433756,0.14433756
335,11.3816,0.2758951485157013,0.17688782513141632,-0.8726203441619873,-0.1116362139582634,-0.06091637536883354,0.1523192673921585,0.0008079463135085653,0.027531232958804955,1.4887950668283212,0.07299116998910904,1.0,-1.0,-1.0,1.0,0.14433756,-0.14433756,0.14433756
336,11.4152,0.27107590436935425,0.1735444962978363,-0.866661787033081,-0.11249587684869766,-0.06978058815002441,0.1548289805650711,-0.004348629970909152,0.025830735943167506,1.4888677711260805,0.06851532310247421,1.0,-1.0,-1.0,1.0,0.14433756,-0.14433756,0.14433756
337,11.4494,0.2651451826095581,0.16894587874412537,-0.8590775728225708,-0.11068066209554672,-0.08018472045660019,0.15716740489006042,-0.011482577942445416,0.02320583698781214,1.4889653759800319,0.0635780394077301,1.0,-1.0,-1.0,1.0,0.14433756,-0.14433756,0.14433756
338,11.4833,0.2606107294559479,0.1649763286113739,-0.8529872894287109,-0.10709208995103836,-0.08786957710981369,0.15858203172683716,-0.01657448993181188,0.021122716544341363,1.4890504639768598,0.06035120040178299,1.0,-1.0,-1.0,1.0,0.14433756,-0.14433756,0.14433756
339,11.5173,0.2563386559486389,0.16079497337341309,-0.8468919992446899,-0.10170558840036392,-0.09506739675998688,0.1597697138786316,-0.020442590975016363,0.0193646848461852,1.4891280951226358,0.057909250259399414,1.0,-1.0,-1.0,1.0,0.14433756,-0.14433756,0.14433756
340,11.5514,0.25239619612693787,0.15642349421977997,-0.8408253192901611,-0.09484463185071945,-0.101642906665802,0.16070930659770966,-0.024903587618575442,0.017024750369252117,1.4892344884081843,0.05632241070270538,1.0,-1.0,-0.7765872478485107,1.0,0.15495142,-0.15495142,0.12033331
341,11.5854,0.24880656599998474,0.15189644694328308,-0.8347580432891846,-0.0867348164319992,-0.10748526453971863,0.16139090061187744,-0.02758756921883314,0.01531101244956993,1.48932423693692,0.05564787983894348,1.0,-0.5143719911575317,-0.29042547941207886,1.0,0.21525143,-0.1107193,0.0625145
342,11.6196,0.24565596878528595,0.14725907146930695,-0.8287355899810791,-0.07768618315458298,-0.11281301826238632,0.1602812558412552,-0.03003028923027567,0.013404054910721391,1.4893800301617572,0.055848442018032074,1.0,0.08268710970878601,0.22163650393486023,1.0,0.24328554,0.020116579,-0.053920954
343,11.6533,0.24236010015010834,0.14132322371006012,-0.8215028047561646,-0.0649772435426712,-0.11913060396909714,0.14959470927715302,-0.03139771425911207,0.012140325676532646,1.4894213091586535,0.05711190402507782,1.0,0.8164482116699219,0.9396960735321045,1.0,0.15656786,0.12782954,-0.1471262
344,11.6869,0.24028119444847107,0.13647446036338806,-0.8163138628005981,-0.05361058935523033,-0.12378019839525223,0.12445849925279617,-0.03340944117942271,0.009346248372632697,1.4894824287056707,0.05855415016412735,1.0,1.0,1.0,1.0,0.14433756,0.14433756,-0.14433756
345,11.7213,0.23872387409210205,0.13152235746383667,-0.8121078014373779,-0.04128292575478554,-0.12788264453411102,0.08808353543281555,-0.03465623125266233,0.005447803937758122,1.489573375656897,0.059884168207645416,1.0,1.0,1.0,1.0,0.14433756,0.14433756,-0.14433756
346,11.7552,0.23767168819904327,0.1265018731355667,-0.8091766834259033,-0.027999980375170708,-0.13078178465366364,0.046994101256132126,-0.034889095561665334,0.0008678977366942343,1.4896841631582443,0.06073400378227234,1.0,1.0,1.0,1.0,0.14433756,0.14433756,-0.14433756
347,11.7895,0.23717756569385529,0.12141444534063339,-0.8076409101486206,-0.014604407362639904,-0.13180680572986603,0.010392440482974052,-0.03378316174295569,-0.0068002075937194486,1.4898651249543151,0.06081494316458702,1.0,1.0,1.0,1.0,0.14433756,0.14433756,-0.14433756
348,11.8238,0.23722447454929352,0.11634428054094315,-0.8073843717575073,-0.0015042874729260802,-0.13074225187301636,-0.020322436466813087,-0.03205949314523995,-0.012909840872024538,1.4899564713797049,0.060124464333057404,1.0,1.0,1.0,1.0,0.14433756,0.14433756,-0.14433756
349,11.8606,0.237979456782341,0.11016465723514557,-0.8085218667984009,0.01422858890146017,-0.12637831270694733,-0.05129788815975189,-0.029388305121187647,-0.019707754090047044,1.4900209198780847,0.05838240310549736,1.0,1.0,1.0,1.0,0.14433756,0.14433756,-0.14433756
350,11.8943,0.2390747219324112,0.10543584078550339,-0.810494065284729,0.026042530313134193,-0.12077932059764862,-0.07099054008722305,-0.027400267851011104,-0.023686953683491767,1.4900086693370704,0.05638474225997925,1.0,1.0,1.0,1.0,0.14433756,0.14433756,-0.14433756
351,11.9282,0.2406069040298462,0.10099019855260849,-0.8131903409957886,0.03707074373960495,-0.11350562423467636,-0.08710715174674988,-0.02454395059990086,-0.028203647844536335,1.4899540745347237,0.05398988723754883,1.0,1.0,1.0,1.0,0.14433756,0.14433756,-0.14433756
352,11.9623,0.2425476461648941,0.09691371023654938,-0.8165009021759033,0.04733934625983238,-0.10505666583776474,-0.10009851306676865,-0.022361230012255724,-0.030901850308896132,1.4898233133252008,0.05128733813762665,1.0,1.0,1.0,1.0,0.14433756,0.14433756,-0.14433756
353,11.9977,0.24484646320343018,0.09329751133918762,-0.8202081918716431,0.057098787277936935,-0.09536275267601013,-0.11052585393190384,-0.02052425639372472,-0.032605441168706194,1.4897083979241639,0.04843403026461601,1.0,1.0,1.0,1.0,0.14433756,0.14433756,-0.14433756
354,12.0315,0.2474704533815384,0.09013675153255463,-0.8242436647415161,0.06597630679607391,-0.08493056893348694,-0.11897610127925873,-0.018067629687964933,-0.0341566680052447,1.4895254387572756,0.04550372064113617,1.0,1.0,1.0,1.0,0.14433756,0.14433756,-0.14433756
355,12.0649,0.25119245052337646,0.08687365055084229,-0.8297020196914673,0.07621034234762192,-0.07114918529987335,-0.12731072306632996,-0.016288385287547905,-0.03474371609447143,1.4893651164596526,0.04179654270410538,1.0,1.0,1.0,1.0,0.14433756,0.14433756,-0.14433756
356,12.0993,0.2580859363079071,0.08322758972644806,-0.8392910957336426,0.0905195027589798,-0.04818113520741463,-0.1365528255701065,-0.014242470036743376,-0.03483201444876977,1.4891580556848991,0.0362166166305542,1.0,1.0,1.0,1.0,0.14433756,0.14433756,-0.14433756
357,12.1333,0.2580859363079071,0.08322758972644806,-0.8392910957336426,0.0905195027589798,-0.04818113520741463,-0.1365528255701065,-0.012932469418911805,-0.03451141978779467,1.489039145542227,0.0362166166305542,1.0,1.0,1.0,1.0,0.14433756,0.14433756,-0.14433756
358,12.1673,0.26576879620552063,0.08146487176418304,-0.8493893146514893,0.10270919650793076,-0.025251254439353943,-0.14237596094608307,-0.01123025903361992,-0.03366342768482141,1.4888925385242182,0.03240584582090378,0.3410828709602356,1.0,1.0,1.0,0.05861482,0.1718492,-0.1718492
359,12.2014,0.2697862982749939,0.08131790161132812,-0.854485034942627,0.1079062670469284,-0.014044789597392082,-0.14435307681560516,-0.010005457724427567,-0.032725597587544605,1.4887906726125226,0.03158164024353027,-0.04663585498929024,1.0,1.0,1.0,-0.008239653,0.17668065,-0.17668065
360,12.2351,0.27488991618156433,0.08174902200698853,-0.8611254692077637,0.11359807103872299,-0.0002483496500644833,-0.15066580474376678,-0.008912903169303666,-0.031772920367190614,1.488718101472818,0.03197871521115303,-0.562541663646698,1.0,1.0,1.0,-0.09240233,0.16425864,-0.16425864
361,12.2694,0.2790367007255554,0.08258896321058273,-0.8666266202926636,0.11752443015575409,0.010594756342470646,-0.15660518407821655,-0.00635588829416415,-0.030459597039780247,1.4886113087131059,0.03353789448738098,-1.0,1.0,1.0,1.0,-0.14433756,0.14433756,-0.14433756
362,12.3029,0.2831145226955414,0.08387730270624161,-0.8722634315490723,0.12044665962457657,0.021062295883893967,-0.16073930263519287,-0.0029035142392764665,-0.029379100570670058,1.4885641707618114,0.03615745157003403,-1.0,1.0,1.0,1.0,-0.14433756,0.14433756,-0.14433756
363,12.3387,0.2871604561805725,0.08559440821409225,-0.8779722452163696,0.12177135050296783,0.031232750043272972,-0.16201001405715942,0.003214785755841689,-0.027711508158657302,1.4885196959716072,0.03967319428920746,-1.0,1.0,1.0,1.0,-0.14433756,0.14433756,-0.14433756
364,12.3724,0.29111120104789734,0.08775774389505386,-0.8836045265197754,0.12126999348402023,0.041050057858228683,-0.16166777908802032,0.008309413181237598,-0.026201716363610145,1.4885354086220386,0.04379232972860336,-1.0,1.0,0.7461147308349609,1.0,-0.15635121,0.15635121,-0.11665594
365,12.4066,0.29494670033454895,0.09026719629764557,-0.8891456127166748,0.11888732761144638,0.05055558308959007,-0.16095273196697235,0.015630140291350885,-0.023760263434280005,1.4885581786493587,0.0483914315700531,-1.0,1.0,0.2999785840511322,1.0,-0.17292915,0.17292915,-0.051875044
366,12.4402,0.2995923161506653,0.09390154480934143,-0.8961057662963867,0.1132233515381813,0.061652202159166336,-0.15638314187526703,0.021002372871988806,-0.02174886108672722,1.4886191650383216,0.054772138595581055,-1.0,1.0,-0.31997624039649963,1.0,-0.17241852,0.17241852,0.055169832
367,12.4744,0.3031019866466522,0.09712255001068115,-0.9013898372650146,0.1068459078669548,0.06973102688789368,-0.14603327214717865,0.02515740559581141,-0.0200774757507557,1.4886754908953768,0.05999087542295456,-1.0,1.0,-0.8746095895767212,1.0,-0.15034778,0.15034778,0.13149561
368,12.5082,0.30634698271751404,0.10056620836257935,-0.9060853719711304,0.09950641542673111,0.07694372534751892,-0.12169046700000763,0.030320120219471152,-0.018051392727693856,1.4887612446824772,0.06489858031272888,-1.0,1.0,-1.0,1.0,-0.14433756,0.14433756,0.14433756
369,12.5424,0.30931150913238525,0.10423153638839722,-0.9097522497177124,0.09136919677257538,0.08356203883886337,-0.08609283715486526,0.03367748002076078,-0.016686275078270654,1.4888154400106604,0.06902740895748138,-1.0,0.6999000310897827,-1.0,1.0,-0.15843552,0.110889025,0.15843552
370,12.5772,0.3119543790817261,0.10811713337898254,-0.9121900796890259,0.0822080448269844,0.089842289686203,-0.048259101808071136,0.03585912286040228,-0.015502863037488416,1.4888870790439834,0.07215384393930435,-1.0,0.23272255063056946,-1.0,1.0,-0.17443068,0.040593952,0.17443068
371,12.6113,0.31421950459480286,0.11219150573015213,-0.9133528470993042,0.07233142852783203,0.09585555642843246,-0.01239700522273779,0.037864920086098285,-0.013654902839163537,1.4890252971045586,0.0742167979478836,-1.0,-0.27128151059150696,-1.0,1.0,-0.17361137,-0.047097556,0.17361137
372,12.6448,0.3164273798465729,0.1175626814365387,-0.9130319356918335,0.0592440590262413,0.10295482724905014,0.02850981242954731,0.03880811603685268,-0.01167720716445437,1.4891671104326054,0.07531667500734329,-1.0,-0.9313844442367554,-1.0,1.0,-0.14763525,-0.13750517,0.14763525
373,12.6784,0.31769904494285583,0.12201535701751709,-0.9114574193954468,0.04809172451496124,0.10793255269527435,0.05608118325471878,0.03936366808500002,-0.00796594914455009,1.4894169149428549,0.07515615969896317,-1.0,-1.0,-1.0,1.0,-0.14433756,-0.14433756,0.14433756
374,12.7126,0.3185010254383087,0.1265890896320343,-0.9089362621307373,0.03648101165890694,0.11198389530181885,0.07602367550134659,0.03923365172834451,-0.004103191328356903,1.4896554010184713,0.0743161216378212,-1.0,-1.0,-1.0,1.0,-0.14433756,-0.14433756,0.14433756
375,12.7464,0.31884443759918213,0.13122881948947906,-0.905727744102478,0.024709541350603104,0.11466579139232635,0.09148591011762619,0.038169223691342666,0.0030494601483506624,1.4900314393643905,0.07307792454957962,-1.0,-1.0,-1.0,1.0,-0.14433756,-0.14433756,0.14433756
376,12.7806,0.3187254071235657,0.13585862517356873,-0.9019860029220581,0.01276511512696743,0.11559724062681198,0.10417017340660095,0.03681451941790059,0.009213524122103174,1.490349420798546,0.07160891592502594,-1.0,-1.0,-1.0,1.0,-0.14433756,-0.14433756,0.14433756
377,12.8144,0.31816139817237854,0.1404423713684082,-0.8978284597396851,0.0010850430699065328,0.11460436135530472,0.11474506556987762,0.035362705472022304,0.0144476915658692,1.49062212849417,0.07005945593118668,-1.0,-1.0,-1.0,1.0,-0.14433756,-0.14433756,0.14433756
378,12.8483,0.3168862462043762,0.14595293998718262,-0.8921841382980347,-0.013090496882796288,0.11065710335969925,0.12542596459388733,0.03303647587173012,0.021160872568740555,1.490969537858371,0.06815806776285172,-1.0,-1.0,-1.0,1.0,-0.14433756,-0.14433756,0.14433756
379,12.8828,0.31545597314834595,0.15009135007858276,-0.8873389959335327,-0.023879850283265114,0.10542618483304977,0.13253569602966309,0.03109087440904831,0.025691689805940946,1.4912026976118073,0.06671296060085297,-1.0,-1.0,-1.0,1.0,-0.14433756,-0.14433756,0.14433756
380,12.9174,0.31369805335998535,0.15390174090862274,-0.8822181224822998,-0.03417143225669861,0.09869125485420227,0.1384754329919815,0.029390918348007285,0.028987110305940218,1.4913752704504446,0.06535335630178452,-1.0,-1.0,-1.0,1.0,-0.14433756,-0.14433756,0.14433756
381,12.9513,0.31161922216415405,0.1573343276977539,-0.8769035339355469,-0.04399310052394867,0.09064596891403198,0.14335279166698456,0.026994747479586897,0.03263679780994728,1.4915795349060537,0.06412383913993835,-1.0,-1.0,-1.0,1.0,-0.14433756,-0.14433756,0.14433756
382,12.9855,0.3091956079006195,0.1603439897298813,-0.8713585138320923,-0.053255654871463776,0.08153311163187027,0.14756789803504944,0.025170646499856147,0.03472082123147516,1.491714157699157,0.06298962235450745,-0.8821731805801392,-1.0,-1.0,1.0,-0.13231522,-0.1499878,0.1499878
383,13.0191,0.30642053484916687,0.1629153937101364,-0.8656207323074341,-0.06208223104476929,0.0716286152601242,0.15098707377910614,0.022978875325693943,0.036386158278939755,1.491865558407128,0.061992425471544266,-0.5345498323440552,-1.0,-1.0,1.0,-0.08839231,-0.16535841,0.16535841
384,13.0532,0.30248501896858215,0.16549108922481537,-0.858383297920227,-0.07239221036434174,0.05837799608707428,0.1550132781267166,0.021490911048612428,0.0369919192360135,1.491945586397885,0.061050619930028915,-0.09457597136497498,-1.0,-1.0,1.0,-0.016681569,-0.17638272,0.17638272
385,13.0875,0.2990574836730957,0.16701240837574005,-0.852459192276001,-0.0799923688173294,0.04762249067425728,0.15937469899654388,0.019217884332878386,0.037349053299382325,1.4920715539174458,0.06056392192840576,0.2807273864746094,-1.0,-1.0,1.0,0.04867631,-0.1733935,0.1733935
386,13.1245,0.29543888568878174,0.1680518537759781,-0.8463883399963379,-0.086879201233387,0.03663908317685127,0.16477514803409576,0.016702760669596625,0.037337680769289845,1.4921473208504585,0.060374047607183456,0.6642842888832092,-1.0,-0.7596235275268555,1.0,0.11689635,-0.17597339,0.13367352
387,13.1584,0.2916620671749115,0.16863304376602173,-0.8402078151702881,-0.0929868146777153,0.025452688336372375,0.17035089433193207,0.012296115398815777,0.037021134945409505,1.4922374688533577,0.06056185066699982,1.0,-1.0,-0.4640473425388336,1.0,0.1679654,-0.1679654,0.0779439
388,13.1924,0.2877727448940277,0.16873863339424133,-0.8338338136672974,-0.09805765748023987,0.014203408733010292,0.1719895452260971,0.008229004441668618,0.03654151627784305,1.4922924631298677,0.06117751821875572,1.0,-1.0,-0.11101824045181274,1.0,0.1762345,-0.1762345,0.019565245
389,13.2264,0.2838028371334076,0.16836173832416534,-0.8274562358856201,-0.10198768973350525,0.002744664205238223,0.1671801656484604,0.0011383215246129964,0.03543367039269451,1.4923832769230396,0.062222640961408615,1.0,-1.0,0.3065067231655121,1.0,0.17276558,-0.17276558,-0.052953813
390,13.2603,0.2787836194038391,0.16716575622558594,-0.8198051452636719,-0.10422834753990173,-0.012126140296459198,0.14880762994289398,-0.005182605628199921,0.034220912605353655,1.4924357411965141,0.0639573410153389,1.0,-1.0,0.9360039234161377,1.0,0.14741367,-0.14741367,-0.13797978
391,13.2944,0.2747877836227417,0.16568312048912048,-0.8143272399902344,-0.1036621555685997,-0.02405955269932747,0.12653212249279022,-0.010675449757745358,0.03302230494189846,1.4925043175945836,0.06547202914953232,1.0,-1.0,1.0,1.0,0.14433756,-0.14433756,-0.14433756
392,13.3288,0.27087870240211487,0.1637856662273407,-0.8097528219223022,-0.10097219049930573,-0.03605617955327034,0.0915881097316742,-0.017716610492130278,0.030970582751560793,1.492595797178028,0.06681656092405319,1.0,-1.0,1.0,1.0,0.14433756,-0.14433756,-0.14433756
393,13.363,0.2671290934085846,0.16143959760665894,-0.8064296245574951,-0.09606821835041046,-0.047929152846336365,0.051747433841228485,-0.022243214525262383,0.029010535720559904,1.4926554519864457,0.06758970022201538,1.0,-1.0,1.0,1.0,0.14433756,-0.14433756,-0.14433756
394,13.3975,0.26059210300445557,0.15553933382034302,-0.8036596775054932,-0.08057290315628052,-0.06979728490114212,-0.015450484119355679,-0.026436222261753833,0.02624448714683574,1.4927591821109043,0.06676169484853745,1.0,-1.0,1.0,1.0,0.14433756,-0.14433756,-0.14433756
395,13.4314,0.26059210300445557,0.15553933382034302,-0.8036596775054932,-0.08057290315628052,-0.06979728490114212,-0.015450484119355679,-0.028521995463341682,0.02426466614474101,1.4928269595606467,0.06676169484853745,1.0,-1.0,1.0,1.0,0.14433756,-0.14433756,-0.14433756
396,13.4656,0.2573734223842621,0.15114785730838776,-0.8043332099914551,-0.06871316581964493,-0.08157023787498474,-0.04682474955916405,-0.03015171273122647,0.022062527367678914,1.4929023270194959,0.06451625376939774,1.0,-0.6289058923721313,1.0,1.0,0.16152504,-0.101584055,-0.16152504
397,13.4994,0.25367334485054016,0.14310435950756073,-0.8083127737045288,-0.04801109805703163,-0.09777756780385971,-0.08360007405281067,-0.03125950452091537,0.019464418148414063,1.4929651776212218,0.05857449769973755,1.0,0.5395587086677551,1.0,1.0,0.16516414,0.08911575,-0.16516414
398,13.5333,0.25367334485054016,0.14310435950756073,-0.8083127737045288,-0.04801109805703163,-0.09777756780385971,-0.08360007405281067,-0.0315592599463606,0.017665696261633928,1.493018574001078,0.05857449769973755,1.0,0.5588326454162598,1.0,1.0,0.16440631,0.09187561,-0.16440631
399,13.5673,0.25187334418296814,0.13404348492622375,-0.8149713277816772,-0.02616443857550621,-0.11112534254789352,-0.11363276839256287,-0.03156820442255298,0.01405014611355302,1.4930573229949387,0.05041000619530678,1.0,1.0,1.0,1.0,0.14433756,0.14433756,-0.14433756
400,13.6013,0.2517811357975006,0.129228413105011,-0.819083571434021,-0.015148943290114403,-0.11637192219495773,-0.12576471269130707,-0.031156600392513625,0.00925060135820142,1.4931450741528567,0.04570002108812332,1.0,1.0,1.0,1.0,0.14433756,0.14433756,-0.14433756
401,13.6351,0.25248220562934875,0.12309489399194717,-0.8248647451400757,-0.001362016424536705,-0.12031994014978409,-0.13584525883197784,-0.030534981143386302,0.004058575057719669,1.4932274989885947,0.03942962735891342,1.0,1.0,1.0,1.0,0.14433756,0.14433756,-0.14433756
402,13.6687,0.25364479422569275,0.11819154024124146,-0.8298176527023315,0.009517824277281761,-0.12100386619567871,-0.1408139020204544,-0.029104187444768222,-0.0038981812396574685,1.4933397512285416,0.034420501440763474,1.0,1.0,1.0,1.0,0.14433756,0.14433756,-0.14433756
403,13.7029,0.255275696516037,0.11342014372348785,-0.8348851203918457,0.02014244720339775,-0.1194712296128273,-0.144133061170578,-0.027551585335198043,-0.010214469056620252,1.4933754375871486,0.029791444540023804,1.0,1.0,1.0,1.0,0.14433756,0.14433756,-0.14433756
404,13.7374,0.25735440850257874,0.10888359695672989,-0.8399742841720581,0.03052178956568241,-0.11580357700586319,-0.14655007421970367,-0.02602806785756397,-0.015333456863834954,1.4933938133986702,0.025873003527522087,1.0,1.0,1.0,1.0,0.14433756,0.14433756,-0.14433756
405,13.7714,0.2598456144332886,0.1046733558177948,-0.8451546430587769,0.040393806993961334,-0.11023914068937302,-0.1482454389333725,-0.023762847532775223,-0.02159289139301105,1.493362388097807,0.02304074540734291,1.0,1.0,1.0,1.0,0.14433756,0.14433756,-0.14433756
406,13.8056,0.2626948654651642,0.10084765404462814,-0.8503845930099487,0.04975099116563797,-0.10313495993614197,-0.1495620757341385,-0.0219449300802005,-0.02558136419659521,1.4932818274748323,0.021760594099760056,1.0,1.0,1.0,1.0,0.14433756,0.14433756,-0.14433756
407,13.8394,0.2666967809200287,0.09663450717926025,-0.8570228815078735,0.06076682358980179,-0.0924956351518631,-0.1506706029176712,-0.01972078485403702,-0.029346996995966993,1.493133223086006,0.0227232463657856,0.6700147390365601,1.0,1.0,1.0,0.10703778,0.15975437,-0.15975437
408,13.8738,0.27027881145477295,0.09384309500455856,-0.8622647523880005,0.06916987150907516,-0.08287962526082993,-0.15143604576587677,-0.018227300759477396,-0.03126507011147471,1.4930272292746207,0.025161491706967354,0.2718518078327179,1.0,1.0,1.0,0.047193043,0.17359841,-0.17359841
409,13.908,0.2741747498512268,0.09162472933530807,-0.8674581050872803,0.07701999694108963,-0.07236679643392563,-0.15393228828907013,-0.016041417668037787,-0.0331109965285765,1.4928702359283605,0.02860724739730358,-0.15108199417591095,1.0,1.0,1.0,-0.026556661,0.17577648,-0.17577648
410,13.9415,0.278387188911438,0.09000888466835022,-0.8726949691772461,0.08425182849168777,-0.06109302118420601,-0.15826469659805298,-0.013810808034447059,-0.03408786482236358,1.492736944715802,0.032772816717624664,-0.6035538911819458,1.0,0.8538882732391357,1.0,-0.10428689,0.17278802,-0.14754167
411,13.9755,0.2828930914402008,0.0890309065580368,-0.8780921697616577,0.0908007025718689,-0.049247417598962784,-0.16268886625766754,-0.011249911289929563,-0.03464535390408504,1.4926482614515024,0.03754507750272751,-1.0,1.0,0.5569806098937988,1.0,-0.16447982,0.16447982,-0.09161207
412,14.0093,0.28767186403274536,0.08869147300720215,-0.8836137056350708,0.09642209112644196,-0.037122029811143875,-0.16412214934825897,-0.006161707440291845,-0.03489445309276452,1.4925228265641597,0.04279668256640434,-1.0,1.0,0.20991870760917664,1.0,-0.17486084,0.17486084,-0.03670656
413,14.0435,0.29393965005874634,0.08910678327083588,-0.8904589414596558,0.10157143324613571,-0.021805325523018837,-0.15749362111091614,-0.000628400687156993,-0.03452344770518666,1.4924236238135542,0.04976619407534599,-1.0,1.0,-0.32427844405174255,1.0,-0.17230497,0.17230497,0.05587479
414,14.0774,0.29909420013427734,0.09004758298397064,-0.8956090211868286,0.10352016985416412,-0.009819422848522663,-0.14340977370738983,0.004979919303596175,-0.03383595683097191,1.492366499008172,0.05537092313170433,-1.0,1.0,-0.835482120513916,1.0,-0.15220068,0.15220068,0.12716095
415,14.1111,0.3042600154876709,0.09141258150339127,-0.9001624584197998,0.103523388504982,0.0016933272127062082,-0.11993256956338882,0.013360329134573653,-0.03243065041622373,1.4923390684489442,0.06069524958729744,-1.0,1.0,-1.0,1.0,-0.14433756,0.14433756,0.14433756
416,14.1478,0.3094160556793213,0.09320744127035141,-0.903740644454956,0.10152094066143036,0.012595159001648426,-0.08529748022556305,0.021060845902672858,-0.03064759332619922,1.4923250868532214,0.06536981463432312,-1.0,1.0,-1.0,1.0,-0.14433756,0.14433756,0.14433756
417,14.1813,0.3144923150539398,0.09540124982595444,-0.9060379266738892,0.09790142625570297,0.02310747280716896,-0.04792948067188263,0.026088338521983827,-0.028916282704511718,1.4923699611175891,0.06911587715148926,-1.0,1.0,-1.0,1.0,-0.14433756,0.14433756,0.14433756
418,14.2158,0.31941765546798706,0.09798050671815872,-0.907025933265686,0.09275734424591064,0.03346766158938408,-0.013594147749245167,0.029583889336118746,-0.02726067659799892,1.4924160338044474,0.07191690802574158,-1.0,1.0,-1.0,1.0,-0.14433756,0.14433756,0.14433756
419,14.2492,0.325236439704895,0.10171033442020416,-0.9067378044128418,0.08460533618927002,0.045822177082300186,0.022379372268915176,0.03335197099533664,-0.024798507188220402,1.4924935317921688,0.07438085228204727,-1.0,1.0,-1.0,1.0,-0.14433756,0.14433756,0.14433756
420,14.2834,0.3294920027256012,0.10507974028587341,-0.9053568840026855,0.07665113359689713,0.05526838079094887,0.046404678374528885,0.03539145512822755,-0.022824678298578354,1.492585544007831,0.07557597011327744,-1.0,0.8373751640319824,-1.0,1.0,-0.15211144,0.12737434,0.15211144
421,14.3174,0.33338662981987,0.1087666004896164,-0.9030483961105347,0.06803000718355179,0.06419288367033005,0.06660427898168564,0.03706397854944615,-0.020428763343293965,1.4927037883602305,0.07622619718313217,-1.0,0.3967653214931488,-1.0,1.0,-0.17020503,0.06753145,0.17020503
422,14.3518,0.33686912059783936,0.1127023696899414,-0.8999403715133667,0.058755602687597275,0.07259707897901535,0.08450565487146378,0.03768609298008867,-0.018757519487755357,1.4927973984725469,0.07647020369768143,-1.0,-0.08898833394050598,-1.0,1.0,-0.17642777,-0.015700012,0.17642777
423,14.3866,0.3399292528629303,0.11681356281042099,-0.8962315320968628,0.049134284257888794,0.08052759617567062,0.10117945820093155,0.038101733363655174,-0.01610177467713361,1.492966775517876,0.07650585472583771,-1.0,-0.6074212789535522,-1.0,1.0,-0.16242807,-0.098662265,0.16242807
424,14.4207,0.34255632758140564,0.12108521908521652,-0.8919434547424316,0.03921952471137047,0.0876886248588562,0.1172657385468483,0.03817334326865388,-0.01310045662704696,1.493141212569276,0.07640063017606735,-1.0,-1.0,-1.0,1.0,-0.14433756,-0.14433756,0.14433756
425,14.4549,0.34523114562034607,0.1266632080078125,-0.8858444690704346,0.026470020413398743,0.09532616287469864,0.1336408406496048,0.03799310968069357,-0.009581949572375018,1.4933394849124324,0.07623613625764847,-1.0,-1.0,-1.0,1.0,-0.14433756,-0.14433756,0.14433756
426,14.4893,0.3468894958496094,0.1313001662492752,-0.8806606531143188,0.016049949452280998,0.1003003939986229,0.14077727496623993,0.037148821036111196,-0.002970556458901634,1.4936832990091617,0.07632137835025787,-1.0,-1.0,-1.0,1.0,-0.14433756,-0.14433756,0.14433756
427,14.5235,0.3481667935848236,0.13603591918945312,-0.8753657341003418,0.005586673505604267,0.10351638495922089,0.14517831802368164,0.035903019245307345,0.0032553877792694135,1.4939976851758456,0.07673861086368561,-1.0,-1.0,-1.0,1.0,-0.14433756,-0.14433756,0.14433756
428,14.5573,0.3490673899650574,0.14084424078464508,-0.870023250579834,-0.004849831573665142,0.10477703809738159,0.14852531254291534,0.03387943501636205,0.011043200055068975,1.494379848792272,0.07751686871051788,-1.0,-1.0,-1.0,1.0,-0.14433756,-0.14433756,0.14433756
429,14.5911,0.34956982731819153,0.14565864205360413,-0.864611029624939,-0.0148871885612607,0.10416119545698166,0.15121828019618988,0.032330124407451644,0.016062640773271658,1.4946092801201822,0.07860107719898224,-1.0,-1.0,-1.0,1.0,-0.14433756,-0.14433756,0.14433756
430,14.6248,0.34964507818222046,0.15036042034626007,-0.8591862916946411,-0.02464437671005726,0.10158742964267731,0.15345020592212677,0.030514930453210447,0.02117451918873261,1.4948786588644438,0.07990993559360504,-1.0,-1.0,-1.0,1.0,-0.14433756,-0.14433756,0.14433756
431,14.6586,0.3491498529911041,0.155928835272789,-0.8523648977279663,-0.036300886422395706,0.09570194780826569,0.15559574961662292,0.028252683298107418,0.026370935283749463,1.495121539155859,0.08173981308937073,-1.0,-1.0,-0.6534864902496338,1.0,-0.16047269,-0.16047269,0.104866736
432,14.6925,0.3482418954372406,0.1600271463394165,-0.8469723463058472,-0.04531722888350487,0.08940942585468292,0.15702861547470093,0.026706560160126697,0.02928523038402857,1.4952774672376832,0.08322294056415558,-1.0,-1.0,-0.3482959568500519,1.0,-0.17164768,-0.17164768,0.059784193
433,14.7263,0.34691113233566284,0.16373232007026672,-0.8417178392410278,-0.05405360087752342,0.08183983713388443,0.1554098129272461,0.024683263053236426,0.0324867120377645,1.495461624827062,0.0846463143825531,-1.0,-1.0,-0.04987442493438721,1.0,-0.17666687,-0.17666687,0.008811158
434,14.7604,0.3451785445213318,0.16703401505947113,-0.8367553949356079,-0.06235663965344429,0.07317797094583511,0.14850300550460815,0.023304937789282113,0.034464317206608495,1.4955826654986062,0.08594736456871033,-1.0,-1.0,0.2606256306171417,1.0,-0.17384914,-0.17384914,-0.04530954
435,14.7945,0.34308624267578125,0.16993489861488342,-0.8321938514709473,-0.07039809226989746,0.06337617337703705,0.1348375827074051,0.022326161590245343,0.035853297195517726,1.4956813356169936,0.08707316964864731,-1.0,-1.0,0.5782742500305176,1.0,-0.16362599,-0.16362599,-0.09462069
436,14.8283,0.340616911649704,0.17239698767662048,-0.8282546997070312,-0.07835890352725983,0.05263926461338997,0.11416628956794739,0.021119029730707287,0.037281234237747776,1.4958051726076824,0.08786940574645996,-1.0,-1.0,0.8970921039581299,1.0,-0.14927636,-0.14927636,-0.13391465
437,14.8622,0.3369913399219513,0.17479181289672852,-0.8245182037353516,-0.0881052315235138,0.03827522695064545,0.07944544404745102,0.020250664445394917,0.03785207033383865,1.4958792084859867,0.0881500095129013,-1.0,-1.0,1.0,1.0,-0.14433756,-0.14433756,-0.14433756
438,14.8974,0.3336852490901947,0.17612996697425842,-0.8227441310882568,-0.09564753621816635,0.02621321752667427,0.04833376780152321,0.01939758112743148,0.037913888960642114,1.4959302080208616,0.08762887120246887,-1.0,-1.0,1.0,1.0,-0.14433756,-0.14433756,-0.14433756
439,14.9311,0.33005446195602417,0.1769416332244873,-0.8221327066421509,-0.10302060842514038,0.013997898437082767,0.01626504398882389,0.01798786801331706,0.037212770191786725,1.4960128991727086,0.08636264503002167,-1.0,-1.0,1.0,1.0,-0.14433756,-0.14433756,-0.14433756
440,14.9654,0.3218121826648712,0.17690032720565796,-0.8245311975479126,-0.11626087874174118,-0.010021908208727837,-0.038959115743637085,0.016347928784154492,0.03571251584239341,1.49609306032152,0.08139543980360031,-1.0,-1.0,1.0,1.0,-0.14433756,-0.14433756,-0.14433756
441,14.9992,0.3172852694988251,0.1760602444410324,-0.8272495269775391,-0.12208312004804611,-0.02130691520869732,-0.060243409126996994,0.014982125578810054,0.034147644466457454,1.4961501851269021,0.07787550240755081,-1.0,-1.0,1.0,1.0,-0.14433756,-0.14433756,-0.14433756
442,15.0336,0.3172852694988251,0.1760602444410324,-0.8272495269775391,-0.12208312004804611,-0.02130691520869732,-0.060243409126996994,0.01381776450249759,0.03267109225076585,1.4962057120356302,0.07787550240755081,-0.943210780620575,-1.0,1.0,1.0,-0.13871595,-0.14706783,-0.14706783
443,15.0673,0.30652356147766113,0.17223164439201355,-0.8357568979263306,-0.13297490775585175,-0.0450478158891201,-0.09519513696432114,0.012264108571761688,0.030425204811015395,1.4962744215917543,0.06840456277132034,-0.1235089898109436,-1.0,1.0,1.0,-0.02175072,-0.17610638,-0.17610638
444,15.1013,0.3016176223754883,0.16972994804382324,-0.8403646945953369,-0.13682875037193298,-0.054794687777757645,-0.1069185882806778,0.011107935675503918,0.028613210811271498,1.4963445958864778,0.06388012319803238,0.26602983474731445,-1.0,1.0,1.0,0.046217263,-0.17372963,-0.17372963
445,15.1355,0.2966271936893463,0.16675126552581787,-0.845307469367981,-0.1403583586215973,-0.06398680806159973,-0.11993914842605591,0.009959159293054921,0.027117244567352136,1.4964123733362205,0.05938701704144478,0.6718555092811584,-1.0,1.0,1.0,0.107277766,-0.15967385,-0.15967385
446,15.1698,0.2916019558906555,0.1634211242198944,-0.8506859540939331,-0.1431601494550705,-0.07266099005937576,-0.13174641132354736,0.0069121675101247605,0.025203969302995764,1.4964938660655769,0.055263105779886246,1.0,-1.0,1.0,1.0,0.14433756,-0.14433756,-0.14433756
447,15.2034,0.2865559160709381,0.15977641940116882,-0.8564544916152954,-0.14488466084003448,-0.08096680790185928,-0.1406523883342743,0.0028952217694173674,0.023803236035181953,1.496564706150573,0.05183928459882736,1.0,-1.0,0.7907700538635254,1.0,0.15429403,-0.15429403,-0.122011095
448,15.2369,0.28031212091445923,0.15485307574272156,-0.8640069961547852,-0.14487923681735992,-0.09058304131031036,-0.14641623198986053,-0.0015246961344758923,0.022503505232304002,1.4966307525456068,0.04908574000000954,1.0,-1.0,0.327985018491745,1.0,0.1722061,-0.1722061,-0.056481022
449,15.2709,0.27545738220214844,0.15065400302410126,-0.8701121807098389,-0.14270402491092682,-0.09771450608968735,-0.14506782591342926,-0.00868476597123555,0.020371842436182726,1.4967354147764471,0.04836922138929367,1.0,-0.7805477380752563,-0.1346127688884735,1.0,0.19597295,-0.15296625,0.02638046
450,15.3046,0.2707401514053345,0.14625263214111328,-0.8760616779327393,-0.13878601789474487,-0.10426919907331467,-0.13558444380760193,-0.014580153661478919,0.018621723239296537,1.496823432250474,0.04898083955049515,1.0,-0.04354068636894226,-0.7071609497070312,1.0,0.20399007,-0.008881868,0.14425382
451,15.3382,0.26626574993133545,0.14170442521572113,-0.8816077709197998,-0.13296499848365784,-0.11008270829916,-0.11564894020557404,-0.021586179394826207,0.016657967548418254,1.4969248986880062,0.05066164582967758,1.0,0.6639612913131714,-1.0,1.0,0.16001841,0.10624603,0.16001841
452,15.3727,0.2621031403541565,0.13708993792533875,-0.8862622976303101,-0.1257876604795456,-0.11520376801490784,-0.08193383365869522,-0.026049150522662233,0.015046151716485844,1.497001198253237,0.052807074040174484,1.0,1.0,-1.0,1.0,0.14433756,0.14433756,0.14433756
453,15.4065,0.25828817486763,0.13242816925048828,-0.8896394968032837,-0.11727289110422134,-0.11962411552667618,-0.04347507655620575,-0.03130915583048853,0.010794315167633461,1.497168977401912,0.054770808666944504,1.0,1.0,-1.0,1.0,0.14433756,0.14433756,0.14433756
454,15.4404,0.2540351152420044,0.12654773890972137,-0.892058253288269,-0.10472404956817627,-0.12375476211309433,-0.001987062394618988,-0.03404668569400823,0.0053756655617306,1.497368980799777,0.05655645206570625,1.0,1.0,-1.0,1.0,0.14433756,0.14433756,0.14433756
455,15.4761,0.2511681318283081,0.12184888124465942,-0.8926985263824463,-0.0935816615819931,-0.12528462707996368,0.02506590634584427,-0.03547663883240725,-0.00016281194037400296,1.4975480783830848,0.05732929706573486,1.0,1.0,-1.0,1.0,0.14433756,0.14433756,0.14433756
456,15.5105,0.24881748855113983,0.11716800183057785,-0.8922604322433472,-0.08163189142942429,-0.12487365305423737,0.04803440719842911,-0.03622112967632811,-0.00834100440952001,1.497792023938936,0.05745647847652435,1.0,1.0,-1.0,1.0,0.14433756,0.14433756,0.14433756
457,15.5443,0.24700210988521576,0.11262031644582748,-0.8908987045288086,-0.06927014887332916,-0.12252924591302872,0.06768930703401566,-0.036081438554775046,-0.014487856404356259,1.4979454220177246,0.0570148341357708,1.0,1.0,-1.0,1.0,0.14433756,0.14433756,0.14433756
458,15.5787,0.24576525390148163,0.1082867905497551,-0.8887523412704468,-0.05654456093907356,-0.11816947907209396,0.08434981107711792,-0.03520840025398743,-0.0211655455842158,1.498076316385302,0.056049227714538574,1.0,1.0,-1.0,1.0,0.14433756,0.14433756,0.14433756
459,15.6124,0.24505974352359772,0.10423549264669418,-0.88593590259552,-0.04380844905972481,-0.11213408410549164,0.09853359311819077,-0.03427369729039687,-0.025066161119557173,1.49809429272266,0.0546431690454483,1.0,1.0,-1.0,1.0,0.14433756,0.14433756,0.14433756
460,15.6463,0.244873508810997,0.0997026115655899,-0.8817071914672852,-0.0279755387455225,-0.10237934440374374,0.11305780708789825,-0.03263121349403652,-0.029478511380735675,1.4980759169111384,0.05241796001791954,1.0,1.0,-1.0,1.0,0.14433756,0.14433756,0.14433756
461,15.6803,0.24522565305233002,0.09650500863790512,-0.8778778314590454,-0.015783609822392464,-0.09334079176187515,0.12273506075143814,-0.03111796167016686,-0.03208221739947889,1.4979853694340757,0.05035466328263283,1.0,1.0,-1.0,1.0,0.14433756,0.14433756,0.14433756
462,15.7143,0.24603182077407837,0.09375666081905365,-0.873694896697998,-0.004028733354061842,-0.08334729075431824,0.13071700930595398,-0.029706344811991952,-0.03372623251346604,1.4979082709205178,0.04802994802594185,1.0,1.0,-1.0,1.0,0.14433756,0.14433756,0.14433756
463,15.7485,0.247239351272583,0.0914134532213211,-0.8691686391830444,0.007420357316732407,-0.07263034582138062,0.13761739432811737,-0.02761792717466544,-0.03520625724154776,1.497725178595575,0.04550696536898613,1.0,1.0,-1.0,1.0,0.14433756,0.14433756,0.14433756
464,15.7824,0.24878612160682678,0.0894937813282013,-0.8644701242446899,0.01831096038222313,-0.061499614268541336,0.143232524394989,-0.025928744432471625,-0.03574050816216367,1.4975639241915706,0.042939167469739914,1.0,1.0,-1.0,1.0,0.14433756,0.14433756,0.14433756
465,15.8176,0.2507084310054779,0.0880199670791626,-0.8596701622009277,0.028755944222211838,-0.05009108781814575,0.1477620154619217,-0.02445558358598067,-0.03582090649875964,1.4973996071523128,0.040339816361665726,1.0,1.0,-1.0,1.0,0.14433756,0.14433756,0.14433756
466,15.8512,0.25363487005233765,0.08684094250202179,-0.8535016775131226,0.04114191234111786,-0.03567318618297577,0.15225134789943695,-0.022411971553400137,-0.03538406485620258,1.4971953426967037,0.03708362206816673,1.0,1.0,-1.0,1.0,0.14433756,0.14433756,0.14433756
467,15.8858,0.2563677132129669,0.08640333265066147,-0.8484359979629517,0.050430189818143845,-0.024225518107414246,0.1551787406206131,-0.020412848875186143,-0.034447999103147955,1.4969854856028055,0.034616559743881226,1.0,1.0,-0.7390143871307373,1.0,0.15667464,0.15667464,0.11578481
468,15.9193,0.25950318574905396,0.08640719950199127,-0.8432685136795044,0.0594666488468647,-0.012801816686987877,0.15774017572402954,-0.01890252652851557,-0.03343365097820721,1.4968302233112538,0.03240107372403145,1.0,1.0,-0.2624301612377167,1.0,0.17380948,0.17380948,0.04561285
469,15.9562,0.26293331384658813,0.08680232614278793,-0.8380005359649658,0.0678267627954483,-0.0016118690837174654,0.1577853113412857,-0.017635440254937105,-0.03240793032317399,1.4966876110348801,0.030772048979997635,1.0,1.0,0.26064154505729675,1.0,0.1738488,0.1738488,-0.045312215
470,15.9903,0.26667511463165283,0.08761776238679886,-0.8328841924667358,0.07597621530294418,0.009408192709088326,0.14982400834560394,-0.016080119848519904,-0.031009200667961544,1.496552588767613,0.02985125221312046,0.7868360877037048,1.0,0.875920295715332,1.0,0.12733784,0.16183528,-0.1417548
471,16.0244,0.2706439793109894,0.08887635171413422,-0.8282743692398071,0.08364074677228928,0.020559905096888542,0.1291586458683014,-0.0151401103283979,-0.030007011537872694,1.4964599107616783,0.02957804687321186,0.43362241983413696,1.0,1.0,1.0,0.07328671,0.16901045,-0.16901045
472,16.0583,0.2759573757648468,0.0910787284374237,-0.8238459825515747,0.09311503916978836,0.03450985997915268,0.08835957944393158,-0.013978832693285044,-0.028734605183897876,1.4963645695946535,0.029554888606071472,-0.06773547828197479,1.0,1.0,1.0,-0.0119603425,0.17657427,-0.17657427
473,16.0923,0.28042080998420715,0.09332256019115448,-0.8217883110046387,0.1002369299530983,0.0456543043255806,0.0477721281349659,-0.012731150044961326,-0.02770517898987916,1.496312371637288,0.02927023358643055,-0.5133739709854126,1.0,1.0,1.0,-0.085305795,0.16616696,-0.16616696
474,16.1272,0.2850315272808075,0.09595805406570435,-0.8211891651153564,0.10695675760507584,0.05637485533952713,0.008449298329651356,-0.009654400037592784,-0.025999418069899603,1.496252184196652,0.028515344485640526,-0.9959761500358582,1.0,1.0,1.0,-0.14394958,0.14453116,-0.14453116
475,16.1614,0.2897256910800934,0.09895864874124527,-0.8219869136810303,0.11268384754657745,0.06657833606004715,-0.026182806119322777,-0.005781478256696336,-0.024518710906788557,1.4962270173243508,0.027390753850340843,-1.0,1.0,1.0,1.0,-0.14433756,0.14433756,-0.14433756
476,16.1954,0.29448971152305603,0.102293960750103,-0.8240180015563965,0.11696132272481918,0.07628478854894638,-0.05415419861674309,-0.0013465458718976157,-0.023027862925589188,1.4962039809809218,0.026288948953151703,-1.0,1.0,1.0,1.0,-0.14433756,0.14433756,-0.14433756
477,16.2293,0.2993091940879822,0.10592726618051529,-0.8269945383071899,0.1197156012058258,0.08528285473585129,-0.07486516982316971,0.006203840521272041,-0.020477264084052434,1.4961918635979619,0.025888800621032715,-1.0,0.762973427772522,1.0,1.0,-0.15557903,0.118702665,-0.15557903
478,16.2635,0.3052935302257538,0.11085295677185059,-0.8318475484848022,0.12011764943599701,0.0955900177359581,-0.09414028376340866,0.01250305029759604,-0.018212994590996626,1.4962256857438059,0.027142580598592758,-1.0,0.07983449101448059,1.0,1.0,-0.17649569,0.014090444,-0.17649569
479,16.2974,0.30997005105018616,0.11509419232606888,-0.8362842798233032,0.11806221306324005,0.10319165885448456,-0.10612018406391144,0.01764570590870152,-0.01616605880854,1.4962587089413228,0.029937345534563065,-1.0,-0.5074201822280884,1.0,1.0,-0.1663905,-0.0844299,-0.1663905
480,16.3316,0.31445348262786865,0.11954882740974426,-0.8410972356796265,0.11390075832605362,0.1099209114909172,-0.11763987690210342,0.024057825913015123,-0.01287322448763055,1.4963392695642976,0.0340992771089077,-1.0,-1.0,1.0,1.0,-0.14433756,-0.14433756,-0.14433756
481,16.3653,0.3187241852283478,0.12418148666620255,-0.8462800979614258,0.10788659006357193,0.11609996855258942,-0.1295894831418991,0.028407458730522257,-0.009057715674468628,1.496433678624941,0.039308372884988785,-1.0,-1.0,1.0,1.0,-0.14433756,-0.14433756,-0.14433756
482,16.3995,0.32640016078948975,0.13387325406074524,-0.8575221300125122,0.09156347811222076,0.1249130517244339,-0.14407895505428314,0.032487654547119035,-0.0022092934217484354,1.4966186351626471,0.051693085581064224,-1.0,-1.0,1.0,1.0,-0.14433756,-0.14433756,-0.14433756
483,16.4346,0.32640016078948975,0.13387325406074524,-0.8575221300125122,0.09156347811222076,0.1249130517244339,-0.14407895505428314,0.034330697260102974,0.0036308526613015295,1.4968171738219125,0.051693085581064224,-1.0,-1.0,1.0,1.0,-0.14433756,-0.14433756,-0.14433756
484,16.4683,0.33299949765205383,0.14489799737930298,-0.8708782196044922,0.06818431615829468,0.12579023838043213,-0.14965127408504486,0.03573519848474032,0.012149957789240867,1.4971170457606553,0.06663680076599121,-1.0,-1.0,1.0,1.0,-0.14433756,-0.14433756,-0.14433756
485,16.5025,0.33510828018188477,0.14960360527038574,-0.8768868446350098,0.05691676214337349,0.12268935143947601,-0.15079909563064575,0.03609039759512964,0.018379425514369767,1.4973455449821842,0.07313000410795212,-1.0,-1.0,0.8688334226608276,1.0,-0.15062232,-0.15062232,-0.13086571
486,16.5363,0.336698979139328,0.15405768156051636,-0.882797360420227,0.04542418569326401,0.11750180274248123,-0.15128456056118011,0.03598865651911021,0.023217024344985075,1.4975139899211316,0.07933834940195084,-1.0,-1.0,0.4803644120693207,1.0,-0.16738424,-0.16738424,-0.08040543
487,16.5705,0.33776724338531494,0.1581636518239975,-0.8886116743087769,0.03386525437235832,0.1107776090502739,-0.14992566406726837,0.03536263057061664,0.028892291368160388,1.4977392933493523,0.08517768234014511,-1.0,-1.0,0.08127906918525696,1.0,-0.17648546,-0.17648546,-0.014344574
488,16.6045,0.3383111357688904,0.1618577241897583,-0.8942306041717529,0.02255636267364025,0.10277099162340164,-0.14321787655353546,0.03463439541231828,0.03248173109428821,1.4979151951393521,0.0905442014336586,-1.0,-1.0,-0.369467556476593,1.0,-0.17103614,-0.17103614,0.06319231
489,16.6383,0.3383527398109436,0.1658223420381546,-0.9006752967834473,0.009024388156831264,0.0916539654135704,-0.12351349741220474,0.033666047153424854,0.03606430693882527,1.498079245862501,0.09641316533088684,-1.0,-1.0,-1.0,1.0,-0.14433756,-0.14433756,0.14433756
490,16.6725,0.33783766627311707,0.1684265434741974,-0.9049053192138672,-0.0014207824133336544,0.08190062642097473,-0.09629234671592712,0.03303155526549728,0.03807674126130046,1.4981676628106917,0.10008876770734787,-1.0,-1.0,-1.0,1.0,-0.14433756,-0.14433756,0.14433756
491,16.7065,0.33687061071395874,0.17048631608486176,-0.9079673290252686,-0.011568758636713028,0.07164003700017929,-0.06080666929483414,0.03201614811790431,0.04011675178462558,1.498275787150949,0.1026063784956932,-1.0,-1.0,-1.0,1.0,-0.14433756,-0.14433756,0.14433756
492,16.7405,0.3355441391468048,0.1720743328332901,-0.9096468687057495,-0.021446887403726578,0.061064302921295166,-0.024671249091625214,0.03089991327532202,0.04085891652378182,1.4983261208955514,0.103887639939785,-1.0,-1.0,-1.0,1.0,-0.14433756,-0.14433756,0.14433756
493,16.7743,0.3338821530342102,0.17315736413002014,-0.9100390672683716,-0.030955394729971886,0.04994774982333183,0.0069266632199287415,0.029746554383262944,0.04096217227267123,1.4983527525064522,0.10395296663045883,-1.0,-1.0,-1.0,1.0,-0.14433756,-0.14433756,0.14433756
494,16.8084,0.3318834900856018,0.17374765872955322,-0.9092502593994141,-0.04026560112833977,0.03873028978705406,0.03392171487212181,0.027948924808648662,0.04043679300743665,1.4984243915397752,0.10286236554384232,-1.0,-1.0,-1.0,1.0,-0.14433756,-0.14433756,0.14433756
495,16.8423,0.3288532793521881,0.17376723885536194,-0.9069292545318604,-0.05166652426123619,0.024409601464867592,0.06183682382106781,0.026467630917859957,0.039611183941187664,1.498466602643053,0.10003052651882172,-1.0,-1.0,-1.0,1.0,-0.14433756,-0.14433756,0.14433756
496,16.8775,0.32605263590812683,0.17323525249958038,-0.904167890548706,-0.06023159995675087,0.013005563989281654,0.08043505251407623,0.025155849311049396,0.03867028912806267,1.4985070826916222,0.09673934429883957,-1.0,-1.0,-1.0,1.0,-0.14433756,-0.14433756,0.14433756
497,16.9116,0.32290956377983093,0.17220309376716614,-0.9007582664489746,-0.06845734268426895,0.0016855963040143251,0.09586727619171143,0.023344706274497563,0.03702293257914531,1.4985574164362248,0.09262955188751221,-1.0,-1.0,-1.0,1.0,-0.14433756,-0.14433756,0.14433756
498,16.9457,0.31940314173698425,0.17068547010421753,-0.896841287612915,-0.07614333182573318,-0.00932854413986206,0.10892979800701141,0.021899991317400013,0.03555634641159549,1.498626658624567,0.087798573076725,-1.0,-1.0,-1.0,1.0,-0.14433756,-0.14433756,0.14433756
499,16.9793,0.31557899713516235,0.16875028610229492,-0.8925032615661621,-0.08367542177438736,-0.019929438829421997,0.11981192231178284,0.020192382829414216,0.033588026936458536,1.498703091347852,0.08238103985786438,-1.0,-1.0,-1.0,1.0,-0.14433756,-0.14433756,0.14433756
500,17.0134,0.31152117252349854,0.166487917304039,-0.887845516204834,-0.09057541191577911,-0.030262786895036697,0.12869971990585327,0.0190665106726372,0.032133722518842105,1.4987417071836582,0.07655790448188782,-1.0,-1.0,-1.0,1.0,-0.14433756,-0.14433756,0.14433756
501,17.0471,0.3060801327228546,0.16318079829216003,-0.8818057775497437,-0.09864724427461624,-0.04244162142276764,0.13785512745380402,0.017529949947445545,0.03006876982743271,1.4988281267610313,0.06885363161563873,-0.575253963470459,-1.0,-1.0,1.0,-0.09419681,-0.16374822,0.16374822
502,17.0813,0.3014785349369049,0.16015957295894623,-0.876745343208313,-0.10475241392850876,-0.05164182931184769,0.1436419039964676,0.01635591618683013,0.028386935745371836,1.4988855178825224,0.062398068606853485,-0.19117215275764465,-1.0,-1.0,1.0,-0.033490177,-0.17518336,0.17518336
503,17.1153,0.29666101932525635,0.15686585009098053,-0.8715654611587524,-0.11051274836063385,-0.06027550250291824,0.14919361472129822,0.015337898933309422,0.026940924577837477,1.4989319900435443,0.055854275822639465,0.22404345870018005,-1.0,-1.0,1.0,0.03911782,-0.17459926,0.17459926
504,17.1492,0.2916787564754486,0.15333899855613708,-0.8662737607955933,-0.1156371459364891,-0.06826842576265335,0.15639445185661316,0.013326079426539012,0.025082639428802036,1.4990004332835594,0.04939062148332596,0.6583783626556396,-1.0,-1.0,1.0,0.10551234,-0.16026095,0.16026095
505,17.1834,0.2865518033504486,0.14959728717803955,-0.8607470989227295,-0.12028622627258301,-0.07577861845493317,0.1637277901172638,0.010519724533894877,0.023857348139581003,1.4990558270342331,0.043176550418138504,1.0,-1.0,-1.0,1.0,0.14433756,-0.14433756,0.14433756
506,17.2174,0.28135406970977783,0.14564338326454163,-0.8550013303756714,-0.1240263283252716,-0.08313070982694626,0.16893766820430756,0.007083469105460302,0.02280579482197401,1.4990871191770414,0.03756878897547722,1.0,-1.0,-1.0,1.0,0.14433756,-0.14433756,0.14433756
507,17.2513,0.27487877011299133,0.14043577015399933,-0.847780704498291,-0.126824289560318,-0.09184429049491882,0.17041723430156708,0.0008076266171443095,0.021120511114063642,1.4991437113502057,0.0322658009827137,1.0,-0.29408225417137146,-1.0,1.0,0.17307425,-0.050898064,0.17307425
508,17.2855,0.26977866888046265,0.13612531125545502,-0.8420213460922241,-0.1271386444568634,-0.09847426414489746,0.16958239674568176,-0.0049535030342366514,0.019531384166261948,1.4991880529823556,0.03015488013625145,1.0,0.34924185276031494,-1.0,1.0,0.17162098,0.05993723,0.17162098
509,17.3192,0.26480892300605774,0.1317242532968521,-0.8362859487533569,-0.1255464106798172,-0.1044594869017601,0.16982020437717438,-0.012193083313846036,0.0171305267585014,1.4992622220187142,0.030395276844501495,1.0,1.0,-0.7688513994216919,1.0,0.15530849,0.15530849,0.11940915
510,17.3534,0.2600415050983429,0.1272582858800888,-0.8304945230484009,-0.12185642123222351,-0.10984861850738525,0.17221298813819885,-0.01696198507190491,0.014435834257234543,1.4993297331523476,0.03290392458438873,1.0,1.0,-0.33487632870674133,1.0,0.1720198,0.1720198,0.05760536
511,17.3871,0.25554779171943665,0.12272704392671585,-0.8246221542358398,-0.1163339912891388,-0.11453133076429367,0.17127926647663116,-0.022732485071185776,0.008228128511341335,1.4994827317569728,0.03715955466032028,1.0,1.0,0.11961999535560608,1.0,0.1761477,0.1761477,-0.021070788
512,17.4213,0.2513851821422577,0.11813917756080627,-0.8188918828964233,-0.10887663811445236,-0.1178537979722023,0.16115865111351013,-0.026293129368027114,0.0017214499036474309,1.4996309366716356,0.04242520406842232,1.0,1.0,0.656179666519165,1.0,0.16035621,0.16035621,-0.105222486
513,17.4555,0.24672922492027283,0.11236364394426346,-0.8123781681060791,-0.09719085693359375,-0.11928902566432953,0.13648512959480286,-0.028767915503469882,-0.004488107311366898,1.4997879300178958,0.049394648522138596,1.0,1.0,1.0,1.0,0.14433756,0.14433756,-0.14433756
514,17.4895,0.2435663938522339,0.10775063931941986,-0.808151125907898,-0.0859317034482956,-0.11772533506155014,0.10152053833007812,-0.03125686840755511,-0.013051109084285632,1.5000037792242469,0.05451563000679016,1.0,1.0,1.0,1.0,0.14433756,0.14433756,-0.14433756
515,17.5235,0.24100695550441742,0.10325850546360016,-0.805254340171814,-0.073568195104599,-0.11369135230779648,0.06275307387113571,-0.03236277933972414,-0.019048996227280728,1.500140399388168,0.05864696577191353,1.0,1.0,1.0,1.0,0.14433756,0.14433756,-0.14433756
516,17.5575,0.23902495205402374,0.0989716649055481,-0.8037834167480469,-0.06057579442858696,-0.1075967475771904,0.025248007848858833,-0.03261335366997617,-0.02500774218433276,1.5002220252755787,0.061636921018362045,1.0,1.0,1.0,1.0,0.14433756,0.14433756,-0.14433756
517,17.5914,0.23765796422958374,0.09494664520025253,-0.8036130666732788,-0.04740685224533081,-0.09993905574083328,-0.007323931436985731,-0.03220012677614755,-0.028157100782108795,1.500234009500484,0.06349708884954453,1.0,1.0,1.0,1.0,0.14433756,0.14433756,-0.14433756
518,17.6252,0.2368650734424591,0.09125667810440063,-0.8046164512634277,-0.034427426755428314,-0.09090124070644379,-0.03442884236574173,-0.03133475962765612,-0.03081251165729698,1.5002020515674033,0.06431767344474792,1.0,1.0,1.0,1.0,0.14433756,0.14433756,-0.14433756
519,17.6591,0.2366175800561905,0.08723551779985428,-0.8073606491088867,-0.01866820827126503,-0.07844924926757812,-0.06174777075648308,-0.02986728920740061,-0.032974118370924836,1.5001154988319756,0.06401120871305466,1.0,1.0,1.0,1.0,0.14433756,0.14433756,-0.14433756
520,17.6933,0.23694433271884918,0.08451618999242783,-0.8103945255279541,-0.006660606246441603,-0.06771383434534073,-0.07898912578821182,-0.02865466457811426,-0.03385946338878106,1.5000116355494626,0.06297974288463593,1.0,1.0,1.0,1.0,0.14433756,0.14433756,-0.14433756
521,17.7274,0.2377019077539444,0.08226406574249268,-0.8139327764511108,0.004837054759263992,-0.05660416930913925,-0.0930500403046608,-0.026812408329889736,-0.0343624970679942,1.4998401279752613,0.06141573563218117,1.0,1.0,1.0,1.0,0.14433756,0.14433756,-0.14433756
522,17.7609,0.23890557885169983,0.08053386956453323,-0.8177846670150757,0.015891509130597115,-0.045348431915044785,-0.10444416105747223,-0.025276885821404294,-0.03423782159768106,1.499693121483089,0.05938457325100899,1.0,1.0,1.0,1.0,0.14433756,0.14433756,-0.14433756
523,17.7948,0.24053679406642914,0.07934857159852982,-0.8219723701477051,0.026437602937221527,-0.03397943824529648,-0.11363331228494644,-0.02392354849861549,-0.03383618777697269,1.4995521071033693,0.05687275156378746,1.0,1.0,1.0,1.0,0.14433756,0.14433756,-0.14433756
524,17.8287,0.24255023896694183,0.07863663882017136,-0.8263876438140869,0.03634149208664894,-0.02279939502477646,-0.12107265740633011,-0.02200318048726218,-0.03290924335065158,1.4993521037055044,0.054007988423109055,1.0,1.0,1.0,1.0,0.14433756,0.14433756,-0.14433756
525,17.8623,0.2455919086933136,0.07841669023036957,-0.832139253616333,0.04784476011991501,-0.008922130800783634,-0.12819650769233704,-0.02050897442637579,-0.03189453320225016,1.499200836155588,0.05000293254852295,1.0,1.0,1.0,1.0,0.14433756,0.14433756,-0.14433756
526,17.8974,0.24844388663768768,0.07879883795976639,-0.8368059396743774,0.05657775700092316,0.0019299874547868967,-0.1326330304145813,-0.019239399761653782,-0.030884429490296732,1.4990819260129158,0.046519387513399124,1.0,1.0,1.0,1.0,0.14433756,0.14433756,-0.14433756
527,17.9313,0.25162452459335327,0.07963912189006805,-0.841507077217102,0.0648634061217308,0.012348915450274944,-0.13617517054080963,-0.017504520920224493,-0.02924832687757956,1.4989185410800394,0.042895667254924774,1.0,1.0,1.0,1.0,0.14433756,0.14433756,-0.14433756
528,17.9653,0.2550945281982422,0.08091326057910919,-0.846258282661438,0.07271483540534973,0.022409843280911446,-0.13892358541488647,-0.016169422089713524,-0.02785390821438168,1.4988130799008723,0.03925954923033714,1.0,1.0,1.0,1.0,0.14433756,0.14433756,-0.14433756
529,17.9994,0.2626573145389557,0.084687739610672,-0.8560023307800293,0.08690473437309265,0.04161713644862175,-0.1427731215953827,-0.014585004567792607,-0.026070391312950216,1.4986775250013873,0.03285597264766693,1.0,1.0,1.0,1.0,0.14433756,0.14433756,-0.14433756
530,18.0335,0.2626573145389557,0.084687739610672,-0.8560023307800293,0.08690473437309265,0.04161713644862175,-0.1427731215953827,-0.013519812952571968,-0.0247758307876573,1.498601358594211,0.03285597264766693,0.696320116519928,1.0,1.0,1.0,0.110432744,0.15859479,-0.15859479
531,18.0672,0.27186867594718933,0.09083088487386703,-0.8672013282775879,0.10038381814956665,0.061288271099328995,-0.145948588848114,-0.01207617366288346,-0.02292725369303304,1.498533714302523,0.029653819277882576,0.16218464076519012,1.0,1.0,1.0,0.028483769,0.17562556,-0.17562556
532,18.1016,0.27607208490371704,0.09412465244531631,-0.8721978664398193,0.10548973083496094,0.06951214373111725,-0.14935140311717987,-0.010838423773187899,-0.02151852886135439,1.4984901716187002,0.030528636649250984,-0.771938145160675,1.0,1.0,1.0,-0.11977867,0.15516615,-0.15516615
533,18.1351,0.2803024351596832,0.09772510081529617,-0.8772742748260498,0.11015880852937698,0.07727763056755066,-0.15414221584796906,-0.009345823931333964,-0.02041062888074621,1.4984737931779963,0.03300544247031212,-1.0,1.0,1.0,1.0,-0.14433756,0.14433756,-0.14433756
534,18.1693,0.2845284342765808,0.1015966385602951,-0.8823765516281128,0.11392205208539963,0.08470261842012405,-0.1570005863904953,-0.005579899328569305,-0.018954903417016864,1.4984532868376026,0.03684675320982933,-1.0,1.0,1.0,1.0,-0.14433756,0.14433756,-0.14433756
535,18.2035,0.2887343466281891,0.10568078607320786,-0.887489914894104,0.11648977547883987,0.09177716076374054,-0.15769392251968384,-0.0005970114065880986,-0.017580739342265797,1.49843784050328,0.04174840822815895,-1.0,1.0,0.6631487607955933,1.0,-0.16005376,0.16005376,-0.10613946
536,18.2374,0.29391154646873474,0.11104243248701096,-0.8938506841659546,0.1171521469950676,0.10006461292505264,-0.15651443600654602,0.004660726443233919,-0.01620037405530459,1.4984574147372922,0.04889615997672081,-1.0,0.4188671410083771,0.12774720788002014,1.0,-0.22900447,0.09592245,-0.029254682
537,18.2716,0.2979075610637665,0.11555119603872299,-0.8988513946533203,0.1152874231338501,0.10610786825418472,-0.14971977472305298,0.012434160770038956,-0.014101373473536917,1.498499892156679,0.055103790014982224,-1.0,-0.23565629124641418,-0.3589786887168884,1.0,-0.2297158,-0.054133974,0.08246308
538,18.3066,0.3016929030418396,0.12018094956874847,-0.903558611869812,0.11144483089447021,0.11159520596265793,-0.1343487650156021,0.020090583496745935,-0.011858773373257027,1.4985590143328789,0.06136346235871315,-1.0,-0.8782565593719482,-0.9037721157073975,1.0,-0.1553983,-0.13647957,0.14044464
539,18.3406,0.30526888370513916,0.12485195696353912,-0.9076547622680664,0.10601818561553955,0.11637711524963379,-0.10719053447246552,0.025997857623948385,-0.009215744116543106,1.4986198675637872,0.06728129088878632,-1.0,-1.0,-1.0,1.0,-0.14433756,-0.14433756,0.14433756
540,18.3748,0.30858466029167175,0.12954874336719513,-0.9106709957122803,0.09917201846837997,0.12029176205396652,-0.07262985408306122,0.030667872881781254,-0.0056298715698597694,1.4987201355788287,0.07237506657838821,-1.0,-1.0,-1.0,1.0,-0.14433756,-0.14433756,0.14433756
541,18.4084,0.3115561902523041,0.13422459363937378,-0.912402868270874,0.09058735519647598,0.12289603054523468,-0.036486171185970306,0.03539540409678143,0.0014878926266049207,1.4989580890222272,0.07642850279808044,-1.0,-1.0,-1.0,1.0,-0.14433756,-0.14433756,0.14433756
542,18.4425,0.31471121311187744,0.1400185376405716,-0.9127471446990967,0.0782339870929718,0.12384010851383209,0.0030223603826016188,0.03746079787424637,0.007910524184957418,1.4991785987604858,0.08003388345241547,-1.0,-1.0,-1.0,1.0,-0.14433756,-0.14433756,0.14433756
543,18.4776,0.3167460262775421,0.14452943205833435,-0.9118146896362305,0.06745730340480804,0.12237975746393204,0.029566099867224693,0.03854131306870797,0.015763250492179012,1.4994591627813256,0.08195936679840088,-1.0,-1.0,-1.0,1.0,-0.14433756,-0.14433756,0.14433756
544,18.5115,0.31831756234169006,0.1488742232322693,-0.9100046157836914,0.056080181151628494,0.11895694583654404,0.05205878987908363,0.03859101847374078,0.020738751132989987,1.499612560860114,0.08319122344255447,-1.0,-1.0,-1.0,1.0,-0.14433756,-0.14433756,0.14433756
545,18.5468,0.3194141089916229,0.1529921591281891,-0.9074476957321167,0.044321563094854355,0.11393653601408005,0.0709819495677948,0.03796211714350777,0.02682124877635204,1.499825214273157,0.08382324874401093,-1.0,-1.0,-1.0,1.0,-0.14433756,-0.14433756,0.14433756
546,18.5808,0.320004403591156,0.15686529874801636,-0.9042773246765137,0.0325729064643383,0.1071854755282402,0.08695335686206818,0.03703039775257594,0.030744917299879406,1.4999574402212794,0.08395300060510635,-1.0,-1.0,-1.0,1.0,-0.14433756,-0.14433756,0.14433756
547,18.6145,0.3201046586036682,0.1604529172182083,-0.9006456136703491,0.02087533473968506,0.09920449554920197,0.10058513283729553,0.03601556276849841,0.033489169564556956,1.5000527813883042,0.08368871361017227,-1.0,-1.0,-1.0,1.0,-0.14433756,-0.14433756,0.14433756
548,18.6483,0.31952717900276184,0.16444720327854156,-0.8955357074737549,0.006481531076133251,0.08777646720409393,0.11455471813678741,0.03431221949944595,0.03636305535648331,1.5001541146677817,0.08281412720680237,-1.0,-1.0,-1.0,1.0,-0.14433756,-0.14433756,0.14433756
549,18.6825,0.31851592659950256,0.16717399656772614,-0.8910967111587524,-0.004715889226645231,0.07772950828075409,0.12368897348642349,0.03281924306996912,0.03785284431503046,1.5002285500202495,0.08171048015356064,-1.0,-1.0,-1.0,1.0,-0.14433756,-0.14433756,0.14433756
550,18.7175,0.3170294463634491,0.16942140460014343,-0.8864114284515381,-0.015626681968569756,0.06700785458087921,0.13142073154449463,0.030881198326880407,0.0388893549336677,1.5002981916827551,0.08025198429822922,-1.0,-1.0,-1.0,1.0,-0.14433756,-0.14433756,0.14433756
551,18.7516,0.3151194155216217,0.17117176949977875,-0.8814305067062378,-0.026105904951691628,0.05579395964741707,0.1377701759338379,0.029513633898205695,0.03910899082219358,1.5003376064668883,0.07843425869941711,-1.0,-1.0,-1.0,1.0,-0.14433756,-0.14433756,0.14433756
552,18.7885,0.3128650486469269,0.17241579294204712,-0.8763406276702881,-0.03616240620613098,0.04442344978451729,0.14304180443286896,0.027541159475649304,0.03890302444020037,1.500384344944019,0.0763840526342392,-1.0,-1.0,-1.0,1.0,-0.14433756,-0.14433756,0.14433756
553,18.8224,0.3102944493293762,0.17313571274280548,-0.8711578845977783,-0.045618779957294464,0.03285394236445427,0.14723238348960876,0.02600475687564737,0.03832519754624804,1.5004357439530576,0.07411103695631027,-0.9790554642677307,-1.0,-1.0,1.0,-0.14230098,-0.14534517,0.14534517
554,18.8574,0.30663520097732544,0.17333050072193146,-0.8645825386047363,-0.05687093734741211,0.018438810482621193,0.1514948606491089,0.024667246635993123,0.037586008057372125,1.5004601118770318,0.07102128118276596,-0.6149492859840393,-1.0,-1.0,1.0,-0.09969159,-0.16211352,0.16211352
555,18.8913,0.30338701605796814,0.172953799366951,-0.8592610359191895,-0.06524509936571121,0.007097490131855011,0.1541450172662735,0.022820234148509286,0.03623422909993994,1.5005444009255329,0.06843572854995728,-0.3035097122192383,-1.0,-1.0,1.0,-0.05245894,-0.17284104,0.17284104
556,18.9255,0.2997784912586212,0.17210653424263,-0.8538817167282104,-0.07344093173742294,-0.0038626273162662983,0.15743550658226013,0.021312346097522614,0.03499145665487605,1.5006153741685835,0.06578653305768967,0.04226436838507652,-1.0,-1.0,1.0,0.007468021,-0.1766978,0.1766978
557,18.9593,0.29585176706314087,0.17079707980155945,-0.8484723567962646,-0.08102422207593918,-0.014444036409258842,0.16217759251594543,0.018781435922701033,0.03349212400889126,1.500685814779416,0.06317925453186035,0.4194522798061371,-1.0,-1.0,1.0,0.071088456,-0.16947925,0.16947925
558,18.9933,0.2916392982006073,0.16904360055923462,-0.8429261445999146,-0.08803858608007431,-0.02477090060710907,0.1677432656288147,0.016242981511853955,0.03248291287202193,1.5007464016942154,0.060747839510440826,0.8284570574760437,-1.0,-0.8105311393737793,1.0,0.1352994,-0.16331492,0.13237184
559,19.0305,0.28722864389419556,0.1668994128704071,-0.8372362852096558,-0.09431743621826172,-0.0347769521176815,0.17270056903362274,0.011364807965615068,0.031039107134765292,1.5008336202199155,0.05871524289250374,1.0,-1.0,-0.5190252065658569,1.0,0.16595323,-0.16595323,0.08613391
560,19.0644,0.28145813941955566,0.16364265978336334,-0.8301119804382324,-0.10058972239494324,-0.047117091715335846,0.17411302030086517,0.006341778221724584,0.02971723048294765,1.5008991339827313,0.05692317336797714,1.0,-1.0,-0.08302053809165955,1.0,0.17647289,-0.17647289,0.014650874
561,19.0983,0.27198484539985657,0.15719477832317352,-0.8192468881607056,-0.1053057536482811,-0.06651584804058075,0.15539246797561646,-0.0009848065424152535,0.027810650572019306,1.5009902140920122,0.056193094700574875,1.0,-1.0,0.34051796793937683,1.0,0.17186484,-0.17186484,-0.058523066
562,19.1323,0.27198484539985657,0.15719477832317352,-0.8192468881607056,-0.1053057536482811,-0.06651584804058075,0.15539246797561646,-0.0064211466639927505,0.026429628857461286,1.5010735710341316,0.056193094700574875,1.0,-1.0,0.8491088151931763,1.0,0.1515573,-0.1515573,-0.12868863
563,19.1663,0.26301518082618713,0.14939317107200623,-0.8109574317932129,-0.10155849903821945,-0.08541487902402878,0.0982649102807045,-0.01387527317758379,0.02444075310766029,1.501165316933685,0.05704440921545029,1.0,-1.0,1.0,1.0,0.14433756,-0.14433756,-0.14433756
564,19.2004,0.25889456272125244,0.14505694806575775,-0.8086191415786743,-0.09639772772789001,-0.09446805715560913,0.05914278328418732,-0.019067513519235184,0.02280070776817304,1.5012489401919134,0.05719604715704918,1.0,-0.2772822082042694,1.0,1.0,0.17347375,-0.048101183,-0.17347375
565,19.2343,0.2542961835861206,0.13928471505641937,-0.8077831268310547,-0.08721678704023361,-0.10485480725765228,0.012779077515006065,-0.022806550077814403,0.021202923466233984,1.5013183155383099,0.05648830160498619,1.0,-0.1913391649723053,1.0,1.0,0.1751806,-0.03351891,-0.1751806
566,19.2695,0.2510894536972046,0.1344391256570816,-0.8086564540863037,-0.07825404405593872,-0.11233140528202057,-0.021954381838440895,-0.026797084750648775,0.018445247205186754,1.5014373588390364,0.05518985167145729,1.0,0.6877690553665161,1.0,1.0,0.15897384,0.109337285,-0.15897384
567,19.3034,0.24836482107639313,0.12943275272846222,-0.8108370304107666,-0.06818509101867676,-0.11889784783124924,-0.052446458488702774,-0.029162494027884147,0.015304074706870814,1.5015354963252059,0.053251609206199646,1.0,1.0,1.0,1.0,0.14433756,0.14433756,-0.14433756
568,19.3373,0.2461203783750534,0.12426993250846863,-0.8141517639160156,-0.05751311406493187,-0.12416883558034897,-0.07652368396520615,-0.03074021099489053,0.011801064961089071,1.501671051224691,0.05085088312625885,1.0,1.0,1.0,1.0,0.14433756,0.14433756,-0.14433756
569,19.3713,0.2443169802427292,0.11902479827404022,-0.818260669708252,-0.046470947563648224,-0.12773102521896362,-0.0941256582736969,-0.03190603264861334,0.005146339823996307,1.501842292482783,0.04837905988097191,1.0,1.0,1.0,1.0,0.14433756,0.14433756,-0.14433756
570,19.4055,0.24294593930244446,0.1137385219335556,-0.8230409622192383,-0.03524729982018471,-0.12937602400779724,-0.10741814970970154,-0.031857694194233795,-0.0014147156437597011,1.502024852175508,0.046087659895420074,1.0,1.0,1.0,1.0,0.14433756,0.14433756,-0.14433756
571,19.439,0.24196195602416992,0.1072438582777977,-0.829593300819397,-0.021102938801050186,-0.12805421650409698,-0.11965353786945343,-0.030941903835572004,-0.009801938121685871,1.5021759865673698,0.043839894235134125,1.0,1.0,1.0,1.0,0.14433756,0.14433756,-0.14433756
572,19.4725,0.241729736328125,0.10221590101718903,-0.8351514339447021,-0.009913086891174316,-0.12450603395700455,-0.1270863115787506,-0.029931044867778183,-0.015170909370285746,1.5022529519228731,0.04276890680193901,1.0,1.0,1.0,1.0,0.14433756,0.14433756,-0.14433756
573,19.5064,0.2420155256986618,0.09743446111679077,-0.8409085273742676,0.001008171122521162,-0.11893026530742645,-0.13279612362384796,-0.028241275397906714,-0.021722420890529778,1.5023127398893454,0.04241134598851204,1.0,1.0,1.0,1.0,0.14433756,0.14433756,-0.14433756
574,19.5402,0.24280208349227905,0.09299235045909882,-0.8467918634414673,0.011621788144111633,-0.1117246150970459,-0.13721318542957306,-0.02674719001150722,-0.02594231615105802,1.5022810482723736,0.0427732840180397,1.0,1.0,1.0,1.0,0.14433756,0.14433756,-0.14433756
575,19.5738,0.2440473884344101,0.08896610885858536,-0.8527523279190063,0.02184281311929226,-0.10330279171466827,-0.1404620110988617,-0.02538460028452499,-0.028862900888817843,1.5022244560992093,0.043805886059999466,1.0,1.0,1.0,1.0,0.14433756,0.14433756,-0.14433756
576,19.6073,0.2456761747598648,0.0854196697473526,-0.8587552309036255,0.031646668910980225,-0.09357338398694992,-0.14281423389911652,-0.023427946703319352,-0.03188294012912991,1.502066663804622,0.0454389825463295,1.0,1.0,1.0,1.0,0.14433756,0.14433756,-0.14433756
577,19.6412,0.24815814197063446,0.08165807276964188,-0.8662232160568237,0.04320457577705383,-0.08023945987224579,-0.14503487944602966,-0.02186025196050899,-0.03348864733531195,1.501941362075334,0.04818284139037132,1.0,1.0,0.7318578958511353,1.0,0.15699951,0.15699951,-0.11490133
578,19.6753,0.25050267577171326,0.07919633388519287,-0.872256875038147,0.05190753564238548,-0.06910595297813416,-0.14595115184783936,-0.02053099335904478,-0.03435341111136891,1.501808470336939,0.050829384475946426,1.0,1.0,0.36199864745140076,1.0,0.17125526,0.17125526,-0.061994173
579,19.7094,0.2531193196773529,0.0771893709897995,-0.8782389163970947,0.0600484237074852,-0.05773380771279335,-0.14369091391563416,-0.01872742368684286,-0.03490151255024783,1.5016264432764321,0.05378703400492668,1.0,1.0,-0.02673366665840149,1.0,0.17674512,0.17674512,0.004725045
580,19.7434,0.2559967041015625,0.07561472803354263,-0.8839582204818726,0.06750323623418808,-0.04638678953051567,-0.13515764474868774,-0.017476761627049617,-0.034997544474680405,1.5014770399392785,0.056859225034713745,1.0,1.0,-0.454518586397171,1.0,0.1682982,0.1682982,0.076494664
581,19.7774,0.25910305976867676,0.07451331615447998,-0.889220118522644,0.07448232173919678,-0.03531794995069504,-0.11954887211322784,-0.016593889395877425,-0.03497125824248348,1.5013659861218223,0.05980578437447548,1.0,1.0,-0.9143722057342529,1.0,0.14845029,0.14845029,0.13573882
582,19.8117,0.26243290305137634,0.07392293959856033,-0.8937486410140991,0.0809452012181282,-0.02438361756503582,-0.09481675177812576,-0.015632197999411894,-0.03476712278373971,1.5012108569883251,0.06230853497982025,0.7958731055259705,1.0,-1.0,1.0,0.12260954,0.15405664,0.15405664
583,19.8461,0.2669335603713989,0.07391023635864258,-0.8979882001876831,0.0885501429438591,-0.010868113487958908,-0.0533045157790184,-0.014748380137993261,-0.03417778187926199,1.5010807615690749,0.06436854600906372,0.4187687933444977,1.0,-1.0,1.0,0.070981964,0.16950156,0.16950156
584,19.8803,0.27073612809181213,0.07442782819271088,-0.8999491930007935,0.09435050189495087,-0.00015980671741999686,-0.01810275763273239,-0.013791793480382813,-0.03328728530917214,1.500983023557069,0.06488540023565292,0.1010289341211319,1.0,-1.0,1.0,0.017814161,0.17632732,0.17632732
585,19.9144,0.27470529079437256,0.07532968372106552,-0.9006415605545044,0.09980978816747665,0.010258251801133156,0.015492166392505169,-0.012562260899066369,-0.032276053914944626,1.5009155124234355,0.06438974291086197,-0.2312421053647995,1.0,-1.0,1.0,-0.040342465,0.17445986,0.17445986
586,19.9483,0.27883097529411316,0.07660401612520218,-0.900086522102356,0.1048428863286972,0.020539844408631325,0.04590357095003128,-0.009797796698131338,-0.03076622050800544,1.500848267605911,0.06288859248161316,-0.5855805277824402,1.0,-1.0,1.0,-0.09564216,0.16332878,0.16332878
587,19.9829,0.2830974757671356,0.07824360579252243,-0.8984056711196899,0.10928348451852798,0.030484722927212715,0.07203638553619385,-0.006513344572723183,-0.029513904375503906,1.5007906101683106,0.06050508841872215,-0.9586301445960999,1.0,-1.0,1.0,-0.14027366,0.1463272,0.1463272
588,20.0173,0.28743213415145874,0.08025714010000229,-0.8957834243774414,0.11259792000055313,0.04023507982492447,0.09256786853075027,-0.0027896685239391077,-0.028331190374210512,1.5007621143446468,0.057438865303993225,-1.0,1.0,-1.0,1.0,-0.14433756,0.14433756,0.14433756
589,20.0509,0.29289865493774414,0.0832936093211174,-0.891539454460144,0.11503500491380692,0.052089255303144455,0.11077380180358887,0.00358715133214036,-0.026325626175109886,1.500755323283867,0.05307025834918022,-1.0,1.0,-1.0,1.0,-0.14433756,0.14433756,0.14433756
590,20.0854,0.29720500111579895,0.0860883817076683,-0.8875266313552856,0.11505449563264847,0.06143569573760033,0.12108871340751648,0.009231487975893599,-0.024429601120595584,1.5007675738248816,0.04941973462700844,-1.0,1.0,-1.0,1.0,-0.14433756,0.14433756,0.14433756
591,20.1192,0.3013886511325836,0.08917585760354996,-0.8830939531326294,0.11316611617803574,0.07029501348733902,0.12917637825012207,0.016170715179258437,-0.021837488174972615,1.5008183070436476,0.04588734358549118,-1.0,1.0,-1.0,1.0,-0.14433756,0.14433756,0.14433756
592,20.1533,0.3053625822067261,0.09255830198526382,-0.8782976865768433,0.10929800570011139,0.07860217243432999,0.13598598539829254,0.020572449206482147,-0.019992662392415084,1.5008618497274704,0.042655497789382935,-1.0,1.0,-1.0,1.0,-0.14433756,0.14433756,0.14433756
593,20.1872,0.30908599495887756,0.09619466960430145,-0.8733097314834595,0.10380087047815323,0.08631877601146698,0.1416665017604828,0.02596254993355882,-0.01740516420561852,1.500940812453791,0.04004252701997757,-1.0,1.0,-1.0,1.0,-0.14433756,0.14433756,0.14433756
594,20.2213,0.31247997283935547,0.10007692128419876,-0.8681597709655762,0.09693942219018936,0.09351325035095215,0.14630912244319916,0.029410806751804214,-0.015454155277567088,1.5010113862226782,0.03820673003792763,-1.0,0.5713328123092651,-1.0,1.0,-0.16390637,0.09364509,0.16390637
595,20.2553,0.31614750623703003,0.10522922873497009,-0.8614217042922974,0.0863349586725235,0.10171625763177872,0.15121981501579285,0.031804701449730424,-0.01387304382046815,1.5010807615690749,0.03713374212384224,-1.0,-0.06699958443641663,-0.9583265781402588,1.0,-0.18028685,-0.012079144,0.17277367
596,20.2896,0.3185620903968811,0.10955759882926941,-0.8558733463287354,0.0767216682434082,0.10768315196037292,0.15592356026172638,0.03433548470828131,-0.011594777127229915,1.5012015359245099,0.03737010434269905,-1.0,-0.6416716575622559,-0.5924569368362427,1.0,-0.18829766,-0.12082527,0.11155825
597,20.3236,0.32049763202667236,0.11404963582754135,-0.8501859903335571,0.06640712916851044,0.11305119842290878,0.1616697609424591,0.03579579788310724,-0.009199186744703379,1.5013253729151985,0.03858288750052452,-1.0,-1.0,-0.23570093512535095,1.0,-0.1743715,-0.1743715,0.041099522
598,20.3589,0.32193881273269653,0.11867885291576385,-0.8443965911865234,0.055449340492486954,0.1176837906241417,0.16492842137813568,0.037059118280456764,-0.004435752789257573,1.5015898248114434,0.04070607200264931,-1.0,-1.0,0.14192241430282593,1.0,-0.1758932,-0.1758932,-0.024963189
599,20.3926,0.32286781072616577,0.12343539297580719,-0.8387641906738281,0.04344472661614418,0.12150419503450394,0.1550443470478058,0.037506079935156124,0.00036320088217142195,1.501826446674297,0.043576497584581375,-1.0,-1.0,0.6291285753250122,1.0,-0.16151561,-0.16151561,-0.10161408
600,20.4264,0.32328280806541443,0.12828557193279266,-0.833646297454834,0.030728375539183617,0.12374096363782883,0.13597242534160614,0.037413530926086666,0.008558715227890737,1.5022046155490882,0.04689595475792885,-1.0,-1.0,1.0,1.0,-0.14433756,-0.14433756,-0.14433756
601,20.4602,0.32311174273490906,0.1343432366847992,-0.8284229040145874,0.014107836410403252,0.12351299822330475,0.09935779869556427,0.03680095810228721,0.01520571563737632,1.5025216648768622,0.05113297328352928,-1.0,-1.0,1.0,1.0,-0.14433756,-0.14433756,-0.14433756
602,20.4944,0.32236334681510925,0.13909520208835602,-0.8255581855773926,0.0005097723915241659,0.12062665075063705,0.06365392357110977,0.03585137472610583,0.020575291298707967,1.5027692057001851,0.05410871282219887,-1.0,-1.0,1.0,1.0,-0.14433756,-0.14433756,-0.14433756
603,20.5285,0.3210943043231964,0.14365027844905853,-0.8240222930908203,-0.012828917242586613,0.11545997112989426,0.027371587231755257,0.03385573912444415,0.02690590192890833,1.5030594902590038,0.056465033441782,-1.0,-1.0,1.0,1.0,-0.14433756,-0.14433756,-0.14433756
604,20.5625,0.31933772563934326,0.14791370928287506,-0.8237913846969604,-0.025738302618265152,0.10853126645088196,-0.00489222165197134,0.03186857154281109,0.030750139592329483,1.50325243627998,0.05812670662999153,-1.0,-1.0,1.0,1.0,-0.14433756,-0.14433756,-0.14433756
605,20.5967,0.3171077370643616,0.15178771317005157,-0.8247026205062866,-0.03793616220355034,0.1000681146979332,-0.03213189169764519,0.029999186421575987,0.03330624992896594,1.5033846622281024,0.05911441519856453,-1.0,-1.0,1.0,1.0,-0.14433756,-0.14433756,-0.14433756
606,20.6303,0.3144177794456482,0.1552097499370575,-0.8265770673751831,-0.04930242896080017,0.09035293012857437,-0.05441737547516823,0.027298840944776515,0.03587416555937202,1.5035310029300022,0.05950935184955597,-1.0,-1.0,1.0,1.0,-0.14433756,-0.14433756,-0.14433756
607,20.6644,0.31043440103530884,0.15878598392009735,-0.829946756362915,-0.06248076632618904,0.07712142914533615,-0.07677226513624191,0.025151438450493953,0.037085612572113846,1.503624213568155,0.05935467407107353,-1.0,-1.0,1.0,1.0,-0.14433756,-0.14433756,-0.14433756
608,20.6985,0.30277156829833984,0.16293378174304962,-0.837135910987854,-0.08099210262298584,0.05469434708356857,-0.10246255248785019,0.02265087790912626,0.03774371296698605,1.5037127636744,0.05828804522752762,-0.6642037630081177,-1.0,1.0,1.0,-0.106277816,-0.16000785,-0.16000785
609,20.7324,0.30277156829833984,0.16293378174304962,-0.837135910987854,-0.08099210262298584,0.05469434708356857,-0.10246255248785019,0.02099733159126907,0.03778348977457991,1.5037829379691237,0.05828804522752762,-0.2773115336894989,-1.0,1.0,1.0,-0.048106078,-0.17347306,-0.17347306
610,20.7664,0.2937811017036438,0.16519136726856232,-0.8456821441650391,-0.09692655503749847,0.03181850165128708,-0.1219201609492302,0.018607454521518598,0.037380973781760446,1.5038571070054825,0.057236287742853165,0.14219826459884644,-1.0,1.0,1.0,0.025011225,-0.1758898,-0.1758898
611,20.8005,0.28888964653015137,0.1655869334936142,-0.8504605293273926,-0.10387473553419113,0.020316610112786293,-0.13217321038246155,0.01621836703741944,0.03688816414441969,1.5039266155099336,0.057006072252988815,1.0,-1.0,1.0,1.0,0.14433756,-0.14433756,-0.14433756
612,20.8358,0.2825515568256378,0.1653972864151001,-0.8568053245544434,-0.11124224215745926,0.0063003310933709145,-0.14292848110198975,0.013592843903683587,0.03637372880678965,1.5039800118897895,0.05726071074604988,1.0,-1.0,1.0,1.0,0.14433756,-0.14433756,-0.14433756
613,20.8695,0.2773509919643402,0.16471226513385773,-0.8620715141296387,-0.11578132957220078,-0.0047366381622850895,-0.14708302915096283,0.008486510792984615,0.035383161878145476,1.5040702930507432,0.05801360309123993,1.0,-1.0,0.8048896789550781,1.0,0.15363619,-0.15363619,-0.123660184
614,20.9033,0.2721213698387146,0.16354309022426605,-0.8673309087753296,-0.11861744523048401,-0.015542356297373772,-0.14906029403209686,0.002798076726872922,0.03404720584265864,1.5041188957406373,0.05924712121486664,1.0,-1.0,0.47678908705711365,1.0,0.16751279,-0.16751279,-0.079868264
615,20.9374,0.2669697105884552,0.16185763478279114,-0.8724957704544067,-0.11926831305027008,-0.026030326262116432,-0.14803914725780487,-0.002880291942704761,0.03258299571414387,1.5041628378986236,0.0608728788793087,1.0,-1.0,0.11967846751213074,1.0,0.17614707,-0.17614707,-0.021081012
616,20.9713,0.2619907855987549,0.15974216163158417,-0.8774906396865845,-0.11794307082891464,-0.035927724093198776,-0.1413401961326599,-0.010944430068140661,0.030303086391467653,1.5042774869835513,0.06286066025495529,1.0,-1.0,-0.28913557529449463,1.0,0.17319402,-0.17319402,0.05007655
617,21.006,0.25727522373199463,0.15717370808124542,-0.8820909261703491,-0.11456051468849182,-0.04531339555978775,-0.12668079137802124,-0.018325833558621125,0.028214637545222115,1.5043716297280858,0.06496474146842957,1.0,-1.0,-0.7699224948883057,1.0,0.15525912,-0.15525912,0.11953749
618,21.0403,0.25184884667396545,0.15338370203971863,-0.8868262767791748,-0.10776519775390625,-0.056089889258146286,-0.09688197076320648,-0.02347406724385356,0.02678167378643454,1.5044615114148758,0.06733164191246033,1.0,-1.0,-1.0,1.0,0.14433756,-0.14433756,0.14433756
619,21.0751,0.24797514081001282,0.14996656775474548,-0.8895756006240845,-0.10071354359388351,-0.0643186941742897,-0.06667565554380417,-0.027348679507863828,0.02561069225809971,1.5045378109801066,0.06873506307601929,1.0,-0.6841707229614258,-1.0,1.0,0.15913275,-0.10887396,0.15913275
620,21.1087,0.24456536769866943,0.14625613391399384,-0.8911536931991577,-0.09245776385068893,-0.07220659404993057,-0.031947869807481766,-0.031506614661155695,0.023874587946450063,1.5046246300316433,0.06942930817604065,1.0,-0.0456824004650116,-1.0,1.0,0.17668454,-0.008071374,0.17668454
621,21.1432,0.24167153239250183,0.1422836184501648,-0.8914353847503662,-0.0829719826579094,-0.07963696122169495,0.0020103740971535444,-0.033695450116335006,0.022192212909792765,1.5047053238126726,0.06923719495534897,1.0,0.5474351644515991,-1.0,1.0,0.1648564,0.09024819,0.1648564
622,21.1776,0.2393174171447754,0.13805890083312988,-0.8904106616973877,-0.07268399000167847,-0.0867266058921814,0.03352298215031624,-0.03502070981497489,0.020269516713080235,1.5047792265329223,0.06809791177511215,1.0,1.0,-1.0,1.0,0.14433756,0.14433756,0.14433756
623,21.2115,0.2374873161315918,0.13361051678657532,-0.8881733417510986,-0.06172424182295799,-0.09312982112169266,0.06008313596248627,-0.03611972565663414,0.015918335933189493,1.5048928103534143,0.0660945251584053,1.0,1.0,-1.0,1.0,0.14433756,0.14433756,0.14433756
624,21.2453,0.23587460815906525,0.1278303861618042,-0.8841582536697388,-0.04712389037013054,-0.0997547134757042,0.0836273655295372,-0.03625796036196607,0.010752692872627964,1.5050238378790461,0.06282062828540802,1.0,1.0,-1.0,1.0,0.14433756,0.14433756,0.14433756
625,21.2793,0.23522254824638367,0.12304925173521042,-0.8801776170730591,-0.03522167354822159,-0.10321126878261566,0.09793965518474579,-0.03544109811542231,0.002862658383307344,1.5051904186052305,0.05971795320510864,1.0,1.0,-1.0,1.0,0.14433756,0.14433756,0.14433756
626,21.3142,0.23511898517608643,0.11819545179605484,-0.8755894899368286,-0.02318919636309147,-0.10462693125009537,0.10991136729717255,-0.03440755442468698,-0.0028572064452281123,1.50530333663545,0.056346192955970764,1.0,1.0,-1.0,1.0,0.14433756,0.14433756,0.14433756
627,21.3483,0.23553185164928436,0.11334606260061264,-0.8704121112823486,-0.011345194652676582,-0.10407314449548721,0.11991313099861145,-0.03249205916589067,-0.010551808342949226,1.5053765735654272,0.0528719387948513,1.0,1.0,-1.0,1.0,0.14433756,0.14433756,0.14433756
628,21.3825,0.23643197119235992,0.1085575744509697,-0.8648579120635986,0.0002151724766008556,-0.10157685726881027,0.1283237487077713,-0.03076943502666495,-0.015963285098962988,1.5053912209514226,0.049575865268707275,1.0,1.0,-1.0,1.0,0.14433756,0.14433756,0.14433756
629,21.4175,0.23784136772155762,0.103938028216362,-0.8590176105499268,0.011547168716788292,-0.09741063416004181,0.13510467112064362,-0.029155956799645843,-0.020043320709775436,1.505359396176396,0.046631570905447006,1.0,1.0,-1.0,1.0,0.14433756,0.14433756,0.14433756
630,21.4513,0.2402256429195404,0.09850544482469559,-0.8514479398727417,0.025009972974658012,-0.08992328494787216,0.14209072291851044,-0.026835571589589623,-0.02475719490181055,1.5052572639485915,0.0438048392534256,1.0,1.0,-1.0,1.0,0.14433756,0.14433756,0.14433756
631,21.4855,0.2426455169916153,0.09448418021202087,-0.8452224731445312,0.03532572090625763,-0.08258778601884842,0.14663368463516235,-0.024505424229662582,-0.02822162418189437,1.5050830932133004,0.04239429160952568,1.0,1.0,-0.7032921314239502,1.0,0.15828429,0.15828429,0.1113201
632,21.5194,0.2454598993062973,0.0908181443810463,-0.8389049768447876,0.045140981674194336,-0.07436896860599518,0.15026111900806427,-0.022705547612878546,-0.030164208782403824,1.5049462067332704,0.04190683737397194,1.0,1.0,-0.21429291367530823,1.0,0.17478153,0.17478153,0.03745444
633,21.5549,0.24870935082435608,0.08755531907081604,-0.8325086832046509,0.05450982600450516,-0.0652567520737648,0.15197838842868805,-0.02117741537641807,-0.03137142802691515,1.5048282286969799,0.04234086349606514,1.0,1.0,0.3247617185115814,1.0,0.17229214,0.17229214,-0.05595389
634,21.5888,0.2523607909679413,0.08471555262804031,-0.8261920213699341,0.06368692219257355,-0.055359821766614914,0.14412589371204376,-0.01931350638017444,-0.03257866391618329,1.5046479326911815,0.04364847391843796,1.0,1.0,0.983718991279602,1.0,0.14512084,0.14512084,-0.14275813
635,21.6224,0.2563948631286621,0.08228214085102081,-0.8203365802764893,0.0726921409368515,-0.04457138478755951,0.12294747680425644,-0.01810611236571658,-0.03326484817698822,1.504481884597215,0.04554097354412079,1.0,1.0,1.0,1.0,0.14433756,0.14433756,-0.14433756
636,21.6576,0.2619190216064453,0.07983686029911041,-0.8144313097000122,0.08357556909322739,-0.03028341382741928,0.08188648521900177,-0.017148756928400833,-0.03355075308417044,1.5043487265427111,0.047919467091560364,1.0,1.0,1.0,1.0,0.14433756,0.14433756,-0.14433756
637,21.6913,0.2667442858219147,0.07838490605354309,-0.8111594915390015,0.09198029339313507,-0.018438225612044334,0.04340977966785431,-0.015596162100911758,-0.03322457410728458,1.5041937305672684,0.04927868768572807,0.7727875113487244,1.0,1.0,1.0,0.11988018,0.15512696,-0.15512696
638,21.7257,0.27186262607574463,0.07740640640258789,-0.8092309236526489,0.09986136853694916,-0.006854673381894827,0.008798585273325443,-0.01383218510368145,-0.032064517781202874,1.5040473898653686,0.049946241080760956,0.34406590461730957,1.0,1.0,1.0,0.059098925,0.1717663,-0.1717663
639,21.7592,0.2772129774093628,0.07684841752052307,-0.8085078001022339,0.10707411170005798,0.004436430521309376,-0.0207455325871706,-0.012305907717308323,-0.030824839180311606,1.5039360697318032,0.05000125616788864,-0.10940609872341156,1.0,1.0,1.0,-0.01928283,0.17625006,-0.17625006
640,21.7949,0.28269270062446594,0.07670485973358154,-0.8088712692260742,0.11366233229637146,0.015265678986907005,-0.046897146850824356,-0.010735601828272922,-0.029639079188521433,1.503841394355051,0.049547161906957626,-0.5824596285820007,1.0,1.0,1.0,-0.095206514,0.163456,-0.163456
641,21.8287,0.28830742835998535,0.07692917436361313,-0.8102610111236572,0.11943395435810089,0.025586439296603203,-0.07097180932760239,-0.007411635570339366,-0.02800542127446117,1.5037435231849905,0.04871027171611786,-1.0,1.0,1.0,1.0,-0.14433756,0.14433756,-0.14433756
642,21.8627,0.29541364312171936,0.07768068462610245,-0.8131951093673706,0.1255064308643341,0.03750662878155708,-0.09661509841680527,-0.0034001823393059356,-0.026730432902585737,1.5036898604890254,0.04749484360218048,-1.0,1.0,1.0,1.0,-0.14433756,0.14433756,-0.14433756
643,21.8976,0.3011018633842468,0.0786663070321083,-0.8163204193115234,0.12884801626205444,0.046682022511959076,-0.11188872158527374,0.001123218098288317,-0.0254979656425837,1.5036642941425606,0.04666227474808693,-1.0,1.0,1.0,1.0,-0.14433756,0.14433756,-0.14433756
644,21.9315,0.30671805143356323,0.08000347018241882,-0.819936990737915,0.13036847114562988,0.055448029190301895,-0.12226132303476334,0.008683649212083129,-0.02333737842031064,1.5036340672641884,0.04620472714304924,-1.0,1.0,1.0,1.0,-0.14433756,0.14433756,-0.14433756
645,21.9652,0.3121635913848877,0.08166585862636566,-0.8238873481750488,0.12986718118190765,0.06371091306209564,-0.12977509200572968,0.014858833703906995,-0.021404268847616984,1.5036295398903352,0.04628133401274681,-1.0,1.0,1.0,1.0,-0.14433756,0.14433756,-0.14433756
646,21.9994,0.3220714032649994,0.0858163982629776,-0.8323310613632202,0.1221599206328392,0.07849488407373428,-0.13979516923427582,0.02184780792419667,-0.018952899804415498,1.5036497799146198,0.048069458454847336,-1.0,1.0,1.0,1.0,-0.14433756,0.14433756,-0.14433756
647,22.0349,0.32757583260536194,0.08886447548866272,-0.8377745151519775,0.11352384835481644,0.0865582749247551,-0.14382202923297882,0.025990771118735254,-0.01728903061644235,1.5036621636136887,0.05021621659398079,-1.0,1.0,1.0,1.0,-0.14433756,0.14433756,-0.14433756
648,22.0686,0.33155378699302673,0.09155048429965973,-0.8421971797943115,0.105089470744133,0.09245762228965759,-0.14628556370735168,0.030756364731377547,-0.015084000853181293,1.5037223510543245,0.05233379080891609,-1.0,1.0,1.0,1.0,-0.14433756,0.14433756,-0.14433756
649,22.1026,0.3350693881511688,0.09450079500675201,-0.8466322422027588,0.09536963701248169,0.09782642871141434,-0.14806732535362244,0.03357104304272548,-0.013498218461201708,1.5037881311332493,0.05463064834475517,-1.0,0.8648098707199097,1.0,1.0,-0.15081337,0.13042489,-0.15081337
650,22.1363,0.3381219804286957,0.0976940393447876,-0.8510456085205078,0.0849287360906601,0.10285767912864685,-0.14939555525779724,0.0354282816526763,-0.012230839864081714,1.503844590148359,0.05704439803957939,-1.0,0.5506244897842407,1.0,1.0,-0.16473101,0.09070493,-0.16473101
651,22.1704,0.3406870663166046,0.101102314889431,-0.8554849624633789,0.07379421591758728,0.10748690366744995,-0.15123936533927917,0.0371508683411992,-0.010586736324823995,1.5039343386770947,0.05951092764735222,-1.0,0.21462848782539368,1.0,1.0,-0.17477538,0.037511777,-0.17477538
652,22.2042,0.3427392542362213,0.10469003021717072,-0.859958291053772,0.06216432526707649,0.1118689775466919,-0.15490829944610596,0.037954119337859124,-0.00916310819401391,1.5040195598319772,0.06198403984308243,-1.0,-0.1324358880519867,1.0,1.0,-0.17600663,-0.023309594,-0.17600663
653,22.2386,0.34459036588668823,0.10936173796653748,-0.8657658100128174,0.04725215956568718,0.11657854914665222,-0.1607615053653717,0.03842708426388959,-0.00681417046409095,1.5041712268560572,0.06512322276830673,-1.0,-0.5901248455047607,1.0,1.0,-0.16314287,-0.09627466,-0.16314287
654,22.2721,0.3455709218978882,0.11322157829999924,-0.8706204891204834,0.035288255661726,0.1195690855383873,-0.16547955572605133,0.038479827337040765,-0.004449201752762473,1.5043039854363978,0.06777027994394302,-1.0,-0.9952124357223511,1.0,1.0,-0.1445679,-0.14387578,-0.1445679
655,22.3065,0.34605351090431213,0.11718232184648514,-0.8756512403488159,0.02326223812997341,0.12168079614639282,-0.16830158233642578,0.03812786147066237,0.00021308845237031057,1.504569635755133,0.07051049172878265,-1.0,-1.0,0.907485842704773,1.0,-0.14877972,-0.14877972,-0.13501549
656,22.3403,0.3460557758808136,0.12122879177331924,-0.8807835578918457,0.011317552998661995,0.12244607508182526,-0.16833634674549103,0.0373082861287581,0.005075351496634834,1.5048376829188497,0.07335396856069565,-1.0,-1.0,0.554638147354126,1.0,-0.16457261,-0.16457261,-0.09127825
657,22.3744,0.34561672806739807,0.12529340386390686,-0.8859672546386719,-0.00018359431123826653,0.12166907638311386,-0.16600589454174042,0.036158707677090174,0.009928718113438555,1.505101202708713,0.07631509006023407,-1.0,-1.0,0.16184484958648682,1.0,-0.17563033,-0.17563033,-0.028424863
658,22.4083,0.34476903080940247,0.129301980137825,-0.891054630279541,-0.01117887906730175,0.1190631315112114,-0.1585082858800888,0.03407407048015481,0.017025916542526325,1.5054629931428003,0.07932429760694504,-1.0,-1.0,-0.2684910297393799,1.0,-0.17367446,-0.17367446,0.046630036
659,22.4422,0.3431239426136017,0.13403470814228058,-0.8968480825424194,-0.024159494787454605,0.1133565902709961,-0.14030925929546356,0.03240870430436579,0.022407985134143424,1.5057085365953056,0.08279483020305634,-1.0,-1.0,-0.8924221992492676,1.0,-0.14949925,-0.14949925,0.13341644
660,22.4773,0.34144625067710876,0.1374727338552475,-0.9008016586303711,-0.03378157690167427,0.10706445574760437,-0.11695462465286255,0.031082181684802725,0.026692957232621276,1.5059243858016564,0.08516015112400055,-1.0,-1.0,-1.0,1.0,-0.14433756,-0.14433756,0.14433756
661,22.5112,0.33947744965553284,0.14053672552108765,-0.9038072824478149,-0.04262714833021164,0.09954298287630081,-0.08226746320724487,0.02927754258697557,0.031852642510541054,1.5061711276766523,0.086852066218853,-1.0,-1.0,-1.0,1.0,-0.14433756,-0.14433756,0.14433756
662,22.5452,0.3372664749622345,0.1432742327451706,-0.9056460857391357,-0.05091631039977074,0.09097176790237427,-0.04488673061132431,0.027309381237028345,0.0354536482620593,1.5063648726459555,0.08769353479146957,-1.0,-1.0,-1.0,1.0,-0.14433756,-0.14433756,0.14433756
663,22.5793,0.3347703814506531,0.14559854567050934,-0.9063167572021484,-0.05888877809047699,0.08132483810186386,-0.011190660297870636,0.02563251977606535,0.03726259211011722,1.5064608796032528,0.08756060153245926,-1.0,-1.0,-1.0,1.0,-0.14433756,-0.14433756,0.14433756
664,22.6133,0.3320246934890747,0.14744926989078522,-0.9059315919876099,-0.06651608645915985,0.07095396518707275,0.01771797053515911,0.024133276595648432,0.03822956925716818,1.5065246623113604,0.08648380637168884,-1.0,-1.0,-1.0,1.0,-0.14433756,-0.14433756,0.14433756
665,22.6473,0.3282705247402191,0.14904485642910004,-0.9040354490280151,-0.07533282041549683,0.05712461471557617,0.04769660159945488,0.02207270979765926,0.03878933242878921,1.50658378448756,0.08380789309740067,-1.0,-1.0,-1.0,1.0,-0.14433756,-0.14433756,0.14433756
666,22.6812,0.3250153958797455,0.14976012706756592,-0.9016580581665039,-0.08193659037351608,0.04574311524629593,0.067459337413311,0.02054176251670279,0.03866851230027288,1.506627859803601,0.0807773694396019,-1.0,-1.0,-1.0,1.0,-0.14433756,-0.14433756,0.14433756
667,22.7155,0.32154664397239685,0.14993838965892792,-0.8986401557922363,-0.08823877573013306,0.03399594500660896,0.08416090160608292,0.019243870959452673,0.03824426657743406,1.506661681949445,0.07701579481363297,-1.0,-1.0,-1.0,1.0,-0.14433756,-0.14433756,0.14433756
668,22.7497,0.3178684115409851,0.14960792660713196,-0.8950392007827759,-0.09406191110610962,0.022331196814775467,0.09813491255044937,0.017578082422959523,0.03726611247618317,1.5067232009706257,0.07257239520549774,-1.0,-1.0,-1.0,1.0,-0.14433756,-0.14433756,0.14433756
669,22.7834,0.31400349736213684,0.14881828427314758,-0.8910540342330933,-0.09943843632936478,0.010714051313698292,0.10976830869913101,0.016332065290614407,0.03617953859024164,1.5067752657699367,0.06761863827705383,-1.0,-1.0,-1.0,1.0,-0.14433756,-0.14433756,0.14433756
670,22.8189,0.3100090026855469,0.14760464429855347,-0.8867578506469727,-0.10455603152513504,-0.0006400324637070298,0.11953714489936829,0.014923822116586036,0.034568858762961716,1.5068387821619351,0.06225326657295227,-0.7933536171913147,-1.0,-1.0,1.0,-0.12231442,-0.1541739,0.1541739
671,22.8533,0.30478668212890625,0.14545723795890808,-0.8809351921081543,-0.11051931977272034,-0.014734417200088501,0.12951123714447021,0.014034597830095082,0.0333359046438229,1.5068730037819427,0.05493047833442688,-0.3566502332687378,-1.0,-1.0,1.0,-0.06113338,-0.1714099,0.1714099
672,22.8871,0.30044278502464294,0.1433285027742386,-0.8761599063873291,-0.11477921158075333,-0.025356994941830635,0.13687296211719513,0.012756371012722218,0.03147449860288502,1.5069656817878774,0.04882930591702461,0.011296626180410385,-1.0,-1.0,1.0,0.0019969167,-0.17677106,0.17677106
673,22.9212,0.29590731859207153,0.1408674120903015,-0.8712998628616333,-0.11873342096805573,-0.03551934286952019,0.1448860466480255,0.011370373556174413,0.030062806843304455,1.5070242713318591,0.04257919639348984,0.3986678123474121,-1.0,-1.0,1.0,0.06783148,-0.17014536,0.17014536
674,22.9554,0.2912102937698364,0.13807538151741028,-0.86635422706604,-0.12247910350561142,-0.04514459893107414,0.15330278873443604,0.009552233479977317,0.02891597477651068,1.507070743492881,0.03628478944301605,0.8075525760650635,-0.9898793697357178,-1.0,1.0,0.1244422,-0.15253839,0.15409794
675,22.9895,0.28639402985572815,0.13497014343738556,-0.8612662553787231,-0.12538090348243713,-0.054561592638492584,0.1602187603712082,0.005592031795840027,0.027392267964767857,1.507148374638657,0.03012123331427574,1.0,-0.46462109684944153,-1.0,1.0,0.16794519,-0.078030884,0.16794519
676,23.0235,0.2815200090408325,0.13159362971782684,-0.8561170101165771,-0.12728141248226166,-0.06356930732727051,0.16426201164722443,0.0012236564620128085,0.026024703536093145,1.5072116247145462,0.02453705295920372,1.0,0.08789017796516418,-1.0,1.0,0.17643629,0.015507017,0.17643629
677,23.0574,0.27541080117225647,0.12705790996551514,-0.8497148752212524,-0.1278802752494812,-0.07436155527830124,0.16698907315731049,-0.0033245914766113437,0.02458551671885211,1.5072695484682554,0.01957133784890175,1.0,0.7785776853561401,-1.0,1.0,0.1548594,0.12057006,0.1548594
678,23.0917,0.270592600107193,0.12321209907531738,-0.8445444107055664,-0.1265479177236557,-0.08234504610300064,0.17016936838626862,-0.010465545850468577,0.021319480456411587,1.5073694170091334,0.018508318811655045,1.0,1.0,-1.0,1.0,0.14433756,0.14433756,0.14433756
679,23.126,0.26590174436569214,0.11917039006948471,-0.8393639326095581,-0.12337923049926758,-0.08978923410177231,0.17222829163074493,-0.017183701555032415,0.015590294824135178,1.5075169561335238,0.020578794181346893,1.0,1.0,-0.9652813673019409,1.0,0.14600751,0.14600751,0.14093833
680,23.1604,0.26139187812805176,0.11495915800333023,-0.8342612981796265,-0.1184222549200058,-0.09606116265058517,0.1717578023672104,-0.021682612874016897,0.009331685250718626,1.5076691557898219,0.024964308366179466,1.0,1.0,-0.6049795150756836,1.0,0.16252966,0.16252966,0.098327115
681,23.1945,0.2571048140525818,0.11065499484539032,-0.8292491436004639,-0.11163347214460373,-0.10047298669815063,0.16970311105251312,-0.02479549656783185,0.003243966875352447,1.5078146975433946,0.03060116246342659,1.0,1.0,-0.224399596452713,1.0,0.17459245,0.17459245,0.039178476
682,23.2283,0.2531484365463257,0.1063353419303894,-0.8243467807769775,-0.1035081297159195,-0.10287627577781677,0.1655866801738739,-0.028137807428367932,-0.005433214288262881,1.5080352072816532,0.03673506900668144,1.0,1.0,0.1538659632205963,1.0,0.1757396,0.1757396,-0.027040344
683,23.2624,0.24878400564193726,0.10098570585250854,-0.8186781406402588,-0.0913269966840744,-0.1025710180401802,0.15071320533752441,-0.030134760046412433,-0.01199536440885367,1.508193399050404,0.044316671788692474,1.0,1.0,0.7326141595840454,1.0,0.15696521,0.15696521,-0.11499494
684,23.2974,0.24578234553337097,0.09684199839830399,-0.8146429061889648,-0.08040934801101685,-0.09978567808866501,0.13114309310913086,-0.03147008774232958,-0.017252625412400427,1.5083051186581327,0.049990393221378326,1.0,1.0,1.0,1.0,0.14433756,0.14433756,-0.14433756
685,23.3311,0.24321265518665314,0.0929078534245491,-0.8113843202590942,-0.06846495717763901,-0.09480211138725281,0.10261707752943039,-0.03270137114400329,-0.023643146764154566,1.5084197677430606,0.054983723908662796,1.0,1.0,1.0,1.0,0.14433756,0.14433756,-0.14433756
686,23.3647,0.2410954385995865,0.08924729377031326,-0.8092259168624878,-0.055699851363897324,-0.08776314556598663,0.06546857208013535,-0.03295321255636771,-0.027532891192702448,1.5084420051381628,0.05900264158844948,1.0,1.0,1.0,1.0,0.14433756,0.14433756,-0.14433756
687,23.3987,0.23842164874076843,0.08303498476743698,-0.8088260889053345,-0.02963249385356903,-0.06949146836996078,-0.004763990640640259,-0.03237943449951014,-0.03083165728882113,1.5083910056032879,0.06343934684991837,1.0,1.0,1.0,1.0,0.14433756,0.14433756,-0.14433756
688,23.4331,0.23842164874076843,0.08303498476743698,-0.8088260889053345,-0.02963249385356903,-0.06949146836996078,-0.004763990640640259,-0.031540965278028514,-0.03226418204214776,1.5082941996976635,0.06343934684991837,1.0,1.0,1.0,1.0,0.14433756,0.14433756,-0.14433756
689,23.4673,0.23773108422756195,0.07826835662126541,-0.8137086629867554,-0.0019143040990456939,-0.04560296609997749,-0.06028393656015396,-0.029973445305164687,-0.03329293204292095,1.5081529190018348,0.06335826218128204,1.0,1.0,1.0,1.0,0.14433756,0.14433756,-0.14433756
690,23.5016,0.2380516529083252,0.07697667181491852,-0.8172180652618408,0.009316908195614815,-0.03466949239373207,-0.07792775332927704,-0.0284910195709127,-0.03349565477793022,1.5079895340689584,0.062049586325883865,1.0,1.0,1.0,1.0,0.14433756,0.14433756,-0.14433756
691,23.5351,0.23870378732681274,0.07619743049144745,-0.8214232921600342,0.02016999013721943,-0.0237205121666193,-0.09228168427944183,-0.02713260559729593,-0.03328914328015139,1.5078471881086937,0.060132622718811035,1.0,1.0,1.0,1.0,0.14433756,0.14433756,-0.14433756
692,23.5699,0.2396552413702011,0.0759120061993599,-0.8260877132415771,0.030145132914185524,-0.012881927192211151,-0.10403023660182953,-0.025138530441585472,-0.03254326259903665,1.507626678370435,0.057806603610515594,1.0,1.0,1.0,1.0,0.14433756,0.14433756,-0.14433756
693,23.6035,0.24089716374874115,0.07604946941137314,-0.8310600519180298,0.039461053907871246,-0.0022618432994931936,-0.11345887929201126,-0.02353366587621709,-0.03166843706748624,1.5074494449998903,0.055234987288713455,1.0,1.0,1.0,1.0,0.14433756,0.14433756,-0.14433756
694,23.6378,0.24278868734836578,0.07684274762868881,-0.8376015424728394,0.050177689641714096,0.010697482153773308,-0.12255667895078659,-0.022187858225291564,-0.030722423991641247,1.5073007074530094,0.051847510039806366,1.0,1.0,1.0,1.0,0.14433756,0.14433756,-0.14433756
695,23.6721,0.24451525509357452,0.07798220962285995,-0.8429982662200928,0.058079794049263,0.02056381106376648,-0.12831825017929077,-0.02031424949701516,-0.029225877261828032,1.50710323405818,0.04915923252701759,1.0,1.0,1.0,1.0,0.14433756,0.14433756,-0.14433756
696,23.7064,0.24637514352798462,0.07957535982131958,-0.8484548330307007,0.06529265642166138,0.03020283952355385,-0.13281811773777008,-0.01855259132246836,-0.027552134612172874,1.5069273322681802,0.04664255306124687,1.0,1.0,1.0,1.0,0.14433756,0.14433756,-0.14433756
697,23.7401,0.24839644134044647,0.08164432644844055,-0.8539100885391235,0.07201933860778809,0.039467860013246536,-0.13624462485313416,-0.01720746922746407,-0.026183092961331006,1.5067955057942213,0.04436875134706497,1.0,1.0,1.0,1.0,0.14433756,0.14433756,-0.14433756
698,23.7736,0.25060221552848816,0.08422643691301346,-0.8593301773071289,0.07813993841409683,0.04840366169810295,-0.13909846544265747,-0.016116769522427517,-0.024943682757143346,1.5067088199007392,0.04241957515478134,1.0,1.0,1.0,1.0,0.14433756,0.14433756,-0.14433756
699,23.8072,0.25297388434410095,0.08730753511190414,-0.8647060394287109,0.08379575610160828,0.057120900601148605,-0.14120225608348846,-0.014687831714194088,-0.023174232755813467,1.5066153429464775,0.040971409529447556,1.0,1.0,1.0,1.0,0.14433756,0.14433756,-0.14433756
700,23.8412,0.25616341829299927,0.09179501235485077,-0.8713853359222412,0.0905051901936531,0.06744672358036041,-0.14323602616786957,-0.013622835674866001,-0.0217794479079657,1.5065563539283322,0.04018942266702652,1.0,1.0,1.0,1.0,0.14433756,0.14433756,-0.14433756
701,23.8754,0.258887380361557,0.09580487012863159,-0.8766707181930542,0.09548382461071014,0.07533542066812515,-0.14430616796016693,-0.012744198494005415,-0.02054403244541316,1.5065033570226396,0.04061161354184151,0.799433171749115,1.0,1.0,1.0,0.1230254,0.15389079,-0.15389079
702,23.9112,0.26172882318496704,0.10022015124559402,-0.8819019794464111,0.09986575692892075,0.08291487395763397,-0.14524869620800018,-0.011566703664270196,-0.018813780846377883,1.5064443680044943,0.042073700577020645,0.4737066924571991,1.0,1.0,1.0,0.07940416,0.16762306,-0.16762306
703,23.9452,0.26466795802116394,0.1050041913986206,-0.887120246887207,0.10391383618116379,0.09009980410337448,-0.14714835584163666,-0.01062688243795964,-0.017508234781588392,1.5064142742841764,0.0446460023522377,0.13047479093074799,1.0,0.6443458795547485,1.0,0.027256116,0.20889948,-0.13460353
704,23.9789,0.26770439743995667,0.1101260557770729,-0.892389178276062,0.10758043080568314,0.09692742675542831,-0.15063011646270752,-0.009111057958865073,-0.016046597308298532,1.5063965642629276,0.048334404826164246,-0.2248593270778656,0.9002492427825928,0.2583979070186615,1.0,-0.05836177,0.2336578,-0.06706663
705,24.0126,0.2708335518836975,0.11556006968021393,-0.8977389335632324,0.11086762696504593,0.1033686101436615,-0.15209905803203583,-0.007560920833749168,-0.015255275400787013,1.5063932353115648,0.05306290462613106,-0.5828095078468323,0.22968611121177673,-0.16446378827095032,1.0,-0.22496538,0.0886592,0.063483275
706,24.0463,0.2748417854309082,0.1227460503578186,-0.904273271560669,0.11407352238893509,0.11106062680482864,-0.14379169046878815,-0.004109473163607858,-0.014767550736652627,1.5064451669528214,0.05997879058122635,-1.0,-0.6606055498123169,-0.7967785596847534,1.0,-0.17370933,-0.11475335,0.13840787
707,24.0805,0.2781183123588562,0.12877434492111206,-0.9090348482131958,0.11547631770372391,0.1169791892170906,-0.12360314279794693,0.00017356524975281883,-0.01456903600422514,1.5064528901199827,0.0658297911286354,-1.0,-1.0,-1.0,1.0,-0.14433756,-0.14433756,0.14433756
708,24.1144,0.28150928020477295,0.13499464094638824,-0.9129265546798706,0.11568504571914673,0.12282822281122208,-0.09241101145744324,0.005253516973561134,-0.013490173842174527,1.506463809080452,0.07143030315637589,-1.0,-1.0,-1.0,1.0,-0.14433756,-0.14433756,0.14433756
709,24.1493,0.28492459654808044,0.14131543040275574,-0.915597677230835,0.11420739442110062,0.1281624138355255,-0.05555729568004608,0.013189637153456387,-0.008618908390161682,1.50652612704996,0.07640530169010162,-1.0,-1.0,-1.0,1.0,-0.14433756,-0.14433756,0.14433756
710,24.1833,0.28828930854797363,0.1477333903312683,-0.9169844388961792,0.11077414453029633,0.13241039216518402,-0.021029215306043625,0.018609054498767246,-0.0023345621215973625,1.5066387787640703,0.08071308583021164,-1.0,-1.0,-1.0,1.0,-0.14433756,-0.14433756,0.14433756
711,24.2179,0.2914983928203583,0.15424908697605133,-0.9171627759933472,0.10562822222709656,0.13500061631202698,0.008756913244724274,0.024063014915951576,0.006500238907327551,1.5068445079582788,0.08446121215820312,-1.0,-1.0,-1.0,1.0,-0.14433756,-0.14433756,0.14433756
712,24.2514,0.2951454222202301,0.16246464848518372,-0.9159187078475952,0.0970989242196083,0.13540051877498627,0.03985927626490593,0.02703631359853815,0.012604880839183343,1.5070000365659395,0.08858869969844818,-1.0,-1.0,-1.0,1.0,-0.14433756,-0.14433756,0.14433756
713,24.2854,0.2976769804954529,0.16902855038642883,-0.9138697385787964,0.08884887397289276,0.1335631012916565,0.06041771173477173,0.02966500755844688,0.019051802949398317,1.507184859945591,0.09155116975307465,-1.0,-1.0,-1.0,1.0,-0.14433756,-0.14433756,0.14433756
714,24.3192,0.2998166084289551,0.17546555399894714,-0.9110820293426514,0.07946080714464188,0.12969788908958435,0.07802052050828934,0.031920174450120575,0.025960523434416835,1.5073855291337284,0.09431778639554977,-1.0,-1.0,-1.0,1.0,-0.14433756,-0.14433756,0.14433756
715,24.3533,0.3015481233596802,0.18165132403373718,-0.9076852798461914,0.06928686052560806,0.12408266216516495,0.09286544471979141,0.032939536808051235,0.029991446609657944,1.5075076350697085,0.09690345823764801,-1.0,-1.0,-1.0,1.0,-0.14433756,-0.14433756,0.14433756
716,24.3874,0.3029036819934845,0.18748284876346588,-0.9037661552429199,0.05867520347237587,0.11697746813297272,0.10527440160512924,0.03364570309941017,0.03450684039907649,1.5076477173430467,0.0992918387055397,-1.0,-1.0,-1.0,1.0,-0.14433756,-0.14433756,0.14433756
717,24.4214,0.3039257228374481,0.19289201498031616,-0.8994433879852295,0.04773307964205742,0.10857749730348587,0.11586547642946243,0.033732316172081195,0.03720882122323284,1.507725481646877,0.10149600356817245,-1.0,-1.0,-1.0,1.0,-0.14433756,-0.14433756,0.14433756
718,24.4555,0.30468645691871643,0.19899164140224457,-0.8935599327087402,0.0337955467402935,0.09663555026054382,0.12687596678733826,0.03350863352705515,0.03892823708558286,1.5077679590662638,0.10394319891929626,-0.9958719611167908,-1.0,-1.0,1.0,-0.14393952,-0.14453618,0.14453618
719,24.4895,0.3048517405986786,0.20328225195407867,-0.8885092735290527,0.022663408890366554,0.08616399019956589,0.13412442803382874,0.03279713675232686,0.04048280743764617,1.5078134991209042,0.10559424757957458,-0.8578737378120422,-1.0,-1.0,1.0,-0.12966105,-0.15114234,0.15114234
720,24.5234,0.304637610912323,0.2070721983909607,-0.8832075595855713,0.011577433906495571,0.07509119808673859,0.14016781747341156,0.03197275731748743,0.04109894640059282,1.5078366686223879,0.10700501501560211,-0.7146393656730652,-1.0,-1.0,1.0,-0.11275316,-0.15777631,0.15777631
721,24.5574,0.30407577753067017,0.21033021807670593,-0.8776429891586304,0.0008443247643299401,0.06367024779319763,0.14541395008563995,0.03108209846101866,0.04124229936864474,1.507855443908073,0.10814511775970459,-0.5638152360916138,-1.0,-1.0,1.0,-0.09258287,-0.16420782,0.16420782
722,24.5914,0.30318087339401245,0.2130100280046463,-0.8718974590301514,-0.009567941538989544,0.051989391446113586,0.15066558122634888,0.029475282297913952,0.040917468617060734,1.5078515823244922,0.10899879038333893,-0.40150564908981323,-1.0,-1.0,1.0,-0.068278424,-0.17005596,0.17005596
723,24.6255,0.30192092061042786,0.21509277820587158,-0.8660147190093994,-0.019546477124094963,0.04029744863510132,0.15649504959583282,0.027192206310254062,0.040280985600099406,1.507875284458194,0.1095508337020874,-0.22320811450481415,-1.0,-1.0,1.0,-0.038975522,-0.17461516,0.17461516
724,24.6592,0.2998732030391693,0.21689017117023468,-0.8585399389266968,-0.03146161511540413,0.025576189160346985,0.16360178589820862,0.024960121535090782,0.03958450239601643,1.5079007176466042,0.10987301915884018,0.021834295243024826,-1.0,-1.0,1.0,0.0038593346,-0.17675564,0.17675564
725,24.6937,0.2978845536708832,0.21772293746471405,-0.8523541688919067,-0.04003284126520157,0.01391087006777525,0.16891859471797943,0.022663771353872528,0.03887681310940911,1.507924952412524,0.10988393425941467,0.23289211094379425,-1.0,-0.8332692384719849,1.0,0.044030383,-0.18905915,0.15753718
726,24.7273,0.2956652045249939,0.21806614100933075,-0.8460110425949097,-0.04777795821428299,0.002430612687021494,0.17422130703926086,0.01872726764224774,0.03771927014160617,1.507964899828875,0.10977108031511307,0.4583609104156494,-1.0,-0.6130510568618774,1.0,0.0909926,-0.19851737,0.121701285
727,24.7614,0.29324105381965637,0.217911034822464,-0.8395355939865112,-0.05467268452048302,-0.009015664458274841,0.1781449168920517,0.0149379961673096,0.036685530874978285,1.5079915314397758,0.10956313461065292,0.6929280161857605,-1.0,-0.3698371648788452,1.0,0.13623312,-0.19660501,0.07271184
728,24.7954,0.2906482517719269,0.21725478768348694,-0.8329890966415405,-0.060480132699012756,-0.020392999053001404,0.17778290808200836,0.01114719649563657,0.03576822584344651,1.5080381367588522,0.10929123312234879,0.9305029511451721,-1.0,-0.08284829556941986,1.0,0.16999014,-0.18268628,0.015135247
729,24.8293,0.2879113256931305,0.21610045433044434,-0.8265825510025024,-0.06514745205640793,-0.031781069934368134,0.1707090139389038,0.004959217387310012,0.034472161048256615,1.5081037836797229,0.10895451158285141,1.0,-1.0,0.2581672966480255,1.0,0.17390278,-0.17390278,-0.04489601
730,24.8635,0.2844345271587372,0.21399755775928497,-0.819257378578186,-0.0687958151102066,-0.046195272356271744,0.15063290297985077,-0.0005511446335767073,0.03324704036779292,1.5081659684911761,0.10836446285247803,1.0,-1.0,0.749472975730896,1.0,0.15619785,-0.15619785,-0.11706607
731,24.8973,0.28167131543159485,0.21176224946975708,-0.8141770362854004,-0.0696060061454773,-0.05767219141125679,0.12744750082492828,-0.005494063357981989,0.03197588653176828,1.508229085409011,0.10759475827217102,1.0,-1.0,1.0,1.0,0.14433756,-0.14433756,-0.14433756
732,24.931,0.2790086269378662,0.20905466377735138,-0.8100513219833374,-0.0683400109410286,-0.06918542832136154,0.09708482027053833,-0.012215894953058247,0.029812763064675837,1.508328953949889,0.10640355944633484,1.0,-1.0,1.0,1.0,0.14433756,-0.14433756,-0.14433756
733,24.9655,0.27651897072792053,0.20589761435985565,-0.8071573972702026,-0.06503342092037201,-0.08031824976205826,0.060224682092666626,-0.016737404650308273,0.027701392307704204,1.5084075172020464,0.10460541397333145,1.0,-1.0,1.0,1.0,0.14433756,-0.14433756,-0.14433756
734,24.9991,0.27252086997032166,0.1982741802930832,-0.8052381277084351,-0.053073350340127945,-0.10080240666866302,-0.008296459913253784,-0.021065331664633962,0.024684860949890475,1.5085242968158463,0.09870102256536484,1.0,-1.0,1.0,1.0,0.14433756,-0.14433756,-0.14433756
735,25.0336,0.27252086997032166,0.1982741802930832,-0.8052381277084351,-0.053073350340127945,-0.10080240666866302,-0.008296459913253784,-0.02325463733419324,0.022480015319251662,1.5085976669038779,0.09870102256536484,1.0,-1.0,1.0,1.0,0.14433756,-0.14433756,-0.14433756
736,25.0673,0.26998111605644226,0.1882428377866745,-0.8082350492477417,-0.03445040434598923,-0.11901191622018814,-0.06260765343904495,-0.025418624248045352,0.019467742938587457,1.508702861766936,0.08872786909341812,1.0,-1.0,1.0,1.0,0.14433756,-0.14433756,-0.14433756
737,25.1014,0.26962965726852417,0.18354159593582153,-0.8108940124511719,-0.025225572288036346,-0.12566880881786346,-0.07996058464050293,-0.026410166975557692,0.01720523883005113,1.5087907460829086,0.08344908803701401,1.0,-1.0,1.0,1.0,0.14433756,-0.14433756,-0.14433756
738,25.1353,0.269712895154953,0.17879082262516022,-0.8140931129455566,-0.015663035213947296,-0.1314220428466797,-0.09402476251125336,-0.026878542109896972,0.015383581508679987,1.5088614530098503,0.07784701138734818,1.0,-1.0,1.0,1.0,0.14433756,-0.14433756,-0.14433756
739,25.1709,0.27026131749153137,0.17401419579982758,-0.8177489042282104,-0.006068740040063858,-0.13620969653129578,-0.10542374104261398,-0.02695692851151317,0.013069421437671829,1.5089153820219243,0.07197882235050201,1.0,-1.0,1.0,1.0,0.14433756,-0.14433756,-0.14433756
740,25.2053,0.27120161056518555,0.1692570298910141,-0.8217699527740479,0.003494932083413005,-0.14016827940940857,-0.1146983876824379,-0.026658248753476978,0.011439272446407205,1.5089244367696306,0.0659545436501503,1.0,-1.0,1.0,1.0,0.14433756,-0.14433756,-0.14433756
741,25.2391,0.27300751209259033,0.16333715617656708,-0.8273040056228638,0.015406563878059387,-0.1443110555410385,-0.12383490800857544,-0.02589478288678931,0.009662419689484744,1.5089068599064361,0.05825737491250038,1.0,-0.6812962293624878,1.0,1.0,0.15925944,-0.10850286,-0.15925944
742,25.2735,0.27497515082359314,0.15858954191207886,-0.8320903778076172,0.02462007850408554,-0.1469820737838745,-0.12968619167804718,-0.025190241539814247,0.00862473093415433,1.5088741030250281,0.0520453155040741,0.7114975452423096,-0.15235856175422668,1.0,1.0,0.14382915,-0.030799268,-0.2021499
743,25.3073,0.27736860513687134,0.1538335382938385,-0.8370932340621948,0.03385954350233078,-0.14917798340320587,-0.13674496114253998,-0.02407397132712373,0.007174692775768525,1.5088079234719398,0.045965757220983505,0.36699771881103516,0.3483692705631256,1.0,1.0,0.08186536,0.07770996,-0.22306778
744,25.3412,0.28014686703681946,0.1490422785282135,-0.8423982858657837,0.04295351728796959,-0.1509121209383011,-0.14858785271644592,-0.02308799835135994,0.005568569970814809,1.5087577228853917,0.04020613431930542,-0.012358535081148148,0.8354036808013916,1.0,1.0,-0.0023709997,0.1602732,-0.19185118
745,25.3754,0.2833065390586853,0.1442023068666458,-0.8481627702713013,0.0517953522503376,-0.15213270485401154,-0.162276491522789,-0.02196309367107268,0.0034194057330533194,1.5087432086574508,0.03516247868537903,-0.4284617304801941,1.0,1.0,1.0,-0.07248824,0.16918254,-0.16918254
746,25.4091,0.2868465483188629,0.139372318983078,-0.8543399572372437,0.06021643802523613,-0.15254813432693481,-0.17289046943187714,-0.019192806926145004,-0.0014798031447566425,1.5087211044204032,0.031619295477867126,-0.9107632040977478,1.0,1.0,1.0,-0.13536033,0.14862297,-0.14862297
747,25.4432,0.2916938364505768,0.13343481719493866,-0.8625204563140869,0.06969303637742996,-0.15102070569992065,-0.17986953258514404,-0.015340442460209908,-0.0069471922396485055,1.5087285612714554,0.030648155137896538,-1.0,1.0,1.0,1.0,-0.14433756,0.14433756,-0.14433756
748,25.4783,0.29580777883529663,0.12885478138923645,-0.8692256212234497,0.0757683739066124,-0.1474953591823578,-0.18077968060970306,-0.008614343045457069,-0.01439785300278189,1.5087193733656945,0.033048078417778015,-1.0,1.0,1.0,1.0,-0.14433756,0.14433756,-0.14433756
749,25.5124,0.3000265061855316,0.12446729093790054,-0.875943660736084,0.08006313443183899,-0.14192229509353638,-0.17888323962688446,-0.0030002670897385057,-0.019151654845519474,1.5086740996271633,0.037697259336709976,-1.0,1.0,0.46948370337486267,1.0,-0.16777334,0.16777334,-0.07876685
750,25.5464,0.3042753338813782,0.12041369080543518,-0.8826125860214233,0.08237341046333313,-0.1346086710691452,-0.17625084519386292,0.005353476020304277,-0.02460526364221613,1.5085382784115693,0.043812643736600876,-1.0,1.0,-0.10577979683876038,1.0,-0.17628425,0.17628425,0.018647311
751,25.5802,0.30853071808815,0.11672452837228775,-0.8891118764877319,0.08267097175121307,-0.12567007541656494,-0.16872213780879974,0.011726939617216998,-0.028022681887276246,1.5084531904147411,0.050667211413383484,-1.0,1.0,-0.7062828540802002,1.0,-0.15815072,0.15815072,0.111699134
752,25.6143,0.31275519728660583,0.11344295740127563,-0.8951936960220337,0.08104145526885986,-0.11594356596469879,-0.15273606777191162,0.01696518190551031,-0.03046130520794818,1.5083693008404038,0.0576477125287056,-1.0,1.0,-1.0,1.0,-0.14433756,0.14433756,0.14433756
753,25.6481,0.3178809583187103,0.10994971543550491,-0.9017481803894043,0.0769919753074646,-0.1030118390917778,-0.11289656907320023,0.02355080165335607,-0.033165601733896134,1.5082340122570277,0.06576766073703766,-1.0,1.0,-1.0,1.0,-0.14433756,0.14433756,0.14433756
754,25.6824,0.3217533230781555,0.10767588019371033,-0.905549168586731,0.07240836322307587,-0.09188827127218246,-0.07371734082698822,0.02779798807327382,-0.034535327900361935,1.5081747569227735,0.0710756853222847,-1.0,1.0,-1.0,1.0,-0.14433756,0.14433756,0.14433756
755,25.7162,0.32532092928886414,0.10586848109960556,-0.9079807996749878,0.06645461171865463,-0.08044512569904327,-0.03607868775725365,0.030625145791042297,-0.0351769791143137,1.508143997412183,0.07514818757772446,-1.0,1.0,-1.0,1.0,-0.14433756,0.14433756,0.14433756
756,25.7504,0.32859477400779724,0.10459398478269577,-0.9091454744338989,0.05948719009757042,-0.06832653284072876,-0.0032892164308577776,0.033513071435340415,-0.03531180164449896,1.5081494568924176,0.07806135714054108,-1.0,1.0,-1.0,1.0,-0.14433756,0.14433756,0.14433756
757,25.7844,0.3315572142601013,0.10384548455476761,-0.9090951681137085,0.051650796085596085,-0.05596596375107765,0.024735545739531517,0.03498846475983892,-0.03489682289001577,1.5081967280017665,0.07985541224479675,-1.0,1.0,-1.0,1.0,-0.14433756,0.14433756,0.14433756
758,25.8183,0.3341975212097168,0.10362489521503448,-0.9079500436782837,0.04314156249165535,-0.04349643737077713,0.048579275608062744,0.035982231642980395,-0.03391147201203787,1.508329752898216,0.08064308762550354,-1.0,1.0,-1.0,1.0,-0.14433756,0.14433756,0.14433756
759,25.8524,0.3368861675262451,0.1041017547249794,-0.9051598310470581,0.03176862746477127,-0.027780620381236076,0.07317908108234406,0.03623487408426644,-0.03298166676813953,1.508431485651857,0.08029968291521072,-1.0,1.0,-1.0,1.0,-0.14433756,0.14433756,0.14433756
760,25.8866,0.3384844958782196,0.10506422072649002,-0.9020751714706421,0.022360166534781456,-0.01537320762872696,0.089610256254673,0.03606699506705057,-0.031428569477054163,1.5086181732442716,0.07913769036531448,-1.0,1.0,-1.0,1.0,-0.14433756,0.14433756,0.14433756
761,25.9205,0.3395806849002838,0.10657278448343277,-0.8983877897262573,0.012918390333652496,-0.0030966035556048155,0.10339266061782837,0.035591520943930546,-0.03002361676338826,1.5087719707972236,0.077328622341156,-1.0,1.0,-1.0,1.0,-0.14433756,0.14433756,0.14433756
762,25.9549,0.34021899104118347,0.10859399288892746,-0.8943135738372803,0.003156935563310981,0.008879509754478931,0.11480797082185745,0.03495785921324902,-0.028704609251526257,1.5089264341404482,0.07509756833314896,-1.0,0.9768805503845215,-1.0,1.0,-0.14544976,0.14208704,0.14544976
763,25.9896,0.34042879939079285,0.1110067367553711,-0.8898442983627319,-0.00635249400511384,0.02038993313908577,0.12450762838125229,0.03379923641684784,-0.026726538029491497,1.5091493407236878,0.07251687347888947,-1.0,0.6408971548080444,-1.0,1.0,-0.16101412,0.1031935,0.16101412
764,26.0233,0.3401571214199066,0.11376402527093887,-0.8850225210189819,-0.015685295686125755,0.03137684240937233,0.1325814425945282,0.03269905752280628,-0.025086888002978553,1.509353871495406,0.06963705271482468,-1.0,0.26150456070899963,-1.0,1.0,-0.17382985,0.0454573,0.17382985
765,26.0574,0.33916786313056946,0.11764515936374664,-0.8784643411636353,-0.027259375900030136,0.044296253472566605,0.142232283949852,0.03169064741485858,-0.023543546619980205,1.5095131285285928,0.06575178354978561,-1.0,-0.2837722599506378,-1.0,1.0,-0.17332187,-0.04918394,0.17332187
766,26.0915,0.33790123462677,0.12101378291845322,-0.8729039430618286,-0.03616642951965332,0.053823474794626236,0.15046636760234833,0.030314671142209496,-0.020721365684498814,1.5097730530509845,0.06264197826385498,-1.0,-0.7720246315002441,-1.0,1.0,-0.15516216,-0.119789004,0.15516216
767,26.1254,0.3362271189689636,0.12458199262619019,-0.8670594692230225,-0.04492417722940445,0.0625353455543518,0.1586669385433197,0.029317107173920057,-0.017466512618042017,1.510009408597729,0.05968892201781273,-1.0,-1.0,-1.0,1.0,-0.14433756,-0.14433756,0.14433756
768,26.1595,0.33414050936698914,0.1283319592475891,-0.8609670400619507,-0.05348261445760727,0.07040619850158691,0.16487331688404083,0.02800101041390573,-0.011660545762884562,1.510365073761309,0.05707646533846855,-1.0,-1.0,-1.0,1.0,-0.14433756,-0.14433756,0.14433756
769,26.1934,0.3316107988357544,0.1322539746761322,-0.8547519445419312,-0.06210021674633026,0.0769338384270668,0.16694718599319458,0.026829404707190408,-0.006525309031979824,1.5106084866849423,0.05500752106308937,-1.0,-1.0,-1.0,1.0,-0.14433756,-0.14433756,0.14433756
770,26.2271,0.3286743760108948,0.13635408878326416,-0.8484972715377808,-0.07063670456409454,0.08156166970729828,0.16704832017421722,0.024795945976265804,0.0015310696459264808,1.5109681465901574,0.05372588336467743,-1.0,-1.0,-0.9808566570281982,1.0,-0.14525853,-0.14525853,0.1424778
771,26.2614,0.32453423738479614,0.14160145819187164,-0.8406760692596436,-0.08079279214143753,0.08451933413743973,0.16623945534229279,0.02301023820871883,0.007865906353874233,1.5112312669058574,0.05349792540073395,-1.0,-1.0,-0.40586861968040466,1.0,-0.16991754,-0.16991754,0.0689642
772,26.2953,0.3208954334259033,0.14581656455993652,-0.8345053195953369,-0.08849884569644928,0.084556944668293,0.16555918753147125,0.021425931998609097,0.01296229370222879,1.5114226150301795,0.05448726937174797,-1.0,-1.0,0.02493518590927124,1.0,-0.17674923,-0.17674923,-0.004407275
773,26.3292,0.3169553875923157,0.14994929730892181,-0.8284411430358887,-0.0959181860089302,0.08245769888162613,0.15961280465126038,0.01935707819232166,0.019363681999587216,1.5116817406042442,0.056412823498249054,-1.0,-1.0,0.47311797738075256,1.0,-0.16764407,-0.16764407,-0.079315424
774,26.3634,0.3127523958683014,0.15387335419654846,-0.8227438926696777,-0.10288302600383759,0.07834667712450027,0.14467966556549072,0.018017716223471963,0.02380718708433044,1.5118195591906558,0.05901262164115906,-0.5754451155662537,-1.0,0.927131175994873,1.0,-0.0971967,-0.16890699,-0.15659893
775,26.3973,0.30834120512008667,0.15750673413276672,-0.817730188369751,-0.1095697283744812,0.07238137722015381,0.11956422030925751,0.017045346175213597,0.027148994440972924,1.5119264851084224,0.06192692741751671,-0.14897702634334564,-1.0,1.0,1.0,-0.026190748,-0.17580394,-0.17580394
776,26.4311,0.30379366874694824,0.16079431772232056,-0.8137608766555786,-0.11618313193321228,0.06457000970840454,0.08447980880737305,0.015469370665888767,0.030871721218470007,1.512047392621912,0.06474632024765015,0.2773151099681854,-1.0,1.0,1.0,0.048106678,-0.17347299,-0.17347299
777,26.4653,0.29799503087997437,0.16425712406635284,-0.8106584548950195,-0.12378915399312973,0.05302393063902855,0.03253570571541786,0.013363943127396674,0.03299949538328085,1.512131947986522,0.06752656400203705,0.7754900455474854,-1.0,1.0,1.0,0.120202616,-0.15500215,-0.15500215
778,26.5015,0.2885170578956604,0.16812396049499512,-0.810362696647644,-0.1335141509771347,0.031695593148469925,-0.0391981266438961,0.00917928273644694,0.034640429136662994,1.5121970622751746,0.0694066509604454,1.0,-1.0,1.0,1.0,0.14433756,-0.14433756,-0.14433756
779,26.5353,0.2837580740451813,0.16924752295017242,-0.8119838237762451,-0.13614550232887268,0.020447613671422005,-0.06451354175806046,0.005108210847326938,0.03513979888878267,1.512225957573002,0.06929474323987961,1.0,-1.0,1.0,1.0,0.14433756,-0.14433756,-0.14433756
780,26.5694,0.2790812849998474,0.1698211431503296,-0.814473032951355,-0.1368301659822464,0.009225258603692055,-0.08328846096992493,-0.002165443200036087,0.03486929246224708,1.512265638673244,0.06866985559463501,1.0,-1.0,1.0,1.0,0.14433756,-0.14433756,-0.14433756
781,26.6034,0.2745395302772522,0.1698446273803711,-0.8176004886627197,-0.13537929952144623,-0.0019224381539970636,-0.09778957068920135,-0.008467979457016595,0.033909129262516435,1.5123079829345765,0.06767363101243973,1.0,-1.0,1.0,1.0,0.14433756,-0.14433756,-0.14433756
782,26.6374,0.2691881060600281,0.1691320389509201,-0.8221327066421509,-0.13047756254673004,-0.015535433776676655,-0.11171208322048187,-0.013782636783541065,0.03272702279484672,1.51234326981902,0.06607965379953384,1.0,-1.0,1.0,1.0,0.14433756,-0.14433756,-0.14433756
783,26.6714,0.26529213786125183,0.16802439093589783,-0.8261796236038208,-0.12426620721817017,-0.026023657992482185,-0.12029282003641129,-0.0204744053470698,0.030752028772227758,1.512398530411639,0.06460139155387878,1.0,-1.0,1.0,1.0,0.14433756,-0.14433756,-0.14433756
784,26.7056,0.2618025839328766,0.16649705171585083,-0.8305001258850098,-0.11654331535100937,-0.03595425933599472,-0.12713278830051422,-0.025789731584758693,0.028605995309193066,1.512450062578732,0.06302131712436676,1.0,-1.0,1.0,1.0,0.14433756,-0.14433756,-0.14433756
785,26.7397,0.25879812240600586,0.16458658874034882,-0.8350178003311157,-0.10737261921167374,-0.04546213895082474,-0.13249777257442474,-0.029024981288878985,0.0269052174132844,1.5125114484418585,0.06136814132332802,1.0,-1.0,1.0,1.0,0.14433756,-0.14433756,-0.14433756
786,26.7735,0.25627586245536804,0.16233743727207184,-0.8396823406219482,-0.09713207185268402,-0.05434398725628853,-0.1366916447877884,-0.031189284453110543,0.02542116673464854,1.5125605837639704,0.05969062075018883,1.0,-1.0,1.0,1.0,0.14433756,-0.14433756,-0.14433756
787,26.8071,0.2543254494667053,0.1597547084093094,-0.8444677591323853,-0.08594483137130737,-0.06269720941781998,-0.14005929231643677,-0.033287497529821505,0.023354277009665036,1.5125928080131603,0.05796035751700401,1.0,-1.0,1.0,1.0,0.14433756,-0.14433756,-0.14433756
788,26.8415,0.2526858448982239,0.15609300136566162,-0.8504641056060791,-0.07127989083528519,-0.07244712114334106,-0.14309187233448029,-0.034188338816270626,0.021804311013455112,1.5126235675237507,0.05576638877391815,1.0,-1.0,1.0,1.0,0.14433756,-0.14433756,-0.14433756
789,26.8754,0.2519971430301666,0.15283603966236115,-0.8552875518798828,-0.059115003794431686,-0.07984846830368042,-0.1449364870786667,-0.03453847583999419,0.020536631770415183,1.5126170427790802,0.054024435579776764,1.0,-0.568932056427002,1.0,1.0,0.1640029,-0.0933065,-0.1640029
790,26.9093,0.25185516476631165,0.14930188655853271,-0.8601094484329224,-0.046854980289936066,-0.08651552349328995,-0.1465618908405304,-0.03441522557698316,0.018787113865368864,1.5125804243140915,0.052344538271427155,1.0,-0.06111004948616028,1.0,1.0,0.1766119,-0.010792762,-0.1766119
791,26.9433,0.2522627115249634,0.14551880955696106,-0.8649725914001465,-0.03446701169013977,-0.09274821728467941,-0.15020039677619934,-0.0339879775561342,0.01729163031939708,1.5125464690101929,0.05081998184323311,1.0,0.45784035325050354,1.0,1.0,0.16818275,0.07700085,-0.16818275
792,26.9774,0.25318819284439087,0.14150209724903107,-0.869972825050354,-0.022039925679564476,-0.098553366959095,-0.15526598691940308,-0.03326771315575466,0.014613358911023543,1.5125181063445836,0.0496220700442791,1.0,0.9889068603515625,0.7974929809570312,1.0,0.15462969,0.15291436,-0.123316094
793,27.011,0.25459760427474976,0.1373029351234436,-0.8751559257507324,-0.009689535945653915,-0.10369443893432617,-0.16008354723453522,-0.03261663892885214,0.011736455216627528,1.512512114232131,0.04897978529334068,1.0,1.0,0.41857805848121643,1.0,0.16950779,0.16950779,-0.07095224
794,27.0475,0.25693461298942566,0.13186585903167725,-0.8816945552825928,0.005086501128971577,-0.1086277887225151,-0.1595667600631714,-0.0313384443606956,0.005809711925440378,1.512562847450897,0.04915842413902283,1.0,1.0,-0.16274094581604004,1.0,0.17561772,0.17561772,0.028580194
795,27.0815,0.2592680752277374,0.12741965055465698,-0.8868154287338257,0.01635802537202835,-0.11069393157958984,-0.15076622366905212,-0.029928290160525634,-0.00036439764668813444,1.512599066441722,0.05008407682180405,1.0,1.0,-0.7471901178359985,1.0,0.15630211,0.15630211,0.1167874
796,27.1158,0.26194101572036743,0.12297430634498596,-0.8916215896606445,0.026979152113199234,-0.11076115071773529,-0.13511690497398376,-0.028580017004997182,-0.00616583742057607,1.5126414107030544,0.05158069357275963,1.0,1.0,-1.0,1.0,0.14433756,0.14433756,0.14433756
797,27.1494,0.2649107873439789,0.11865837126970291,-0.8957358598709106,0.036740392446517944,-0.10890442132949829,-0.10526323318481445,-0.026607064045682416,-0.014177266282523068,1.5126584549340307,0.05325319245457649,0.9820278286933899,1.0,-1.0,1.0,0.1425926,0.1452022,0.1452022
798,27.1833,0.2681809067726135,0.11456316709518433,-0.898711085319519,0.045969340950250626,-0.10496214032173157,-0.06784262508153915,-0.024913926093150917,-0.019669009257375594,1.512618640675734,0.05452660471200943,0.6200806498527527,1.0,-1.0,1.0,0.100389786,0.16189794,0.16189794
799,27.2173,0.27175796031951904,0.11073780804872513,-0.9003819227218628,0.054916415363550186,-0.09934785962104797,-0.031198643147945404,-0.02330500852949857,-0.02357553784257478,1.5125362158399962,0.05508698150515556,0.27584370970726013,1.0,-1.0,1.0,0.047860805,0.17350698,0.17350698
800,27.2516,0.27659064531326294,0.10643069446086884,-0.9006327390670776,0.06533358991146088,-0.09048772603273392,0.009709692560136318,-0.020783523448222343,-0.02784867135776939,1.5123922719830774,0.05464798957109451,-0.15470708906650543,1.0,-1.0,1.0,-0.02718642,0.17572834,0.17572834
801,27.2854,0.2806520462036133,0.10343679785728455,-0.8995034694671631,0.07299415022134781,-0.0820259153842926,0.03955165669322014,-0.018265396446633136,-0.030441914066261042,1.5122524560258481,0.05347088724374771,-0.49645382165908813,1.0,-1.0,1.0,-0.082807355,0.1667977,0.1667977
802,27.3192,0.2848363518714905,0.10082905739545822,-0.8973613977432251,0.08012602478265762,-0.07272747904062271,0.06563907116651535,-0.014037300522482591,-0.03282983121589678,1.5120652358012157,0.05172087997198105,-0.8555402159690857,1.0,-1.0,1.0,-0.12940294,0.1512529,0.1512529
803,27.3535,0.28913021087646484,0.0986519381403923,-0.8943289518356323,0.0863710269331932,-0.06252621859312057,0.08706151694059372,-0.010133252006048542,-0.03392324401629385,1.5119300803758942,0.049546193331480026,-1.0,1.0,-1.0,1.0,-0.14433756,0.14433756,0.14433756
804,27.3873,0.2934851348400116,0.09693489223718643,-0.8905918598175049,0.09137026220560074,-0.051789771765470505,0.10348131507635117,-0.0032945107600097084,-0.03459621442078387,1.511726881184721,0.047185398638248444,-1.0,1.0,-1.0,1.0,-0.14433756,0.14433756,0.14433756
805,27.4215,0.29785090684890747,0.09568028151988983,-0.8863370418548584,0.09464552998542786,-0.040372759103775024,0.11518636345863342,0.0028116154160200174,-0.0343536670245049,1.5115859999630559,0.04489888623356819,-1.0,1.0,-1.0,1.0,-0.14433756,0.14433756,0.14433756
806,27.4554,0.30323171615600586,0.09472876787185669,-0.880424976348877,0.09584740549325943,-0.02614923194050789,0.12597385048866272,0.008232139377584616,-0.03364812491152646,1.511473747723109,0.0424216166138649,-1.0,1.0,-1.0,1.0,-0.14433756,0.14433756,0.14433756
807,27.4894,0.30742308497428894,0.09444519877433777,-0.8754926919937134,0.0946735143661499,-0.014822353608906269,0.1328655183315277,0.015427944987073124,-0.03213150668559137,1.5113485791518753,0.041086744517087936,-1.0,1.0,-1.0,1.0,-0.14433756,0.14433756,0.14433756
808,27.5236,0.3114868700504303,0.09459238499403,-0.8704508543014526,0.09171336144208908,-0.003572112414985895,0.1386566013097763,0.020441199057227875,-0.03066129612224552,1.511301441200581,0.040437549352645874,-1.0,1.0,-1.0,1.0,-0.14433756,0.14433756,0.14433756
809,27.5574,0.31538206338882446,0.09518429636955261,-0.8653358221054077,0.08710060268640518,0.007300076074898243,0.14339226484298706,0.024211174057533248,-0.029245287128866586,1.511271347480263,0.040493037551641464,-1.0,1.0,-1.0,1.0,-0.14433756,0.14433756,0.14433756
810,27.5916,0.3190387189388275,0.09617642313241959,-0.8600971698760986,0.08110379427671432,0.017805706709623337,0.14728263020515442,0.028495628087955294,-0.027134059932922464,1.5112777390668792,0.04118388891220093,-1.0,1.0,-1.0,1.0,-0.14433756,0.14433756,0.14433756
811,27.6253,0.3224219083786011,0.09757445007562637,-0.8547455072402954,0.07377476245164871,0.027943123131990433,0.15065960586071014,0.03106785679097054,-0.02544075137163363,1.5113184854315573,0.042458925396203995,-1.0,1.0,-0.9614514112472534,1.0,-0.14619161,0.14619161,0.14055613
812,27.6592,0.3262023627758026,0.09981267154216766,-0.8479053974151611,0.06346188485622406,0.04005566984415054,0.15394894778728485,0.03331872309360268,-0.02332508210621504,1.5113933202581886,0.04477721080183983,-1.0,1.0,-0.48352763056755066,1.0,-0.16726996,0.16726996,0.08087965
813,27.6935,0.3288164734840393,0.10194455832242966,-0.8424351215362549,0.05429735407233238,0.04913101717829704,0.15568524599075317,0.034334981204387716,-0.02189815207177218,1.5114764108841992,0.04710319638252258,-1.0,0.682076096534729,-0.09726205468177795,1.0,-0.20586854,0.14041801,0.020023197
814,27.7272,0.33100298047065735,0.10434801876544952,-0.8370256423950195,0.04453174024820328,0.05799870938062668,0.15260733664035797,0.03522282293576589,-0.020053428238350126,1.5116111668353571,0.049694161862134933,-1.0,0.32880011200904846,0.3311391770839691,1.0,-0.22654718,0.07448874,-0.075018644
815,27.7612,0.33276546001434326,0.10703542083501816,-0.8318753242492676,0.0340968556702137,0.06621869653463364,0.14195004105567932,0.035768046912310766,-0.018739239383585488,1.5117105027440172,0.05242374911904335,-1.0,-0.03857603669166565,0.7998089790344238,1.0,-0.19514686,-0.0075279926,-0.15608022
816,27.7953,0.33411017060279846,0.11003128439188004,-0.8272459506988525,0.023303231224417686,0.07432514429092407,0.121090829372406,0.0363303692152918,-0.017350525710785263,1.5118298123608527,0.05511470511555672,-1.0,-0.4354982078075409,1.0,1.0,-0.1689475,-0.07357634,-0.1689475
817,27.8294,0.3349883258342743,0.11329614371061325,-0.8235880136489868,0.011742250062525272,0.08219259232282639,0.08727387338876724,0.037025025657314546,-0.01419517291996195,1.5120549826310188,0.05743841826915741,-1.0,-0.865568995475769,1.0,1.0,-0.15077734,-0.1305082,-0.15077734
818,27.8635,0.33537718653678894,0.11762028187513351,-0.8210018873214722,-0.0034735803492367268,0.0911640077829361,0.03556098788976669,0.03706483159323282,-0.010275810186962643,1.512312643466484,0.059327058494091034,-1.0,-1.0,1.0,1.0,-0.14433756,-0.14433756,-0.14433756
819,27.8981,0.33419686555862427,0.12484554946422577,-0.8215699195861816,-0.02815387025475502,0.10055290162563324,-0.03274761512875557,0.036035120357753685,-0.0037635204757024837,1.5126898802348938,0.05952288955450058,-1.0,-1.0,1.0,1.0,-0.14433756,-0.14433756,-0.14433756
820,27.9324,0.33419686555862427,0.12484554946422577,-0.8215699195861816,-0.02815387025475502,0.10055290162563324,-0.03274761512875557,0.034627718784241666,0.0015571792876565907,1.5129723084684967,0.05952288955450058,-1.0,-1.0,1.0,1.0,-0.14433756,-0.14433756,-0.14433756
821,27.9665,0.3309253454208374,0.13223831355571747,-0.8265402317047119,-0.05100429058074951,0.10186800360679626,-0.07583737373352051,0.03194432807285084,0.009403414789906929,1.5133776415864066,0.057277288287878036,-1.0,-1.0,1.0,1.0,-0.14433756,-0.14433756,-0.14433756
822,28.0003,0.32861557602882385,0.13580280542373657,-0.8302628993988037,-0.06130595877766609,0.09914615005254745,-0.09129434823989868,0.029560809300202925,0.015212494214588413,1.513658871397519,0.05573086813092232,-1.0,-1.0,1.0,1.0,-0.14433756,-0.14433756,-0.14433756
823,28.0344,0.3251938819885254,0.1399187594652176,-0.8355755805969238,-0.07312655448913574,0.0931583046913147,-0.10634004324674606,0.027447106196682874,0.019689118204200294,1.51387472060387,0.053809672594070435,-1.0,-1.0,1.0,1.0,-0.14433756,-0.14433756,-0.14433756
824,28.0679,0.32204470038414,0.1428278237581253,-0.8403018712997437,-0.0820106640458107,0.0865267887711525,-0.1159329041838646,0.024544210674226064,0.024966850178032435,1.5141459635608945,0.05238499119877815,-1.0,-1.0,1.0,1.0,-0.14433756,-0.14433756,-0.14433756
825,28.1014,0.3185724914073944,0.14536479115486145,-0.8452731370925903,-0.09001953899860382,0.07866992801427841,-0.12348394840955734,0.022363616454263786,0.028213256030406638,1.5143198679800767,0.051216691732406616,-1.0,-1.0,1.0,1.0,-0.14433756,-0.14433756,-0.14433756
826,28.1352,0.31480342149734497,0.14744389057159424,-0.8503893613815308,-0.09738805890083313,0.06966205686330795,-0.1294456124305725,0.020572538672050018,0.030411676784915635,1.5144518276120902,0.05034911260008812,-1.0,-1.0,1.0,1.0,-0.14433756,-0.14433756,-0.14433756
827,28.1696,0.31073257327079773,0.14905142784118652,-0.8556637763977051,-0.10413659363985062,0.05982731282711029,-0.13409456610679626,0.018248591484035816,0.03259553545780786,1.5146054920069878,0.04984137788414955,-0.8456535935401917,-1.0,1.0,1.0,-0.12830311,-0.15172064,-0.15172064
828,28.2036,0.30640190839767456,0.1501513123512268,-0.8609955310821533,-0.11028560996055603,0.04950569570064545,-0.1378874033689499,0.016558499522001092,0.03362569402112635,1.5147254674140957,0.049743857234716415,-0.43957996368408203,-1.0,0.9683055877685547,1.0,-0.075283855,-0.17126316,-0.16583508
829,28.2373,0.3006575405597687,0.15081405639648438,-0.8677754402160645,-0.11755978316068649,0.03592710569500923,-0.1432405263185501,0.01516266709477141,0.03413267666889337,1.5148184117361396,0.050311360508203506,0.08966177701950073,-1.0,0.513577938079834,1.0,0.019876398,-0.22168195,-0.11385096
830,28.2714,0.2958431839942932,0.1507289707660675,-0.8732852935791016,-0.12267720699310303,0.02499077096581459,-0.14732109010219574,0.01297884275169011,0.034377260967287326,1.5149217423864347,0.051362331956624985,0.5354628562927246,-1.0,0.13138583302497864,1.0,0.11722856,-0.2189294,-0.02876422
831,28.3053,0.2908334732055664,0.1501702517271042,-0.8787927627563477,-0.12705647945404053,0.01400660164654255,-0.1456018090248108,0.010519248077731105,0.03448384774813394,1.5150132219698789,0.05300399661064148,0.9933716058731079,-1.0,-0.31895822286605835,1.0,0.17184317,-0.17298982,0.055176523
832,28.3391,0.28566455841064453,0.14923180639743805,-0.8841068744659424,-0.13041263818740845,0.003336314344778657,-0.13355128467082977,0.0057193558630810335,0.03483423860439891,1.5151310668481148,0.05518990755081177,1.0,-1.0,-0.8643003702163696,1.0,0.15083756,-0.15083756,0.13036895
833,28.3726,0.2804355025291443,0.14797377586364746,-0.8888043165206909,-0.13242745399475098,-0.00704959174618125,-0.10943423211574554,0.0010434584392164641,0.035014160103168976,1.5151795363799543,0.057590484619140625,1.0,-1.0,-1.0,1.0,0.14433756,-0.14433756,0.14433756
834,28.4066,0.2752193510532379,0.1463175266981125,-0.8925070762634277,-0.13262179493904114,-0.01729433611035347,-0.07557153701782227,-0.006905574625980863,0.03443969961128208,1.51526928490869,0.059721093624830246,1.0,-1.0,-1.0,1.0,0.14433756,-0.14433756,0.14433756
835,28.4403,0.26881346106529236,0.14370481669902802,-0.895296573638916,-0.13030201196670532,-0.02976132556796074,-0.030864760279655457,-0.013213343448347294,0.03316123248523272,1.5153269423462903,0.061461545526981354,1.0,-1.0,-1.0,1.0,0.14433756,-0.14433756,0.14433756
836,28.4744,0.26385655999183655,0.14114806056022644,-0.8961179256439209,-0.12637373805046082,-0.03964615985751152,0.0007387427031062543,-0.01807140388657228,0.031694704574331746,1.5153880618933075,0.06202956661581993,1.0,-0.5031371116638184,-1.0,1.0,0.16655023,-0.083797604,0.16655023
837,28.5084,0.25915172696113586,0.13822253048419952,-0.8957898616790771,-0.12070085853338242,-0.049204129725694656,0.02802252024412155,-0.023997890224326128,0.0292538883069497,1.5154612988232847,0.06191136687994003,1.0,0.10537487268447876,-1.0,1.0,0.176288,0.018576326,0.176288
838,28.5422,0.254712849855423,0.13492460548877716,-0.8943912982940674,-0.11374667286872864,-0.058345433324575424,0.05389697104692459,-0.02779391426904384,0.02700072086668816,1.5155308073277358,0.06117033213376999,1.0,0.6754446029663086,-1.0,1.0,0.1595166,0.10774463,0.1595166
839,28.5775,0.2506219446659088,0.13127903640270233,-0.8920894861221313,-0.10531285405158997,-0.06679544597864151,0.07774729281663895,-0.030603534654915224,0.024430768334167095,1.5156180258534357,0.05995376408100128,1.0,1.0,-1.0,1.0,0.14433756,0.14433756,0.14433756
840,28.6117,0.24694839119911194,0.12731686234474182,-0.8890042304992676,-0.09579936414957047,-0.07467366009950638,0.09676888585090637,-0.03366569969412638,0.01909701843128082,1.515771823406388,0.05838572978973389,1.0,1.0,-1.0,1.0,0.14433756,0.14433756,0.14433756
841,28.6456,0.24297209084033966,0.12207867205142975,-0.8843891620635986,-0.08272456377744675,-0.08276267349720001,0.11269072443246841,-0.035188763602137296,0.01325750198817217,1.515944129928916,0.05631261318922043,1.0,1.0,-1.0,1.0,0.14433756,0.14433756,0.14433756
842,28.6792,0.24031515419483185,0.11770720779895782,-0.8801195621490479,-0.0714273676276207,-0.08713465929031372,0.12213120609521866,-0.035921478280612956,0.00484878098630174,1.5161702323054638,0.05465294420719147,1.0,1.0,-1.0,1.0,0.14433756,0.14433756,0.14433756
843,28.7136,0.23816974461078644,0.11328292638063431,-0.8755162954330444,-0.0598050132393837,-0.08933645486831665,0.1299414187669754,-0.03581309594662514,-0.0011003336382650502,1.516299262460278,0.05316038429737091,1.0,1.0,-1.0,1.0,0.14433756,0.14433756,0.14433756
844,28.7472,0.23651522397994995,0.10887270420789719,-0.8707231283187866,-0.048008762300014496,-0.08941780030727386,0.13642719388008118,-0.03503281055317794,-0.008957009694263501,1.516409916803571,0.05197339132428169,1.0,1.0,-1.0,1.0,0.14433756,0.14433756,0.14433756
845,28.7813,0.23537667095661163,0.10461567342281342,-0.8657025098800659,-0.03620264306664467,-0.08737266063690186,0.14171217381954193,-0.03403430615612857,-0.0144177185200382,1.5164468015846686,0.051065653562545776,1.0,1.0,-1.0,1.0,0.14433756,0.14433756,0.14433756
846,28.8155,0.23475486040115356,0.1005629301071167,-0.8605012893676758,-0.024432005360722542,-0.08368071913719177,0.14622944593429565,-0.032996801013271744,-0.018522166787608808,1.5164225668187488,0.05045013874769211,1.0,1.0,-1.0,1.0,0.14433756,0.14433756,0.14433756
847,28.8493,0.23481403291225433,0.0959431529045105,-0.853783130645752,-0.009977106004953384,-0.07667405903339386,0.1509155035018921,-0.03129164346572666,-0.0232609914701066,1.5163245624906339,0.04994931071996689,1.0,1.0,-1.0,1.0,0.14433756,0.14433756,0.14433756
848,28.8833,0.23540787398815155,0.09261460602283478,-0.8482943773269653,0.0013452079147100449,-0.06971991807222366,0.15388216078281403,-0.029794343560667656,-0.026132661428782233,1.516194600229438,0.04986032098531723,1.0,1.0,-1.0,1.0,0.14433756,0.14433756,0.14433756
849,28.9184,0.2364950031042099,0.08969192951917648,-0.8427152633666992,0.01246665045619011,-0.06183194741606712,0.15632227063179016,-0.02783442760712667,-0.028688888278716383,1.5159876726127388,0.04999464005231857,1.0,1.0,-0.6058459281921387,1.0,0.16249363,0.16249363,0.09844611
850,28.9526,0.2380443811416626,0.08721574395895004,-0.837116003036499,0.023098573088645935,-0.05289120227098465,0.15821656584739685,-0.02643309096687839,-0.029898425305613915,1.515842130859166,0.050338517874479294,1.0,1.0,-0.13368824124336243,1.0,0.17599209,0.17599209,0.023528073
851,28.9863,0.23995709419250488,0.08521754294633865,-0.8315334320068359,0.033432915806770325,-0.04343942180275917,0.15665549039840698,-0.02448867960430871,-0.030947059548994828,1.5156194905920355,0.050928305834531784,1.0,1.0,0.3989395201206207,1.0,0.17013682,0.17013682,-0.067874305
852,29.0202,0.24220618605613708,0.08367764949798584,-0.826190710067749,0.04333966225385666,-0.03330859914422035,0.14526872336864471,-0.02316853816838882,-0.031503566590064314,1.5154590351363582,0.05167819559574127,1.0,1.0,1.0,1.0,0.14433756,0.14433756,-0.14433756
853,29.0542,0.2453937977552414,0.08246644586324692,-0.8205019235610962,0.05543244257569313,-0.019694965332746506,0.11690066754817963,-0.022177494783580873,-0.03181367921543644,1.5153220154982736,0.052433792501688004,1.0,1.0,1.0,1.0,0.14433756,0.14433756,-0.14433756
854,29.088,0.24823439121246338,0.08200064301490784,-0.8171399831771851,0.06514674425125122,-0.008248471654951572,0.07860007882118225,-0.020750057084055213,-0.031751176073009035,1.5151117589302119,0.05250905081629753,1.0,1.0,1.0,1.0,0.14433756,0.14433756,-0.14433756
855,29.1223,0.25133463740348816,0.08204412460327148,-0.8151381015777588,0.07444989681243896,0.003542006015777588,0.03972390666604042,-0.019382819308732955,-0.03107374695428774,1.5149603582222408,0.05170555040240288,1.0,1.0,1.0,1.0,0.14433756,0.14433756,-0.14433756
856,29.156,0.25465211272239685,0.08254922926425934,-0.8144282102584839,0.08284892141819,0.0148314805701375,0.00559378694742918,-0.01806679536952968,-0.030139501721509535,1.5148355891251706,0.049959443509578705,1.0,1.0,1.0,1.0,0.14433756,0.14433756,-0.14433756
857,29.1904,0.2582041025161743,0.08351481705904007,-0.8148723840713501,0.09065932035446167,0.025722911581397057,-0.023248767480254173,-0.016093981810053226,-0.028408095392470356,1.5146726036664577,0.047252025455236435,1.0,1.0,1.0,1.0,0.14433756,0.14433756,-0.14433756
858,29.2244,0.26196029782295227,0.084945447742939,-0.8163551092147827,0.09770980477333069,0.03607460483908653,-0.047243908047676086,-0.014574640085784614,-0.02683513258412868,1.514580458292741,0.04361843690276146,0.9081584811210632,1.0,1.0,1.0,0.13508636,0.14874756,-0.14874756
859,29.2584,0.26685088872909546,0.08736306428909302,-0.8194358348846436,0.10555922985076904,0.04817594587802887,-0.07128438353538513,-0.01272564479164543,-0.02478319817314165,1.5144753965877373,0.037947073578834534,0.43578606843948364,1.0,1.0,1.0,0.07362075,0.16893783,-0.16893783
860,29.2923,0.2708589732646942,0.08970414847135544,-0.8225746154785156,0.11102558672428131,0.057428501546382904,-0.08661139011383057,-0.01151794805067303,-0.023349329355702372,1.5144233317884264,0.03279837220907211,0.03996915742754936,1.0,1.0,1.0,0.007062795,0.17670612,-0.17670612
861,29.3265,0.2748667895793915,0.09240259230136871,-0.8261802196502686,0.11576693505048752,0.06594963371753693,-0.10065861791372299,-0.009547699864340379,-0.021462754361868647,1.5143540896000842,0.02726104110479355,-0.3718830347061157,1.0,1.0,1.0,-0.06357881,0.17096452,-0.17096452
862,29.3604,0.27885133028030396,0.09537652879953384,-0.8302274942398071,0.11996358633041382,0.07405056804418564,-0.11439868807792664,-0.007317270722331341,-0.020200195462143314,1.5143403743204704,0.021479450166225433,-0.8014780282974243,1.0,1.0,1.0,-0.123263665,0.15379544,-0.15379544
863,29.3944,0.2827867865562439,0.09859061986207962,-0.8346908092498779,0.12331337481737137,0.0814434289932251,-0.127197265625,-0.004573506877236523,-0.019208113860629157,1.5143247948280933,0.015708118677139282,-1.0,1.0,1.0,1.0,-0.14433756,0.14433756,-0.14433756
864,29.4286,0.28667300939559937,0.10201245546340942,-0.8394955396652222,0.12558183073997498,0.08863627910614014,-0.13745494186878204,0.0008576785712154496,-0.017824275020980537,1.5143449016943236,0.010741927661001682,-1.0,1.0,1.0,1.0,-0.14433756,0.14433756,-0.14433756
865,29.4624,0.29138195514678955,0.10658430308103561,-0.8458706140518188,0.12646634876728058,0.09690013527870178,-0.14500464498996735,0.006313206456357777,-0.016504719272441005,1.5143857812170562,0.00931530725210905,-1.0,0.7603853940963745,1.0,1.0,-0.15569794,0.11839044,-0.15569794
866,29.4976,0.29499316215515137,0.1104983314871788,-0.8510390520095825,0.1250757873058319,0.10304954648017883,-0.148024320602417,0.011402019400065121,-0.015149118262725633,1.5144291907428244,0.013482612557709217,-1.0,0.20952436327934265,1.0,1.0,-0.17486793,0.03663909,-0.17486793
867,29.5313,0.2984301745891571,0.11469227075576782,-0.8561413288116455,0.12164461612701416,0.10898175835609436,-0.1501486897468567,0.01829897308231415,-0.013050193622660917,1.5145040255694557,0.01957249455153942,-1.0,-0.4185298979282379,1.0,1.0,-0.16950937,-0.070944734,-0.16950937
868,29.5654,0.30453333258628845,0.12388421595096588,-0.866215705871582,0.1096443310379982,0.12000159919261932,-0.15869735181331635,0.02438971196089324,-0.010252736392830628,1.5146204057090922,0.033189866691827774,-1.0,-1.0,1.0,1.0,-0.14433756,-0.14433756,-0.14433756
869,29.5993,0.3070690333843231,0.12878768146038055,-0.8713457584381104,0.10120775550603867,0.1244993582367897,-0.16267350316047668,0.028511459332279058,-0.006764008888691737,1.5147556942924683,0.04023914411664009,-1.0,-1.0,1.0,1.0,-0.14433756,-0.14433756,-0.14433756
870,29.6342,0.3096068799495697,0.13514646887779236,-0.8779193162918091,0.08859400451183319,0.12846069037914276,-0.16327080130577087,0.03139592494775468,-0.0024320897334741813,1.5149395855657382,0.049124669283628464,-1.0,-1.0,1.0,1.0,-0.14433756,-0.14433756,-0.14433756
871,29.6685,0.31116700172424316,0.14032258093357086,-0.8831783533096313,0.07754087448120117,0.1297377049922943,-0.16262459754943848,0.03405121930964517,0.005376621594950047,1.5152780733402873,0.056182872503995895,-1.0,-1.0,0.7665615081787109,1.0,-0.15541397,-0.15541397,-0.119134374
872,29.7025,0.31224843859672546,0.14550845324993134,-0.8884583711624146,0.06568388640880585,0.12871398031711578,-0.16144651174545288,0.03516660526963,0.011891983824288155,1.5155457210298402,0.0631447583436966,-1.0,-1.0,0.37335172295570374,1.0,-0.17092077,-0.17092077,-0.06381357
873,29.7362,0.3128313422203064,0.15060846507549286,-0.8937134742736816,0.0537324994802475,0.12577757239341736,-0.1576113998889923,0.03558547889720743,0.01729777743614758,1.515792196588727,0.06992730498313904,-1.0,-1.0,-0.047698795795440674,1.0,-0.17667623,-0.17667623,0.008427244
874,29.7706,0.3129875361919403,0.15550467371940613,-0.8987189531326294,0.04186553135514259,0.12112312763929367,-0.1471726894378662,0.03554181137770854,0.02425698042828261,1.5161032538040482,0.07634725421667099,-1.0,-1.0,-0.5039166212081909,1.0,-0.16652122,-0.16652122,0.08391281
875,29.8046,0.31274712085723877,0.16010455787181854,-0.9031962156295776,0.030355488881468773,0.11496590077877045,-0.1277931034564972,0.03529615973428395,0.02910627220055905,1.516328823548378,0.0821659117937088,-1.0,-1.0,-1.0,1.0,-0.14433756,-0.14433756,0.14433756
876,29.8386,0.3119124472141266,0.16543366014957428,-0.9076825380325317,0.016486236825585365,0.10573337227106094,-0.09175607562065125,0.0348346131114272,0.034168870692583224,1.5165450722288925,0.08833707869052887,-1.0,-1.0,-1.0,1.0,-0.14433756,-0.14433756,0.14433756
877,29.8759,0.3108726739883423,0.1693221777677536,-0.9099574089050293,0.005790491588413715,0.09716551750898361,-0.054583244025707245,0.03426058122202823,0.036913347661477754,1.516671039748453,0.09209027141332626,-1.0,-1.0,-1.0,1.0,-0.14433756,-0.14433756,0.14433756
878,29.9094,0.3095453381538391,0.17283737659454346,-0.9109230041503906,-0.004578061401844025,0.08791477978229523,-0.019306980073451996,0.0329396179512407,0.03947261217953028,1.5168041978029572,0.09469093382358551,-1.0,-1.0,-1.0,1.0,-0.14433756,-0.14433756,0.14433756
879,29.9434,0.30797359347343445,0.1759675145149231,-0.910740852355957,-0.014889231882989407,0.07789523899555206,0.011151976883411407,0.03161934127667171,0.04060997337969746,1.5168759699943348,0.09627530723810196,-1.0,-1.0,-1.0,1.0,-0.14433756,-0.14433756,0.14433756
880,29.9774,0.3061632812023163,0.17869873344898224,-0.9094246625900269,-0.024784738197922707,0.06741830706596375,0.03704457730054855,0.030347409298266056,0.041064437658530274,1.516898473705546,0.09687472134828568,-1.0,-1.0,-1.0,1.0,-0.14433756,-0.14433756,0.14433756
