step,t_s,north_m,east_m,down_m,vn_m_s,ve_m_s,vd_m_s,roll_rad,pitch_rad,yaw_rad,pos_error_m,raw_action_0,raw_action_1,raw_action_2,raw_action_3,cmd_vn_m_s,cmd_ve_m_s,cmd_vd_m_s
1,0.0,0.2484411597251892,0.18615971505641937,-0.9152469635009766,0.026709262281656265,-0.00465871999040246,-0.0550013929605484,0.007853726553076324,8.815526465554047e-05,1.4209712780828372,0.04479432478547096,-1.0,1.0,-0.2980402410030365,1.0,-0.17297712,0.17297712,0.051554143
2,0.0341,0.2484411597251892,0.18615971505641937,-0.9152469635009766,0.026709262281656265,-0.00465871999040246,-0.0550013929605484,0.00790500436747931,2.6406486094869158e-05,1.4209763380889084,0.04479432478547096,-1.0,1.0,-0.46640118956565857,1.0,-0.16788244,0.16788244,0.078300565
3,0.0683,0.24962204694747925,0.18549899756908417,-0.9166879653930664,0.025238117203116417,-0.004123327322304249,-0.05366350710391998,0.008168521036450747,-0.000284188644200912,1.4209893875782498,0.04675603285431862,-1.0,1.0,-0.6045482158660889,1.0,-0.16254759,0.16254759,0.09826785
4,0.1023,0.2506546080112457,0.18500663340091705,-0.9179122447967529,0.02385666035115719,-0.003510144306346774,-0.03843571990728378,0.009113145835547804,-0.0010663959544020725,1.4210043012803542,0.048420000821352005,-1.0,1.0,-0.8856828212738037,1.0,-0.14982061,0.14982061,0.13269354
5,0.136,0.2515590786933899,0.18471312522888184,-0.9184958934783936,0.022315965965390205,-0.002568814205005765,-0.01534357387572527,0.011097484848819958,-0.0026072659161065987,1.4210040349642452,0.049514755606651306,-1.0,1.0,-1.0,1.0,-0.14433756,0.14433756,0.14433756
6,0.1701,0.25232014060020447,0.1845332384109497,-0.9182933568954468,0.02026481181383133,-0.0010302639566361904,0.010626887902617455,0.0151180799524586,-0.005659655281582023,1.4210052333867358,0.04997050017118454,-1.0,1.0,-1.0,1.0,-0.14433756,0.14433756,0.14433756
7,0.2039,0.2529427707195282,0.18444977700710297,-0.9171465635299683,0.01726691983640194,0.0013557948404923081,0.037924624979496,0.019031448492410626,-0.008585698459279204,1.4209811317788705,0.04971854388713837,-1.0,1.0,-1.0,1.0,-0.14433756,0.14433756,0.14433756
8,0.238,0.2535362243652344,0.18455328047275543,-0.9144315719604492,0.012281639501452446,0.005651737563312054,0.06825806200504303,0.021683449273046752,-0.010588425767640514,1.420984460730233,0.04849586635828018,-1.0,1.0,-1.0,1.0,-0.14433756,0.14433756,0.14433756
9,0.272,0.25385192036628723,0.18481013178825378,-0.9113525152206421,0.007409688085317612,0.0100091015920043,0.088557168841362,0.023585999072231748,-0.01204095127687256,1.420993648635994,0.046943724155426025,-1.0,1.0,-1.0,1.0,-0.14433756,0.14433756,0.14433756
10,0.3061,0.2540077865123749,0.1853034943342209,-0.9075454473495483,0.0020426518749445677,0.015071462839841843,0.10586938261985779,0.02564868183493077,-0.013630129199241996,1.421043582906433,0.04499327018857002,-1.0,1.0,-1.0,1.0,-0.14433756,0.14433756,0.14433756
11,0.3404,0.2539316415786743,0.18600308895111084,-0.903193473815918,-0.003797610057517886,0.020400796085596085,0.12010269612073898,0.026801387420284935,-0.014521839796281891,1.421079002948931,0.04281163215637207,-1.0,1.0,-1.0,1.0,-0.14433756,0.14433756,0.14433756
12,0.3742,0.2535877227783203,0.18690265715122223,-0.8984363079071045,-0.010255634784698486,0.02619408257305622,0.1320306360721588,0.027673832751611088,-0.015208188424060352,1.4211495767178182,0.04056047648191452,-1.0,1.0,-1.0,1.0,-0.14433756,0.14433756,0.14433756
13,0.4081,0.2529236972332001,0.1879892349243164,-0.893315315246582,-0.016987884417176247,0.03226717561483383,0.14192181825637817,0.02794721872107533,-0.015453831745106535,1.4211872604472426,0.0383635051548481,-1.0,1.0,-1.0,1.0,-0.14433756,0.14433756,0.14433756
14,0.4426,0.2515910267829895,0.18964765965938568,-0.8865311145782471,-0.026015084236860275,0.04000718891620636,0.15208019316196442,0.02800228165720732,-0.015516118505695365,1.4212498447328596,0.035939183086156845,-1.0,1.0,-0.7734352350234985,1.0,-0.15509705,0.15509705,0.11995753
15,0.476,0.2501419484615326,0.19121430814266205,-0.8809311389923096,-0.033218592405319214,0.046348121017217636,0.15848958492279053,0.027694767694492632,-0.015381391682861779,1.4213393269454861,0.03452824056148529,-1.0,0.9905540943145752,-0.4137726128101349,1.0,-0.1704033,0.16879368,0.07050822
16,0.5101,0.24838334321975708,0.19300860166549683,-0.8752257823944092,-0.04041733592748642,0.052718259394168854,0.16223366558551788,0.02733076558834384,-0.015196475716750507,1.4214250807325868,0.03382212668657303,-1.0,0.7335962057113647,-0.009464144706726074,1.0,-0.20157011,0.14787108,0.0019076887
17,0.5439,0.24633684754371643,0.19504369795322418,-0.8695468902587891,-0.047763392329216,0.0590372271835804,0.1608707308769226,0.026806389169707238,-0.014894993397785928,1.4215322729664626,0.03395184502005577,-1.0,0.4528217613697052,0.45276400446891785,1.0,-0.2105348,0.09533474,-0.09532257
18,0.5782,0.2440621256828308,0.1973412185907364,-0.8641462326049805,-0.05508802458643913,0.06533865630626678,0.1507929414510727,0.026544277942389196,-0.014595634325612306,1.4216274809754328,0.03486783057451248,-1.0,0.14372316002845764,0.9843379259109497,1.0,-0.1772391,0.025473366,-0.17446318
19,0.6121,0.241578608751297,0.19993428885936737,-0.8593226671218872,-0.06259335577487946,0.07177598774433136,0.12915237247943878,0.02651049324724802,-0.014000566584493612,1.4217212242458035,0.0362660251557827,-1.0,-0.19444170594215393,1.0,1.0,-0.17512916,-0.034052413,-0.17512916
20,0.6459,0.23812049627304077,0.20355936884880066,-0.8548142910003662,-0.07221584022045135,0.07995791733264923,0.08349595963954926,0.02635562626867071,-0.011955528304313668,1.4218935307683318,0.03780476376414299,-0.8024402856826782,-0.6392937898635864,1.0,1.0,-0.14002314,-0.11155462,-0.17449665
21,0.6805,0.2317771315574646,0.2101501077413559,-0.8525538444519043,-0.08796839416027069,0.09155718982219696,0.004484279081225395,0.025777820180664393,-0.00916165801957658,1.4220409367346676,0.037798359990119934,-0.13056497275829315,-1.0,1.0,1.0,-0.022983102,-0.17602809,-0.17602809
22,0.7152,0.22822900116443634,0.21376587450504303,-0.853669285774231,-0.09556746482849121,0.09574364125728607,-0.027483366429805756,0.024210204500448893,-0.004133724834358717,1.4222843496583009,0.036633145064115524,-0.0817679613828659,-1.0,1.0,1.0,-0.0144305695,-0.17648195,-0.17648195
23,0.7491,0.22445577383041382,0.21748954057693481,-0.8559862375259399,-0.10274459421634674,0.09815174341201782,-0.05432990938425064,0.02227920465068128,0.0003696493600462503,1.4224617161869002,0.035135623067617416,0.7467442750930786,-1.0,1.0,1.0,0.1167329,-0.15632246,-0.15632246
24,0.7832,0.2204904556274414,0.22128409147262573,-0.8593363761901855,-0.10915076732635498,0.09865833073854446,-0.07652204483747482,0.017661385269619363,0.007672684133964627,1.4227155154387847,0.03373950719833374,1.0,-1.0,1.0,1.0,0.14433756,-0.14433756,-0.14433756
25,0.8173,0.21530279517173767,0.22600695490837097,-0.8646554946899414,-0.11536478996276855,0.09619976580142975,-0.09629358351230621,0.012455615861570906,0.013393915132930374,1.422878634055552,0.03291907534003258,1.0,-1.0,1.0,1.0,0.14433756,-0.14433756,-0.14433756
26,0.851,0.21107667684555054,0.22968994081020355,-0.8695083856582642,-0.11835317313671112,0.09205619245767593,-0.10660534352064133,0.006829490402291361,0.01766853003148134,1.4230059331556577,0.033562276512384415,1.0,-1.0,1.0,1.0,0.14433756,-0.14433756,-0.14433756
27,0.8853,0.2068849802017212,0.23321740329265594,-0.8747614622116089,-0.11915981769561768,0.08632879704236984,-0.11394660174846649,-0.0022229767122203432,0.02226132194008032,1.4230888906236139,0.03548126667737961,1.0,-1.0,1.0,1.0,0.14433756,-0.14433756,-0.14433756
28,0.9194,0.20284217596054077,0.23649337887763977,-0.8802618980407715,-0.11770784109830856,0.07921382784843445,-0.11932307481765747,-0.009376069535057778,0.024804927903161016,1.4231300364624555,0.038488633930683136,1.0,-1.0,1.0,1.0,0.14433756,-0.14433756,-0.14433756
29,0.9534,0.1990175098180771,0.23942413926124573,-0.885918378829956,-0.1139814704656601,0.07099147886037827,-0.12336350977420807,-0.015055147167245967,0.026392417423011235,1.4231641249244085,0.042235132306814194,1.0,-1.0,1.0,1.0,0.14433756,-0.14433756,-0.14433756
30,0.9872,0.1954636424779892,0.2419358342885971,-0.8916903734207153,-0.10833153873682022,0.062072210013866425,-0.12639306485652924,-0.021971963245859406,0.027764070220078138,1.4232304376355516,0.046386439353227615,1.0,-1.0,1.0,1.0,0.14433756,-0.14433756,-0.14433756
31,1.0212,0.19142568111419678,0.24449603259563446,-0.8989690542221069,-0.09896255284547806,0.05001857504248619,-0.1290980875492096,-0.02635055377903195,0.028315729475725842,1.42326439293945,0.05185175687074661,1.0,-1.0,1.0,1.0,0.14433756,-0.14433756,-0.14433756
32,1.0553,0.18861040472984314,0.24602895975112915,-0.9048389196395874,-0.09013660252094269,0.040005162358284,-0.13059870898723602,-0.030450119931369847,0.02847220683452481,1.423300878246384,0.0562017522752285,1.0,-1.0,0.9575176239013672,1.0,0.14638066,-0.14638066,-0.14016207
33,1.0891,0.18622590601444244,0.24705614149570465,-0.9107018709182739,-0.08017747104167938,0.029594726860523224,-0.1314392238855362,-0.03251409266272187,0.028301833184381592,1.4233267109089578,0.06036737188696861,1.0,-1.0,0.5885423421859741,1.0,0.1632077,-0.1632077,-0.09605464
34,1.1232,0.1843164563179016,0.2475936859846115,-0.9165496826171875,-0.0693955048918724,0.019241875037550926,-0.13146521151065826,-0.03444007203771576,0.027733302387109318,1.423360799370911,0.06429512798786163,1.0,-1.0,0.19320032000541687,1.0,0.17514983,-0.17514983,-0.033839002
35,1.1571,0.18293631076812744,0.24770502746105194,-0.9222910404205322,-0.05819200351834297,0.009114356711506844,-0.12708912789821625,-0.035338716216265574,0.027131263613777882,1.4233874309818118,0.06793791055679321,1.0,-1.0,-0.2598913013935089,1.0,0.1738652,-0.1738652,0.045186054
36,1.1913,0.18207813799381256,0.2473902702331543,-0.9277715682983398,-0.04694565013051033,-0.0007381848990917206,-0.11600379645824432,-0.035841342098936795,0.026628926933756288,1.4233879636140296,0.07119519263505936,1.0,-1.0,-0.7864222526550293,1.0,0.15449592,-0.15449592,0.12149904
37,1.2249,0.18173743784427643,0.24636417627334595,-0.9338123798370361,-0.03308311104774475,-0.012575097382068634,-0.08886757493019104,-0.036225548859261957,0.025997589227244777,1.4233678567477996,0.07439491152763367,1.0,-1.0,-1.0,1.0,0.14433756,-0.14433756,0.14433756
38,1.2591,0.18200848996639252,0.2450484186410904,-0.9376001358032227,-0.02182755060493946,-0.02164275385439396,-0.0565289743244648,-0.036234844955942015,0.025471608670170322,1.4233432225077163,0.0759694054722786,1.0,-1.0,-1.0,1.0,0.14433756,-0.14433756,0.14433756
39,1.2928,0.18267005681991577,0.24339476227760315,-0.9401562213897705,-0.01087598130106926,-0.030601002275943756,-0.02108008787035942,-0.03586298028279369,0.024886351972895588,1.4233079356232727,0.07649145275354385,1.0,-1.0,-1.0,1.0,0.14433756,-0.14433756,0.14433756
40,1.3263,0.18367312848567963,0.24142791330814362,-0.941449761390686,-0.0001521426602266729,-0.03929217532277107,0.011856188997626305,-0.034680957038908035,0.023732934824187667,1.4232621292525234,0.07590322941541672,1.0,-0.7904735803604126,-1.0,1.0,0.1543078,-0.12197624,0.1543078
41,1.3601,0.18500931560993195,0.23919472098350525,-0.9416141510009766,0.01055391225963831,-0.047769542783498764,0.0401809960603714,-0.03333755039415278,0.022664358081550186,1.423197014963871,0.07427734136581421,1.0,-0.42015689611434937,-1.0,1.0,0.16945621,-0.071198195,0.16945621
42,1.3943,0.1867019534111023,0.23670397698879242,-0.9406864643096924,0.02104107476770878,-0.05584456026554108,0.06519100815057755,-0.03199651562724338,0.021580004190048588,1.4231386917359983,0.07160112261772156,1.0,-0.05049493908882141,-1.0,1.0,0.17666411,-0.0089206435,0.17666411
43,1.4283,0.1893712431192398,0.23320947587490082,-0.938136100769043,0.033715009689331055,-0.0654645711183548,0.09422370791435242,-0.030036329196404185,0.01958298291238223,1.4230393558273382,0.06682291626930237,1.0,0.41026225686073303,-1.0,1.0,0.16977698,0.06965309,0.16977698
44,1.4621,0.19191141426563263,0.23014424741268158,-0.9351085424423218,0.04338429868221283,-0.07243679463863373,0.1152445375919342,-0.028068305165700667,0.0163294957562814,1.4229903536632809,0.061967771500349045,1.0,0.7739754915237427,-1.0,1.0,0.15507211,0.12002201,0.15507211
45,1.4962,0.19474288821220398,0.2268611490726471,-0.9313514232635498,0.05276038125157356,-0.07873303443193436,0.13230252265930176,-0.026431372395737448,0.012661427239266292,1.4229473436116762,0.05634097382426262,1.0,1.0,-1.0,1.0,0.14433756,0.14433756,0.14433756
46,1.5321,0.19785743951797485,0.2233487069606781,-0.9270311594009399,0.06191025674343109,-0.08412209153175354,0.14423784613609314,-0.02483816956311117,0.00855033147194349,1.422932030435408,0.05007157102227211,1.0,1.0,-1.0,1.0,0.14433756,0.14433756,0.14433756
47,1.5664,0.20123521983623505,0.21967780590057373,-0.9223405122756958,0.07064718753099442,-0.08796503394842148,0.15185695886611938,-0.02210146361505371,0.001617956576861942,1.4228964772348556,0.043362148106098175,0.8532194495201111,1.0,-1.0,1.0,0.12914568,0.15136279,0.15136279
48,1.6002,0.20490476489067078,0.2158946394920349,-0.917382001876831,0.07905704528093338,-0.09011770039796829,0.15736986696720123,-0.019674431286907428,-0.0042478844594065965,1.4228673156209193,0.03632906824350357,0.4793328046798706,1.0,-1.0,1.0,0.08025057,0.16742139,0.16742139
49,1.6343,0.2098558247089386,0.21114112436771393,-0.9109447002410889,0.0890311524271965,-0.08999643474817276,0.16332630813121796,-0.01745101530915182,-0.009219541201691071,1.422807261338338,0.02735794708132744,0.03288636729121208,1.0,-1.0,1.0,0.005811972,0.17672892,0.17672892
50,1.6683,0.21407511830329895,0.20741599798202515,-0.905663013458252,0.09627670049667358,-0.0877976268529892,0.169009730219841,-0.014036313280344121,-0.015690655425636434,1.4226980717336446,0.020317789167165756,-0.3678499460220337,1.0,-1.0,1.0,-0.062933214,0.17108393,0.17108393
51,1.7022,0.21853001415729523,0.20383891463279724,-0.9002530574798584,0.10298529267311096,-0.08399174362421036,0.17568375170230865,-0.010653298707319164,-0.020119247848572514,1.4225846210712072,0.013920927420258522,-0.7577758431434631,1.0,-1.0,1.0,-0.1180749,0.15581772,0.15581772
52,1.7362,0.22320300340652466,0.2004982829093933,-0.89466392993927,0.10876747965812683,-0.0784582570195198,0.1814921647310257,-0.005117529830547613,-0.024580756318403597,1.4224245650896936,0.009872466325759888,-1.0,1.0,-1.0,1.0,-0.14433756,0.14433756,0.14433756
53,1.7706,0.22804126143455505,0.19748759269714355,-0.8888969421386719,0.11345338821411133,-0.07142814248800278,0.1849963665008545,-0.0003633853073772816,-0.026794155273449687,1.4223096496886567,0.011373592540621758,-1.0,1.0,-1.0,1.0,-0.14433756,0.14433756,0.14433756
54,1.804,0.23298867046833038,0.19486595690250397,-0.8830350637435913,0.11667955666780472,-0.06306406110525131,0.18526852130889893,0.00731639791289596,-0.02860522340859586,1.4221645074092473,0.017069237306714058,-1.0,1.0,-0.6975544691085815,1.0,-0.1585399,0.1585399,0.11059021
55,1.8381,0.23920869827270508,0.1921694576740265,-0.8756942749023438,0.11794044077396393,-0.05141809955239296,0.18368782103061676,0.013666662359851919,-0.02906852397270178,1.4220601114945162,0.025870580226182938,-1.0,1.0,-0.08218619227409363,1.0,-0.17647894,0.17647894,0.014504132
56,1.872,0.24411743879318237,0.19053111970424652,-0.8698179721832275,0.11685753613710403,-0.04144718870520592,0.17991328239440918,0.01894118189561915,-0.02896055151585048,1.421985809300103,0.0331704206764698,-1.0,1.0,0.4290352761745453,1.0,-0.16916348,0.16916348,-0.072577104
57,1.9061,0.24889519810676575,0.1893724948167801,-0.8641334772109985,0.11345518380403519,-0.030874136835336685,0.16625651717185974,0.02580763510130567,-0.028381184981892946,1.4219213608017232,0.04031319171190262,-1.0,1.0,1.0,1.0,-0.14433756,0.14433756,-0.14433756
58,1.9402,0.25347158312797546,0.18870609998703003,-0.8590672016143799,0.10801427066326141,-0.019564656540751457,0.13862720131874084,0.03063884442589939,-0.027765439251326008,1.4219021860418746,0.04691801220178604,-1.0,1.0,1.0,1.0,-0.14433756,0.14433756,-0.14433756
59,1.9744,0.2577609419822693,0.18855835497379303,-0.8550258874893188,0.10064558684825897,-0.007786798756569624,0.10296141356229782,0.034167193733334315,-0.027076356722241013,1.421898324458294,0.05262181535363197,-1.0,1.0,1.0,1.0,-0.14433756,0.14433756,-0.14433756
60,2.0083,0.26167961955070496,0.1889641284942627,-0.8522387742996216,0.09148285537958145,0.004218875430524349,0.06314222514629364,0.03774363390439119,-0.025651557216670215,1.421933211868574,0.05719868838787079,-1.0,1.0,1.0,1.0,-0.14433756,0.14433756,-0.14433756
61,2.0419,0.265994668006897,0.19023524224758148,-0.8505324125289917,0.07867247611284256,0.018779180943965912,0.01898183301091194,0.03946537587150582,-0.024194046602772676,1.4220083130113141,0.06131652370095253,-1.0,1.0,1.0,1.0,-0.14433756,0.14433756,-0.14433756
62,2.0761,0.26887863874435425,0.19182610511779785,-0.8504543304443359,0.06765556335449219,0.030057180672883987,-0.010240556672215462,0.0402771406612756,-0.022785742051203556,1.4220995262786493,0.06339500099420547,-1.0,0.8860640525817871,1.0,1.0,-0.14980243,0.13273455,-0.14980243
63,2.1101,0.2712876498699188,0.19385886192321777,-0.851351261138916,0.056363169103860855,0.040772780776023865,-0.0344151146709919,0.040580932440247984,-0.02070400312254826,1.422239741710042,0.06459195911884308,-1.0,0.6452462673187256,1.0,1.0,-0.16082767,0.103773445,-0.16082767
64,2.1439,0.27318888902664185,0.19635353982448578,-0.8531038761138916,0.04500512033700943,0.050759002566337585,-0.054551493376493454,0.04015499311340344,-0.018580196651642716,1.422410716652025,0.06501682102680206,-1.0,0.3737492859363556,1.0,1.0,-0.17090893,0.06387709,-0.17090893
65,2.1781,0.2745710015296936,0.19926907122135162,-0.8555620908737183,0.0336703360080719,0.06011561304330826,-0.07185735553503036,0.039480809722260674,-0.01671678075631967,1.4225824905423352,0.06482604146003723,-1.0,0.06180933117866516,1.0,1.0,-0.1766081,0.010916029,-0.1766081
66,2.2121,0.2754516303539276,0.2025662511587143,-0.8586039543151855,0.022469786927103996,0.06888415664434433,-0.08732546120882034,0.03873896955586229,-0.014800145331681676,1.4227621207578611,0.06418745964765549,-1.0,-0.2990928590297699,1.0,1.0,-0.1729511,-0.05172844,-0.1729511
67,2.246,0.27590706944465637,0.20716702938079834,-0.8631142377853394,0.008689196780323982,0.07882119715213776,-0.10526923090219498,0.03755010531692649,-0.011228302234397093,1.4230372252984662,0.0630216896533966,-1.0,-0.825035810470581,1.0,1.0,-0.15269232,-0.12597662,-0.15269232
68,2.2803,0.2751564383506775,0.21545042097568512,-0.8715783357620239,-0.012814893387258053,0.0918230339884758,-0.1277194619178772,0.036429376390004695,-0.007505599383737927,1.4232935545533865,0.061005257070064545,-1.0,-1.0,1.0,1.0,-0.14433756,-0.14433756,-0.14433756
69,2.314,0.2751564383506775,0.21545042097568512,-0.8715783357620239,-0.012814893387258053,0.0918230339884758,-0.1277194619178772,0.035225710801072944,-0.003525366514999172,1.423555076972432,0.061005257070064545,-1.0,-1.0,1.0,1.0,-0.14433756,-0.14433756,-0.14433756
70,2.3479,0.27281421422958374,0.2243773490190506,-0.8808163404464722,-0.03299441188573837,0.09872066229581833,-0.13692307472229004,0.03289769397001797,0.0033703172243198937,1.423958013245361,0.05995536968111992,-1.0,-1.0,1.0,1.0,-0.14433756,-0.14433756,-0.14433756
71,2.3817,0.2710748016834259,0.22892558574676514,-0.8855174779891968,-0.042579300701618195,0.09934002161026001,-0.13889893889427185,0.030613558959705852,0.00935245270573474,1.4242477651719618,0.06002066284418106,-1.0,-1.0,1.0,1.0,-0.14433756,-0.14433756,-0.14433756
72,2.416,0.2684248983860016,0.23456916213035583,-0.8914285898208618,-0.05364929139614105,0.09713482856750488,-0.14039230346679688,0.027536149403848593,0.01640615006289175,1.4245882503173284,0.06074700132012367,-1.0,-1.0,1.0,1.0,-0.14433756,-0.14433756,-0.14433756
73,2.4501,0.2659366726875305,0.23890440165996552,-0.8961600065231323,-0.061891745775938034,0.09337018430233002,-0.14111419022083282,0.02543000510051624,0.020769115330606092,1.4247869221346483,0.061786502599716187,-1.0,-1.0,1.0,1.0,-0.14433756,-0.14433756,-0.14433756
74,2.484,0.2630952000617981,0.2429567128419876,-0.9008723497390747,-0.06973028182983398,0.08798035979270935,-0.14167103171348572,0.02258218499775903,0.025940179380402155,1.4250098287178878,0.06311429291963577,-1.0,-1.0,1.0,1.0,-0.14433756,-0.14433756,-0.14433756
75,2.5182,0.25997474789619446,0.2466161698102951,-0.9055169820785522,-0.07708211988210678,0.08125854283571243,-0.14190611243247986,0.02046961373770226,0.029185205798555477,1.4251673546963661,0.06465937197208405,-1.0,-1.0,0.80851149559021,1.0,-0.15346694,-0.15346694,-0.124079786
76,2.5523,0.2565672695636749,0.24982787668704987,-0.9100892543792725,-0.08391673862934113,0.07327617704868317,-0.1418747901916504,0.01879225709522408,0.03141366825851733,1.4252840011521115,0.06632040441036224,-1.0,-1.0,0.47625061869621277,1.0,-0.16753209,-0.16753209,-0.079787254
77,2.5862,0.25288456678390503,0.252524197101593,-0.9145455360412598,-0.09023404866456985,0.06435906887054443,-0.13961948454380035,0.016635325477666076,0.03366731215494264,1.4254380650211727,0.06799144297838211,-1.0,-1.0,0.12219378352165222,1.0,-0.17612049,-0.17612049,-0.02152083
78,2.6204,0.24798054993152618,0.2551807165145874,-0.919814944267273,-0.09726997464895248,0.0525931790471077,-0.12890833616256714,0.015209113248360773,0.03492816496709464,1.425533805662361,0.07001649588346481,-1.0,-1.0,-0.3986589312553406,1.0,-0.17014565,-0.17014565,0.067830086
79,2.654,0.2438208907842636,0.25664445757865906,-0.9235448837280273,-0.10242990404367447,0.04272916913032532,-0.11263318359851837,0.014215175756461966,0.03580182328507354,1.425619159975298,0.07133543491363525,-0.7153448462486267,-1.0,-0.8679388761520386,1.0,-0.11882775,-0.16611254,0.14417554
80,2.6882,0.23955559730529785,0.2575496733188629,-0.9265967607498169,-0.10710068047046661,0.03271250054240227,-0.08693031221628189,0.013245035065319238,0.03674064166478611,1.4257175637775765,0.07224688678979874,-0.30065813660621643,-1.0,-1.0,1.0,-0.051987484,-0.17291227,0.17291227
81,2.7222,0.2352072298526764,0.25792989134788513,-0.9286004304885864,-0.11127130687236786,0.022812385112047195,-0.05190848186612129,0.012544655947844723,0.03711848596681951,1.425815701263746,0.07249465584754944,0.10987760126590729,-1.0,-1.0,1.0,0.019365437,-0.17624554,0.17624554
82,2.7561,0.2308429628610611,0.25786909461021423,-0.9292877912521362,-0.11515483260154724,0.012783790938556194,-0.013506723567843437,0.010924288872099636,0.03697579878904011,1.425918232965714,0.07192307710647583,0.5132781267166138,-1.0,-1.0,1.0,0.08529173,-0.16617058,0.16617058
83,2.7901,0.2264765202999115,0.25736576318740845,-0.9286321401596069,-0.1186109259724617,0.002625009510666132,0.02219541370868683,0.008786141902902398,0.036494519806981554,1.4259788198805132,0.07046238332986832,0.9092091917991638,-1.0,-1.0,1.0,0.13519697,-0.14869732,0.14869732
84,2.8245,0.22103248536586761,0.25611838698387146,-0.9261538982391357,-0.12161841243505478,-0.010403039865195751,0.05797185003757477,0.004243882695764697,0.03529996722240492,1.4260944010718226,0.06751748919487,1.0,-1.0,-1.0,1.0,0.14433756,-0.14433756,0.14433756
85,2.8588,0.21665237843990326,0.25461408495903015,-0.9230918884277344,-0.12296696752309799,-0.02092190459370613,0.07881730794906616,-0.000561095727444789,0.03379409110639802,1.4261653743148732,0.06444603949785233,1.0,-1.0,-1.0,1.0,0.14433756,-0.14433756,0.14433756
86,2.8943,0.212313711643219,0.2527012825012207,-0.9193569421768188,-0.12260562926530838,-0.0315098874270916,0.09515956789255142,-0.005289631934656131,0.03209575374795706,1.4262454023056301,0.061013124883174896,1.0,-1.0,-1.0,1.0,0.14433756,-0.14433756,0.14433756
87,2.9286,0.20808207988739014,0.2503417730331421,-0.9150371551513672,-0.12050015479326248,-0.04188250005245209,0.10847987979650497,-0.012170265432850021,0.029245031215730584,1.4263760303570987,0.05731708183884621,1.0,-1.0,-1.0,1.0,0.14433756,-0.14433756,0.14433756
88,2.9622,0.20401610434055328,0.24758118391036987,-0.9102551937103271,-0.11660005152225494,-0.05176080763339996,0.1196264773607254,-0.017281264797091786,0.026821700265380593,1.4264735020529955,0.05355736240744591,1.0,-1.0,-1.0,1.0,0.14433756,-0.14433756,0.14433756
89,2.9957,0.20017752051353455,0.24445179104804993,-0.9051568508148193,-0.11097344756126404,-0.06120198592543602,0.12875203788280487,-0.022744714806254125,0.02378390315014366,1.4265874853476508,0.049938980489969254,1.0,-1.0,-1.0,1.0,0.14433756,-0.14433756,0.14433756
90,3.03,0.19583234190940857,0.24008025228977203,-0.8984571695327759,-0.10191942006349564,-0.07223469018936157,0.1382366567850113,-0.025839480682278135,0.021770299533502357,1.4267178470830102,0.045873094350099564,1.0,-0.7652503252029419,-1.0,1.0,0.15547432,-0.11897677,0.15547432
91,3.0641,0.1927841752767563,0.23619374632835388,-0.8928413391113281,-0.09322027117013931,-0.08043058216571808,0.1443175971508026,-0.02929009481420717,0.019049766047283326,1.4268431488122986,0.043129172176122665,1.0,-0.16603216528892517,-1.0,1.0,0.17557086,-0.029150411,0.17557086
92,3.098,0.19013307988643646,0.2320609986782074,-0.8870818614959717,-0.08352154493331909,-0.08800701797008514,0.1502615213394165,-0.03122723449864417,0.016974530017055407,1.4269022709884982,0.04111545905470848,1.0,0.4359974265098572,-1.0,1.0,0.16893072,0.07365336,0.16893072
93,3.1315,0.1878882348537445,0.22764518857002258,-0.8812142610549927,-0.07301489263772964,-0.09491221606731415,0.15682382881641388,-0.03243546283153729,0.015009435463550977,1.4269652547482787,0.03996637091040611,1.0,1.0,-0.6803624629974365,1.0,0.15930054,0.15930054,0.108382106
94,3.1652,0.18602965772151947,0.22305992245674133,-0.8752528429031372,-0.06209762766957283,-0.10135386139154434,0.16336962580680847,-0.03343653884351427,0.010784850542790672,1.4270808359395881,0.039903219789266586,1.0,1.0,-0.2787366211414337,1.0,0.17343996,0.17343996,0.048344072
95,3.1995,0.18464460968971252,0.21829678118228912,-0.8692563772201538,-0.050670772790908813,-0.10686372220516205,0.1645946204662323,-0.03348201231912737,0.005691081102593609,1.4272303724347961,0.04087748005986214,1.0,1.0,0.17682680487632751,1.0,0.17541084,0.17541084,-0.031017339
96,3.2343,0.18360626697540283,0.2121686488389969,-0.8620678186416626,-0.03539810702204704,-0.11157474666833878,0.15183420479297638,-0.03301354771922022,0.00019432044876635762,1.4273724520789517,0.043279558420181274,1.0,1.0,0.891460657119751,1.0,0.14954512,0.14954512,-0.1333136
97,3.2681,0.18337494134902954,0.20718692243099213,-0.856950044631958,-0.022514479234814644,-0.11308382451534271,0.12869961559772491,-0.03176708429933305,-0.008336928004546778,1.4275408970178993,0.04565773531794548,1.0,1.0,1.0,1.0,0.14433756,0.14433756,-0.14433756
98,3.3022,0.18363897502422333,0.20220626890659332,-0.8528437614440918,-0.009144626557826996,-0.11213279515504837,0.09214268624782562,-0.030383861315686517,-0.014867926942613395,1.4276307787046894,0.047907065600156784,1.0,1.0,1.0,1.0,0.14433756,0.14433756,-0.14433756
99,3.3362,0.18443848192691803,0.1973702758550644,-0.8500795364379883,0.0042246002703905106,-0.10871264338493347,0.052875954657793045,-0.028124310611187194,-0.021822108419677407,1.4276765850754387,0.049519896507263184,1.0,1.0,1.0,1.0,0.14433756,0.14433756,-0.14433756
100,3.3703,0.18579407036304474,0.19279488921165466,-0.8487275838851929,0.01708223484456539,-0.10328224301338196,0.017256205901503563,-0.02625710387249999,-0.02567332231679781,1.4276397002943413,0.05023414269089699,1.0,1.0,1.0,1.0,0.14433756,0.14433756,-0.14433756
101,3.4042,0.18764451146125793,0.18850813806056976,-0.8486522436141968,0.02929822728037834,-0.09602532535791397,-0.012940180487930775,-0.023425227366175028,-0.029777996328882693,1.427529179109103,0.05007946118712425,1.0,1.0,1.0,1.0,0.14433756,0.14433756,-0.14433756
102,3.4385,0.19053837656974792,0.18366114795207977,-0.8499832153320312,0.043405741453170776,-0.08528170734643936,-0.04356744885444641,-0.021172642492401944,-0.03204707615665746,1.4274127989694665,0.048920534551143646,1.0,1.0,1.0,1.0,0.14433756,0.14433756,-0.14433756
103,3.4729,0.1933286488056183,0.18028445541858673,-0.8520700931549072,0.05400281772017479,-0.07557574659585953,-0.06325671821832657,-0.019269680735485822,-0.033417692817612754,1.427280839337453,0.04725923016667366,1.0,1.0,1.0,1.0,0.14433756,0.14433756,-0.14433756
104,3.507,0.19656848907470703,0.17741768062114716,-0.8549400568008423,0.06388677656650543,-0.06537351757287979,-0.07936568558216095,-0.01667060612032582,-0.03449304189567852,1.4270648569730475,0.045017506927251816,1.0,1.0,1.0,1.0,0.14433756,0.14433756,-0.14433756
105,3.5412,0.2001698762178421,0.17505475878715515,-0.8583905696868896,0.07301197201013565,-0.05483081191778183,-0.09246698021888733,-0.014768211325438643,-0.03476763252941711,1.4269024041465528,0.04243648797273636,0.8366639018058777,1.0,1.0,1.0,0.12729421,0.15214497,-0.15214497
106,3.5758,0.20411406457424164,0.17323412001132965,-0.8622391223907471,0.08143772929906845,-0.04381721094250679,-0.10301969945430756,-0.012587315419259129,-0.03450036558867624,1.426678432298877,0.039700545370578766,0.4632934033870697,1.0,1.0,1.0,0.07782954,0.1679919,-0.1679919
107,3.6093,0.20831669867038727,0.17190085351467133,-0.8664684295654297,0.08920527994632721,-0.032859597355127335,-0.11175048351287842,-0.011150721022891722,-0.034006582233061924,1.4265347547580673,0.037004150450229645,0.06279207766056061,1.0,1.0,1.0,0.01108925,0.1766027,-0.1766027
108,3.6438,0.21390242874622345,0.17091932892799377,-0.8721417188644409,0.09818850457668304,-0.019132433459162712,-0.12277750670909882,-0.00881372018434693,-0.03307633382251344,1.4263601845486127,0.03405029699206352,-0.4762977659702301,1.0,1.0,1.0,-0.079794355,0.16753039,-0.16753039
109,3.6777,0.21853509545326233,0.17061586678028107,-0.8770064115524292,0.10466958582401276,-0.00825466588139534,-0.13216891884803772,-0.0062186028601192165,-0.03220816827428283,1.4262288907068716,0.03237401694059372,-0.9441275000572205,1.0,1.0,1.0,-0.13880922,0.14702381,-0.14702381
110,3.7114,0.22328458726406097,0.1707591414451599,-0.8821320533752441,0.11035672575235367,0.0024514305405318737,-0.14087554812431335,-0.0031818416209195683,-0.031313693607314674,1.4261307532207024,0.0315973237156868,-1.0,1.0,1.0,1.0,-0.14433756,0.14433756,-0.14433756
111,3.7451,0.228098064661026,0.171365886926651,-0.8875086307525635,0.11474734544754028,0.012978877872228622,-0.1471913456916809,0.00268835110899543,-0.029604955356460193,1.4260251588834807,0.03193696588277817,-1.0,1.0,1.0,1.0,-0.14433756,0.14433756,-0.14433756
112,3.7792,0.23790477216243744,0.1739431470632553,-0.898601770401001,0.11887378245592117,0.03347879648208618,-0.15140825510025024,0.008507186181689606,-0.027681878410935567,1.4259680340780985,0.03627656027674675,-1.0,1.0,1.0,1.0,-0.14433756,0.14433756,-0.14433756
113,3.8142,0.23790477216243744,0.1739431470632553,-0.898601770401001,0.11887378245592117,0.03347879648208618,-0.15140825510025024,0.013797496390185867,-0.025722888321992304,1.4259463293152144,0.03627656027674675,-1.0,1.0,1.0,1.0,-0.14433756,0.14433756,-0.14433756
114,3.8481,0.24868236482143402,0.17888590693473816,-0.911088228225708,0.1143607348203659,0.05491456016898155,-0.1518692970275879,0.020818958054882607,-0.02278409422027907,1.425969498816698,0.045570652931928635,-1.0,1.0,1.0,1.0,-0.14433756,0.14433756,-0.14433756
115,3.8816,0.2530669867992401,0.18158136308193207,-0.9166313409805298,0.10936487466096878,0.06363276392221451,-0.15160144865512848,0.025699743787643836,-0.02045338509980959,1.4259736267163876,0.05055408552289009,-1.0,1.0,1.0,1.0,-0.14433756,0.14433756,-0.14433756
116,3.9154,0.2571296691894531,0.1844886988401413,-0.9220975637435913,0.10271055996417999,0.0716000348329544,-0.15117265284061432,0.030629113484947595,-0.017668128476723225,1.4260158378196655,0.0557757131755352,-1.0,1.0,1.0,1.0,-0.14433756,0.14433756,-0.14433756
117,3.949,0.2607820928096771,0.18766100704669952,-0.927404522895813,0.09465353190898895,0.07923687249422073,-0.1507428139448166,0.0333423149557905,-0.01585370018129543,1.4260684352511945,0.060990314930677414,-1.0,1.0,0.16431018710136414,1.0,-0.1755955,0.1755955,-0.02885213
118,3.983,0.26395004987716675,0.1911076009273529,-0.9326626062393188,0.08555709570646286,0.08626487851142883,-0.14957691729068756,0.036190965215793756,-0.013476317082127709,1.4261591158863116,0.066154845058918,-1.0,0.861346960067749,-0.26143720746040344,1.0,-0.18580979,0.1600467,0.04857759
119,4.0173,0.26714053750038147,0.19570614397525787,-0.9388316869735718,0.07330460846424103,0.09404769539833069,-0.13330261409282684,0.03778599481048026,-0.011893774175942853,1.4262351491354335,0.07220888137817383,-1.0,0.3745606243610382,-0.9126147031784058,1.0,-0.1779749,0.066662386,0.16242251
120,4.051,0.26911279559135437,0.1995815634727478,-0.9429049491882324,0.06340009719133377,0.09952232986688614,-0.1064666137099266,0.03894629248553576,-0.010769143093845707,1.4262961355243962,0.07632455974817276,-1.0,-0.04196998476982117,-1.0,1.0,-0.17669891,-0.0074160504,0.17669891
121,4.0859,0.270571231842041,0.2035420536994934,-0.94580078125,0.05348478630185127,0.10440186411142349,-0.0667039006948471,0.040252077818704435,-0.009114734369526143,1.4264468704420947,0.07945157587528229,-1.0,-0.4962063133716583,-1.0,1.0,-0.16680682,-0.08277059,0.16680682
122,4.1195,0.2715558111667633,0.20754718780517578,-0.9472371339797974,0.04323013499379158,0.10886597633361816,-0.025158392265439034,0.040765893139143194,-0.006908404234639072,1.4266111874813525,0.08137590438127518,-1.0,-0.9715975522994995,-1.0,1.0,-0.14570384,-0.14156549,0.14570384
123,4.1532,0.272106409072876,0.21159709990024567,-0.947198748588562,0.03254839777946472,0.11253590881824493,0.010401451960206032,0.04073313625773522,-0.00395804332731243,1.426794679280459,0.08211016654968262,-1.0,-1.0,-1.0,1.0,-0.14433756,-0.14433756,0.14433756
124,4.1871,0.2722551226615906,0.21571536362171173,-0.9460320472717285,0.021374033764004707,0.11533922702074051,0.03774671629071236,0.03979385598602108,0.0019415198562220736,1.4271390260094063,0.08196301013231277,-1.0,-1.0,-1.0,1.0,-0.14433756,-0.14433756,0.14433756
125,4.2212,0.2717662453651428,0.22086869180202484,-0.9431933164596558,0.007233309559524059,0.11654990166425705,0.06464479863643646,0.038276299411920664,0.007638390733443352,1.4274628663979598,0.08067108690738678,-1.0,-1.0,-1.0,1.0,-0.14433756,-0.14433756,0.14433756
126,4.2549,0.27092963457107544,0.22491328418254852,-0.9400964975357056,-0.0038398534525185823,0.1154458075761795,0.0824103057384491,0.03577734717018003,0.014951951755599997,1.4278386384277701,0.07905377447605133,-1.0,-1.0,-1.0,1.0,-0.14433756,-0.14433756,0.14433756
127,4.2891,0.26970797777175903,0.22879678010940552,-0.9363353252410889,-0.01460945513099432,0.11243807524442673,0.09741342812776566,0.033832407336581535,0.01972510208783539,1.4280933697860363,0.07699906080961227,-1.0,-1.0,-1.0,1.0,-0.14433756,-0.14433756,0.14433756
128,4.3232,0.2680814266204834,0.23246580362319946,-0.9320988655090332,-0.02505667880177498,0.10755785554647446,0.10987423360347748,0.030974683603520594,0.025654149637543838,1.428392442776452,0.07464472204446793,-1.0,-1.0,-1.0,1.0,-0.14433756,-0.14433756,0.14433756
129,4.3572,0.2661404311656952,0.2358735352754593,-0.9274847507476807,-0.03492835536599159,0.10116046667098999,0.12035787105560303,0.028723012110777622,0.029526943461872287,1.428608558298912,0.07213371992111206,-1.0,-1.0,-1.0,1.0,-0.14433756,-0.14433756,0.14433756
130,4.3912,0.2639142572879791,0.2389368861913681,-0.9225633144378662,-0.04429934173822403,0.09342280775308609,0.12904240190982819,0.026813839778975654,0.032260774028190296,1.428758361110229,0.06952334195375443,-1.0,-1.0,-1.0,1.0,-0.14433756,-0.14433756,0.14433756
131,4.4252,0.2607182562351227,0.24215884506702423,-0.9160586595535278,-0.05538644269108772,0.0820075199007988,0.1378978192806244,0.024263284629925535,0.03515093006990136,1.4289355944807738,0.0661311224102974,-1.0,-1.0,-1.0,1.0,-0.14433756,-0.14433756,0.14433756
132,4.459,0.2578412592411041,0.24428030848503113,-0.9106391668319702,-0.06363575160503387,0.07185930013656616,0.14367544651031494,0.022361594116311004,0.036679817562202226,1.4290636925292066,0.06340592354536057,-1.0,-1.0,-1.0,1.0,-0.14433756,-0.14433756,0.14433756
133,4.4946,0.2546619772911072,0.24593707919120789,-0.9050525426864624,-0.07137986272573471,0.06121388077735901,0.14845676720142365,0.02021749352566122,0.03774187372135822,1.4292176232402132,0.06067496910691261,-1.0,-1.0,-1.0,1.0,-0.14433756,-0.14433756,0.14433756
134,4.5283,0.2511710524559021,0.24713368713855743,-0.8993459939956665,-0.0787820965051651,0.05028510466217995,0.1523868441581726,0.018839873583276857,0.03800371655197265,1.4293112333525295,0.05800420418381691,-1.0,-1.0,-1.0,1.0,-0.14433756,-0.14433756,0.14433756
135,4.5621,0.24743884801864624,0.247825026512146,-0.8935443162918091,-0.08563315868377686,0.038944125175476074,0.15563276410102844,0.01739494640552994,0.037885430587681096,1.4294273471760568,0.055471621453762054,-0.7478651404380798,-1.0,-1.0,1.0,-0.11686985,-0.1562713,0.1562713
136,4.596,0.24348819255828857,0.2479754090309143,-0.8876169919967651,-0.09198515862226486,0.027408825233578682,0.158349871635437,0.015726551924298258,0.03724628440962969,1.429534406251878,0.053138550370931625,-0.36745697259902954,-1.0,-0.9344254732131958,1.0,-0.06482547,-0.17641649,0.16484806
137,4.6302,0.23825325071811676,0.24735693633556366,-0.8800338506698608,-0.09933210909366608,0.013117486611008644,0.16222943365573883,0.01462160326713248,0.03654185333416851,1.4296185621423245,0.050647079944610596,0.13264814019203186,-1.0,-0.523263692855835,1.0,0.02918171,-0.21999335,0.11511453
138,4.6641,0.23382163047790527,0.24625107645988464,-0.8737914562225342,-0.10479466617107391,0.0016751143848523498,0.16625399887561798,0.01264848906173609,0.03538282482182001,1.4297563807287361,0.049219850450754166,0.5541203618049622,-1.0,-0.17998960614204407,1.0,0.119696535,-0.21601179,0.03887988
139,4.6983,0.22917917370796204,0.2446117252111435,-0.8674432039260864,-0.10976965725421906,-0.009767104871571064,0.16486231982707977,0.010118034537132262,0.034528640869312316,1.4298627740142849,0.04850378632545471,0.9943435788154602,-1.0,0.23722228407859802,1.0,0.17383231,-0.17482117,-0.041471478
140,4.7323,0.22438636422157288,0.2425117939710617,-0.8613307476043701,-0.11413184553384781,-0.02133895643055439,0.1518770456314087,0.0067274153908383665,0.033906842689049255,1.4299562509685466,0.04857753962278366,1.0,-1.0,0.7659921646118164,1.0,0.15544017,-0.15544017,-0.119065955
141,4.7661,0.21944072842597961,0.23988059163093567,-0.855831503868103,-0.11747778952121735,-0.03351040929555893,0.12678495049476624,1.1610459495257142e-05,0.03263006916700562,1.430099795351302,0.049160853028297424,1.0,-1.0,1.0,1.0,0.14433756,-0.14433756,-0.14433756
142,4.8002,0.2144070416688919,0.23673726618289948,-0.8513898849487305,-0.11893974244594574,-0.04585738107562065,0.09087445586919785,-0.006184598142098917,0.030926370116276275,1.430218439177865,0.04985792934894562,1.0,-1.0,1.0,1.0,0.14433756,-0.14433756,-0.14433756
143,4.8343,0.20808127522468567,0.23217196762561798,-0.8476916551589966,-0.11751893162727356,-0.061147626489400864,0.043454524129629135,-0.011529191583900209,0.02901575801300998,1.430340811429954,0.05040227621793747,1.0,-0.6433027982711792,1.0,1.0,0.16091107,-0.10351454,-0.16091107
144,4.868,0.20316801965236664,0.2280413806438446,-0.8461776971817017,-0.11384208500385284,-0.0727519765496254,0.008843661285936832,-0.01826230052186592,0.025738717485721464,1.4305208411196435,0.050425849854946136,1.0,0.19539624452590942,1.0,1.0,0.17511316,0.034216452,-0.17511316
145,4.9021,0.19847972691059113,0.22352094948291779,-0.8459539413452148,-0.10827922075986862,-0.08352286368608475,-0.022169720381498337,-0.022638352729624483,0.022805836433866043,1.4306806307850481,0.04999733716249466,1.0,0.9405020475387573,1.0,1.0,0.14719784,0.13843986,-0.14719784
146,4.9363,0.19410717487335205,0.21867848932743073,-0.8469188213348389,-0.10093295574188232,-0.093388631939888,-0.04982462152838707,-0.026941242908811523,0.018295055322679294,1.4308810336570765,0.04919225722551346,1.0,1.0,1.0,1.0,0.14433756,0.14433756,-0.14433756
147,4.9702,0.19011376798152924,0.21356059610843658,-0.8489439487457275,-0.09228693693876266,-0.10213787853717804,-0.07320365309715271,-0.02909678260858104,0.013832397324330815,1.4310609301887114,0.04814989119768143,1.0,1.0,1.0,1.0,0.14433756,0.14433756,-0.14433756
148,5.0042,0.1865413337945938,0.208244189620018,-0.8517504930496216,-0.0824788436293602,-0.10926458239555359,-0.09052059799432755,-0.030697979085666762,0.005248360219841008,1.4313616010757815,0.04717350751161575,1.0,1.0,1.0,1.0,0.14433756,0.14433756,-0.14433756
149,5.0385,0.1827658861875534,0.20134566724300385,-0.8561187982559204,-0.06914962828159332,-0.11522457003593445,-0.10656524449586868,-0.03086214216092413,-0.002340336551839846,1.431610606637704,0.046312253922224045,1.0,1.0,1.0,1.0,0.14433756,0.14433756,-0.14433756
150,5.0724,0.1803697645664215,0.19575145840644836,-0.8600388765335083,-0.0580713227391243,-0.11702796816825867,-0.11621849983930588,-0.030527355764171347,-0.008735971484976129,1.431800623181481,0.0461314357817173,1.0,1.0,1.0,1.0,0.14433756,0.14433756,-0.14433756
151,5.1063,0.17850327491760254,0.19021062552928925,-0.8642640113830566,-0.0467076301574707,-0.11643315851688385,-0.123713918030262,-0.029436924455838405,-0.0168979287656074,1.4319919713058031,0.04647067189216614,1.0,1.0,1.0,1.0,0.14433756,0.14433756,-0.14433756
152,5.1402,0.17711065709590912,0.18485213816165924,-0.8687196969985962,-0.035373568534851074,-0.11362043023109436,-0.1297447234392166,-0.028275653062509353,-0.022344907747605978,1.432054022959202,0.047349195927381516,1.0,1.0,1.0,1.0,0.14433756,0.14433756,-0.14433756
153,5.1746,0.1761670857667923,0.17980298399925232,-0.8732990026473999,-0.02400083653628826,-0.10866101086139679,-0.13437311351299286,-0.026606238049625572,-0.027749526863812785,1.4320604145458182,0.048693589866161346,1.0,1.0,1.0,1.0,0.14433756,0.14433756,-0.14433756
154,5.2082,0.17568688094615936,0.17515678703784943,-0.878002405166626,-0.012801412492990494,-0.10216476023197174,-0.1381852924823761,-0.025324935073134207,-0.030677824365760824,1.431998496050474,0.05032101646065712,1.0,1.0,1.0,1.0,0.14433756,0.14433756,-0.14433756
155,5.2421,0.17573894560337067,0.1700030267238617,-0.8839828968048096,0.0008405245025642216,-0.09211588650941849,-0.14164598286151886,-0.023844945715160718,-0.033167393125848134,1.4319231285916247,0.05253440886735916,1.0,1.0,1.0,1.0,0.14433756,0.14433756,-0.14433756
156,5.2761,0.17626875638961792,0.1664334237575531,-0.8887227773666382,0.011372504755854607,-0.08285173028707504,-0.14352044463157654,-0.021960457557712424,-0.03522322657111861,1.431754683652677,0.054329778999090195,1.0,1.0,1.0,1.0,0.14433756,0.14433756,-0.14433756
157,5.3102,0.1772550642490387,0.1633799821138382,-0.893445611000061,0.02143549732863903,-0.0728500485420227,-0.14506717026233673,-0.020671760148006885,-0.03606512669309831,1.4316205934917916,0.05601389706134796,1.0,1.0,1.0,1.0,0.14433756,0.14433756,-0.14433756
158,5.3445,0.1786763072013855,0.16086924076080322,-0.8981584310531616,0.031233662739396095,-0.0622578002512455,-0.14617621898651123,-0.018844305249778315,-0.03657964941570162,1.4313995511213151,0.05753092095255852,1.0,1.0,1.0,1.0,0.14433756,0.14433756,-0.14433756
159,5.3784,0.1805129051208496,0.15894603729248047,-0.9028332233428955,0.040605418384075165,-0.05106141045689583,-0.14692622423171997,-0.01745324882745666,-0.03646608223996655,1.4312327040790216,0.05882555991411209,1.0,1.0,0.968386173248291,1.0,0.14585824,0.14585824,-0.14124711
160,5.4124,0.18276678025722504,0.15759041905403137,-0.9074512720108032,0.0495704710483551,-0.039721082895994186,-0.14750349521636963,-0.016260165142668773,-0.03605541863868713,1.4310912902251385,0.05989191681146622,1.0,1.0,0.7451192140579224,1.0,0.15639661,0.15639661,-0.11653412
161,5.4462,0.18612340092658997,0.15665754675865173,-0.9130842685699463,0.060098230838775635,-0.02569521591067314,-0.1476610153913498,-0.014625298403144965,-0.03508834162309529,1.4308843626084393,0.06094280630350113,1.0,1.0,0.48032185435295105,1.0,0.16738577,0.16738577,-0.080399044
162,5.4801,0.19255240261554718,0.15684781968593597,-0.9216455221176147,0.07532980293035507,-0.0034661474637687206,-0.14300298690795898,-0.0134341673563907,-0.034087511121281305,1.4307326955843591,0.06213080510497093,1.0,1.0,0.0318315327167511,1.0,0.17673193,0.17673193,-0.0056256484
163,5.5142,0.19255240261554718,0.15684781968593597,-0.9216455221176147,0.07532980293035507,-0.0034661474637687206,-0.14300298690795898,-0.012502454207242674,-0.033155342321915526,1.430620310186358,0.06213080510497093,1.0,1.0,0.03828880190849304,1.0,0.17671195,0.17671195,-0.006766089
164,5.5482,0.19983765482902527,0.15883706510066986,-0.9291043281555176,0.0883999690413475,0.01702597364783287,-0.11546244472265244,-0.011470448075917945,-0.031938464957263456,1.4304743689586215,0.06286948919296265,0.5477398037910461,1.0,-0.6136130094528198,1.0,0.10575657,0.19307812,0.11847525
165,5.5823,0.20380476117134094,0.16042526066303253,-0.9319193363189697,0.09441479295492172,0.02671467326581478,-0.09594707936048508,-0.010766911656135466,-0.030892939122217373,1.430358787767312,0.06277870386838913,0.18043877184391022,1.0,-0.9445974826812744,1.0,0.032514308,0.1801958,0.17021249
166,5.616,0.2090337723493576,0.16291721165180206,-0.9342687129974365,0.10153919458389282,0.0382850356400013,-0.05787959694862366,-0.010134575264215176,-0.030096832887419423,1.4302606502811426,0.0619954839348793,-0.29435235261917114,1.0,-1.0,1.0,-0.05094287,0.17306766,0.17306766
167,5.6505,0.21343334019184113,0.16533105075359344,-0.9348223209381104,0.10693297535181046,0.04707124084234238,-0.020543327555060387,-0.008991966804462695,-0.029384728579067453,1.4301850165061845,0.06049184128642082,-0.6903696060180664,1.0,-1.0,1.0,-0.10967126,0.15885876,0.15885876
168,5.6839,0.21801859140396118,0.16810812056064606,-0.9339884519577026,0.11177972704172134,0.05576876923441887,0.013906750828027725,-0.005585151269492454,-0.027979632304374037,1.4301129779986979,0.058035969734191895,-1.0,1.0,-1.0,1.0,-0.14433756,0.14433756,0.14433756
169,5.7182,0.22276708483695984,0.17116859555244446,-0.9320056438446045,0.11559316515922546,0.06438472867012024,0.04177737981081009,-0.0012627447228306886,-0.02640216916990905,1.4300601142510596,0.054904624819755554,-1.0,1.0,-1.0,1.0,-0.14433756,0.14433756,0.14433756
170,5.752,0.22760245203971863,0.17450344562530518,-0.9290827512741089,0.11802036315202713,0.07271653413772583,0.06302975118160248,0.0034084768897596368,-0.024680976479769242,1.4300244278924525,0.0513664074242115,-1.0,1.0,-1.0,1.0,-0.14433756,0.14433756,0.14433756
171,5.786,0.23246990144252777,0.17806462943553925,-0.9254754781723022,0.118670254945755,0.08071548491716385,0.08036329597234726,0.010735551894002483,-0.021735418365006125,1.429968501509561,0.04780282825231552,-1.0,1.0,-1.0,1.0,-0.14433756,0.14433756,0.14433756
172,5.8202,0.2385140210390091,0.18283115327358246,-0.9201312065124512,0.11685216426849365,0.08998656272888184,0.0978916734457016,0.016497685822390213,-0.019250202208825416,1.429948128327222,0.04372538626194,-1.0,1.0,-1.0,1.0,-0.14433756,0.14433756,0.14433756
173,5.8541,0.2432253062725067,0.18690884113311768,-0.9153435230255127,0.11346883326768875,0.09700393676757812,0.10948739945888519,0.021146566400259786,-0.01705985000018152,1.4299522562269116,0.041181012988090515,-1.0,1.0,-1.0,1.0,-0.14433756,0.14433756,0.14433756
174,5.8878,0.2477244883775711,0.19124412536621094,-0.9103033542633057,0.10836300253868103,0.10340021550655365,0.11900325864553452,0.026871006196249887,-0.014128331737790163,1.4299712978287056,0.03966248407959938,-1.0,0.539306640625,-1.0,1.0,-0.16517395,0.08907941,0.16517395
175,5.9223,0.251949667930603,0.19580601155757904,-0.9050626754760742,0.10171344131231308,0.10926910489797592,0.12721221148967743,0.03138403434960639,-0.011450418191688107,1.4300129762997653,0.03937334194779396,-1.0,-0.04299697279930115,-0.8847478628158569,1.0,-0.18713982,-0.008046446,0.16557157
176,5.9561,0.2558348476886749,0.20057271420955658,-0.899638295173645,0.09385167807340622,0.11471960693597794,0.1360240876674652,0.0341830541059825,-0.00930534284246746,1.4300531900322255,0.04035243019461632,-1.0,-0.672441840171814,-0.5570062398910522,1.0,-0.18831441,-0.12663049,0.104892306
177,5.9903,0.25927039980888367,0.205544576048851,-0.8940962553024292,0.08499240130186081,0.11976757645606995,0.14424555003643036,0.03616901910393582,-0.006837056484560168,1.4301273590685841,0.04246249049901962,-1.0,-1.0,-0.22678062319755554,1.0,-0.17454672,-0.17454672,0.039583813
178,6.0241,0.26279979944229126,0.21196798980236053,-0.8871924877166748,0.07233025133609772,0.12490536272525787,0.14310024678707123,0.0382769901693284,-0.0015820661899467584,1.430344806171589,0.0463174469769001,-1.0,-1.0,0.2801333963871002,1.0,-0.1734074,-0.1734074,-0.048577204
179,6.0582,0.26495081186294556,0.21715927124023438,-0.8820134401321411,0.060703568160533905,0.1273813247680664,0.1304892897605896,0.03917358080100641,0.004225946149778418,1.4305959422623837,0.04999447986483574,-1.0,-1.0,0.737783670425415,1.0,-0.15673058,-0.15673058,-0.115633264
180,6.0921,0.266428679227829,0.2223311960697174,-0.8774112462997437,0.04776960238814354,0.12795200943946838,0.10655297338962555,0.039340968797896295,0.01004537185126513,1.4308540025720122,0.05378307029604912,-1.0,-1.0,1.0,1.0,-0.14433756,-0.14433756,-0.14433756
181,6.1263,0.2672137916088104,0.22743622958660126,-0.873931884765625,0.03374002128839493,0.1262989640235901,0.07131072878837585,0.03868538176130285,0.018305839044499513,1.431241492510619,0.057304754853248596,-1.0,-1.0,1.0,1.0,-0.14433756,-0.14433756,-0.14433756
182,6.1602,0.26729291677474976,0.2324283868074417,-0.8718817234039307,0.019542941823601723,0.12208469957113266,0.03501717746257782,0.037479323488579235,0.02417686089136326,1.4315397665527076,0.0602586567401886,-1.0,-1.0,1.0,1.0,-0.14433756,-0.14433756,-0.14433756
183,6.1949,0.2666827142238617,0.2372550517320633,-0.8710752725601196,0.0055172438733279705,0.1159018725156784,0.0018048644997179508,0.03527953994460617,0.03006625438855935,1.4318482937649935,0.06258365511894226,-1.0,-1.0,1.0,1.0,-0.14433756,-0.14433756,-0.14433756
184,6.2293,0.26504677534103394,0.2429450899362564,-0.8716409206390381,-0.011266627348959446,0.1060439869761467,-0.03285844996571541,0.03344897663804278,0.03319116183857709,1.432022065026121,0.06465821713209152,-1.0,-1.0,1.0,1.0,-0.14433756,-0.14433756,-0.14433756
185,6.263,0.2630745470523834,0.24713797867298126,-0.8731732368469238,-0.02401263639330864,0.0967361181974411,-0.055348921567201614,0.03071128864933335,0.03637988320562126,1.432239778445235,0.06572047621011734,-1.0,-1.0,1.0,1.0,-0.14433756,-0.14433756,-0.14433756
186,6.2972,0.26061591506004333,0.25092920660972595,-0.8755419254302979,-0.03607940673828125,0.0867280662059784,-0.0737009346485138,0.028491196421453837,0.03800461536884055,1.4323758659769381,0.0663653016090393,-1.0,-1.0,1.0,1.0,-0.14433756,-0.14433756,-0.14433756
187,6.3312,0.25774091482162476,0.2542666494846344,-0.8785473108291626,-0.04718328267335892,0.07606776058673859,-0.08867795765399933,0.02660462350821471,0.038883400271917855,1.4324887840071574,0.06670375913381577,-1.0,-1.0,1.0,1.0,-0.14433756,-0.14433756,-0.14433756
188,6.3651,0.2544802725315094,0.2570810317993164,-0.8820855617523193,-0.057552579790353775,0.06502837687730789,-0.1007205918431282,0.02402144463581112,0.0393788897151055,1.4326485736725623,0.06677835434675217,-1.0,-1.0,1.0,1.0,-0.14433756,-0.14433756,-0.14433756
189,6.3992,0.2508736252784729,0.2593342363834381,-0.8860278129577637,-0.0672747939825058,0.053678568452596664,-0.11050169914960861,0.022067352266560078,0.03925121610797142,1.4327744080340685,0.06665276736021042,-1.0,-1.0,1.0,1.0,-0.14433756,-0.14433756,-0.14433756
190,6.4333,0.24593664705753326,0.26142749190330505,-0.8913601636886597,-0.07823167741298676,0.03931693732738495,-0.11998200416564941,0.02050268270830048,0.03882012106770405,1.4328740102588375,0.06639564782381058,-0.9898430705070496,-1.0,1.0,1.0,-0.14335524,-0.14482623,-0.14482623
191,6.4673,0.24168139696121216,0.26250869035720825,-0.8958957195281982,-0.08628524839878082,0.027865629643201828,-0.12588973343372345,0.018413495250971364,0.03783693608870643,1.4330202178026827,0.0661880224943161,-0.6087244153022766,-1.0,1.0,1.0,-0.09884088,-0.16237377,-0.16237377
192,6.5013,0.2371578961610794,0.2630777060985565,-0.9006240367889404,-0.09376046061515808,0.01661103032529354,-0.13082441687583923,0.016907372584504175,0.03678479604342179,1.4331135615988901,0.06606502830982208,-0.19798871874809265,-1.0,0.7608118057250977,1.0,-0.038912274,-0.19653782,-0.1495283
193,6.5352,0.232402041554451,0.26318860054016113,-0.9055112600326538,-0.10059007257223129,0.005549886263906956,-0.1358625739812851,0.014962517014987046,0.035283372399862366,1.4332549754527732,0.06615900248289108,0.238016739487648,-1.0,0.4412650763988495,1.0,0.05319309,-0.22348465,-0.09861597
194,6.5692,0.22736746072769165,0.26281672716140747,-0.9105665683746338,-0.10694248974323273,-0.005229201167821884,-0.14120733737945557,0.013237586536645422,0.034287741303957835,1.4333412618720918,0.06652547419071198,0.7041897177696228,-1.0,0.10377004742622375,1.0,0.14342448,-0.20367308,-0.021135164
195,6.6032,0.2221730351448059,0.2620439827442169,-0.9157302379608154,-0.11259419471025467,-0.015578933991491795,-0.1426473706960678,0.009520781131384562,0.03310032099767557,1.4334697593946881,0.06732402741909027,1.0,-1.0,-0.2818796932697296,1.0,0.17336647,-0.17336647,0.04886849
196,6.6372,0.21552492678165436,0.26048731803894043,-0.9220083951950073,-0.11814071238040924,-0.028048546984791756,-0.1318024843931198,0.00491243729828709,0.0323632349899419,1.4335708263580567,0.06882438063621521,1.0,-1.0,-0.8743417263031006,1.0,0.15036051,-0.15036051,0.13146646
197,6.6713,0.2101765125989914,0.2587912082672119,-0.9264868497848511,-0.12082865089178085,-0.037662092596292496,-0.11272726953029633,-0.0002824391892338524,0.03153290089335262,1.433666300683136,0.07020670175552368,1.0,-1.0,-1.0,1.0,0.14433756,-0.14433756,0.14433756
198,6.7053,0.20489488542079926,0.25672483444213867,-0.9302229881286621,-0.12174633145332336,-0.04684484377503395,-0.08435714244842529,-0.008505517024670454,0.029621652128138228,1.4337950645218414,0.07152718305587769,1.0,-1.0,-1.0,1.0,0.14433756,-0.14433756,0.14433756
199,6.7397,0.19973890483379364,0.2542859613895416,-0.9328917264938354,-0.12055294960737228,-0.05577840656042099,-0.04952160641551018,-0.014666241384013031,0.027544492588201106,1.433919700460857,0.07246734201908112,1.0,-1.0,-1.0,1.0,0.14433756,-0.14433756,0.14433756
200,6.7741,0.1947234869003296,0.25150299072265625,-0.934350848197937,-0.11733485758304596,-0.0644330084323883,-0.015778128057718277,-0.019274930075665723,0.025488103624172,1.434033550597458,0.07285686582326889,1.0,-1.0,-1.0,1.0,0.14433756,-0.14433756,0.14433756
201,6.8081,0.1899283528327942,0.24840985238552094,-0.9346100091934204,-0.11240790039300919,-0.07283893972635269,0.0136720584705472,-0.024634616670855848,0.02248271801163917,1.4342005307978059,0.07263994216918945,1.0,-1.0,-1.0,1.0,0.14433756,-0.14433756,0.14433756
202,6.8422,0.18431052565574646,0.2441144734621048,-0.9334356784820557,-0.1040891781449318,-0.08261456340551376,0.044417768716812134,-0.02794785746361803,0.02014237365756957,1.4343300935848382,0.07158342003822327,1.0,-0.5494174957275391,-1.0,1.0,0.16477852,-0.0905322,0.16477852
203,6.8764,0.1802026629447937,0.24032409489154816,-0.931432843208313,-0.09592665731906891,-0.09002631902694702,0.06491121649742126,-0.03089903110321093,0.017392522512819048,1.4344631184812877,0.07016410678625107,1.0,0.03950338065624237,-1.0,1.0,0.17670777,0.0069805547,0.17670777
204,6.9104,0.17642797529697418,0.23628225922584534,-0.9286561012268066,-0.08716333657503128,-0.09691435843706131,0.08339815586805344,-0.032363900780214415,0.015451786520613138,1.434552201219751,0.0684208944439888,1.0,0.5913540124893188,-1.0,1.0,0.16309245,0.096445374,0.16309245
205,6.944,0.17302080988883972,0.2320060282945633,-0.9251692295074463,-0.07750334590673447,-0.10320291668176651,0.10127469897270203,-0.03376322340488832,0.011905232010414,1.434688555067563,0.06643625348806381,1.0,1.0,-1.0,1.0,0.14433756,0.14433756,0.14433756
206,6.9775,0.17004254460334778,0.22750909626483917,-0.9210656881332397,-0.06722645461559296,-0.1088213101029396,0.11747968941926956,-0.03425884808672507,0.007768452863180097,1.434807997842453,0.06430190056562424,1.0,1.0,-1.0,1.0,0.14433756,0.14433756,0.14433756
207,7.0114,0.16752277314662933,0.22281168401241302,-0.9164513349533081,-0.05649080500006676,-0.11353491246700287,0.12902382016181946,-0.034075838985566195,0.0030849100993961148,1.4348944174198262,0.06214480102062225,1.0,1.0,-1.0,1.0,0.14433756,0.14433756,0.14433756
208,7.045,0.1650644987821579,0.21676352620124817,-0.9102287292480469,-0.042325492948293686,-0.11760281026363373,0.1375953108072281,-0.03292614818178978,-0.00464548608777702,1.435059267091302,0.059669557958841324,1.0,1.0,-1.0,1.0,0.14433756,0.14433756,0.14433756
209,7.0791,0.1626950055360794,0.20715977251529694,-0.8997727632522583,-0.019549399614334106,-0.11758057028055191,0.1466628611087799,-0.03146008632407957,-0.010901619753617638,1.4351460861428385,0.05682753026485443,1.0,1.0,-1.0,1.0,0.14433756,0.14433756,0.14433756
210,7.1141,0.1626950055360794,0.20715977251529694,-0.8997727632522583,-0.019549399614334106,-0.11758057028055191,0.1466628611087799,-0.029896950164041366,-0.016017484588335303,1.4351960204132774,0.05682753026485443,1.0,1.0,-1.0,1.0,0.14433756,0.14433756,0.14433756
211,7.1482,0.16227497160434723,0.19816307723522186,-0.8889838457107544,0.002612261101603508,-0.10949116200208664,0.15278489887714386,-0.027539070558669273,-0.022369292316337018,1.4351672582735047,0.055557385087013245,1.0,1.0,-1.0,1.0,0.14433756,0.14433756,0.14433756
212,7.1825,0.16284587979316711,0.1939835101366043,-0.8835479021072388,0.013171756640076637,-0.103144071996212,0.15504245460033417,-0.025609460546095548,-0.02650590553615144,1.4351155929483572,0.05542987212538719,1.0,1.0,-0.8307071924209595,1.0,0.15242559,0.15242559,0.12662104
213,7.2162,0.16425180435180664,0.18921025097370148,-0.8767547607421875,0.026087410748004913,-0.09334433823823929,0.15672366321086884,-0.023225049198363542,-0.03050991205903133,1.434992954380159,0.055696696043014526,1.0,1.0,-0.2768738567829132,1.0,0.17348318,0.17348318,0.048032958
214,7.2501,0.16593457758426666,0.18586665391921997,-0.8713928461074829,0.0360230952501297,-0.08409048616886139,0.1527547538280487,-0.021639442616627792,-0.032606982889306,1.4348981458453522,0.056147750467061996,1.0,1.0,0.24209681153297424,1.0,0.17424202,0.17424202,-0.042183436
215,7.2839,0.1681402027606964,0.18304499983787537,-0.8664225339889526,0.04595363885164261,-0.07366812974214554,0.13860875368118286,-0.019642956051774053,-0.03489180033464745,1.4347174503653903,0.05657712742686272,1.0,1.0,0.8664300441741943,1.0,0.15073647,0.15073647,-0.1306026
216,7.3181,0.17083391547203064,0.18081974983215332,-0.8621798753738403,0.05579791218042374,-0.06217522174119949,0.112039715051651,-0.018338146517473536,-0.03625044109307579,1.4345593917546942,0.05672216787934303,1.0,1.0,1.0,1.0,0.14433756,0.14433756,-0.14433756
217,7.3521,0.17388436198234558,0.17914079129695892,-0.8590041399002075,0.06551402062177658,-0.049635011702775955,0.07413149625062943,-0.01728311132480073,-0.03704722144052467,1.4344283642290623,0.056375473737716675,1.0,1.0,1.0,1.0,0.14433756,0.14433756,-0.14433756
218,7.386,0.17731335759162903,0.1781434416770935,-0.8572049140930176,0.07489470392465591,-0.03669794648885727,0.03627364709973335,-0.015633576393335468,-0.03726780191899969,1.4342354182080859,0.055114973336458206,1.0,1.0,1.0,1.0,0.14433756,0.14433756,-0.14433756
219,7.4203,0.18210196495056152,0.17792923748493195,-0.8568234443664551,0.08574122190475464,-0.020299624651670456,-0.004931750241667032,-0.014219130966799654,-0.036702708264009294,1.4340977327797289,0.05202528461813927,1.0,1.0,1.0,1.0,0.14433756,0.14433756,-0.14433756
220,7.4545,0.18623241782188416,0.1784696727991104,-0.8578987121582031,0.09361457824707031,-0.007484948728233576,-0.03207435831427574,-0.012352226954626986,-0.03531795188214136,1.4339599141933173,0.048392314463853836,1.0,1.0,1.0,1.0,0.14433756,0.14433756,-0.14433756
221,7.4881,0.19059991836547852,0.17964142560958862,-0.8600317239761353,0.10077814012765884,0.004926452413201332,-0.0544818639755249,-0.011055423548353519,-0.03405043700607496,1.4338615103910388,0.043770551681518555,1.0,1.0,1.0,1.0,0.14433756,0.14433756,-0.14433756
222,7.5223,0.19518251717090607,0.18139229714870453,-0.8629966974258423,0.10727137327194214,0.01681947521865368,-0.07297161221504211,-0.009666208452254303,-0.0323886099217033,1.4337572476343623,0.03829655051231384,0.8182520270347595,1.0,1.0,1.0,0.1252014,0.1530108,-0.1530108
223,7.556,0.19993610680103302,0.18365395069122314,-0.8665848970413208,0.11330976337194443,0.0281361136585474,-0.08786286413669586,-0.008067334438892647,-0.0301678935154433,1.433662838573719,0.03214345872402191,0.3617532253265381,1.0,1.0,1.0,0.06195472,0.1712624,-0.1712624
224,7.59,0.2048264592885971,0.18636144697666168,-0.8707340955734253,0.11875028163194656,0.03893836587667465,-0.10090707987546921,-0.006981796689062723,-0.02858069527883731,1.433601585868647,0.025409171357750893,-0.13015256822109222,1.0,1.0,1.0,-0.02291112,0.17603278,-0.17603278
225,7.6239,0.21110370755195618,0.19027858972549438,-0.8765496015548706,0.12470351159572601,0.05169575661420822,-0.11687856167554855,-0.005086014023819508,-0.026390214073328113,1.433551917914317,0.016431957483291626,-0.7853812575340271,1.0,1.0,1.0,-0.121376134,0.15454422,-0.15454422
226,7.658,0.21621188521385193,0.19378884136676788,-0.8816870450973511,0.12868940830230713,0.061210665851831436,-0.12928499281406403,-0.0027193093163703002,-0.024785559648014495,1.4335126362882384,0.009266181848943233,-1.0,1.0,1.0,1.0,-0.14433756,0.14433756,-0.14433756
227,7.6922,0.22137275338172913,0.19758416712284088,-0.8871097564697266,0.13171571493148804,0.07017127424478531,-0.1382518857717514,0.00037750100392413037,-0.023364270105536634,1.4335035815405321,0.005442506168037653,-1.0,1.0,1.0,1.0,-0.14433756,0.14433756,-0.14433756
228,7.7261,0.22649559378623962,0.20163030922412872,-0.8926883935928345,0.13334502279758453,0.07878255099058151,-0.14330527186393738,0.00652376627108272,-0.020973130114862976,1.4335081089143853,0.01074568834155798,-1.0,0.7259894609451294,1.0,1.0,-0.15726504,0.11417276,-0.15726504
229,7.7602,0.23151171207427979,0.20592807233333588,-0.8983001708984375,0.13331477344036102,0.08685124665498734,-0.14630749821662903,0.012363519381827302,-0.018697877162905194,1.433511970497966,0.018674828112125397,-1.0,0.08309176564216614,1.0,1.0,-0.17647237,0.0146634,-0.17647237
230,7.7942,0.23635509610176086,0.21051321923732758,-0.9039466381072998,0.1310151070356369,0.09433569759130478,-0.14958415925502777,0.017404024039776828,-0.016553762008093196,1.433551651598208,0.027056891471147537,-1.0,-0.5726965665817261,1.0,1.0,-0.16385143,-0.09383715,-0.16385143
231,7.8281,0.24206723272800446,0.21659903228282928,-0.9111660718917847,0.12538853287696838,0.10299918055534363,-0.15640690922737122,0.024090337284260105,-0.012820990119859469,1.4336372722272541,0.037784505635499954,-1.0,-1.0,1.0,1.0,-0.14433756,-0.14433756,-0.14433756
232,7.8621,0.24627773463726044,0.2217281013727188,-0.9171828031539917,0.11883111298084259,0.10908510535955429,-0.16098329424858093,0.028665248562852727,-0.008552181120544336,1.4337456628836203,0.04651885852217674,-1.0,-1.0,1.0,1.0,-0.14433756,-0.14433756,-0.14433756
233,7.896,0.25017186999320984,0.22700807452201843,-0.9232465028762817,0.1105775311589241,0.11393477767705917,-0.16284489631652832,0.032907666259943555,-0.001210757815780038,1.4339937363391613,0.05523821711540222,-1.0,-1.0,0.8125898838043213,1.0,-0.15327613,-0.15327613,-0.124550626
234,7.9307,0.253695011138916,0.23239468038082123,-0.9293144941329956,0.10096567124128342,0.11698832362890244,-0.1625625193119049,0.034779893473404475,0.004769971703832761,1.4342114497582752,0.06386087089776993,-1.0,-1.0,0.3817325532436371,1.0,-0.17066856,-0.17066856,-0.06514975
235,7.964,0.2568016052246094,0.23784446716308594,-0.9353938102722168,0.09053929895162582,0.11799197643995285,-0.1603379249572754,0.03618893039427337,0.01342119172815767,1.4345235722380325,0.0723503977060318,-1.0,-1.0,-0.048969656229019165,1.0,-0.17667082,-0.17667082,0.008651509
236,7.9984,0.25950169563293457,0.2432805597782135,-0.9413506984710693,0.07956161350011826,0.11697991192340851,-0.1540002077817917,0.0366285517112182,0.019866280834528613,1.4347721783257914,0.08059045672416687,-1.0,-1.0,-0.5156956315040588,1.0,-0.16607933,-0.16607933,0.08564638
237,8.0322,0.2622487246990204,0.2499864250421524,-0.9482321739196777,0.06567031890153885,0.11288607120513916,-0.13428781926631927,0.036709316232464054,0.025029024586512776,1.4349699180367297,0.09021377563476562,-1.0,-1.0,-1.0,1.0,-0.14433756,-0.14433756,0.14433756
238,8.0663,0.26394015550613403,0.2552011013031006,-0.9529043436050415,0.054670847952365875,0.10797415673732758,-0.10699914395809174,0.03653821645480487,0.0314196562097808,1.435232905194375,0.0970713272690773,-1.0,-1.0,-1.0,1.0,-0.14433756,-0.14433756,0.14433756
239,8.1001,0.26523396372795105,0.26019930839538574,-0.956489086151123,0.043884359300136566,0.1019706055521965,-0.0714222714304924,0.03610180341473575,0.035448317778689946,1.4353997522366686,0.10292819887399673,-1.0,-1.0,-1.0,1.0,-0.14433756,-0.14433756,0.14433756
240,8.1344,0.2661040127277374,0.2649400234222412,-0.9587503671646118,0.03297978267073631,0.09455949813127518,-0.034528348594903946,0.03539185460239106,0.03804800824985203,1.4355130697410514,0.10760017484426498,-1.0,-1.0,-1.0,1.0,-0.14433756,-0.14433756,0.14433756
241,8.1681,0.2665501832962036,0.2693619430065155,-0.959735631942749,0.02214019186794758,0.08625364303588867,-0.001880097552202642,0.033989290411327824,0.04047216727685347,1.4356434314764108,0.1111067682504654,-1.0,-1.0,-1.0,1.0,-0.14433756,-0.14433756,0.14433756
242,8.2022,0.2665768563747406,0.2734523117542267,-0.9594899415969849,0.011347954161465168,0.07726003974676132,0.02607402577996254,0.03271348228517935,0.041523637370676394,1.4357440989656158,0.11350326240062714,-1.0,-1.0,-1.0,1.0,-0.14433756,-0.14433756,0.14433756
243,8.2362,0.2660890519618988,0.277998685836792,-0.957653284072876,-0.0018131131073459983,0.06524763256311417,0.05533149838447571,0.03090366666798335,0.04203403635477928,1.4358249259046998,0.11508917808532715,-1.0,-1.0,-1.0,1.0,-0.14433756,-0.14433756,0.14433756
244,8.2706,0.2653273046016693,0.2811072766780853,-0.955152153968811,-0.012094378471374512,0.054991599172353745,0.07481033354997635,0.029648366962823088,0.041944749718045175,1.4359108128498548,0.1153600737452507,-1.0,-1.0,-1.0,1.0,-0.14433756,-0.14433756,0.14433756
245,8.3042,0.264289528131485,0.2836690843105316,-0.9518955945968628,-0.02195689082145691,0.04453469067811966,0.09108429402112961,0.028186801270046982,0.041490393630131635,1.4359721987129812,0.11483967304229736,-1.0,-1.0,-1.0,1.0,-0.14433756,-0.14433756,0.14433756
246,8.3383,0.26298898458480835,0.28567925095558167,-0.9480137825012207,-0.03152327239513397,0.033885955810546875,0.10477710515260696,0.026369555849528586,0.04052791472860939,1.4360602161870082,0.11362471431493759,-1.0,-1.0,-1.0,1.0,-0.14433756,-0.14433756,0.14433756
247,8.3722,0.26147738099098206,0.2871438264846802,-0.9436283111572266,-0.040443625301122665,0.023145273327827454,0.11627139896154404,0.02511698380389105,0.03962247324749608,1.4361249310014972,0.11182402074337006,-1.0,-1.0,-1.0,1.0,-0.14433756,-0.14433756,0.14433756
248,8.4065,0.2597491145133972,0.28809693455696106,-0.9388130903244019,-0.04890955239534378,0.012510215863585472,0.12583503127098083,0.023388047140644,0.03808828856133948,1.4362262642809747,0.10951612889766693,-1.0,-1.0,-1.0,1.0,-0.14433756,-0.14433756,0.14433756
249,8.4401,0.2573009133338928,0.28864923119544983,-0.9323951005935669,-0.0587816946208477,-0.0003734373312909156,0.13551732897758484,0.02207807148994765,0.036706653071373975,1.436322004922163,0.10611328482627869,-1.0,-1.0,-1.0,1.0,-0.14433756,-0.14433756,0.14433756
250,8.4741,0.2551048696041107,0.2885478138923645,-0.9270378351211548,-0.06606903672218323,-0.010496368631720543,0.14171749353408813,0.020999978107602336,0.03543433618296703,1.436390980794396,0.10300800949335098,-1.0,-1.0,-1.0,1.0,-0.14433756,-0.14433756,0.14433756
251,8.5084,0.25274115800857544,0.2879411280155182,-0.9214314222335815,-0.07292357832193375,-0.020362259820103645,0.14679451286792755,0.019490625318016125,0.03351744068400383,1.436522008320028,0.09955670684576035,-1.0,-1.0,-1.0,1.0,-0.14433756,-0.14433756,0.14433756
252,8.5423,0.2501949369907379,0.2868298590183258,-0.9156903028488159,-0.07940995693206787,-0.0301144327968359,0.15093065798282623,0.018405913564243044,0.032000375130229394,1.4365988405174768,0.09581806510686874,-1.0,-1.0,-1.0,1.0,-0.14433756,-0.14433756,0.14433756
253,8.576,0.2474992573261261,0.28524622321128845,-0.9098912477493286,-0.08527898788452148,-0.03943873196840286,0.15420906245708466,0.01710611514204054,0.030017156517150215,1.436713622760459,0.09187531471252441,-0.847840428352356,-1.0,-1.0,1.0,-0.12854725,-0.15161727,0.15161727
254,8.6102,0.2446722537279129,0.2832249402999878,-0.9040063619613647,-0.09074999392032623,-0.048349544405937195,0.15675000846385956,0.01629069682815031,0.02862055531021523,1.4367967133864696,0.08778411895036697,-0.6149431467056274,-1.0,-1.0,1.0,-0.09969076,-0.16211379,0.16211379
255,8.6441,0.24095605313777924,0.28007015585899353,-0.8965710401535034,-0.09723872691392899,-0.05912569537758827,0.15973064303398132,0.01511057524773054,0.026718523579086037,1.4369397251370069,0.08251947909593582,-0.30057674646377563,-1.0,-1.0,1.0,-0.051974013,-0.17291428,0.17291428
256,8.6782,0.23788073658943176,0.2770508825778961,-0.8906052112579346,-0.1017243042588234,-0.0674557313323021,0.16273123025894165,0.013992527166952935,0.025299593430886422,1.4370371968329039,0.0782729983329773,-0.033125195652246475,-1.0,-1.0,1.0,-0.005854157,-0.17672822,0.17672822
257,8.7121,0.23473390936851501,0.2736901342868805,-0.8845252990722656,-0.10591211915016174,-0.07519083470106125,0.16663357615470886,0.012679425422867643,0.024130488598882255,1.4371282769421845,0.074167400598526,0.2532912790775299,-1.0,-1.0,1.0,0.044074655,-0.17400779,0.17400779
258,8.7462,0.23152554035186768,0.26996278762817383,-0.8783136606216431,-0.1095801517367363,-0.08253708481788635,0.17144568264484406,0.009943571478299551,0.022643637439912608,1.4372691581638497,0.07029516249895096,0.5535714030265808,-1.0,-0.9654639959335327,1.0,0.092497304,-0.1670919,0.16132122
259,8.7801,0.22483108937740326,0.2615146040916443,-0.8655637502670288,-0.11483422666788101,-0.09685388207435608,0.17915832996368408,0.006822807532430943,0.021483323120100303,1.4373814104037965,0.06394252926111221,0.8671317100524902,-1.0,-0.6015334129333496,1.0,0.14910673,-0.17195396,0.10343605
260,8.8142,0.22483108937740326,0.2615146040916443,-0.8655637502670288,-0.11483422666788101,-0.09685388207435608,0.17915832996368408,0.003454086904393471,0.020396168748264918,1.4374783494674754,0.06394252926111221,1.0,-1.0,-0.19398251175880432,1.0,0.17513682,-0.17513682,0.03397348
261,8.851,0.2170824110507965,0.25067824125289917,-0.8513495922088623,-0.11510388553142548,-0.11179244518280029,0.16687394678592682,-0.002288749509064195,0.018646213918352257,1.437610575415598,0.060448747128248215,1.0,-1.0,0.395836740732193,1.0,0.17023407,-0.17023407,-0.0673849
262,8.8853,0.21368905901908875,0.24547815322875977,-0.8457345962524414,-0.11262477189302444,-0.11835294216871262,0.14655333757400513,-0.008867533723420645,0.016769479096686916,1.437731616087142,0.060103341937065125,1.0,-1.0,1.0,1.0,0.14433756,-0.14433756,-0.14433756
263,8.9191,0.21042068302631378,0.24005179107189178,-0.8410859107971191,-0.1081409677863121,-0.12473788857460022,0.11359283328056335,-0.014201209765198562,0.015261612891943561,1.4378437351690343,0.06002359464764595,1.0,-0.344104140996933,1.0,1.0,0.17176522,-0.059105124,-0.17176522
264,8.953,0.20734970271587372,0.23446644842624664,-0.8377735614776611,-0.10170470923185349,-0.13097524642944336,0.07130351662635803,-0.01843280524946904,0.013896250772654668,1.4379325515913883,0.059749215841293335,1.0,0.48086678981781006,1.0,1.0,0.16736613,0.080480814,-0.16736613
265,8.9871,0.2045714259147644,0.22873260080814362,-0.8359777927398682,-0.09372305870056152,-0.13676175475120544,0.028333932161331177,-0.023357970065082917,0.011429739161942563,1.4380806233479968,0.05889612436294556,1.0,1.0,1.0,1.0,0.14433756,0.14433756,-0.14433756
266,9.022,0.20160117745399475,0.22140969336032867,-0.8357524871826172,-0.08180171251296997,-0.14297081530094147,-0.018301595002412796,-0.026879160046493655,0.0071109339944990455,1.4382599872474138,0.056864939630031586,1.0,1.0,1.0,1.0,0.14433756,0.14433756,-0.14433756
267,9.0561,0.19965340197086334,0.21541184186935425,-0.8369449377059937,-0.07107029110193253,-0.14645251631736755,-0.04673656076192856,-0.02857640509276876,0.0016693238568327965,1.4384325600860508,0.054570380598306656,1.0,1.0,1.0,1.0,0.14433756,0.14433756,-0.14433756
268,9.0905,0.19811159372329712,0.20933252573013306,-0.8390680551528931,-0.059936877340078354,-0.1480528712272644,-0.06859242171049118,-0.029170548009587034,-0.0041294762601822,1.4386071302955055,0.05194265767931938,1.0,1.0,1.0,1.0,0.14433756,0.14433756,-0.14433756
269,9.124,0.19695408642292023,0.20323382318019867,-0.841905951499939,-0.048383086919784546,-0.14730583131313324,-0.08577030152082443,-0.028899473580725196,-0.012698055066930588,1.4388179194957853,0.04924800246953964,1.0,1.0,1.0,1.0,0.14433756,0.14433756,-0.14433756
270,9.1581,0.1961958408355713,0.19721300899982452,-0.8452743291854858,-0.03686869516968727,-0.14449383318424225,-0.09948519617319107,-0.02810901199908145,-0.01903392439998656,1.438941223854256,0.04673115909099579,1.0,1.0,1.0,1.0,0.14433756,0.14433756,-0.14433756
271,9.1922,0.19586916267871857,0.1913779228925705,-0.84913170337677,-0.025421006605029106,-0.13941283524036407,-0.11050232499837875,-0.02713670644925573,-0.02387890309965383,1.4389923565471854,0.04448514059185982,1.0,1.0,1.0,1.0,0.14433756,0.14433756,-0.14433756
272,9.2263,0.19602933526039124,0.18449322879314423,-0.8544430732727051,-0.011595460586249828,-0.13044968247413635,-0.12112488597631454,-0.025499461590102267,-0.029531192036048804,1.4390179228936502,0.0423085018992424,1.0,1.0,1.0,1.0,0.14433756,0.14433756,-0.14433756
273,9.2601,0.19662685692310333,0.17939990758895874,-0.8590044975280762,-0.0007727972697466612,-0.12164615094661713,-0.1277443915605545,-0.024057609531176555,-0.03299756251089594,1.438972649155119,0.041133709251880646,1.0,1.0,1.0,1.0,0.14433756,0.14433756,-0.14433756
274,9.2941,0.1975904107093811,0.17474700510501862,-0.8637789487838745,0.00987040251493454,-0.11174283921718597,-0.13301381468772888,-0.022783426349411946,-0.03530107409873298,1.4389024748603954,0.04049428552389145,1.0,1.0,1.0,1.0,0.14433756,0.14433756,-0.14433756
275,9.3279,0.19886085391044617,0.1705508977174759,-0.8687106370925903,0.01996978372335434,-0.1009531170129776,-0.13723410665988922,-0.02091318194260637,-0.03752403130537894,1.4387489436235523,0.040404729545116425,1.0,1.0,1.0,1.0,0.14433756,0.14433756,-0.14433756
276,9.3622,0.20042625069618225,0.166804701089859,-0.8737452030181885,0.029567088931798935,-0.08944247663021088,-0.1404392421245575,-0.019083392617234782,-0.03867319779931574,1.4385501386481778,0.040841370820999146,1.0,1.0,1.0,1.0,0.14433756,0.14433756,-0.14433756
277,9.3961,0.20225055515766144,0.16351096332073212,-0.8788268566131592,0.038502342998981476,-0.07773362100124359,-0.14279815554618835,-0.0176528527511581,-0.038955659322432265,1.4383790305481403,0.041758280247449875,0.9058120250701904,1.0,1.0,1.0,0.13483895,0.14885975,-0.14885975
278,9.4303,0.2049136608839035,0.15999948978424072,-0.8852535486221313,0.04905470088124275,-0.06275864690542221,-0.14504827558994293,-0.016445969522674936,-0.03881898922424076,1.4382257656274062,0.04347553104162216,0.6313227415084839,1.0,1.0,1.0,0.10190967,0.16142246,-0.16142246
279,9.4641,0.2073947638273239,0.1576688587665558,-0.8905035257339478,0.056929875165224075,-0.05083756521344185,-0.14682883024215698,-0.014784231903871152,-0.038164521547543,1.4380148432690718,0.04523225501179695,0.3839884102344513,1.0,1.0,1.0,0.06550839,0.17059991,-0.17059991
280,9.4981,0.2101602405309677,0.15575596690177917,-0.8957735300064087,0.06448566168546677,-0.039022527635097504,-0.1498192846775055,-0.01331507308109642,-0.0373722061561092,1.4378586488711387,0.04730412736535072,0.11095090210437775,1.0,1.0,1.0,0.019553449,0.17623515,-0.17623515
281,9.5322,0.21320462226867676,0.15424753725528717,-0.90111243724823,0.07162966579198837,-0.02750326693058014,-0.1538170725107193,-0.011745138578197407,-0.03658289098209095,1.4377320155613054,0.04968474805355072,-0.19143225252628326,1.0,1.0,1.0,-0.03353492,0.17517906,-0.17517906
282,9.5664,0.21651038527488708,0.15315289795398712,-0.9066015481948853,0.07813891023397446,-0.016036253422498703,-0.15865527093410492,-0.008728972364736264,-0.035291058116320766,1.4375747558989362,0.05238961800932884,-0.5299570560455322,1.0,1.0,1.0,-0.08772672,0.16553552,-0.16553552
283,9.6003,0.22005437314510345,0.15248951315879822,-0.9121620655059814,0.08395718038082123,-0.004806501790881157,-0.16309362649917603,-0.005476978035262099,-0.03416148458174746,1.4374545141757191,0.05538519471883774,-0.8977116346359253,1.0,1.0,1.0,-0.13398057,0.14924678,-0.14924678
284,9.6347,0.22474853694438934,0.15228329598903656,-0.9191780090332031,0.08971509337425232,0.008782410062849522,-0.16724401712417603,-0.0003041826056645815,-0.03241597598249847,1.4373206903309428,0.05950431898236275,-1.0,1.0,0.7509371042251587,1.0,-0.15613091,0.15613091,-0.1172445
285,9.669,0.2287154346704483,0.15258026123046875,-0.9246916770935059,0.09278267621994019,0.019333411008119583,-0.16790618002414703,0.004032772303693299,-0.030919901547659823,1.4372415944465673,0.06303685158491135,-1.0,1.0,0.4226398169994354,1.0,-0.16937481,0.16937481,-0.07158454
286,9.7033,0.23274759948253632,0.1533307433128357,-0.9300786256790161,0.09443432092666626,0.029494406655430794,-0.16461752355098724,0.01092312581971733,-0.02829245386391747,1.4371590364527749,0.06667802482843399,-1.0,1.0,0.041156500577926636,1.0,-0.17670189,0.17670189,-0.007272431
287,9.7371,0.23684658110141754,0.15452851355075836,-0.9352593421936035,0.0942668467760086,0.039150387048721313,-0.15696610510349274,0.0165888637196172,-0.026046828579086818,1.4371214858814048,0.07035711407661438,-1.0,1.0,-0.39067521691322327,1.0,-0.17039451,0.17039451,0.06656891
288,9.7711,0.24089449644088745,0.15610213577747345,-0.9400407075881958,0.09239587932825089,0.04836262762546539,-0.14395081996917725,0.02131554397142531,-0.024185618114041497,1.437097783747703,0.07392486929893494,-1.0,1.0,-0.8657130002975464,1.0,-0.1507705,0.1507705,0.13052398
289,9.8052,0.24483084678649902,0.1580776423215866,-0.9441739320755005,0.08875846862792969,0.05692245066165924,-0.12134282290935516,0.02736818924344326,-0.021801781010419536,1.4371118985014806,0.07711558789014816,-1.0,1.0,-1.0,1.0,-0.14433756,0.14433756,0.14433756
290,9.8395,0.24950051307678223,0.16103610396385193,-0.9479368925094604,0.0822993665933609,0.06686009466648102,-0.08202218264341354,0.031371785889186626,-0.020057909839122028,1.4371406606412533,0.08013521134853363,-1.0,1.0,-1.0,1.0,-0.14433756,0.14433756,0.14433756
291,9.8744,0.2529837191104889,0.16379199922084808,-0.9495104551315308,0.07586881518363953,0.0743255764245987,-0.045668333768844604,0.03497968465062006,-0.017852731313346953,1.4372016470302162,0.08145859837532043,-1.0,1.0,-1.0,1.0,-0.14433756,0.14433756,0.14433756
292,9.9081,0.2561705708503723,0.16683119535446167,-0.9497582912445068,0.0684094950556755,0.0815584808588028,-0.011520606465637684,0.03663375319772226,-0.016275054917935298,1.4372579728872714,0.0817420482635498,-1.0,1.0,-1.0,1.0,-0.14433756,0.14433756,0.14433756
293,9.9416,0.25901567935943604,0.17022080719470978,-0.9487651586532593,0.05994097888469696,0.08851227909326553,0.017991844564676285,0.037827752344134866,-0.014551433133598095,1.437341063513282,0.08099710196256638,-1.0,1.0,-1.0,1.0,-0.14433756,0.14433756,0.14433756
294,9.976,0.261465847492218,0.17391769587993622,-0.9466503858566284,0.050840772688388824,0.09505467861890793,0.04301154986023903,0.03847535405864727,-0.012486263020052834,1.4374941952759615,0.07932557165622711,-1.0,1.0,-1.0,1.0,-0.14433756,0.14433756,0.14433756
295,10.0101,0.26349958777427673,0.17791858315467834,-0.9436311721801758,0.04118407145142555,0.10117661952972412,0.0641544759273529,0.038485253527761804,-0.011163677925773337,1.4375903353913133,0.076915442943573,-1.0,1.0,-1.0,1.0,-0.14433756,0.14433756,0.14433756
296,10.0442,0.26539191603660583,0.1832653433084488,-0.938923716545105,0.028681650757789612,0.10849913209676743,0.08603020757436752,0.038004810944733104,-0.009453672592806467,1.4377791535125999,0.07316922396421432,-1.0,0.9652068614959717,-1.0,1.0,-0.14601108,0.1409309,0.14601108
297,10.0786,0.266363263130188,0.18790411949157715,-0.9345031976699829,0.018344232812523842,0.11402364075183868,0.10035552084445953,0.03731156514585025,-0.008203105720216248,1.437937478439405,0.0696839913725853,-1.0,0.5089303255081177,-1.0,1.0,-0.16633396,0.084652394,0.16633396
298,10.1123,0.2668147087097168,0.19286653399467468,-0.9296629428863525,0.008119594305753708,0.1193007081747055,0.11223315447568893,0.036497153839747214,-0.0072157996034614685,1.4380697043875275,0.06594343483448029,-1.0,-0.0051829516887664795,-1.0,1.0,-0.1767755,-0.0009162189,0.1767755
299,10.1461,0.26678186655044556,0.1980958729982376,-0.9244658946990967,-0.002046482404693961,0.12422756850719452,0.12288723140954971,0.03514417645982449,-0.005699762903717537,1.438305527302054,0.06213564798235893,-1.0,-0.5774863958358765,-1.0,1.0,-0.1636579,-0.09451021,0.1636579
300,10.18,0.2652019262313843,0.20923684537410736,-0.9129579067230225,-0.021975552663207054,0.13305990397930145,0.14459659159183502,0.03404118668247614,-0.0037422880077929064,1.438535890736346,0.05491195619106293,-1.0,-1.0,-1.0,1.0,-0.14433756,-0.14433756,0.14433756
301,10.2141,0.2652019262313843,0.20923684537410736,-0.9129579067230225,-0.021975552663207054,0.13305990397930145,0.14459659159183502,0.03298863676005497,-0.0008787513534893519,1.43877903734387,0.05491195619106293,-1.0,-1.0,-1.0,1.0,-0.14433756,-0.14433756,0.14433756
302,10.2479,0.2611682116985321,0.22225701808929443,-0.898963451385498,-0.043913375586271286,0.13882412016391754,0.15518133342266083,0.031069371463840523,0.004928623283990427,1.4391837046715077,0.04974806308746338,-1.0,-1.0,-1.0,1.0,-0.14433756,-0.14433756,0.14433756
303,10.2821,0.2587735056877136,0.22792761027812958,-0.8926184177398682,-0.05326365306973457,0.1386219710111618,0.15661896765232086,0.029097897807287512,0.010560986886034292,1.4394895687227032,0.04921538010239601,-1.0,-1.0,-0.8028723001480103,1.0,-0.15373038,-0.15373038,0.12342586
304,10.3161,0.25602835416793823,0.23341019451618195,-0.8862959146499634,-0.062182437628507614,0.13627660274505615,0.15682342648506165,0.02638220586470646,0.017778472811420375,1.4398934371020138,0.04986684024333954,-1.0,-1.0,-0.36596524715423584,1.0,-0.17113934,-0.17113934,0.062631056
305,10.3506,0.25299176573753357,0.23860639333724976,-0.8801336288452148,-0.07058980315923691,0.13190673291683197,0.1537795066833496,0.02447656638253805,0.022457474157337665,1.4401166100013625,0.051597706973552704,-1.0,-1.0,0.045190393924713135,1.0,-0.17668651,-0.17668651,-0.007984533
306,10.3842,0.24971024692058563,0.24338623881340027,-0.87420654296875,-0.07870019227266312,0.12537208199501038,0.14236198365688324,0.02197640323473927,0.028431404293792355,1.440421408788122,0.05412672087550163,-0.9003212451934814,-1.0,0.48772159218788147,1.0,-0.15726236,-0.1746736,-0.085192084
307,10.4182,0.24526266753673553,0.2485383301973343,-0.8675506114959717,-0.08848334103822708,0.11422870308160782,0.11498218029737473,0.020293110655862655,0.032586251844695414,1.440599973739212,0.057713884860277176,-0.4299750030040741,-1.0,1.0,1.0,-0.07272263,-0.16913223,-0.16913223
308,10.4525,0.24147574603557587,0.25199344754219055,-0.8631385564804077,-0.09605497121810913,0.10322922468185425,0.08094517886638641,0.019007760922871132,0.03568542233949106,1.4407682855201047,0.06049899756908417,-0.0695125162601471,-1.0,1.0,1.0,-0.012273376,-0.17656355,-0.17656355
309,10.4863,0.2374870628118515,0.25483274459838867,-0.8601198196411133,-0.10346059501171112,0.09051847457885742,0.03819657117128372,0.016784618543305634,0.03893224847197479,1.440926876763019,0.06269935518503189,0.29932767152786255,-1.0,1.0,1.0,0.05176731,-0.17294529,-0.17294529
310,10.5202,0.23334218561649323,0.2571040391921997,-0.8585340976715088,-0.11011039465665817,0.07703077793121338,-0.0015761242248117924,0.014120599207953227,0.04051237684812446,1.4410489826989992,0.06416968256235123,0.6693565249443054,-1.0,1.0,1.0,0.106951885,-0.15978312,-0.15978312
311,10.5544,0.2290276288986206,0.25875261425971985,-0.8583073616027832,-0.11573672294616699,0.06314156204462051,-0.035716526210308075,0.010947390754258773,0.04120290122926838,1.4411190238356681,0.06480631977319717,1.0,-1.0,1.0,1.0,0.14433756,-0.14433756,-0.14433756
312,10.5882,0.22465814650058746,0.2597694396972656,-0.8592476844787598,-0.11949761211872101,0.049024831503629684,-0.0627509355545044,0.004963327601945522,0.04108612577665761,1.4412134328963115,0.06469085812568665,1.0,-1.0,1.0,1.0,0.14433756,-0.14433756,-0.14433756
313,10.6222,0.21911874413490295,0.26013025641441345,-0.8617377281188965,-0.12161263823509216,0.03152330592274666,-0.08683279901742935,-0.0008438156994219888,0.04009180961654131,1.4412878682487793,0.06364452093839645,1.0,-1.0,1.0,1.0,0.14433756,-0.14433756,-0.14433756
314,10.656,0.21474185585975647,0.2597125768661499,-0.8645457029342651,-0.12100730091333389,0.01790417544543743,-0.10083094984292984,-0.008548858931114192,0.03785530773903878,1.4413906662668563,0.062264956533908844,1.0,-1.0,1.0,1.0,0.14433756,-0.14433756,-0.14433756
315,10.6902,0.21046534180641174,0.2586427628993988,-0.8678545951843262,-0.11805041879415512,0.004664305131882429,-0.11182669550180435,-0.013690385299499641,0.03591783307887091,1.4414620389840704,0.060517072677612305,1.0,-1.0,1.0,1.0,0.14433756,-0.14433756,-0.14433756
316,10.7242,0.20641250908374786,0.2569805383682251,-0.8715792894363403,-0.11325827986001968,-0.00827758014202118,-0.12054312229156494,-0.020071394172735155,0.032938467382426,1.441601721783245,0.05852111428976059,1.0,-1.0,1.0,1.0,0.14433756,-0.14433756,-0.14433756
317,10.758,0.2026805579662323,0.25480830669403076,-0.8756457567214966,-0.10670686513185501,-0.020439548417925835,-0.12744079530239105,-0.024213025786728695,0.030521823463125628,1.4417098461235023,0.0564035139977932,1.0,-1.0,1.0,1.0,0.14433756,-0.14433756,-0.14433756
318,10.7918,0.19929315149784088,0.2522526979446411,-0.879897952079773,-0.09867512434720993,-0.031790055334568024,-0.1330050230026245,-0.027112504972849637,0.028464052984281046,1.4418018583391645,0.054351016879081726,1.0,-1.0,1.0,1.0,0.14433756,-0.14433756,-0.14433756
319,10.8261,0.19565437734127045,0.24843835830688477,-0.8853731155395508,-0.08711259812116623,-0.04523992910981178,-0.13828285038471222,-0.03014711461715688,0.025641757616096564,1.4419382121869766,0.051825348287820816,1.0,-1.0,1.0,1.0,0.14433756,-0.14433756,-0.14433756
320,10.8601,0.1932111233472824,0.24491222202777863,-0.8898841142654419,-0.07695723325014114,-0.05530500039458275,-0.1414332091808319,-0.03173672218231155,0.023525343497810592,1.4420264959771127,0.0499085858464241,1.0,-1.0,1.0,1.0,0.14433756,-0.14433756,-0.14433756
321,10.8942,0.1911788284778595,0.2410038262605667,-0.8944119215011597,-0.0661349967122078,-0.06480605155229568,-0.14380870759487152,-0.032596076412404286,0.02178822177540075,1.4420933413204737,0.04818060249090195,1.0,-0.5697658061981201,1.0,1.0,0.1639694,-0.09342416,-0.1639694
322,10.9281,0.18955038487911224,0.23680192232131958,-0.8989059925079346,-0.054987531155347824,-0.07352153211832047,-0.14569979906082153,-0.03312157219093656,0.01949278497521261,1.442152596654728,0.04676736518740654,1.0,0.06465783715248108,1.0,1.0,0.17659222,0.011418071,-0.17659222
323,10.9624,0.1883109211921692,0.2323695868253708,-0.903376579284668,-0.043561507016420364,-0.08179593086242676,-0.14932164549827576,-0.03305576922547098,0.01764223339631141,1.442187217748899,0.045781683176755905,1.0,0.6943659782409668,1.0,1.0,0.15868159,0.11018309,-0.15868159
324,10.9961,0.18748871982097626,0.2277677208185196,-0.9079259634017944,-0.03218739852309227,-0.08929526060819626,-0.15505963563919067,-0.03262087918065025,0.014360602037034407,1.4422002672382404,0.04534478113055229,1.0,1.0,0.9356429576873779,1.0,0.14743099,0.14743099,-0.13794276
325,11.0304,0.1870819330215454,0.2218324989080429,-0.9138376712799072,-0.01791990175843239,-0.0974072739481926,-0.1607964038848877,-0.032055026108630265,0.010936288701464505,1.4422378178096105,0.04574324190616608,1.0,1.0,0.49234649538993835,1.0,0.16694868,0.16694868,-0.08219659
326,11.064,0.18724459409713745,0.21697263419628143,-0.9187197685241699,-0.006694587413221598,-0.10221277922391891,-0.16164864599704742,-0.030582196076680966,0.004257155328877109,1.4422966736697014,0.04689529910683632,1.0,1.0,0.03414079546928406,1.0,0.1767252,0.1767252,-0.006033539
327,11.0983,0.18788766860961914,0.21201057732105255,-0.923508882522583,0.004275458864867687,-0.10525079071521759,-0.1563708335161209,-0.028879732899144982,-0.002211921732878937,1.4423776337668397,0.048610374331474304,1.0,1.0,-0.48583462834358215,1.0,0.1671863,0.1671863,0.081224896
328,11.1321,0.18903854489326477,0.20701837539672852,-0.9279775619506836,0.014841784723103046,-0.10612916201353073,-0.14136597514152527,-0.027263770442171535,-0.008132118433152076,1.442441682791056,0.05065949633717537,1.0,1.0,-1.0,1.0,0.14433756,0.14433756,0.14433756
329,11.1664,0.19064655900001526,0.20208987593650818,-0.9318121671676636,0.024850724264979362,-0.10477740317583084,-0.11505401879549026,-0.025011599606724173,-0.016201303040794215,1.4424587270220326,0.052721671760082245,1.0,1.0,-1.0,1.0,0.14433756,0.14433756,0.14433756
330,11.2004,0.1926516890525818,0.19727519154548645,-0.9346404075622559,0.03449590876698494,-0.10175181180238724,-0.08114716410636902,-0.023225823179555346,-0.02178634715966469,1.4424294322500417,0.05437925085425377,1.0,1.0,-1.0,1.0,0.14433756,0.14433756,0.14433756
331,11.2342,0.1956578642129898,0.19148965179920197,-0.9364895820617676,0.04589764401316643,-0.09546332061290741,-0.035318952053785324,-0.021562265040475138,-0.02571758904754197,1.4423643179613892,0.05549569055438042,1.0,1.0,-1.0,1.0,0.14433756,0.14433756,0.14433756
332,11.2684,0.1984008252620697,0.18713873624801636,-0.9366676807403564,0.05477840080857277,-0.08889048546552658,-0.003187022637575865,-0.019107954036506957,-0.029879367059063036,1.442232092013267,0.05559411272406578,0.9771056175231934,1.0,-1.0,1.0,0.14210922,0.14543895,0.14543895
333,11.3022,0.20141275227069855,0.18310363590717316,-0.9358152151107788,0.06323286145925522,-0.08111267536878586,0.024166535586118698,-0.01717018289160836,-0.03218748924453728,1.4420729681381346,0.05505853146314621,0.7122582793235779,1.0,-1.0,1.0,0.112453595,0.15788317,0.15788317
334,11.3363,0.2046666443347931,0.17945228517055511,-0.9340405464172363,0.071248359978199,-0.07246977835893631,0.047579508274793625,-0.014848006289600143,-0.034014413591142434,1.441872032633888,0.053967058658599854,0.44040223956108093,1.0,-1.0,1.0,0.07433199,0.16878204,0.16878204
335,11.3702,0.20814873278141022,0.1762433797121048,-0.9313304424285889,0.0788227841258049,-0.06296814978122711,0.06829310953617096,-0.013249998323741413,-0.03473100574205011,1.4417272898286424,0.052306316792964935,0.1728064864873886,1.0,-1.0,1.0,0.030322623,0.17547156,0.17547156
336,11.4039,0.21183940768241882,0.17347638309001923,-0.9278520345687866,0.08589530736207962,-0.053233321756124496,0.08768443763256073,-0.010519144048001024,-0.035211392149024565,1.4415588448896948,0.0502738431096077,-0.11416487395763397,1.0,-1.0,1.0,-0.02011625,0.17620349,0.17620349
337,11.4375,0.21669334173202515,0.17065924406051636,-0.922532320022583,0.0937662273645401,-0.040528133511543274,0.10974529385566711,-0.007739006207783307,-0.03524125284274708,1.4414091752364324,0.04742653667926788,-0.4803558886051178,1.0,-1.0,1.0,-0.080404155,0.16738455,0.16738455
338,11.4711,0.22071968019008636,0.16899926960468292,-0.9176439046859741,0.09920630604028702,-0.029845649376511574,0.124745674431324,-0.004808363355570585,-0.03504621790479081,1.4412902650937602,0.04511043801903725,-0.795829713344574,1.0,-1.0,1.0,-0.12260447,0.15405867,0.15405867
339,11.5071,0.2247999757528305,0.16791503131389618,-0.9123038053512573,0.1035444512963295,-0.018939083442091942,0.1368505209684372,0.00031401809649511046,-0.03430336240822683,1.4411539112459484,0.042948827147483826,-1.0,1.0,-1.0,1.0,-0.14433756,0.14433756,0.14433756
340,11.5411,0.22894181311130524,0.16737763583660126,-0.9066765308380127,0.10675215721130371,-0.007757983636111021,0.14503641426563263,0.005221353061614623,-0.033181959368654104,1.4410818727384616,0.041219089180231094,-1.0,1.0,-1.0,1.0,-0.14433756,0.14433756,0.14433756
341,11.5752,0.23312215507030487,0.16738349199295044,-0.9009175300598145,0.10827882587909698,0.0035231434740126133,0.15001872181892395,0.011981399457887567,-0.031137417310286648,1.4410158263434276,0.04014504328370094,-1.0,1.0,-1.0,1.0,-0.14433756,0.14433756,0.14433756
342,11.6092,0.23725469410419464,0.16789931058883667,-0.8950731754302979,0.1081322655081749,0.01462259329855442,0.1526576429605484,0.016698534981960726,-0.029363419129157617,1.4410045079087948,0.03984484449028969,-1.0,1.0,-0.8977763652801514,1.0,-0.1492437,0.1492437,0.13398747
343,11.6432,0.2422015368938446,0.1693318784236908,-0.8876810073852539,0.10539945960044861,0.028253380209207535,0.15487992763519287,0.022933661924406042,-0.026596625702566067,1.441022750562262,0.04049801453948021,-1.0,1.0,-0.3349309265613556,1.0,-0.1720183,0.1720183,0.05761425
344,11.6773,0.2458609938621521,0.1710565835237503,-0.8817181587219238,0.10087962448596954,0.038912348449230194,0.15546852350234985,0.02723769851121858,-0.02433323005924294,1.4410686900910656,0.04179622232913971,-1.0,1.0,0.13384279608726501,1.0,-0.17599028,0.17599028,-0.023555033
345,11.7111,0.249136820435524,0.1732492446899414,-0.8758640289306641,0.09471101313829422,0.04907103255391121,0.15220192074775696,0.030493021792055344,-0.022496131605035843,1.4411330054313911,0.04363812133669853,-1.0,1.0,0.6287583112716675,1.0,-0.1615313,0.1615313,-0.10156415
346,11.7487,0.25440242886543274,0.17881987988948822,-0.8658502101898193,0.07712745666503906,0.06892531365156174,0.11042279005050659,0.034420362565054576,-0.020204485648211864,1.4412211560634727,0.04789013788104057,-1.0,1.0,1.0,1.0,-0.14433756,0.14433756,-0.14433756
347,11.7823,0.2562519311904907,0.18210187554359436,-0.8624511957168579,0.0660431757569313,0.07853817939758301,0.07524928450584412,0.036890448637292274,-0.0186202668230754,1.4413187609174243,0.049463607370853424,-1.0,1.0,1.0,1.0,-0.14433756,0.14433756,-0.14433756
348,11.8166,0.2578203082084656,0.18666817247867584,-0.8601257801055908,0.05086762085556984,0.08987266570329666,0.02898753620684147,0.0388158350428247,-0.01662224269881106,1.4414559137135632,0.05030839145183563,-1.0,0.6635221242904663,1.0,1.0,-0.16003752,0.10618844,-0.16003752
349,11.851,0.25849050283432007,0.19064730405807495,-0.8597643375396729,0.03819857910275459,0.09825493395328522,-0.004253360442817211,0.03936382621018974,-0.015181291537347852,1.441596129144956,0.05001908913254738,-1.0,0.2772926390171051,1.0,1.0,-0.17347349,0.048102923,-0.17347349
350,11.8851,0.2585890591144562,0.19485272467136383,-0.8606810569763184,0.025424350053071976,0.10582338273525238,-0.034194547683000565,0.03920285060586206,-0.012877380475347295,1.4417908062206408,0.048864807933568954,-1.0,-0.14458224177360535,1.0,1.0,-0.17586003,-0.025426239,-0.17586003
351,11.9197,0.2581426501274109,0.19922974705696106,-0.8627291917800903,0.012781389057636261,0.11271151155233383,-0.06121164187788963,0.038611358366566255,-0.01056866844130349,1.4419933396215412,0.04701375588774681,-1.0,-0.6068730354309082,1.0,1.0,-0.1624509,-0.098587066,-0.1624509
352,11.9537,0.2571861147880554,0.20375800132751465,-0.865749716758728,0.00029996741795912385,0.11849954724311829,-0.08472465723752975,0.03789630377506919,-0.007917692353508664,1.442185619852245,0.04470573365688324,-1.0,-1.0,1.0,1.0,-0.14433756,-0.14433756,-0.14433756
353,11.9887,0.2557307481765747,0.20837929844856262,-0.8695464134216309,-0.011962137185037136,0.12302757054567337,-0.1031797006726265,0.03642632207712951,-0.0026843654699616934,1.442528102368429,0.0422380305826664,-1.0,-1.0,1.0,1.0,-0.14433756,-0.14433756,-0.14433756
354,12.0232,0.253234326839447,0.21417437493801117,-0.875045895576477,-0.026634106412529945,0.12624968588352203,-0.11856812238693237,0.03428419389016207,0.004325073478829561,1.4429363649635383,0.03945079818367958,-1.0,-1.0,1.0,1.0,-0.14433756,-0.14433756,-0.14433756
355,12.0571,0.2507600486278534,0.21869663894176483,-0.879859447479248,-0.03788921982049942,0.12640558183193207,-0.12698745727539062,0.03202668008777773,0.010579944223746992,1.4432712574706157,0.037863899022340775,-1.0,-1.0,1.0,1.0,-0.14433756,-0.14433756,-0.14433756
356,12.091,0.24790909886360168,0.22304193675518036,-0.8848994970321655,-0.04859594628214836,0.12433896213769913,-0.13338346779346466,0.02987183946779436,0.0159394810161258,1.4435478267498205,0.03713640198111534,-1.0,-1.0,1.0,1.0,-0.14433756,-0.14433756,-0.14433756
357,12.1252,0.24475215375423431,0.227166086435318,-0.8900822401046753,-0.058687418699264526,0.12016186863183975,-0.13814681768417358,0.02673093640647933,0.022737632462230196,1.4438904424240593,0.037447474896907806,-1.0,-1.0,1.0,1.0,-0.14433756,-0.14433756,-0.14433756
358,12.1593,0.24127201735973358,0.23099973797798157,-0.89537513256073,-0.06807590276002884,0.11398468911647797,-0.14175382256507874,0.024297718470582416,0.02724056765117422,1.4441274637610764,0.03876287862658501,-0.9568520188331604,-1.0,1.0,1.0,-0.14009523,-0.14641266,-0.14641266
359,12.194,0.237492173910141,0.23451292514801025,-0.9006599187850952,-0.07675237208604813,0.10638473927974701,-0.1444387137889862,0.02229417244824537,0.03046180038946337,1.4443132192471093,0.04097585752606392,-0.5160489678382874,-1.0,1.0,1.0,-0.08569818,-0.16606599,-0.16606599
360,12.2284,0.23239311575889587,0.23834939301013947,-0.9072154760360718,-0.08690750598907471,0.09530358016490936,-0.1472567915916443,0.019642171667609242,0.03390952665608535,1.444538788991439,0.044706057757139206,0.07139517366886139,-1.0,0.8772830963134766,1.0,0.013398111,-0.1876613,-0.16463208
361,12.262,0.22802132368087769,0.24090242385864258,-0.9124883413314819,-0.09430424124002457,0.08517615497112274,-0.15146246552467346,0.01748459090453553,0.035867565913295665,1.4446704823073435,0.04826256260275841,0.5536404252052307,-1.0,0.5156208276748657,1.0,0.11037957,-0.1993705,-0.10279959
362,12.2961,0.22348099946975708,0.24290809035301208,-0.9178955554962158,-0.10107887536287308,0.0742155909538269,-0.15575376152992249,0.013989338655725946,0.0375813641702213,1.4448481151520518,0.05222659558057785,1.0,-1.0,0.14327505230903625,1.0,0.17587641,-0.17587641,-0.025198702
363,12.3302,0.21885187923908234,0.2443658858537674,-0.9233503341674805,-0.10683410614728928,0.06280114501714706,-0.1548825353384018,0.010467007468176219,0.03836353042118837,1.4449463857962757,0.05647800490260124,1.0,-1.0,-0.28933438658714294,1.0,0.17318924,-0.17318924,0.050109603
364,12.364,0.21416887640953064,0.24527382850646973,-0.9285902976989746,-0.1111375242471695,0.05110950767993927,-0.14374665915966034,0.0034122989420428207,0.03882550564653305,1.4450768806896894,0.06076511740684509,1.0,-1.0,-0.7992106676101685,1.0,0.15390116,-0.15390116,0.122999445
365,12.3983,0.2095029205083847,0.24571284651756287,-0.9332894086837769,-0.1135919913649559,0.03949761763215065,-0.12149076163768768,-0.003487625049074356,0.03846179690422309,1.4451822087108022,0.06482808291912079,1.0,-1.0,-1.0,1.0,0.14433756,-0.14433756,0.14433756
366,12.4324,0.2038455605506897,0.24550841748714447,-0.93793785572052,-0.11355843394994736,0.025134887546300888,-0.08275885134935379,-0.009655489228866733,0.037649370485369996,1.4452771504036634,0.06903105229139328,1.0,-1.0,-1.0,1.0,0.14433756,-0.14433756,0.14433756
367,12.4666,0.19956879317760468,0.24474887549877167,-0.9403547048568726,-0.11114054918289185,0.01375545933842659,-0.04661572724580765,-0.017505852500769532,0.03585449977919747,1.44539619370439,0.07134351134300232,1.0,-1.0,-1.0,1.0,0.14433756,-0.14433756,0.14433756
368,12.5011,0.19560301303863525,0.24353031814098358,-0.9414886236190796,-0.10660085082054138,0.0025075520388782024,-0.012764890678226948,-0.022541297152647907,0.034034559988669964,1.4454906027650334,0.07258600741624832,1.0,-1.0,-1.0,1.0,0.14433756,-0.14433756,0.14433756
369,12.5349,0.19199593365192413,0.24184812605381012,-0.9414080381393433,-0.10034322738647461,-0.008590190671384335,0.016466671600937843,-0.02736989533101659,0.03152968637469311,1.445619499761793,0.07275773584842682,1.0,-1.0,-1.0,1.0,0.14433756,-0.14433756,0.14433756
370,12.5693,0.18879187107086182,0.2396913319826126,-0.9402482509613037,-0.09277903288602829,-0.019614649936556816,0.04131652042269707,-0.029861838049544353,0.02970430374868776,1.4457069846036024,0.07192628085613251,1.0,-1.0,-1.0,1.0,0.14433756,-0.14433756,0.14433756
371,12.6032,0.18599189817905426,0.2370636910200119,-0.9381427764892578,-0.08404897898435593,-0.030297791585326195,0.062359679490327835,-0.0323414636480305,0.02718000778410474,1.4458261610623833,0.07019755989313126,1.0,-0.6814199686050415,-1.0,1.0,0.15925398,-0.10851885,0.15925398
372,12.6372,0.1831272691488266,0.23314926028251648,-0.9343705177307129,-0.07197827100753784,-0.04296893998980522,0.0842888206243515,-0.03352507438559719,0.0251940240608,1.4458908758768723,0.06693001091480255,1.0,-0.032536640763282776,-1.0,1.0,0.17672993,-0.0057501984,0.17672993
373,12.6713,0.18131019175052643,0.22960887849330902,-0.9305994510650635,-0.061814311891794205,-0.05270141735672951,0.09961748868227005,-0.034089015391178284,0.023452071197725185,1.4459587864846692,0.06364548206329346,1.0,0.4908377528190613,-1.0,1.0,0.16700391,0.081971824,0.16700391
374,12.7057,0.17997555434703827,0.2257085144519806,-0.9263274669647217,-0.051264844834804535,-0.06193970516324043,0.11473001539707184,-0.03435286391498868,0.020323229343315773,1.4460254986699757,0.0598977655172348,1.0,1.0,-1.0,1.0,0.14433756,0.14433756,0.14433756
375,12.7392,0.17911043763160706,0.22150294482707977,-0.9215472936630249,-0.040281012654304504,-0.07047197967767715,0.1286245882511139,-0.03413099138726605,0.016384217474898724,1.446114048776221,0.05577348172664642,1.0,1.0,-1.0,1.0,0.14433756,0.14433756,0.14433756
376,12.773,0.17874570190906525,0.21703554689884186,-0.9162969589233398,-0.02904665283858776,-0.07806964218616486,0.1388007402420044,-0.0335362346950403,0.011838282637322929,1.4462084578368641,0.05138680711388588,1.0,1.0,-1.0,1.0,0.14433756,0.14433756,0.14433756
377,12.8075,0.1788923591375351,0.212349072098732,-0.910763144493103,-0.017517300322651863,-0.08426211774349213,0.14444930851459503,-0.03189648896117569,0.0040368034557339465,1.4463139190160312,0.04698210954666138,1.0,1.0,-1.0,1.0,0.14433756,0.14433756,0.14433756
378,12.8411,0.17981919646263123,0.20633848011493683,-0.9036309719085693,-0.003480152226984501,-0.08908643573522568,0.14921614527702332,-0.03007597700713274,-0.0025377626131420344,1.4463787669885748,0.04180847480893135,1.0,1.0,-1.0,1.0,0.14433756,0.14433756,0.14433756
379,12.8751,0.18115505576133728,0.2015119194984436,-0.8978958129882812,0.007675801869481802,-0.09066401422023773,0.15222540497779846,-0.027489209109041342,-0.01024810186835551,1.4464040670189304,0.03824298828840256,1.0,1.0,-1.0,1.0,0.14433756,0.14433756,0.14433756
380,12.9095,0.18291378021240234,0.19686418771743774,-0.892112135887146,0.01848449371755123,-0.08988936990499496,0.15453730523586273,-0.025623242404736707,-0.015041097952198497,1.4463641196025794,0.035513706505298615,1.0,1.0,-1.0,1.0,0.14433756,0.14433756,0.14433756
381,12.9433,0.18499712646007538,0.19246354699134827,-0.8863600492477417,0.028797093778848648,-0.08700568974018097,0.15638644993305206,-0.022942710430328507,-0.020806865639057967,1.4462589247395212,0.03391651436686516,1.0,1.0,-0.9134889841079712,1.0,0.14849254,0.14849254,0.13564631
382,12.9771,0.18741562962532043,0.18840213119983673,-0.8806376457214355,0.038840729743242264,-0.08248744904994965,0.15775232017040253,-0.020862375903029307,-0.02448634933835489,1.446136818803541,0.033514853566884995,1.0,1.0,-0.47099021077156067,1.0,0.16771983,0.16771983,0.0789944
383,13.0108,0.19014212489128113,0.1847294420003891,-0.8749688863754272,0.048186298459768295,-0.0761609822511673,0.1586875021457672,-0.019151290741464193,-0.02703157816522485,1.4460212376122317,0.03427565470337868,1.0,1.0,-0.0006387531757354736,1.0,0.17677666,0.17677666,0.000112916656
384,13.0452,0.19391503930091858,0.18069997429847717,-0.8680552244186401,0.059196945279836655,-0.06663478165864944,0.15420803427696228,-0.016985890063580276,-0.029879092420575622,1.4457950020776293,0.0366186797618866,1.0,1.0,0.6571862697601318,1.0,0.16031262,0.16031262,-0.105355255
385,13.0793,0.20079924166202545,0.17573697865009308,-0.8583155870437622,0.0757257491350174,-0.04768846184015274,0.11726704984903336,-0.015586616332879506,-0.03161448100768231,1.4456394734699687,0.04180637747049332,1.0,1.0,1.0,1.0,0.14433756,0.14433756,-0.14433756
386,13.1143,0.20079924166202545,0.17573697865009308,-0.8583155870437622,0.0757257491350174,-0.04768846184015274,0.11726704984903336,-0.014539899357423992,-0.032789883799545595,1.4454924669777964,0.04180637747049332,0.9900144338607788,1.0,1.0,1.0,0.1433719,0.144818,-0.144818
387,13.148,0.20853064954280853,0.17292669415473938,-0.8529202938079834,0.09147799760103226,-0.024815864861011505,0.04113186523318291,-0.013042439246580663,-0.03361501640963081,1.4452832756741707,0.045091886073350906,0.28116273880004883,1.0,1.0,1.0,0.048748925,0.1733833,-0.1733833
388,13.1824,0.21263690292835236,0.17228847742080688,-0.8522822856903076,0.09860531985759735,-0.012996545992791653,0.006070376839488745,-0.01142164252805034,-0.0333715202622135,1.445094990185102,0.04533518850803375,-0.11111240088939667,1.0,1.0,1.0,-0.019581737,0.17623359,-0.17623359
389,13.2162,0.21799318492412567,0.17222504317760468,-0.8533214330673218,0.10664460808038712,0.0016851449618116021,-0.03419684246182442,-0.009751812436543536,-0.03262553971255788,1.444977145306866,0.04431209713220596,-0.6334936618804932,1.0,1.0,1.0,-0.102201626,0.16133015,-0.16133015
390,13.2504,0.2224820852279663,0.1728220283985138,-0.8555564880371094,0.11228927224874496,0.013181540183722973,-0.06200717017054558,-0.007563118461797134,-0.031785813811936875,1.444863561486374,0.04252497851848602,-1.0,1.0,1.0,1.0,-0.14433756,0.14433756,-0.14433756
391,13.2841,0.22709542512893677,0.17390067875385284,-0.8587669134140015,0.11673761904239655,0.02432561106979847,-0.08374261111021042,-0.002674087332629669,-0.03027622591516068,1.444762893997169,0.040305245667696,-1.0,1.0,1.0,1.0,-0.14433756,0.14433756,-0.14433756
392,13.3183,0.23174221813678741,0.17541740834712982,-0.8626859188079834,0.11955825239419937,0.03504844009876251,-0.09950125217437744,0.002806830568584932,-0.02858889074097311,1.4446865944319385,0.038074903190135956,-1.0,1.0,1.0,1.0,-0.14433756,0.14433756,-0.14433756
393,13.352,0.23632299900054932,0.17726510763168335,-0.8671469688415527,0.12027974426746368,0.04524147883057594,-0.11146077513694763,0.008278552761809003,-0.026698117107233306,1.4446276054137932,0.036241065710783005,-1.0,1.0,1.0,1.0,-0.14433756,0.14433756,-0.14433756
394,13.386,0.24075113236904144,0.17942924797534943,-0.8720026016235352,0.1187681332230568,0.05495338514447212,-0.12071216851472855,0.016077033286428392,-0.023684704560727413,1.4446149553986152,0.035113126039505005,-1.0,1.0,1.0,1.0,-0.14433756,0.14433756,-0.14433756
395,13.4202,0.2459777295589447,0.18256157636642456,-0.8784300088882446,0.11379807442426682,0.06592872738838196,-0.12948262691497803,0.021670403944894567,-0.021263770455358492,1.4446258743590845,0.03502945601940155,-1.0,1.0,1.0,1.0,-0.14433756,0.14433756,-0.14433756
396,13.4541,0.24983075261116028,0.18535147607326508,-0.8837835788726807,0.10773950815200806,0.0741022527217865,-0.1347162425518036,0.025911051055979413,-0.019211174415288145,1.4446652891432177,0.03610556945204735,-1.0,1.0,1.0,1.0,-0.14433756,0.14433756,-0.14433756
397,13.4877,0.2533213496208191,0.1883256435394287,-0.8891912698745728,0.10013929754495621,0.08146324753761292,-0.13883820176124573,0.030780025253187217,-0.016485289639753736,1.4447077665626045,0.03810711205005646,-1.0,1.0,1.0,1.0,-0.14433756,0.14433756,-0.14433756
398,13.5222,0.2564062178134918,0.19147451221942902,-0.8945907354354858,0.09142804145812988,0.08826877176761627,-0.14178675413131714,0.03428519257557085,-0.01405404098664726,1.4447582334652616,0.04081624746322632,-1.0,0.7263568639755249,1.0,1.0,-0.15724842,0.11421847,-0.15724842
399,13.556,0.2591005265712738,0.19477276504039764,-0.8999302387237549,0.08176282048225403,0.09436172991991043,-0.14406386017799377,0.03622256528660323,-0.012326311068269152,1.4448079014195916,0.04405440017580986,-1.0,0.33611389994621277,1.0,1.0,-0.171986,0.057806883,-0.171986
400,13.5902,0.261342316865921,0.19826866686344147,-0.9052501916885376,0.07142360508441925,0.10011418908834457,-0.14702214300632477,0.037398159493169866,-0.01088644493689069,1.444871950443808,0.047614313662052155,-1.0,-0.05551895499229431,1.0,1.0,-0.17664063,-0.009806903,-0.17664063
401,13.624,0.2634253203868866,0.202864408493042,-0.9119851589202881,0.057653095573186874,0.10668548196554184,-0.15315255522727966,0.038454822751118445,-0.008482578469187544,1.444975547410212,0.05236109718680382,-1.0,-0.5808526277542114,1.0,1.0,-0.16352133,-0.0949818,-0.16352133
402,13.658,0.264529824256897,0.20671039819717407,-0.9175328016281128,0.046177539974451065,0.11120691150426865,-0.15866263210773468,0.03883856761944205,-0.0057641848745162835,1.4451080396744433,0.05640865117311478,-1.0,-1.0,0.8298323154449463,1.0,-0.15246676,-0.15246676,-0.12652184
403,13.6921,0.26515233516693115,0.2106291800737381,-0.9231600761413574,0.034423355013132095,0.11467260122299194,-0.16254264116287231,0.038867471239647816,-0.002619744282229841,1.4452826098838982,0.06063750386238098,-1.0,-1.0,0.43541356921195984,1.0,-0.16895035,-0.16895035,-0.07356328
404,13.7263,0.2652933895587921,0.21455971896648407,-0.9287655353546143,0.0227012000977993,0.11689968407154083,-0.16163137555122375,0.038117183859166834,0.003373491171384672,1.4455852781417857,0.06495444476604462,-1.0,-1.0,0.00778430700302124,1.0,-0.17677401,-0.17677401,-0.0013760632
405,13.7602,0.26498812437057495,0.21846391260623932,-0.9341503381729126,0.011350147426128387,0.11746414750814438,-0.1544395238161087,0.03684543705368073,0.009324268971261136,1.44588075586473,0.06921454519033432,-1.0,-1.0,-0.47319597005844116,1.0,-0.16764128,-0.16764128,0.07932718
406,13.795,0.26423120498657227,0.22228850424289703,-0.9391289949417114,0.0003633798914961517,0.11614683270454407,-0.13809047639369965,0.03490291279041472,0.017159863142384303,1.4462349562897105,0.07322874665260315,-1.0,-1.0,-1.0,1.0,-0.14433756,-0.14433756,0.14433756
407,13.8285,0.26274412870407104,0.2268659621477127,-0.9442106485366821,-0.012454353272914886,0.11199067533016205,-0.10383028537034988,0.03351359990636923,0.02235290139206542,1.4464733092072726,0.07744229584932327,-1.0,-1.0,-1.0,1.0,-0.14433756,-0.14433756,0.14433756
408,13.8623,0.2611275315284729,0.2302902638912201,-0.9470365047454834,-0.022221077233552933,0.10666690021753311,-0.06845849752426147,0.03185851602910144,0.027564663952863853,1.4466960826324577,0.07983266562223434,-1.0,-1.0,-1.0,1.0,-0.14433756,-0.14433756,0.14433756
409,13.8961,0.25911861658096313,0.23341262340545654,-0.948600172996521,-0.03162997215986252,0.09985043853521347,-0.03190743550658226,0.029602496093641073,0.032516655955271076,1.446924182379823,0.08113943785429001,-1.0,-1.0,-1.0,1.0,-0.14433756,-0.14433756,0.14433756
410,13.9308,0.25674521923065186,0.2361891120672226,-0.9489033222198486,-0.04064382240176201,0.09149514138698578,0.0002405972481938079,0.027944994565446194,0.03500569624432957,1.447040429361405,0.0813322588801384,-1.0,-1.0,-1.0,1.0,-0.14433756,-0.14433756,0.14433756
411,13.9651,0.25406602025032043,0.23862168192863464,-0.9480811357498169,-0.04965464770793915,0.08220727741718292,0.027748120948672295,0.025608896704958507,0.0373857841164794,1.4471869032213593,0.080532006919384,-1.0,-1.0,-1.0,1.0,-0.14433756,-0.14433756,0.14433756
412,13.9992,0.25106123089790344,0.24064625799655914,-0.9462640285491943,-0.05817818641662598,0.07216166704893112,0.051096655428409576,0.02379609751510378,0.038458380567887224,1.4472818449142206,0.07880153506994247,-1.0,-1.0,-1.0,1.0,-0.14433756,-0.14433756,0.14433756
413,14.0331,0.24695444107055664,0.2424803525209427,-0.9427294731140137,-0.06828459352254868,0.058796171098947525,0.07529651373624802,0.022300749207781103,0.03891303210023419,1.4473705281785203,0.07542890310287476,-1.0,-1.0,-1.0,1.0,-0.14433756,-0.14433756,0.14433756
414,14.0667,0.24347133934497833,0.24340251088142395,-0.9390785694122314,-0.07589194178581238,0.04762518033385277,0.09127510339021683,0.02029132342509986,0.03887891450995675,1.447481448837922,0.07195255160331726,-0.8845837712287903,-1.0,-1.0,1.0,-0.1325752,-0.14987297,0.14987297
415,14.1002,0.23982641100883484,0.2438535839319229,-0.9348522424697876,-0.08291330188512802,0.036346711218357086,0.10464491695165634,0.018780470526805877,0.038417446949694865,1.4475827821173997,0.06792818754911423,-0.5337345600128174,-1.0,-1.0,1.0,-0.08827431,-0.16538991,0.16538991
416,14.1344,0.2359859198331833,0.24383661150932312,-0.9301456212997437,-0.08943183720111847,0.024962490424513817,0.11627037078142166,0.0175565337046705,0.03774471581358404,1.4476400400808362,0.06344200670719147,-0.16968627274036407,-1.0,-1.0,1.0,-0.029782956,-0.17551777,0.17551777
417,14.1681,0.23199065029621124,0.24333582818508148,-0.9250127077102661,-0.09553612023591995,0.013766254298388958,0.12720265984535217,0.015677167971131403,0.03654625587234555,1.4477401749378231,0.058576736599206924,0.2090298980474472,-1.0,-1.0,1.0,0.036554474,-0.17487678,0.17487678
418,14.2021,0.2278548628091812,0.24239659309387207,-0.9194930791854858,-0.10107065737247467,0.002687076572328806,0.13845272362232208,0.013646582541351641,0.03550300412719904,1.447814343974182,0.053461864590644836,0.6052387952804565,-1.0,-1.0,1.0,0.09836274,-0.16251889,0.16251889
419,14.2362,0.2224970906972885,0.24065490067005157,-0.9120916128158569,-0.10710752755403519,-0.010797417722642422,0.15139684081077576,0.009833984480037392,0.03406712545537459,1.447911016721752,0.04696430265903473,1.0,-1.0,-1.0,1.0,0.14433756,-0.14433756,0.14433756
420,14.2703,0.2180575579404831,0.23878595232963562,-0.905868649482727,-0.11092737317085266,-0.021525215357542038,0.1583702564239502,0.006165217923533436,0.032875887257998344,1.447983454703402,0.041960325092077255,1.0,-1.0,-1.0,1.0,0.14433756,-0.14433756,0.14433756
421,14.304,0.21354840695858002,0.23652702569961548,-0.8994748592376709,-0.11334818601608276,-0.03210332617163658,0.16192668676376343,-0.00024668885234279065,0.030739853132619052,1.4480937095725313,0.037526413798332214,1.0,-1.0,-1.0,1.0,0.14433756,-0.14433756,0.14433756
422,14.3375,0.20903871953487396,0.23389005661010742,-0.893049955368042,-0.11408677697181702,-0.04241751879453659,0.1630367934703827,-0.0058685984743015035,0.02862083410989185,1.4481807949401768,0.03410904109477997,1.0,-1.0,-1.0,1.0,0.14433756,-0.14433756,0.14433756
423,14.3712,0.20460763573646545,0.2308891862630844,-0.8867024183273315,-0.11294661462306976,-0.05233822762966156,0.16349829733371735,-0.010730715551851006,0.026625468985528387,1.4482750708427656,0.03212827444076538,1.0,-0.6341416835784912,-1.0,1.0,0.16130257,-0.10228868,0.16130257
424,14.4051,0.20027634501457214,0.22752322256565094,-0.8803565502166748,-0.10999108850955963,-0.061723627150058746,0.16365329921245575,-0.016995846749046348,0.023704468128848244,1.4484070304747791,0.031879108399152756,1.0,0.0014367997646331787,-0.6937512159347534,1.0,0.20540905,0.00029513167,0.14250277
425,14.439,0.19505394995212555,0.22283139824867249,-0.872477650642395,-0.10384233295917511,-0.07274302840232849,0.16458214819431305,-0.02128856906241525,0.021337502566850856,1.4485084969123112,0.03410498425364494,1.0,0.7360773086547852,-0.07797542214393616,1.0,0.20094165,0.14790858,0.01566851
426,14.4741,0.1911405324935913,0.218734472990036,-0.8662208318710327,-0.09724634885787964,-0.08083758503198624,0.16549015045166016,-0.024536782951498266,0.018810595456042797,1.448618884939495,0.03759108856320381,1.0,1.0,0.41000524163246155,1.0,0.16978525,0.16978525,-0.06961284
427,14.5084,0.18753336369991302,0.21440626680850983,-0.8601182699203491,-0.08912661671638489,-0.08837806433439255,0.15587419271469116,-0.02846388029492911,0.013265552848983156,1.4488116978024166,0.04210444912314415,1.0,1.0,0.9791806936264038,1.0,0.14533913,0.14533913,-0.14231327
428,14.542,0.18429450690746307,0.20983673632144928,-0.8546867370605469,-0.07932103425264359,-0.09517387300729752,0.12882523238658905,-0.030666121021126688,0.006830139547807068,1.4490022469784118,0.04688764363527298,1.0,1.0,1.0,1.0,0.14433756,0.14433756,-0.14433756
429,14.5761,0.18146979808807373,0.2050641030073166,-0.850395679473877,-0.06815710663795471,-0.10002101957798004,0.09303086996078491,-0.03172169820869322,0.0005264859465069052,1.4491628355921435,0.051288023591041565,1.0,1.0,1.0,1.0,0.14433756,0.14433756,-0.14433756
430,14.6102,0.17913538217544556,0.20018935203552246,-0.8474698066711426,-0.05573175102472305,-0.10241526365280151,0.05244506523013115,-0.03192896912350165,-0.008350093487037207,1.4493876063881463,0.054904256016016006,1.0,1.0,1.0,1.0,0.14433756,0.14433756,-0.14433756
431,14.6439,0.17692969739437103,0.19412225484848022,-0.845789909362793,-0.03998902812600136,-0.10185130685567856,0.007198967970907688,-0.030906286136586796,-0.016098656906123075,1.4495287539259205,0.058109160512685776,1.0,1.0,1.0,1.0,0.14433756,0.14433756,-0.14433756
432,14.6782,0.17577648162841797,0.18942038714885712,-0.8458651304244995,-0.02737153135240078,-0.09878811240196228,-0.022907333448529243,-0.029580466757999073,-0.02119428691804264,1.4495728292419612,0.05964656174182892,1.0,1.0,1.0,1.0,0.14433756,0.14433756,-0.14433756
433,14.7122,0.17521612346172333,0.18492817878723145,-0.847040057182312,-0.01507175900042057,-0.09393882006406784,-0.04778040573000908,-0.028221403638866598,-0.02483400629331332,1.449563508178146,0.06033094599843025,1.0,1.0,1.0,1.0,0.14433756,0.14433756,-0.14433756
434,14.7461,0.17522840201854706,0.1807006299495697,-0.8491544723510742,-0.0031710267066955566,-0.08749891072511673,-0.06805847585201263,-0.02608402961056386,-0.028806369052897105,1.4494756238621733,0.060286745429039,1.0,1.0,1.0,1.0,0.14433756,0.14433756,-0.14433756
435,14.7801,0.176777184009552,0.17328104376792908,-0.8554952144622803,0.019293535500764847,-0.07128715515136719,-0.09794668108224869,-0.02431210370165805,-0.031056170091093214,1.4493864079656558,0.05861449986696243,1.0,1.0,1.0,1.0,0.14433756,0.14433756,-0.14433756
436,14.8141,0.176777184009552,0.17328104376792908,-0.8554952144622803,0.019293535500764847,-0.07128715515136719,-0.09794668108224869,-0.02277230973245547,-0.03242499536009651,1.4492716257226732,0.05861449986696243,1.0,1.0,1.0,1.0,0.14433756,0.14433756,-0.14433756
437,14.8479,0.18079684674739838,0.1671230047941208,-0.8653236627578735,0.0419505350291729,-0.04959919676184654,-0.11931325495243073,-0.0206450120238084,-0.03359091480176559,1.4490798781241876,0.05472775921225548,1.0,1.0,1.0,1.0,0.14433756,0.14433756,-0.14433756
438,14.8818,0.18326488137245178,0.16520275175571442,-0.870324969291687,0.05131569132208824,-0.039351221174001694,-0.1260252147912979,-0.019001525380850065,-0.03392455895208208,1.4489022452794793,0.05260929465293884,1.0,1.0,1.0,1.0,0.14433756,0.14433756,-0.14433756
439,14.9162,0.18613332509994507,0.16381427645683289,-0.8755959272384644,0.06004117801785469,-0.02893659472465515,-0.13147731125354767,-0.017049650925444356,-0.033785202806259886,1.448673879216005,0.050379808992147446,1.0,1.0,1.0,1.0,0.14433756,0.14433756,-0.14433756
440,14.9503,0.18936362862586975,0.1629621386528015,-0.8810938596725464,0.0682477056980133,-0.018597904592752457,-0.13573405146598816,-0.015740613622913336,-0.033377724595315544,1.4485275385141052,0.048161931335926056,1.0,1.0,1.0,1.0,0.14433756,0.14433756,-0.14433756
441,14.984,0.1929059773683548,0.16265837848186493,-0.8867063522338867,0.07608311623334885,-0.008150339126586914,-0.13917165994644165,-0.014012750546480724,-0.032427304820104315,1.4483186135265884,0.046101171523332596,1.0,1.0,1.0,1.0,0.14433756,0.14433756,-0.14433756
442,15.0183,0.1977214515209198,0.16298434138298035,-0.8938409090042114,0.08510888367891312,0.0046710968017578125,-0.14252185821533203,-0.012694763566270818,-0.031441731318504036,1.4481614870222739,0.0440208837389946,0.7780943512916565,1.0,1.0,1.0,0.12051261,0.15488175,-0.15488175
443,15.0523,0.20189210772514343,0.16379444301128387,-0.8996328115463257,0.09183243662118912,0.014857254922389984,-0.14477823674678802,-0.011597532874779765,-0.030456395004688348,1.4480428431957109,0.04295318201184273,0.37309569120407104,1.0,1.0,1.0,0.063772656,0.17092842,-0.17092842
444,15.0865,0.20631064474582672,0.165044903755188,-0.9054316282272339,0.09805566817522049,0.024756133556365967,-0.14785192906856537,-0.01000881684441189,-0.028960763736499848,1.44789410564883,0.042632583528757095,-0.07269798219203949,1.0,1.0,1.0,-0.012834363,0.1765436,-0.1765436
445,15.1209,0.21093617379665375,0.16671791672706604,-0.9113006591796875,0.10382722318172455,0.03430447727441788,-0.15275806188583374,-0.008445779512617263,-0.027735158277493965,1.447798231849587,0.04324992746114731,-0.561921238899231,1.0,1.0,1.0,-0.09231433,0.1642834,-0.1642834
446,15.1552,0.2156999707221985,0.1687949299812317,-0.9172712564468384,0.10904686152935028,0.04365616664290428,-0.15822823345661163,-0.005318823197065572,-0.026293258364892415,1.447698629624818,0.044943295419216156,-1.0,1.0,1.0,1.0,-0.14433756,0.14433756,-0.14433756
447,15.1891,0.22052490711212158,0.1712365299463272,-0.9233840703964233,0.11326619237661362,0.052626900374889374,-0.1619826704263687,-0.002100866224939519,-0.025199951674820028,1.4476432358741445,0.04778207466006279,-1.0,1.0,0.8392332792282104,1.0,-0.15202379,0.15202379,-0.12758343
448,15.2236,0.22658778727054596,0.174753338098526,-0.9311422109603882,0.11657965928316116,0.06346726417541504,-0.16308638453483582,0.004090450547239531,-0.023269798627055277,1.4475901058103973,0.052776649594306946,-1.0,1.0,0.2630641758441925,1.0,-0.17379548,0.17379548,-0.045719367
449,15.257,0.2314281314611435,0.17791223526000977,-0.9373980760574341,0.11728241294622421,0.07179897278547287,-0.16017867624759674,0.009954172107794828,-0.02133100070872078,1.4475794531660369,0.05773115158081055,-1.0,1.0,-0.26391056180000305,1.0,-0.17377676,0.17377676,0.045861524
450,15.2911,0.23614998161792755,0.18132516741752625,-0.9433373212814331,0.11597312241792679,0.07933569699525833,-0.14805930852890015,0.015260955424049448,-0.01954944788859325,1.4475822494851815,0.0630451962351799,-1.0,1.0,-0.8791729211807251,1.0,-0.15013066,0.15013066,0.1319908
451,15.3254,0.24066849052906036,0.18496981263160706,-0.9486229419708252,0.11291137337684631,0.08624514192342758,-0.12420211732387543,0.02254377306022384,-0.01720061470854902,1.4475867768590347,0.06823670864105225,-1.0,1.0,-1.0,1.0,-0.14433756,0.14433756,0.14433756
452,15.3593,0.244887575507164,0.18880540132522583,-0.9529348611831665,0.10809623450040817,0.0925060287117958,-0.09063240885734558,0.027732083158672767,-0.015559396954003754,1.4476108784669,0.0728667676448822,-1.0,1.0,-1.0,1.0,-0.14433756,0.14433756,0.14433756
453,15.3947,0.24878783524036407,0.1928270012140274,-0.9559060335159302,0.10195589065551758,0.09848520159721375,-0.05255359038710594,0.03280776859074116,-0.013511962869140038,1.447664541162865,0.07651210576295853,-1.0,0.8085957765579224,-1.0,1.0,-0.153463,0.12408953,0.153463
454,15.4287,0.25314509868621826,0.19809670746326447,-0.9576208591461182,0.09228271245956421,0.1055668368935585,-0.009257441386580467,0.03535986754098569,-0.012083886427071682,1.4477183370168847,0.07950450479984283,-1.0,0.19536903500556946,-1.0,1.0,-0.1751136,0.034211777,0.1751136
455,15.4631,0.25612881779670715,0.20250380039215088,-0.9574693441390991,0.08333810418844223,0.11078722774982452,0.02085173688828945,0.03792671790695573,-0.0100142076650247,1.4478107487067104,0.08067893981933594,-1.0,-0.32148006558418274,-1.0,1.0,-0.17237899,-0.055416405,0.17237899
456,15.4971,0.2586018741130829,0.20698073506355286,-0.956194281578064,0.0733829215168953,0.11549016833305359,0.04886278882622719,0.03923206631525807,-0.00796675433466092,1.4479204709436215,0.08096202462911606,-1.0,-0.8719673156738281,-1.0,1.0,-0.15047342,-0.1312079,0.15047342
457,15.5311,0.2605341076850891,0.2115456610918045,-0.9538600444793701,0.06293430179357529,0.1197725385427475,0.07385008037090302,0.03996830135979968,-0.005404230045016303,1.448048435834,0.08042121678590775,-1.0,-1.0,-1.0,1.0,-0.14433756,-0.14433756,0.14433756
458,15.5651,0.2619366943836212,0.21617405116558075,-0.9506655931472778,0.051558878272771835,0.1232575923204422,0.09227675199508667,0.04016527541192466,9.447335995655412e-06,1.4483456446116527,0.07927155494689941,-1.0,-1.0,-1.0,1.0,-0.14433756,-0.14433756,0.14433756
459,15.6002,0.26272866129875183,0.22087183594703674,-0.9468361139297485,0.03966313600540161,0.12545327842235565,0.10593373328447342,0.03947598690397411,0.005665218791546767,1.4486361954865805,0.07770384848117828,-1.0,-1.0,-1.0,1.0,-0.14433756,-0.14433756,0.14433756
460,15.6342,0.26286810636520386,0.22681297361850739,-0.9413846731185913,0.024347705766558647,0.12597250938415527,0.11885025352239609,0.03838840601024539,0.010925793141996612,1.4489264800453991,0.07541822642087936,-1.0,-1.0,-1.0,1.0,-0.14433756,-0.14433756,0.14433756
461,15.6684,0.26233887672424316,0.2315092533826828,-0.9365760087966919,0.012110274285078049,0.12408574670553207,0.1273728460073471,0.03634802097989198,0.01821003806606772,1.4493031841815907,0.07345443964004517,-1.0,-1.0,-1.0,1.0,-0.14433756,-0.14433756,0.14433756
462,15.7022,0.2612677812576294,0.23608583211898804,-0.9315091371536255,0.0001293444074690342,0.12030299752950668,0.13448688387870789,0.03446871558359633,0.023407604729899268,1.449597596640099,0.07151931524276733,-1.0,-1.0,-1.0,1.0,-0.14433756,-0.14433756,0.14433756
463,15.7361,0.2597394585609436,0.24043822288513184,-0.9262261390686035,-0.011518697254359722,0.11483035981655121,0.14032769203186035,0.03195202627287685,0.028813788453246496,1.4498969359466238,0.06968959420919418,-1.0,-1.0,-1.0,1.0,-0.14433756,-0.14433756,0.14433756
464,15.7704,0.25779831409454346,0.24449467658996582,-0.9207645654678345,-0.022934656590223312,0.10772621631622314,0.14514020085334778,0.030192440370553266,0.03186452270571633,1.4500841561712565,0.06801164150238037,-1.0,-1.0,-1.0,1.0,-0.14433756,-0.14433756,0.14433756
465,15.8043,0.2555166780948639,0.2481762170791626,-0.9152227640151978,-0.03369610384106636,0.09945154190063477,0.1492728441953659,0.027699617560509017,0.03515183720914767,1.450301203800098,0.06655095517635345,-1.0,-1.0,-1.0,1.0,-0.14433756,-0.14433756,0.14433756
466,15.838,0.25227370858192444,0.25217902660369873,-0.9082468748092651,-0.0461917482316494,0.08760488778352737,0.15329338610172272,0.025781282290081496,0.036933999643493476,1.450456332933595,0.065054751932621,-1.0,-1.0,-1.0,1.0,-0.14433756,-0.14433756,0.14433756
467,15.8722,0.2493647038936615,0.25480350852012634,-0.9027042388916016,-0.05575868487358093,0.07732543349266052,0.1557600051164627,0.02415087218419437,0.037992726851286865,1.45057444412794,0.06404836475849152,-1.0,-1.0,-1.0,1.0,-0.14433756,-0.14433756,0.14433756
468,15.906,0.2462216317653656,0.2569268047809601,-0.89720618724823,-0.06462599337100983,0.066315658390522,0.15789231657981873,0.021971014494721063,0.03870309594374108,1.4506937537447757,0.06321524828672409,-0.7500280141830444,-1.0,-1.0,1.0,-0.11713374,-0.15617248,0.15617248
469,15.9402,0.2428583949804306,0.2585636079311371,-0.8917375802993774,-0.07295549660921097,0.05490283668041229,0.1595037430524826,0.020331707766317392,0.03875437011710351,1.4507938886017626,0.0625525563955307,-0.3985538184642792,-1.0,-0.9635677337646484,1.0,-0.06896579,-0.17304009,0.16673586
470,15.9745,0.23923926055431366,0.2597513198852539,-0.8863292932510376,-0.08063860237598419,0.04345805570483208,0.1608714461326599,0.018378539181069475,0.03828190869496664,1.4508859008174249,0.06207776814699173,-0.03601773455739021,-1.0,-0.6993668079376221,1.0,-0.007375702,-0.20477973,0.14321613
471,16.0083,0.23542901873588562,0.26053017377853394,-0.8809232711791992,-0.08770021796226501,0.032196685671806335,0.1635325849056244,0.016787947494668234,0.03772292366572662,1.4509684588112173,0.06186066195368767,0.34042370319366455,-1.0,-0.4425087571144104,1.0,0.074309126,-0.21828423,0.09659269
472,16.0421,0.23044347763061523,0.26094239950180054,-0.874096155166626,-0.09561102092266083,0.018100835382938385,0.16645680367946625,0.014277182677076877,0.03710113380784196,1.4510522152275003,0.06202277913689613,0.828410804271698,-1.0,-0.1035272628068924,1.0,0.15898168,-0.19191165,0.019868089
473,16.0759,0.22629258036613464,0.26083898544311523,-0.8687516450881958,-0.10127963870763779,0.006800293456763029,0.16280688345432281,0.009628710936046527,0.036453186714625684,1.4511563448261224,0.06250976771116257,1.0,-1.0,0.22548726201057434,1.0,0.17457163,-0.17457163,-0.03936368
474,16.1106,0.2220066636800766,0.26035788655281067,-0.863740086555481,-0.10592327266931534,-0.00488280551508069,0.14900712668895721,0.005149270861641345,0.035885479832815655,1.4512281170175,0.06323500722646713,1.0,-1.0,0.6308760643005371,1.0,0.16144143,-0.16144143,-0.10184953
475,16.1457,0.2176213264465332,0.2594772279262543,-0.8594180345535278,-0.1092550978064537,-0.016790566965937614,0.12706540524959564,-0.0025892919194174906,0.03449670374217738,1.4513157350173636,0.06397612392902374,1.0,-1.0,1.0,1.0,0.14433756,-0.14433756,-0.14433756
476,16.1795,0.20889081060886383,0.25652754306793213,-0.8539297580718994,-0.10912872850894928,-0.0408027246594429,0.06259853392839432,-0.008970061264199492,0.032812820274433906,1.4513962956403386,0.06453654170036316,1.0,-1.0,1.0,1.0,0.14433756,-0.14433756,-0.14433756
477,16.215,0.20368146896362305,0.253854900598526,-0.853157639503479,-0.10445542633533478,-0.05519651994109154,0.01751934178173542,-0.016186613002609446,0.030119636204253224,1.4515149394669016,0.06362248212099075,1.0,-1.0,1.0,1.0,0.14433756,-0.14433756,-0.14433756
478,16.2493,0.19980256259441376,0.25127139687538147,-0.8540818691253662,-0.09846169501543045,-0.0660695806145668,-0.013883542269468307,-0.02036846771173889,0.027927282463602564,1.4516026906248196,0.062023572623729706,1.0,-1.0,1.0,1.0,0.14433756,-0.14433756,-0.14433756
479,16.2832,0.19624479115009308,0.24830502271652222,-0.8562217950820923,-0.09094063192605972,-0.07597703486680984,-0.0401892215013504,-0.024995146264614528,0.02462361864779166,1.4517506292233735,0.05971711874008179,1.0,-1.0,1.0,1.0,0.14433756,-0.14433756,-0.14433756
480,16.3172,0.19305041432380676,0.24499520659446716,-0.8593947887420654,-0.08231209963560104,-0.0851554274559021,-0.06185750663280487,-0.02767976452682032,0.022047095597518666,1.451854625663941,0.056852858513593674,1.0,-0.8483090400695801,1.0,1.0,0.15159513,-0.12859952,-0.15159513
481,16.3512,0.19023531675338745,0.24145101010799408,-0.8633095026016235,-0.07284057140350342,-0.0932748094201088,-0.07958754152059555,-0.02938618499528859,0.019903681603087413,1.4519307920711175,0.053722113370895386,1.0,-0.25974366068840027,1.0,1.0,0.17386843,-0.045161225,-0.17386843
482,16.3851,0.1878645122051239,0.23764711618423462,-0.8679298162460327,-0.06254085898399353,-0.10049587488174438,-0.09481912851333618,-0.030920361359066784,0.017068459500643042,1.4520258669220332,0.050390686839818954,1.0,0.3210427761077881,1.0,1.0,0.17239049,0.05534472,-0.17239049
483,16.4196,0.18561550974845886,0.2325752079486847,-0.8745101690292358,-0.04918098822236061,-0.10857433825731277,-0.1136590912938118,-0.03159915950903595,0.014575594038409459,1.4520888506818137,0.0462176688015461,1.0,1.0,1.0,1.0,0.14433756,0.14433756,-0.14433756
484,16.4537,0.18442845344543457,0.22830450534820557,-0.8803776502609253,-0.03798452392220497,-0.11400826275348663,-0.1266375333070755,-0.03191458597302062,0.011820591341425317,1.4521495707546674,0.043126411736011505,1.0,1.0,1.0,1.0,0.14433756,0.14433756,-0.14433756
485,16.4881,0.18380361795425415,0.22390782833099365,-0.8866815567016602,-0.02658575028181076,-0.11833619326353073,-0.13494624197483063,-0.0317410186101639,0.006220575783950207,1.4522787340675363,0.04059213772416115,1.0,1.0,1.0,1.0,0.14433756,0.14433756,-0.14433756
486,16.5223,0.18370045721530914,0.21939022839069366,-0.8932387828826904,-0.015139169059693813,-0.1209530457854271,-0.14013156294822693,-0.030814883535142834,0.0002140048730190995,1.452389921043047,0.03895829617977142,1.0,1.0,1.0,1.0,0.14433756,0.14433756,-0.14433756
487,16.556,0.18411804735660553,0.21484646201133728,-0.8999103307723999,-0.003703246358782053,-0.12148799002170563,-0.14383508265018463,-0.02890964768832714,-0.007970824497850347,1.45253279963553,0.03849327191710472,1.0,1.0,1.0,1.0,0.14433756,0.14433756,-0.14433756
488,16.5902,0.18508151173591614,0.21034877002239227,-0.9066450595855713,0.0075469124130904675,-0.11978978663682938,-0.14644479751586914,-0.027323425250589308,-0.013425678530416074,1.4526009765594359,0.03929167985916138,1.0,1.0,0.7335457801818848,1.0,0.15692298,0.15692298,-0.11511019
489,16.624,0.18689531087875366,0.20496103167533875,-0.9150727987289429,0.02106039971113205,-0.11450539529323578,-0.14844819903373718,-0.024830596198761257,-0.020247062936139506,1.4526241460609195,0.042103756219148636,1.0,1.0,0.04044821858406067,1.0,0.17670444,0.17670444,-0.0071473797
490,16.6582,0.18888972699642181,0.20098933577537537,-0.9218194484710693,0.03132878243923187,-0.10843557119369507,-0.14668503403663635,-0.022871231602789702,-0.02476356152129152,1.4526110965715782,0.04552914574742317,1.0,1.0,-0.5236947536468506,1.0,0.16577548,0.16577548,0.08681575
491,16.6922,0.19135265052318573,0.1973736733198166,-0.9283573627471924,0.040987372398376465,-0.10107282549142838,-0.13523761928081512,-0.021267800567101838,-0.028101806899976024,1.4525469143893073,0.049579668790102005,1.0,1.0,-1.0,1.0,0.14433756,0.14433756,0.14433756
492,16.7263,0.19421741366386414,0.1941474825143814,-0.9341468811035156,0.05001240596175194,-0.09289638698101044,-0.10794909298419952,-0.01927898723513889,-0.03205830512572242,1.452465954292169,0.053576331585645676,1.0,1.0,-1.0,1.0,0.14433756,0.14433756,0.14433756
493,16.7608,0.19749775528907776,0.19127187132835388,-0.9387290477752686,0.05842676758766174,-0.08418296277523041,-0.07218249142169952,-0.01788702783476013,-0.03440779161247156,1.4523558325810941,0.05687925964593887,0.8636154532432556,1.0,-1.0,1.0,0.13029371,0.15087005,0.15087005
494,16.7943,0.20111151039600372,0.1887274980545044,-0.9420046806335449,0.06664104759693146,-0.07462917268276215,-0.03524487838149071,-0.016612021777830582,-0.035786626622103274,1.4522671493167945,0.05927697941660881,0.5318856239318848,1.0,-1.0,1.0,0.088006474,0.16546127,0.16546127
495,16.8281,0.20600122213363647,0.1861337572336197,-0.9442017078399658,0.07639285176992416,-0.06195871904492378,0.006152722518891096,-0.014645717358565307,-0.036754336138454004,1.4521186780860225,0.06080594286322594,0.1058417409658432,1.0,-1.0,1.0,0.01865817,0.17628367,0.17628367
496,16.8622,0.21010223031044006,0.1845162957906723,-0.9445970058441162,0.08368717133998871,-0.05126374959945679,0.03593898564577103,-0.012827604330098033,-0.036957705938384385,1.4520102874296563,0.06096400320529938,-0.23802118003368378,1.0,-1.0,1.0,-0.041493017,0.1743249,0.1743249
497,16.8959,0.2143450379371643,0.18334244191646576,-0.9438753128051758,0.09031303972005844,-0.04047229513525963,0.06303008645772934,-0.00973398694229412,-0.03675393666429049,1.451848766709543,0.0602363720536232,-0.5937715768814087,1.0,-1.0,1.0,-0.096780665,0.1629931,0.1629931
498,16.9302,0.2187541127204895,0.18259279429912567,-0.9421589374542236,0.09623560309410095,-0.02946794405579567,0.08650481700897217,-0.0067569811602761,-0.03633186308221576,1.4517682060865682,0.05875791236758232,-0.9570552110671997,1.0,-1.0,1.0,-0.14011563,0.14640288,0.14640288
499,16.9641,0.22335229814052582,0.18230317533016205,-0.9396357536315918,0.10120322555303574,-0.018126269802451134,0.10484962165355682,-0.0011382842039473298,-0.035245846795627464,1.45163345013541,0.05674812197685242,-1.0,1.0,-1.0,1.0,-0.14433756,0.14433756,0.14433756
500,16.9982,0.22810101509094238,0.18245822191238403,-0.9364229440689087,0.10480297356843948,-0.006727915722876787,0.11765477061271667,0.004292394619719147,-0.03384172007801841,1.451544900029165,0.05440661683678627,-1.0,1.0,-1.0,1.0,-0.14433756,0.14433756,0.14433756
501,17.0324,0.2341156154870987,0.18317174911499023,-0.9317461252212524,0.10674832761287689,0.0072775171138346195,0.12893950939178467,0.009441211911737338,-0.03223111307154954,1.4515002920809061,0.0514812134206295,-1.0,1.0,-1.0,1.0,-0.14433756,0.14433756,0.14433756
502,17.0663,0.2388652265071869,0.18411549925804138,-0.9276807308197021,0.10632310062646866,0.01809616945683956,0.13604065775871277,0.016579865147965174,-0.02956187872582816,1.4514548851843203,0.04943990334868431,-1.0,1.0,-1.0,1.0,-0.14433756,0.14433756,0.14433756
503,17.1004,0.2434854656457901,0.18538616597652435,-0.9233362674713135,0.1039266288280487,0.02840329334139824,0.14189831912517548,0.021778671846179296,-0.02727825138059884,1.4514377077952894,0.04775221273303032,-1.0,1.0,-1.0,1.0,-0.14433756,0.14433756,0.14433756
504,17.1344,0.2479151487350464,0.18701018393039703,-0.9187225103378296,0.09977785497903824,0.038196779787540436,0.14679023623466492,0.025748533731051928,-0.025297240278391985,1.451446629384941,0.04648183658719063,-1.0,1.0,-1.0,1.0,-0.14433756,0.14433756,0.14433756
505,17.168,0.25204068422317505,0.1889919936656952,-0.913877010345459,0.09404756128787994,0.04745667800307274,0.15071777999401093,0.030424337203066518,-0.022529539712554128,1.4514652715125715,0.045663099735975266,-1.0,1.0,-1.0,1.0,-0.14433756,0.14433756,0.14433756
506,17.2023,0.2557893395423889,0.19126766920089722,-0.9089188575744629,0.08693861961364746,0.05626348406076431,0.15402185916900635,0.033875169797428724,-0.019968847906604893,1.451510811567212,0.04537051543593407,-1.0,0.997260570526123,-1.0,1.0,-0.14446937,0.1440736,0.14446937
507,17.2361,0.2598186433315277,0.19444604218006134,-0.902515172958374,0.07632575929164886,0.06632580608129501,0.15753032267093658,0.03585069229107649,-0.018070436410082526,1.4515603463634874,0.04562000930309296,-1.0,0.5451315641403198,-1.0,1.0,-0.16494668,0.08991764,0.16494668
508,17.2703,0.2624896168708801,0.19722484052181244,-0.897208571434021,0.06691975891590118,0.0738055631518364,0.159815713763237,0.03705259769697527,-0.016514898581529453,1.4515837821810802,0.04626510664820671,-1.0,0.14222708344459534,-1.0,1.0,-0.17588943,0.02501624,0.17588943
509,17.3047,0.2646528482437134,0.2002275586128235,-0.8917886018753052,0.056889310479164124,0.08065918833017349,0.16267336905002594,0.03805708380350431,-0.014346270901418417,1.4516708675487258,0.047286003828048706,-1.0,-0.2730341851711273,-0.6552460193634033,1.0,-0.20385964,-0.05566065,0.13357821
510,17.3382,0.26628437638282776,0.2034621238708496,-0.8861922025680542,0.0463956817984581,0.08689665794372559,0.16732938587665558,0.03844962958699279,-0.012085303311995388,1.4517897776913977,0.04864747077226639,-1.0,-0.7257030010223389,-0.29670241475105286,1.0,-0.19674203,-0.14277628,0.058373835
511,17.3722,0.2673877775669098,0.20693592727184296,-0.8803595304489136,0.03576546534895897,0.09267225861549377,0.17122842371463776,0.03858196372603451,-0.00927749720461662,1.4519562252595277,0.050385333597660065,-1.0,-1.0,0.08099043369293213,1.0,-0.17648752,-0.17648752,-0.014293801
512,17.4061,0.26802918314933777,0.21059627830982208,-0.8745731115341187,0.02449057437479496,0.09755237400531769,0.1640409380197525,0.03850255159127971,-0.0035181749397586574,1.452232661380678,0.05254419520497322,-1.0,-1.0,0.5659341812133789,1.0,-0.16412309,-0.16412309,-0.092882864
513,17.4401,0.2680973410606384,0.21539047360420227,-0.8679131269454956,0.00936474185436964,0.1020064651966095,0.14067859947681427,0.038042303259454374,0.00248437793663058,1.452550775972888,0.05551102012395859,-1.0,-1.0,1.0,1.0,-0.14433756,-0.14433756,-0.14433756
514,17.4748,0.2675534188747406,0.21930663287639618,-0.8634333610534668,-0.0032976907677948475,0.10334335267543793,0.1105169877409935,0.03668451138362349,0.010646677214999494,1.452925482738262,0.05777358636260033,-1.0,-1.0,1.0,1.0,-0.14433756,-0.14433756,-0.14433756
515,17.5085,0.26643744111061096,0.22323884069919586,-0.8601346015930176,-0.01625209115445614,0.10246226191520691,0.07457776367664337,0.03525877144929276,0.016020602359345836,1.453176485671002,0.05955077335238457,-1.0,-1.0,1.0,1.0,-0.14433756,-0.14433756,-0.14433756
516,17.5426,0.2648095190525055,0.22704696655273438,-0.8581726551055908,-0.02909259870648384,0.09933020174503326,0.03704086318612099,0.03264947903404418,0.02258309213700534,1.4534823497221976,0.06064204126596451,-1.0,-1.0,1.0,1.0,-0.14433756,-0.14433756,-0.14433756
517,17.5761,0.26273220777511597,0.23065608739852905,-0.8575338125228882,-0.04140584543347359,0.09420738369226456,0.0034585054963827133,0.03025052849123602,0.02669153618650837,1.4536866141778066,0.0609898567199707,-1.0,-1.0,1.0,1.0,-0.14433756,-0.14433756,-0.14433756
518,17.6102,0.26026710867881775,0.23396819829940796,-0.8580695390701294,-0.05290977656841278,0.08736726641654968,-0.024982605129480362,0.028098796279587474,0.0295273450166304,1.453834153302197,0.06063619628548622,-1.0,-1.0,1.0,1.0,-0.14433756,-0.14433756,-0.14433756
519,17.6439,0.2567301392555237,0.23758964240550995,-0.8602304458618164,-0.06594190001487732,0.07689294219017029,-0.053848009556531906,0.025085310912270523,0.03238942759538174,1.4539854208521135,0.05930892750620842,-1.0,-1.0,1.0,1.0,-0.14433756,-0.14433756,-0.14433756
520,17.6782,0.2535899877548218,0.24004684388637543,-0.8629168272018433,-0.07535310834646225,0.0673774778842926,-0.07211590558290482,0.02282328846138447,0.03388913058720562,1.454099404146769,0.05771612375974655,-1.0,-1.0,1.0,1.0,-0.14433756,-0.14433756,-0.14433756
521,17.7122,0.250174880027771,0.24202656745910645,-0.8662779331207275,-0.08393192291259766,0.0571814626455307,-0.08709050714969635,0.020951531462303514,0.03466020310775683,1.4541701110737106,0.05573449283838272,-1.0,-1.0,1.0,1.0,-0.14433756,-0.14433756,-0.14433756
522,17.7464,0.24655215442180634,0.2434965968132019,-0.8701479434967041,-0.09173271059989929,0.04656779021024704,-0.09915731847286224,0.018549343514295227,0.03506608342204712,1.454275705410932,0.053509410470724106,-0.8658739924430847,-1.0,1.0,1.0,-0.13054164,-0.15076287,-0.15076287
523,17.78,0.23865938186645508,0.24488940834999084,-0.8787922859191895,-0.10528942942619324,0.024721598252654076,-0.11697283387184143,0.01681786332414769,0.03488890206636738,1.4543398875932032,0.04878220707178116,-0.14519979059696198,-1.0,1.0,1.0,-0.025533712,-0.17585227,-0.17585227
524,17.8144,0.23333004117012024,0.2447633147239685,-0.8848317861557007,-0.11237239092588425,0.010932679288089275,-0.1266418844461441,0.014834655114041518,0.034258269681425826,1.454436560340773,0.04600333794951439,-0.14067168533802032,-1.0,1.0,1.0,-0.024745358,-0.1759086,-0.1759086
525,17.848,0.22888295352458954,0.24420590698719025,-0.8899966478347778,-0.11742905527353287,5.6692835642024875e-05,-0.13600780069828033,0.0131712103673671,0.03364938367126044,1.454515256750985,0.044248249381780624,0.7602367997169495,-1.0,1.0,1.0,0.11837249,-0.15570477,-0.15570477
526,17.8821,0.22431348264217377,0.24325861036777496,-0.8954620361328125,-0.12177838385105133,-0.010503562167286873,-0.1441660374403,0.010523400944555948,0.03289153332940256,1.4546143263435358,0.04317380487918854,1.0,-1.0,1.0,1.0,0.14433756,-0.14433756,-0.14433756
527,17.9161,0.21968026459217072,0.24196244776248932,-0.9011222124099731,-0.12508736550807953,-0.020844075828790665,-0.1489776372909546,0.005869235136249601,0.03168151360455745,1.4547373643858974,0.0430162288248539,1.0,-1.0,0.9192788600921631,1.0,0.14821537,-0.14821537,-0.13625126
528,17.9499,0.21503563225269318,0.2402787208557129,-0.906872034072876,-0.1268128901720047,-0.031111259013414383,-0.15089872479438782,0.0014302298574810385,0.03043358960725994,1.4548211208021804,0.04382580146193504,1.0,-1.0,0.5234555006027222,1.0,0.16578461,-0.16578461,-0.08678087
529,17.9841,0.21045884490013123,0.23823502659797668,-0.9126514196395874,-0.12666168808937073,-0.0408664233982563,-0.15071256458759308,-0.006036194530651553,0.028060465485241746,1.4549585399144285,0.04560649022459984,1.0,-1.0,0.08864566683769226,1.0,0.17643043,-0.17643043,-0.015639793
530,18.018,0.20499953627586365,0.23519796133041382,-0.91971755027771,-0.12326454371213913,-0.052299629896879196,-0.1428239345550537,-0.012109013768075499,0.026019121300776986,1.455063335303323,0.04892537742853165,1.0,-0.7159886360168457,-0.5590397119522095,1.0,0.18504994,-0.13249364,0.10345026
531,18.0522,0.20088431239128113,0.2324458211660385,-0.9249805212020874,-0.11860495805740356,-0.060715366154909134,-0.12556254863739014,-0.01710430606503443,0.024301534281081796,1.4551489559323691,0.05209692195057869,1.0,-0.12789103388786316,-1.0,1.0,0.17605825,-0.022516271,0.17605825
532,18.0865,0.19705002009868622,0.2294614166021347,-0.9293614625930786,-0.11246825009584427,-0.06817369163036346,-0.09391139447689056,-0.023535571700872178,0.022007903437007866,1.4552544171115362,0.05511723458766937,1.0,0.4915322959423065,-1.0,1.0,0.16697851,0.08207533,0.16697851
533,18.1208,0.19353336095809937,0.22627443075180054,-0.9324307441711426,-0.10502894222736359,-0.07503190636634827,-0.05364706739783287,-0.027867095022966776,0.019847759381384954,1.455361875661521,0.05744346231222153,1.0,1.0,-1.0,1.0,0.14433756,0.14433756,0.14433756
534,18.1551,0.19040603935718536,0.22289323806762695,-0.9339255094528198,-0.09621849656105042,-0.08149581402540207,-0.01503688283264637,-0.03182123385443493,0.015234362304148786,1.455530453758523,0.058686427772045135,1.0,1.0,-1.0,1.0,0.14433756,0.14433756,0.14433756
535,18.1889,0.18768776953220367,0.21934132277965546,-0.9341957569122314,-0.08619873225688934,-0.0869637057185173,0.015554226003587246,-0.03343372587961287,0.010537092297331936,1.455694770797781,0.059045255184173584,1.0,1.0,-1.0,1.0,0.14433756,0.14433756,0.14433756
536,18.2237,0.18501505255699158,0.21469281613826752,-0.9331117868423462,-0.07228764146566391,-0.09172412753105164,0.046094536781311035,-0.034336668566609635,0.002485303801228303,1.4559541626879546,0.05837612599134445,1.0,1.0,-1.0,1.0,0.14433756,0.14433756,0.14433756
537,18.2572,0.1834874004125595,0.21091090142726898,-0.9312912225723267,-0.060539573431015015,-0.09341397881507874,0.0663614571094513,-0.034114034541262814,-0.004143779307771067,1.4561349913259711,0.0570831373333931,1.0,1.0,-1.0,1.0,0.14433756,0.14433756,0.14433756
538,18.2911,0.18251517415046692,0.2071579098701477,-0.9286757707595825,-0.048459142446517944,-0.09294039756059647,0.08341362327337265,-0.03347329670834116,-0.009663409012217817,1.4562439146145552,0.05515844002366066,1.0,1.0,-1.0,1.0,0.14433756,0.14433756,0.14433756
539,18.3254,0.1821279078722,0.20349033176898956,-0.925447940826416,-0.03635455295443535,-0.09063944220542908,0.0977911651134491,-0.03203074556962931,-0.01667729107078084,1.4563616263347368,0.05273086205124855,1.0,1.0,-1.0,1.0,0.14433756,0.14433756,0.14433756
540,18.359,0.18231165409088135,0.1999821811914444,-0.9218137264251709,-0.02406587451696396,-0.08653368800878525,0.10997109860181808,-0.03057656806828357,-0.021352543185226,1.456385727942602,0.04996611177921295,1.0,1.0,-1.0,1.0,0.14433756,0.14433756,0.14433756
541,18.3942,0.18301156163215637,0.1966964155435562,-0.9177733659744263,-0.012022137641906738,-0.08093246072530746,0.1201963797211647,-0.029198891949844964,-0.024733122422269754,1.456370414766334,0.04690410941839218,1.0,1.0,-1.0,1.0,0.14433756,0.14433756,0.14433756
542,18.4282,0.18453434109687805,0.19307567179203033,-0.9122426509857178,0.002700979355722666,-0.07223453372716904,0.13045887649059296,-0.02708330798880504,-0.02845684996577022,1.4562726767543281,0.042780060321092606,1.0,1.0,-1.0,1.0,0.14433756,0.14433756,0.14433756
543,18.462,0.1861857920885086,0.1906251758337021,-0.9075038433074951,0.013981283642351627,-0.0641900897026062,0.13714540004730225,-0.02533085644537043,-0.030616238765552743,1.4561654845204524,0.0393679104745388,1.0,1.0,-1.0,1.0,0.14433756,0.14433756,0.14433756
544,18.4961,0.18820898234844208,0.18863794207572937,-0.9025341272354126,0.025023657828569412,-0.055158115923404694,0.14285266399383545,-0.023128646928091877,-0.03235347075947647,1.4559693427061682,0.035920172929763794,1.0,1.0,-1.0,1.0,0.14433756,0.14433756,0.14433756
545,18.5301,0.1905917525291443,0.18712963163852692,-0.8973954916000366,0.03531978651881218,-0.04541070759296417,0.1475997120141983,-0.021630622976111506,-0.03305005175150572,1.4558259314814674,0.0325397327542305,1.0,1.0,-1.0,1.0,0.14433756,0.14433756,0.14433756
546,18.5641,0.19331255555152893,0.18610505759716034,-0.8921152353286743,0.04510357975959778,-0.03530728071928024,0.15137985348701477,-0.019501473538268994,-0.03338192531581623,1.4555945027827395,0.029373081400990486,1.0,1.0,-1.0,1.0,0.14433756,0.14433756,0.14433756
547,18.5981,0.19633819162845612,0.18554829061031342,-0.8867133855819702,0.054417479783296585,-0.02493864670395851,0.15451602637767792,-0.017867347490423364,-0.03321022008512797,1.4554200657313392,0.02666555903851986,1.0,1.0,-0.585126519203186,1.0,0.1633473,0.1633473,0.09557884
548,18.6322,0.200535848736763,0.1854635626077652,-0.8798794746398926,0.06517890095710754,-0.011800418607890606,0.15765990316867828,-0.016515268927368543,-0.032777356539449215,1.4552695971297498,0.02442781627178192,0.9108855128288269,1.0,0.04346117377281189,1.0,0.16826288,0.18472452,-0.008028344
549,18.6661,0.20418313145637512,0.1858433037996292,-0.874518632888794,0.07335004210472107,-0.0012871735962107778,0.15409278869628906,-0.014743315970732907,-0.031867360636752946,1.455057476348925,0.02394120953977108,0.5867254137992859,1.0,0.618816614151001,1.0,0.11161075,0.19022654,-0.11771535
550,18.7002,0.2081003040075302,0.18663746118545532,-0.8694312572479248,0.08130815625190735,0.009455908089876175,0.13645410537719727,-0.013582643788649122,-0.031189908631491032,1.4549114019631342,0.024633586406707764,0.2280006855726242,1.0,1.0,1.0,0.039791394,0.17452313,-0.17452313
551,18.7342,0.21225279569625854,0.18786346912384033,-0.8650611639022827,0.08897046744823456,0.020452994853258133,0.10640677809715271,-0.012612348093208573,-0.030695272232090048,1.4547988834070782,0.026042478159070015,-0.16976724565029144,1.0,1.0,1.0,-0.029796967,0.17551659,-0.17551659
552,18.7682,0.2166842371225357,0.1896078884601593,-0.8618372678756714,0.09639806300401688,0.03178977593779564,0.06547250598669052,-0.010527717138057018,-0.029919745158496762,1.4546509448085243,0.02746015042066574,-0.621663510799408,1.0,1.0,1.0,-0.100604594,0.16183127,-0.16183127
553,18.8021,0.22138197720050812,0.19186140596866608,-0.860020637512207,0.10331878811120987,0.04294465482234955,0.023161737248301506,-0.007771405226919802,-0.028963337432022056,1.4545630604925517,0.028481556102633476,-1.0,1.0,1.0,1.0,-0.14433756,0.14433756,-0.14433756
554,18.8361,0.22757603228092194,0.1953524798154831,-0.8596433401107788,0.11038662493228912,0.056563302874565125,-0.02154437080025673,-0.00252058106292182,-0.027193693935394222,1.4544667872191455,0.029329994693398476,-1.0,1.0,1.0,1.0,-0.14433756,0.14433756,-0.14433756
555,18.8698,0.2326865792274475,0.1986512392759323,-0.8606319427490234,0.1144302487373352,0.06701096892356873,-0.04892154783010483,0.0022644593473132055,-0.02548901284401291,1.4544052681979645,0.03008977323770523,-1.0,0.9977757930755615,1.0,1.0,-0.14444458,0.1441233,-0.14444458
556,18.9044,0.23781776428222656,0.20232635736465454,-0.8624758720397949,0.11652728915214539,0.07678569853305817,-0.06962990760803223,0.009988120129612232,-0.022464920605416876,1.4543518718181085,0.031398434191942215,-1.0,0.410887748003006,1.0,1.0,-0.16975687,0.06975102,-0.16975687
557,18.9382,0.24283398687839508,0.20632527768611908,-0.8650041818618774,0.11627228558063507,0.085935577750206,-0.0859021246433258,0.016068349924858515,-0.019850104211500984,1.4543480102345279,0.03346696496009827,-1.0,-0.18800875544548035,1.0,1.0,-0.17523496,-0.032945707,-0.17523496
558,18.9722,0.24764223396778107,0.21062451601028442,-0.8680760860443115,0.11385318636894226,0.09437885880470276,-0.099441297352314,0.0208823496112049,-0.017471250131949917,1.454354668137253,0.0363563671708107,-1.0,-0.7987040281295776,1.0,1.0,-0.15392478,-0.12294034,-0.15392478
559,19.0063,0.25215959548950195,0.2151366025209427,-0.8716670274734497,0.10926119983196259,0.10211082547903061,-0.11366889625787735,0.02682694960556049,-0.01302419659311362,1.4544378919213181,0.039943575859069824,-1.0,-1.0,1.0,1.0,-0.14433756,-0.14433756,-0.14433756
560,19.0401,0.25724732875823975,0.22099466621875763,-0.8768467903137207,0.1009274274110794,0.11041142791509628,-0.12917859852313995,0.030659945816349066,-0.0079272152350003,1.4545683868147319,0.045150116086006165,-1.0,-1.0,1.0,1.0,-0.14433756,-0.14433756,-0.14433756
561,19.0741,0.26079678535461426,0.22577834129333496,-0.8813393115997314,0.09254539012908936,0.1153755784034729,-0.13702517747879028,0.033105118848826914,-0.0023961890736231522,1.4547289754284638,0.04973994567990303,-1.0,-1.0,1.0,1.0,-0.14433756,-0.14433756,-0.14433756
562,19.108,0.2638305127620697,0.23062586784362793,-0.8860040903091431,0.08300218731164932,0.11831296980381012,-0.14186431467533112,0.03511503149064493,0.00643226328094923,1.4550035473368508,0.05455769598484039,-1.0,-1.0,1.0,1.0,-0.14433756,-0.14433756,-0.14433756
563,19.1423,0.26628777384757996,0.23542889952659607,-0.8907827138900757,0.07243718206882477,0.11898000538349152,-0.14509953558444977,0.035748368648568604,0.013297277755468725,1.4552299160295077,0.05940960347652435,-1.0,-1.0,1.0,1.0,-0.14433756,-0.14433756,-0.14433756
564,19.1762,0.26816946268081665,0.2401243895292282,-0.8956191539764404,0.06125982478260994,0.11735115945339203,-0.14748266339302063,0.035710044096006685,0.020897325731147394,1.4554875768649727,0.06419208645820618,-1.0,-1.0,1.0,1.0,-0.14433756,-0.14433756,-0.14433756
565,19.2106,0.2694299817085266,0.24463459849357605,-0.9004360437393188,0.0497174970805645,0.11358907073736191,-0.14908145368099213,0.035283438978889616,0.025370643655937292,1.455645102843451,0.06876391917467117,-1.0,-1.0,1.0,1.0,-0.14433756,-0.14433756,-0.14433756
566,19.2441,0.2702295780181885,0.24990902841091156,-0.9063771963119507,0.034988634288311005,0.10622730106115341,-0.1501978188753128,0.03426826277729743,0.030525393763462017,1.4558198062109602,0.07412558048963547,-1.0,-1.0,1.0,1.0,-0.14433756,-0.14433756,-0.14433756
567,19.278,0.27031248807907104,0.25379478931427,-0.9110561609268188,0.023330261930823326,0.09869350492954254,-0.15066784620285034,0.03319443877507465,0.03359459121242667,1.4559214058065466,0.07811378687620163,-1.0,-1.0,0.9922804832458496,1.0,-0.14470896,-0.14470896,-0.14359188
568,19.3124,0.2698526978492737,0.2573434114456177,-0.9157174825668335,0.011631522327661514,0.09013999998569489,-0.15095749497413635,0.03212394372421447,0.035611253303132355,1.455995974317069,0.08177544921636581,-1.0,-1.0,0.6752619743347168,1.0,-0.15952462,-0.15952462,-0.10772091
569,19.3463,0.26740479469299316,0.2632367014884949,-0.9249259233474731,-0.010828772559762001,0.07022875547409058,-0.14990940690040588,0.03049902430748103,0.03747572405991842,1.456098506019037,0.08804664015769958,-1.0,-1.0,0.34784701466560364,1.0,-0.17166032,-0.17166032,-0.05971153
570,19.3801,0.265508234500885,0.2655358612537384,-0.929357647895813,-0.02136635035276413,0.059643037617206573,-0.1451977640390396,0.02914089329473008,0.03832303372786235,1.4561500381861299,0.09064191579818726,-1.0,-1.0,-0.3987654149532318,1.0,-0.1701423,-0.1701423,0.067846864
571,19.4153,0.26265227794647217,0.2677830755710602,-0.9345195293426514,-0.03359716385602951,0.0463358573615551,-0.12954655289649963,0.027584976797959515,0.0389042145403125,1.4562304656510503,0.09333895146846771,-1.0,-1.0,-0.3951132595539093,1.0,-0.17025666,-0.17025666,0.06727066
572,19.4494,0.2599717676639557,0.2690522372722626,-0.937971830368042,-0.042528245598077774,0.035926323384046555,-0.10304990410804749,0.026639802201738977,0.03911194942771709,1.4562905199336316,0.0948214903473854,-1.0,-1.0,-1.0,1.0,-0.14433756,-0.14433756,0.14433756
573,19.4831,0.257027268409729,0.2697826325893402,-0.940432071685791,-0.051067374646663666,0.02528379112482071,-0.07267435640096664,0.0254627432565728,0.0391207961159632,1.4563945163741991,0.09544074535369873,-1.0,-1.0,-1.0,1.0,-0.14433756,-0.14433756,0.14433756
574,19.5172,0.2538665235042572,0.27001240849494934,-0.9417442083358765,-0.05916948243975639,0.014699801802635193,-0.03745079040527344,0.024463697904927004,0.03874690078248368,1.4564487117023823,0.0951036661863327,-1.0,-1.0,-1.0,1.0,-0.14433756,-0.14433756,0.14433756
575,19.5512,0.250464528799057,0.26977455615997314,-0.9417994022369385,-0.06694763153791428,0.004289573058485985,-0.004473555833101273,0.02345991295877871,0.038044924808652424,1.4565126275685443,0.09372097253799438,-1.0,-1.0,-1.0,1.0,-0.14433756,-0.14433756,0.14433756
576,19.5852,0.24685098230838776,0.26907357573509216,-0.9406960010528564,-0.07440541684627533,-0.0061178505420684814,0.02395295724272728,0.02189327099683677,0.036557166510436466,1.4566030418875524,0.09134460240602493,-1.0,-1.0,-1.0,1.0,-0.14433756,-0.14433756,0.14433756
577,19.6195,0.2421312779188156,0.26761066913604736,-0.9379457235336304,-0.08324675261974335,-0.018979085609316826,0.05328155681490898,0.020590829179192898,0.035116300653351924,1.4566853335652359,0.0872066393494606,-0.7667184472084045,-1.0,-1.0,1.0,-0.11915322,-0.15540674,0.15540674
578,19.6539,0.23816336691379547,0.2660086154937744,-0.9347790479660034,-0.0897425040602684,-0.028888698667287827,0.07287751883268356,0.019479460847383806,0.033713155976394835,1.456759902075758,0.08307862281799316,-0.4240058362483978,-1.0,-1.0,1.0,-0.07179686,-0.16932987,0.16932987
579,19.688,0.2340441793203354,0.26397520303726196,-0.9309194087982178,-0.09588959068059921,-0.03863118588924408,0.09067002683877945,0.017867272589017706,0.031680504516175656,1.4568701569448874,0.07832495123147964,-0.06871210038661957,-1.0,-1.0,1.0,-0.012132386,-0.1765684,0.1765684
580,19.7223,0.22976502776145935,0.2615598142147064,-0.9264571666717529,-0.10154855251312256,-0.04790593683719635,0.10776390880346298,0.016260540689994364,0.03008315089731914,1.4569641665313673,0.07308340817689896,0.3114889860153198,-1.0,-1.0,1.0,0.053775057,-0.17263871,0.17263871
581,19.7559,0.22539494931697845,0.25881215929985046,-0.9214378595352173,-0.10656461864709854,-0.056717947125434875,0.12346315383911133,0.013299598658746838,0.02825141829658963,1.4570838756223663,0.06750497967004776,0.7088575959205627,-1.0,-1.0,1.0,0.1120247,-0.15803555,0.15803555
582,19.7903,0.2209492027759552,0.2558104991912842,-0.9159927368164062,-0.11077585816383362,-0.0652008205652237,0.13619183003902435,0.010312290292410225,0.026991039860006803,1.4571838773212988,0.06183001399040222,1.0,-1.0,-1.0,1.0,0.14433756,-0.14433756,0.14433756
583,19.8241,0.21531231701374054,0.2517397999763489,-0.9087344408035278,-0.1142958253622055,-0.07542587071657181,0.14658121764659882,0.004768991743775396,0.025081653226960866,1.4573035864122978,0.05493475869297981,1.0,-1.0,-1.0,1.0,0.14433756,-0.14433756,0.14433756
584,19.8585,0.21076969802379608,0.2482144981622696,-0.9026674032211304,-0.11545535176992416,-0.0833810567855835,0.1505265235900879,-0.0004954885004182199,0.02324742599330401,1.4573878754607987,0.04986025020480156,1.0,-1.0,-1.0,1.0,0.14433756,-0.14433756,0.14433756
585,19.8922,0.20621030032634735,0.24447357654571533,-0.8964871168136597,-0.11488299816846848,-0.09077752381563187,0.1530400663614273,-0.00542448983494962,0.021484186566859978,1.4574660392387926,0.04553641378879547,1.0,-1.0,-1.0,1.0,0.14433756,-0.14433756,0.14433756
586,19.9261,0.20173685252666473,0.24054746329784393,-0.8902604579925537,-0.11245869100093842,-0.09746675938367844,0.15497854351997375,-0.01219020689180929,0.0187837016902222,1.457582419378429,0.04230209067463875,1.0,-0.6759165525436401,-1.0,1.0,0.1594959,-0.10780592,0.1594959
587,19.9603,0.19744442403316498,0.2364203929901123,-0.8840353488922119,-0.1082649901509285,-0.10382415354251862,0.15662935376167297,-0.017007085080787025,0.016680200782331213,1.4576695047460746,0.040402207523584366,1.0,-0.054495930671691895,-1.0,1.0,0.17664559,-0.009626466,0.17664559
588,19.994,0.19337084889411926,0.23208007216453552,-0.8778455257415771,-0.1024157926440239,-0.10962710529565811,0.1591186225414276,-0.02066489210522692,0.014910128683215444,1.4577352848249996,0.039990704506635666,1.0,0.5460168719291687,-0.6717317700386047,1.0,0.18901692,0.103206426,0.12696867
589,20.0281,0.18860526382923126,0.22648175060749054,-0.8701342344284058,-0.09339254349470139,-0.11617916077375412,0.164155974984169,-0.025023130262006376,0.011857175476602979,1.4578275633567708,0.041673995554447174,1.0,1.0,-0.09071952104568481,1.0,0.17641409,0.17641409,0.016004203
590,20.0621,0.18514694273471832,0.2218562215566635,-0.8639853000640869,-0.08463069796562195,-0.12069922685623169,0.1624639332294464,-0.027779013050507007,0.0079287517541136,1.4579525987699502,0.0444982536137104,1.0,1.0,0.424536794424057,1.0,0.16931237,0.16931237,-0.071879335
591,20.096,0.1821279227733612,0.2171507626771927,-0.8582135438919067,-0.07451774924993515,-0.12402567267417908,0.14711587131023407,-0.030245254183920902,0.0008789516107197583,1.4581616569155214,0.048066116869449615,1.0,1.0,1.0,1.0,0.14433756,0.14433756,-0.14433756
592,20.1301,0.1795554906129837,0.21237437427043915,-0.8532708883285522,-0.06300485879182816,-0.12563444674015045,0.11690691113471985,-0.03119023736543809,-0.004992916257923873,1.4583206476325992,0.05175022408366203,1.0,1.0,1.0,1.0,0.14433756,0.14433756,-0.14433756
593,20.1638,0.177461177110672,0.20762020349502563,-0.8494694232940674,-0.05052674561738968,-0.12488090246915817,0.07653609663248062,-0.03148878188482517,-0.013387949027910217,1.4585390268419856,0.05503810942173004,1.0,1.0,1.0,1.0,0.14433756,0.14433756,-0.14433756
594,20.1977,0.17590419948101044,0.20297974348068237,-0.8471075296401978,-0.03757304698228836,-0.12165048718452454,0.03647054731845856,-0.030865949649045103,-0.019321027729659313,1.458636099063719,0.057468969374895096,1.0,1.0,1.0,1.0,0.14433756,0.14433756,-0.14433756
595,20.2312,0.17469967901706696,0.19751669466495514,-0.846103310585022,-0.021414799615740776,-0.11469171941280365,-0.006208885461091995,-0.02986325909565726,-0.02377163388377788,1.458684435437504,0.05915316194295883,1.0,1.0,1.0,1.0,0.14433756,0.14433756,-0.14433756
596,20.2651,0.1743016093969345,0.19352231919765472,-0.846670389175415,-0.008855954743921757,-0.1070319190621376,-0.03408469259738922,-0.027986317254829057,-0.028758769209601142,1.4586631301487833,0.059464361518621445,1.0,1.0,1.0,1.0,0.14433756,0.14433756,-0.14433756
597,20.2991,0.17437449097633362,0.18988478183746338,-0.8482203483581543,0.003152411198243499,-0.09806408733129501,-0.056819964200258255,-0.026284869407458666,-0.03167330773944864,1.4585962848054224,0.05899176001548767,1.0,1.0,1.0,1.0,0.14433756,0.14433756,-0.14433756
598,20.3344,0.17490369081497192,0.18669171631336212,-0.8506098985671997,0.014679444022476673,-0.0880105271935463,-0.07538249343633652,-0.024731172905128034,-0.03351524357610451,1.458489758361819,0.0578068271279335,1.0,1.0,1.0,1.0,0.14433756,0.14433756,-0.14433756
599,20.3682,0.1758456975221634,0.18402796983718872,-0.8536961078643799,0.02544628083705902,-0.07720378041267395,-0.09040964394807816,-0.022480747688551433,-0.03521290682189455,1.4583320992252864,0.055998362600803375,1.0,1.0,1.0,1.0,0.14433756,0.14433756,-0.14433756
600,20.4018,0.17724068462848663,0.1818857043981552,-0.8573187589645386,0.035693444311618805,-0.06583625823259354,-0.10261209309101105,-0.020736595636982703,-0.03583923653719995,1.4581659179732656,0.05362612381577492,1.0,1.0,1.0,1.0,0.14433756,0.14433756,-0.14433756
601,20.4369,0.17953118681907654,0.1800062656402588,-0.8625237941741943,0.04776971414685249,-0.05122210830450058,-0.11473464965820312,-0.01864877513030686,-0.03592401660602694,1.4579661808915094,0.04995971918106079,1.0,1.0,1.0,1.0,0.14433756,0.14433756,-0.14433756
602,20.4711,0.1817140281200409,0.1791103631258011,-0.8671548366546631,0.056684501469135284,-0.039330702275037766,-0.1223740428686142,-0.01727094608816503,-0.035592199217770674,1.4578194407154461,0.046610184013843536,1.0,1.0,1.0,1.0,0.14433756,0.14433756,-0.14433756
603,20.5051,0.1841779351234436,0.17875005304813385,-0.872107982635498,0.06500940769910812,-0.027445683255791664,-0.12851546704769135,-0.015396454147480238,-0.03467561407197106,1.4576335520713586,0.04301229491829872,1.0,1.0,1.0,1.0,0.14433756,0.14433756,-0.14433756
604,20.5392,0.18686872720718384,0.17893917858600616,-0.8772804737091064,0.07270830869674683,-0.015689736232161522,-0.13358096778392792,-0.014007633324058029,-0.03367540358734836,1.457490939794985,0.0393165685236454,1.0,1.0,1.0,1.0,0.14433756,0.14433756,-0.14433756
605,20.5742,0.1897621601819992,0.1796218752861023,-0.882533073425293,0.0799960121512413,-0.004261727910488844,-0.13762414455413818,-0.012866144224201223,-0.032633206703664874,1.4573825491386185,0.03571702167391777,1.0,1.0,1.0,1.0,0.14433756,0.14433756,-0.14433756
606,20.6081,0.19281107187271118,0.18080663681030273,-0.8879300355911255,0.08670155704021454,0.007046418730169535,-0.14058537781238556,-0.01131202744176106,-0.03093749505561116,1.4572231589473774,0.0324040949344635,1.0,1.0,1.0,1.0,0.14433756,0.14433756,-0.14433756
607,20.6422,0.19682635366916656,0.18297991156578064,-0.8948171138763428,0.0941743552684784,0.02057727798819542,-0.14358392357826233,-0.010186652547093835,-0.029482533170100612,1.457125021461208,0.029112117365002632,0.6207454800605774,1.0,1.0,1.0,0.10048004,0.16186996,-0.16186996
608,20.6761,0.2001538872718811,0.18518486618995667,-0.9003609418869019,0.09961766749620438,0.031033504754304886,-0.1453789919614792,-0.008885956348320727,-0.027583466286278734,1.457024886604221,0.027663052082061768,0.2542124092578888,1.0,1.0,1.0,0.044229936,0.1739881,-0.1739881
609,20.7102,0.20358505845069885,0.18785445392131805,-0.9059727191925049,0.1045365184545517,0.04105157032608986,-0.14798715710639954,-0.007879047909526744,-0.026248947941661622,1.4569713570663103,0.027623919770121574,-0.14139248430728912,1.0,1.0,1.0,-0.024870902,0.17589974,-0.17589974
610,20.7441,0.20712639391422272,0.19095520675182343,-0.9116909503936768,0.10895182937383652,0.05077638477087021,-0.1522197723388672,-0.005817088673600437,-0.024498229533530164,1.4569195585831083,0.029247095808386803,-0.5639118552207947,1.0,1.0,1.0,-0.09259656,0.16420396,-0.16420396
611,20.7781,0.21078024804592133,0.19444258511066437,-0.9175046682357788,0.11296798288822174,0.060141004621982574,-0.15757519006729126,-0.003278713845496875,-0.02318361415687219,1.4569013159296413,0.032497890293598175,-1.0,1.0,1.0,1.0,-0.14433756,0.14433756,-0.14433756
612,20.8122,0.21453604102134705,0.1982836127281189,-0.9235080480575562,0.11633611470460892,0.06920749694108963,-0.16254939138889313,-0.000161357279654561,-0.022034212555745405,1.4568945248688616,0.037233877927064896,-1.0,1.0,0.9571263790130615,1.0,-0.14639945,0.14639945,-0.14012279
613,20.8461,0.2193611115217209,0.203504279255867,-0.9312584400177002,0.11910445243120193,0.0799463540315628,-0.16556744277477264,0.005763461867892219,-0.020055465140465117,1.4569018485618594,0.04478335753083229,-1.0,0.7188869714736938,0.36092206835746765,1.0,-0.19479816,0.14003786,-0.07030696
614,20.8802,0.22725066542625427,0.21280905604362488,-0.9439787864685059,0.11831134557723999,0.09591110050678253,-0.1617739498615265,0.011375166205839254,-0.01807684672205013,1.4569238196408525,0.05930217355489731,-1.0,-0.500576376914978,-0.7134466171264648,1.0,-0.18846694,-0.09434209,0.13446109
615,20.9141,0.22725066542625427,0.21280905604362488,-0.9439787864685059,0.11831134557723999,0.09591110050678253,-0.1617739498615265,0.016391392405382427,-0.016185942010850423,1.4569628349508221,0.05930217355489731,-1.0,-0.6131958961486816,-0.7110918760299683,1.0,-0.18225075,-0.111755416,0.12959704
616,20.9479,0.23490120470523834,0.22298452258110046,-0.9553414583206177,0.11121662706136703,0.10908754914999008,-0.11268702894449234,0.023356087126968447,-0.012750133390106548,1.4570324766133278,0.07408689707517624,-1.0,-1.0,-1.0,1.0,-0.14433756,-0.14433756,0.14433756
617,20.9823,0.23847240209579468,0.2283981740474701,-0.9593217372894287,0.1052277535200119,0.11442632228136063,-0.07373534142971039,0.02822377551671245,-0.008025223724304418,1.4571710941480664,0.08030947297811508,-1.0,-1.0,-1.0,1.0,-0.14433756,-0.14433756,0.14433756
618,21.0161,0.24259498715400696,0.23544980585575104,-0.9624021053314209,0.09587741643190384,0.11892322450876236,-0.028307506814599037,0.03276065560658198,-7.011555043538269e-05,1.4574303528801855,0.08674338459968567,-1.0,-1.0,-1.0,1.0,-0.14433756,-0.14433756,0.14433756
619,21.0501,0.24557918310165405,0.24120211601257324,-0.9634180068969727,0.08697088062763214,0.12081822752952576,0.00276088691316545,0.0348283338769195,0.00596313237062091,1.4576454031382096,0.09088680148124695,-1.0,-1.0,-1.0,1.0,-0.14433756,-0.14433756,0.14433756
620,21.0839,0.24825352430343628,0.24692083895206451,-0.9633601903915405,0.07732105255126953,0.1204627975821495,0.029237907379865646,0.03645472635463089,0.014393926920768624,1.4579685777364906,0.09430941194295883,-1.0,-1.0,-1.0,1.0,-0.14433756,-0.14433756,0.14433756
621,21.1174,0.2505609393119812,0.2525629699230194,-0.9622811079025269,0.06688421964645386,0.1182718500494957,0.05172617733478546,0.03690475896696225,0.02046411888735937,1.458215452769541,0.0970568060874939,-1.0,-1.0,-1.0,1.0,-0.14433756,-0.14433756,0.14433756
622,21.151,0.2524517774581909,0.2580414414405823,-0.960329532623291,0.056021880358457565,0.11417839676141739,0.07085531204938889,0.03686439127050153,0.025123664593156868,1.4584091977388443,0.09922325611114502,-1.0,-1.0,-1.0,1.0,-0.14433756,-0.14433756,0.14433756
623,21.1854,0.2539116144180298,0.2632853388786316,-0.9577082395553589,0.04496348649263382,0.1085210070014,0.08707644045352936,0.03625271726356997,0.030595925920457085,1.4586131958783441,0.10094095021486282,-1.0,-1.0,-1.0,1.0,-0.14433756,-0.14433756,0.14433756
624,21.2197,0.2551080286502838,0.26947981119155884,-0.9536582231521606,0.030979327857494354,0.09989014267921448,0.10395591706037521,0.035445775292086756,0.034031690848714324,1.4587487507778294,0.1025698259472847,-1.0,-1.0,-1.0,1.0,-0.14433756,-0.14433756,0.14433756
625,21.2541,0.25557851791381836,0.27404651045799255,-0.9498028755187988,0.019777104258537292,0.09161939471960068,0.1151476800441742,0.03414149839000426,0.037137814690668604,1.458887634628677,0.10341570526361465,-1.0,-1.0,-1.0,1.0,-0.14433756,-0.14433756,0.14433756
626,21.2886,0.2556116282939911,0.27817821502685547,-0.9456008672714233,0.008712426759302616,0.08256366848945618,0.12449496239423752,0.03308961633845021,0.03869227685181263,1.458957143133128,0.10392124205827713,-1.0,-1.0,-1.0,1.0,-0.14433756,-0.14433756,0.14433756
627,21.3225,0.2551767826080322,0.28183677792549133,-0.9410712718963623,-0.0020685617346316576,0.0725783258676529,0.13233409821987152,0.03179701989446123,0.0398169256189639,1.4590278500600695,0.10405069589614868,-1.0,-1.0,-1.0,1.0,-0.14433756,-0.14433756,0.14433756
628,21.3559,0.25430941581726074,0.28501275181770325,-0.9362673759460449,-0.012598473578691483,0.06227870285511017,0.13886518776416779,0.030077011062649747,0.040519787926095445,1.4591190633274047,0.1038346067070961,-1.0,-1.0,-1.0,1.0,-0.14433756,-0.14433756,0.14433756
629,21.39,0.25296810269355774,0.2876695394515991,-0.931244969367981,-0.022849353030323982,0.051619190722703934,0.14403346180915833,0.028867632160941934,0.040542761851686586,1.4591827128774577,0.10325489938259125,-1.0,-1.0,-1.0,1.0,-0.14433756,-0.14433756,0.14433756
630,21.4245,0.25064510107040405,0.2902590334415436,-0.9247369766235352,-0.03534902259707451,0.037948496639728546,0.149624302983284,0.02711917327854784,0.040128307407043005,1.4592582134943615,0.10206067562103271,-1.0,-1.0,-1.0,1.0,-0.14433756,-0.14433756,0.14433756
631,21.4586,0.24830062687397003,0.2917221784591675,-0.919364333152771,-0.04478299617767334,0.02706274576485157,0.15308597683906555,0.025730971432019616,0.03942037261027269,1.4593255914699406,0.10073521733283997,-0.9793872833251953,-1.0,-1.0,1.0,-0.14233357,-0.1453292,0.1453292
632,21.4926,0.24554044008255005,0.2926082909107208,-0.9139329195022583,-0.05403226613998413,0.016172531992197037,0.15589308738708496,0.024509654078487684,0.038618469838914614,1.4593853794364127,0.09909489750862122,-0.7193734645843506,-1.0,-1.0,1.0,-0.11334695,-0.15756342,0.15756342
633,21.5285,0.24237799644470215,0.2929079830646515,-0.9084542989730835,-0.0629335343837738,0.005301331635564566,0.15827785432338715,0.02281617906963072,0.03720514273197717,1.4594839163967457,0.09715044498443604,-0.4379899799823761,-1.0,-1.0,1.0,-0.07396057,-0.16886361,0.16886361
634,21.5621,0.2388749122619629,0.2926107347011566,-0.9029121398925781,-0.0713682770729065,-0.005408891476690769,0.1610340029001236,0.02138218541651534,0.03590838717937954,1.4595603491200309,0.0949268564581871,-0.13090816140174866,-1.0,-1.0,1.0,-0.023043001,-0.17602417,0.17602417
635,21.5963,0.2351081222295761,0.2917068302631378,-0.897239089012146,-0.07933330535888672,-0.015956014394760132,0.16523326933383942,0.019174424872839654,0.03431324107139534,1.4596884471684637,0.09245706349611282,0.20106710493564606,-1.0,-1.0,1.0,0.035190094,-0.17501666,0.17501666
636,21.6303,0.23008222877979279,0.2898629307746887,-0.8899191617965698,-0.08825790882110596,-0.028697313740849495,0.1716107726097107,0.016999189224273858,0.033235131044293216,1.4597795272777445,0.08925424516201019,0.655847430229187,-1.0,-1.0,1.0,0.10517864,-0.16037059,0.16037059
637,21.6642,0.22584599256515503,0.28782159090042114,-0.8838897943496704,-0.09437551349401474,-0.038578882813453674,0.17639753222465515,0.012797343121914707,0.0316536627652201,1.4599218732380093,0.08670900017023087,1.0,-1.0,-0.992896556854248,1.0,0.14467932,-0.14467932,0.1436516
638,21.6981,0.22146913409233093,0.28530237078666687,-0.8776884078979492,-0.09938997030258179,-0.04835256561636925,0.17866860330104828,0.008421262305980372,0.030246067696410136,1.460019344933906,0.08431584388017654,1.0,-1.0,-0.6857295036315918,1.0,0.15906395,-0.15906395,0.109074846
639,21.7322,0.21699638664722443,0.28233176469802856,-0.8714281320571899,-0.1029769703745842,-0.058070987462997437,0.17818531394004822,0.0038849920904034463,0.02876910352298741,1.4601101587270777,0.08219823986291885,1.0,-1.0,-0.330117791891098,1.0,0.17214881,-0.17214881,0.05682938
640,21.7664,0.21243001520633698,0.2789151072502136,-0.8652679920196533,-0.10503727197647095,-0.06758081167936325,0.17210254073143005,-0.003337200139971513,0.026297550631555568,1.4602450478362903,0.08042049407958984,1.0,-1.0,0.09283193945884705,1.0,0.17639706,-0.17639706,-0.01637528
641,21.8003,0.20781674981117249,0.27508026361465454,-0.8593592643737793,-0.10504014045000076,-0.07682013511657715,0.16061317920684814,-0.009183380467514839,0.024283023230911145,1.4603481121704764,0.07902412861585617,1.0,-1.0,0.5755054950714111,1.0,0.16373806,-0.16373806,-0.09423216
642,21.8351,0.20205025374889374,0.26974719762802124,-0.8527389764785767,-0.10235204547643661,-0.08815084397792816,0.13400153815746307,-0.016100645954562228,0.02193198045939999,1.4604639596778948,0.07771530002355576,1.0,-1.0,1.0,1.0,0.14433756,-0.14433756,-0.14433756
643,21.869,0.1975618451833725,0.2650431990623474,-0.8485242128372192,-0.09771855920553207,-0.09704475104808807,0.10096494853496552,-0.02038748226580314,0.020400956196443255,1.4605687550667894,0.07670259475708008,1.0,-1.0,1.0,1.0,0.14433756,-0.14433756,-0.14433756
644,21.9034,0.19328776001930237,0.2600533366203308,-0.8455402851104736,-0.09132601320743561,-0.10557586699724197,0.06374960392713547,-0.02525796281350252,0.018181664997485365,1.460688330999734,0.07550152391195297,1.0,-1.0,1.0,1.0,0.14433756,-0.14433756,-0.14433756
645,21.9372,0.1893337219953537,0.25476977229118347,-0.8439050912857056,-0.08339334279298782,-0.1136418804526329,0.026526212692260742,-0.027986985125696178,0.016282642846447423,1.4607795442670692,0.07386042922735214,1.0,-1.0,1.0,1.0,0.14433756,-0.14433756,-0.14433756
646,21.9711,0.18580210208892822,0.24922440946102142,-0.8435659408569336,-0.07424106448888779,-0.12086203694343567,-0.006165206898003817,-0.029597269640001794,0.014603896366775357,1.4608491859295747,0.07167603075504303,1.0,-0.614199161529541,1.0,1.0,0.16214496,-0.099589296,-0.16214496
647,22.0053,0.18273796141147614,0.24344363808631897,-0.8443349599838257,-0.0642087385058403,-0.12756092846393585,-0.03341011330485344,-0.030932052220133312,0.012251378453691649,1.4609254854948055,0.0689837709069252,1.0,0.1699410080909729,1.0,1.0,0.17551403,0.02982703,-0.17551403
648,22.039,0.1795780509710312,0.23592938482761383,-0.8466498851776123,-0.05107623711228371,-0.13486140966415405,-0.061505429446697235,-0.03133565012214562,0.010443214828609342,1.461006445591944,0.06500894576311111,1.0,1.0,1.0,1.0,0.14433756,0.14433756,-0.14433756
649,22.0742,0.17758038640022278,0.22971469163894653,-0.8494940996170044,-0.040434032678604126,-0.14012987911701202,-0.0822502002120018,-0.03136759765225356,0.00726533231914234,1.4610688967195062,0.06143829971551895,1.0,1.0,1.0,1.0,0.14433756,0.14433756,-0.14433756
650,22.1081,0.1760762333869934,0.2233916074037552,-0.8530725240707397,-0.029612964019179344,-0.14444619417190552,-0.09997119754552841,-0.031036281687296288,0.0036380601010758814,1.4611294836343056,0.05769593268632889,1.0,1.0,1.0,1.0,0.14433756,0.14433756,-0.14433756
651,22.1423,0.17506952583789825,0.21701624989509583,-0.8571984767913818,-0.018636612221598625,-0.14747361838817596,-0.1124211847782135,-0.030045433878380892,-0.0021203632168770165,1.4612055168834275,0.054003480821847916,1.0,1.0,1.0,1.0,0.14433756,0.14433756,-0.14433756
652,22.176,0.17454306781291962,0.21068276464939117,-0.8617748022079468,-0.007904522120952606,-0.14871558547019958,-0.12152637541294098,-0.028107645048428182,-0.010329754803496259,1.4613305522966067,0.05057549476623535,1.0,1.0,1.0,1.0,0.14433756,0.14433756,-0.14433756
653,22.2101,0.1745237559080124,0.2044796198606491,-0.8666276931762695,0.002640525111928582,-0.14774449169635773,-0.1286476105451584,-0.026529786600988883,-0.01590697380607002,1.4613577165397253,0.047620147466659546,1.0,1.0,1.0,1.0,0.14433756,0.14433756,-0.14433756
654,22.244,0.17516547441482544,0.19703412055969238,-0.8729355335235596,0.015477392822504044,-0.14313802123069763,-0.1352737694978714,-0.02415024800581388,-0.0228819903574747,1.4613871444697708,0.04486439749598503,1.0,1.0,1.0,1.0,0.14433756,0.14433756,-0.14433756
655,22.2783,0.17615973949432373,0.1914147585630417,-0.8780447244644165,0.025364568457007408,-0.1371585875749588,-0.1391192525625229,-0.022263787444683245,-0.0274946623474922,1.4613318838771516,0.04357137903571129,1.0,1.0,1.0,1.0,0.14433756,0.14433756,-0.14433756
656,22.3123,0.17756903171539307,0.18615105748176575,-0.8832337856292725,0.034912995994091034,-0.12958399951457977,-0.14232049882411957,-0.02065427066978563,-0.030730750531236948,1.4612547853635938,0.043085768818855286,1.0,1.0,1.0,1.0,0.14433756,0.14433756,-0.14433756
657,22.3461,0.17936544120311737,0.18133488297462463,-0.888468861579895,0.04390007257461548,-0.12054102122783661,-0.14466267824172974,-0.01846467163638752,-0.034216628661068914,1.4611128388774925,0.043354570865631104,1.0,1.0,1.0,1.0,0.14433756,0.14433756,-0.14433756
658,22.38,0.1840653121471405,0.17344209551811218,-0.8988735675811768,0.060684241354465485,-0.0991833359003067,-0.14758604764938354,-0.01679771484602556,-0.03610568996545158,1.4609983229506192,0.04550845921039581,1.0,1.0,1.0,1.0,0.14433756,0.14433756,-0.14433756
659,22.4142,0.1840653121471405,0.17344209551811218,-0.8988735675811768,0.060684241354465485,-0.0991833359003067,-0.14758604764938354,-0.015431825296005154,-0.037154201453751,1.4608836738656914,0.04550845921039581,1.0,1.0,1.0,1.0,0.14433756,0.14433756,-0.14433756
660,22.4481,0.1908458173274994,0.16738469898700714,-0.9102952480316162,0.07752835005521774,-0.07192598283290863,-0.1488940417766571,-0.013625386483847594,-0.037895583889337024,1.4607547768689315,0.0494999885559082,1.0,1.0,0.6223335266113281,1.0,0.161803,0.161803,-0.10069544
661,22.482,0.1943577080965042,0.16572898626327515,-0.9153060913085938,0.08431284874677658,-0.05943968519568443,-0.14836490154266357,-0.012274929744284737,-0.03791365593404673,1.4606463862125652,0.05150776356458664,0.983012318611145,1.0,0.3409019410610199,1.0,0.17029567,0.17323859,-0.05905737
662,22.516,0.1981784850358963,0.16467268764972687,-0.9202202558517456,0.09072235971689224,-0.04692868888378143,-0.14258413016796112,-0.010794961192257266,-0.0374637897692835,1.4605381287142536,0.05360037833452225,0.6414007544517517,1.0,0.014486759901046753,1.0,0.13496244,0.21041827,-0.0030482789
663,22.5505,0.20224405825138092,0.16421234607696533,-0.9249120950698853,0.09662120789289474,-0.03457429260015488,-0.13120344281196594,-0.009986462936012038,-0.036989410038923934,1.460468220735639,0.055705562233924866,0.28295034170150757,1.0,-0.35814568400382996,1.0,0.06435134,0.22742979,0.081453
664,22.584,0.20646890997886658,0.16430826485157013,-0.9291270971298218,0.10227973014116287,-0.0225815512239933,-0.11369852721691132,-0.008994545701471408,-0.03636761185866087,1.4603580990245641,0.057659078389406204,-0.09205029904842377,1.0,-0.7628605365753174,1.0,-0.018247694,0.19823612,0.1512265
665,22.618,0.21189096570014954,0.16517527401447296,-0.9333200454711914,0.10853875428438187,-0.008053051307797432,-0.0794803723692894,-0.007847238738959808,-0.03611426617639948,1.460314955814905,0.059525247663259506,-0.5671876668930054,1.0,-1.0,1.0,-0.09306011,0.16407289,0.16407289
666,22.652,0.21625852584838867,0.16643881797790527,-0.9354817867279053,0.11292791366577148,0.003312378190457821,-0.044606778770685196,-0.006126469969970084,-0.03598777434699912,1.4602936505261843,0.06023603305220604,-0.9494523406028748,1.0,-1.0,1.0,-0.13934934,0.14676812,0.14676812
667,22.6862,0.22059902548789978,0.16808852553367615,-0.9363641738891602,0.11654502898454666,0.01458444632589817,-0.008997948840260506,-0.0020186744157969488,-0.035318151619223116,1.4602533036356695,0.060074582695961,-1.0,1.0,-1.0,1.0,-0.14433756,0.14433756,0.14433756
668,22.7204,0.22490423917770386,0.17016950249671936,-0.9360857009887695,0.11881592124700546,0.026146840304136276,0.020323989912867546,0.0027567009823277187,-0.03389877206258955,1.460231998346949,0.05907707288861275,-1.0,1.0,-1.0,1.0,-0.14433756,0.14433756,0.14433756
669,22.7541,0.22913601994514465,0.1726348102092743,-0.9348262548446655,0.11935389786958694,0.03745826333761215,0.04432794824242592,0.007608049942516514,-0.032095751667362456,1.460221745176752,0.05742298439145088,-1.0,1.0,-1.0,1.0,-0.14433756,0.14433756,0.14433756
670,22.788,0.23320017755031586,0.17547352612018585,-0.9327468872070312,0.11805184185504913,0.04836002364754677,0.0644083023071289,0.014863250806246245,-0.02892467790372927,1.4602619589092123,0.05526821315288544,-1.0,1.0,-1.0,1.0,-0.14433756,0.14433756,0.14433756
671,22.8224,0.23796766996383667,0.1795094907283783,-0.9291588068008423,0.11367136240005493,0.061208147555589676,0.08513372391462326,0.021566043400271687,-0.025492410454997363,1.4603300026750639,0.05208234488964081,-1.0,1.0,-1.0,1.0,-0.14433756,0.14433756,0.14433756
672,22.8563,0.24144263565540314,0.18315860629081726,-0.9254951477050781,0.10813583433628082,0.0709090381860733,0.09879110753536224,0.026191660849900496,-0.022777253225228927,1.4604098975077662,0.04918760806322098,-1.0,1.0,-1.0,1.0,-0.14433756,0.14433756,0.14433756
673,22.8902,0.24455617368221283,0.18712325394153595,-0.9212895631790161,0.10104372352361679,0.07995014637708664,0.11039745062589645,0.02961134486248178,-0.020492250606967934,1.4604778081155632,0.046229805797338486,-1.0,1.0,-1.0,1.0,-0.14433756,0.14433756,0.14433756
674,22.9238,0.24725161492824554,0.1913529485464096,-0.9166550636291504,0.09252358973026276,0.08823417127132416,0.12006433308124542,0.03341444500943962,-0.017428383641372648,1.4606052403737235,0.04341408982872963,-1.0,0.7235145568847656,-1.0,1.0,-0.15737678,0.11386439,0.15737678
675,22.9574,0.24956437945365906,0.19578085839748383,-0.9117224216461182,0.0829453095793724,0.09587965905666351,0.12825679779052734,0.03561911378953729,-0.015194636471122671,1.4607003152246394,0.04103250801563263,-1.0,0.15438029170036316,-1.0,1.0,-0.17573273,0.027129669,0.17573273
676,22.9918,0.2514273524284363,0.20037466287612915,-0.9064764976501465,0.07258304208517075,0.10282452404499054,0.1361859291791916,0.03698275629738794,-0.013337766126416337,1.460804045349098,0.03921175375580788,-1.0,-0.4314894378185272,-1.0,1.0,-0.16908175,-0.07295699,0.16908175
677,23.0262,0.2531207203865051,0.20637057721614838,-0.8995156288146973,0.0588320828974247,0.11066912114620209,0.14732763171195984,0.03824809903269025,-0.010334701417161621,1.4609553128990145,0.03804945945739746,-1.0,-1.0,-0.8630938529968262,1.0,-0.1508948,-0.1508948,0.13023637
678,23.06,0.25394773483276367,0.21133987605571747,-0.8936429023742676,0.04726523905992508,0.11614824831485748,0.15490972995758057,0.03876295048924061,-0.0067171871877767814,1.4611622405157136,0.038235876709222794,-1.0,-1.0,-0.5082722902297974,1.0,-0.1663586,-0.1663586,0.08455547
679,23.0941,0.25433865189552307,0.21640098094940186,-0.8876080513000488,0.0351652130484581,0.12037035822868347,0.1568475216627121,0.038573553962654744,-0.0003362949903854123,1.4615005951322082,0.03957424685359001,-1.0,-1.0,-0.09721159934997559,1.0,-0.17636052,-0.17636052,0.017144289
680,23.1283,0.2543177008628845,0.2214716225862503,-0.8816559314727783,0.022694671526551247,0.12285737693309784,0.15070748329162598,0.037863788242635,0.005133509317236739,1.4617948744326619,0.04199815168976784,-1.0,-1.0,0.37835463881492615,1.0,-0.17077076,-0.17077076,-0.06461191
681,23.1637,0.25397980213165283,0.2264922857284546,-0.8760765790939331,0.010069439187645912,0.12324169278144836,0.1348377764225006,0.03645124343926777,0.013425835615308496,1.4621844949001406,0.04528013616800308,-1.0,-1.0,0.8664406538009644,1.0,-0.15073596,-0.15073596,-0.13060376
682,23.1975,0.25329333543777466,0.23144589364528656,-0.8712363243103027,-0.002806552220135927,0.12108255922794342,0.10767930746078491,0.03509147083737614,0.019836320272265222,1.4624918236899356,0.04896414652466774,-1.0,-1.0,1.0,1.0,-0.14433756,-0.14433756,-0.14433756
683,23.2319,0.2519296407699585,0.23734524846076965,-0.86672043800354,-0.018809247761964798,0.11501298099756241,0.06465226411819458,0.03373961697853829,0.024804384867969993,1.462722320282282,0.05337199196219444,-1.0,-1.0,1.0,1.0,-0.14433756,-0.14433756,-0.14433756
684,23.2661,0.25044745206832886,0.24174489080905914,-0.86456298828125,-0.03138865903019905,0.10776153206825256,0.028557995334267616,0.03143498603080557,0.030463057068602747,1.4630171322149539,0.056337080895900726,-1.0,-1.0,1.0,1.0,-0.14433756,-0.14433756,-0.14433756
685,23.3002,0.24859994649887085,0.2457401603460312,-0.8636257648468018,-0.04315318539738655,0.0989217534661293,-0.003856868948787451,0.02932490732308155,0.03373994779307995,1.463186509260283,0.05861320719122887,-1.0,-1.0,1.0,1.0,-0.14433756,-0.14433756,-0.14433756
686,23.3341,0.24637223780155182,0.24930599331855774,-0.863798975944519,-0.05421983078122139,0.08894761651754379,-0.03128638118505478,0.02738990232870581,0.035774109764979904,1.4633186020503508,0.060189053416252136,-1.0,-1.0,1.0,1.0,-0.14433756,-0.14433756,-0.14433756
687,23.3683,0.24373377859592438,0.25235235691070557,-0.8649365901947021,-0.06449373066425323,0.07815130054950714,-0.054084695875644684,0.024653493905676387,0.03757848462729265,1.4634305879741887,0.06105814874172211,-0.8004105687141418,-1.0,1.0,1.0,-0.123139344,-0.15384524,-0.15384524
688,23.4023,0.24077840149402618,0.2549302875995636,-0.866944432258606,-0.07393702119588852,0.06707970052957535,-0.07256950438022614,0.02207423071231305,0.03834835040297492,1.4635231328220688,0.06138958781957626,-0.4997903108596802,-1.0,1.0,1.0,-0.08330227,-0.16667444,-0.16667444
689,23.436,0.23663917183876038,0.25742217898368835,-0.8704885244369507,-0.08458983153104782,0.052711211144924164,-0.0919402539730072,0.02007406773679824,0.03837025074175161,1.4636078213447334,0.06115926802158356,-0.0927656888961792,-1.0,1.0,1.0,-0.016363645,-0.1763976,-0.1763976
690,23.4703,0.2330443114042282,0.2588779926300049,-0.873948335647583,-0.0923754870891571,0.040992654860019684,-0.10574791580438614,0.01820483033777985,0.03817172040486461,1.4636861182807817,0.06068526580929756,0.25866302847862244,-1.0,1.0,1.0,0.04497943,-0.173892,-0.173892
691,23.5041,0.22924499213695526,0.2597755491733551,-0.8779650926589966,-0.0993746817111969,0.029340548440814018,-0.11913102120161057,0.014903381314922377,0.03758654901196855,1.4637705404873371,0.05999161675572395,0.6367009878158569,-1.0,1.0,1.0,0.10263204,-0.16119348,-0.16119348
692,23.5383,0.22525621950626373,0.2601682245731354,-0.8825509548187256,-0.10532402247190475,0.017746485769748688,-0.13140031695365906,0.01130409933603157,0.03688859690809683,1.4638528321650206,0.059251971542835236,1.0,-1.0,1.0,1.0,0.14433756,-0.14433756,-0.14433756
693,23.5722,0.22118452191352844,0.2600433826446533,-0.8876452445983887,-0.11010164767503738,0.0062818764708936214,-0.14127591252326965,0.007293978985914806,0.036036081592459634,1.4639187454020002,0.058619387447834015,1.0,-1.0,1.0,1.0,0.14433756,-0.14433756,-0.14433756
694,23.6061,0.2170773446559906,0.2593672573566437,-0.893097996711731,-0.11339118331670761,-0.005073857959359884,-0.14760971069335938,0.00035589409400484226,0.03427385333499199,1.4639978412863754,0.05820056051015854,1.0,-1.0,1.0,1.0,0.14433756,-0.14433756,-0.14433756
695,23.6403,0.21205537021160126,0.2578231990337372,-0.9002352952957153,-0.11482106894254684,-0.018992992118000984,-0.1513533890247345,-0.005709609317669724,0.03235320236277286,1.4640602924139379,0.05819585546851158,1.0,-1.0,0.9635956287384033,1.0,0.14608856,-0.14608856,-0.14077029
696,23.6741,0.2082207351922989,0.25609874725341797,-0.9061115980148315,-0.11355235427618027,-0.029577041044831276,-0.15290801227092743,-0.010852508358343595,0.03047937725265789,1.4641222109092822,0.05872644484043121,1.0,-1.0,0.602973461151123,1.0,0.16261296,-0.16261296,-0.098051295
697,23.7078,0.20466522872447968,0.2540043592453003,-0.9120657444000244,-0.11008555442094803,-0.03960629552602768,-0.15356162190437317,-0.01743696713440165,0.027688030729172572,1.4642259410337408,0.05977392569184303,1.0,-1.0,0.20986351370811462,1.0,0.17486185,-0.17486185,-0.03669712
698,23.7422,0.20139390230178833,0.25157660245895386,-0.9180136919021606,-0.10475198924541473,-0.04906467720866203,-0.1515718549489975,-0.02188361911847983,0.02552160951963656,1.464305036918116,0.06130914390087128,1.0,-1.0,-0.23790676891803741,1.0,0.1743272,-0.1743272,0.04147362
699,23.7761,0.19849543273448944,0.2487901896238327,-0.9238330125808716,-0.09806212037801743,-0.057861000299453735,-0.14280033111572266,-0.026537131099932616,0.023228026529238464,1.4643945191307428,0.06317099928855896,1.0,-1.0,-0.776148796081543,1.0,0.15497169,-0.15497169,0.12028109
700,23.8103,0.19599516689777374,0.2456684559583664,-0.9291354417800903,-0.09009075164794922,-0.0658988282084465,-0.12654468417167664,-0.02925020149331562,0.021919332524816714,1.4644493802491985,0.06504593044519424,1.0,-1.0,-1.0,1.0,0.14433756,-0.14433756,0.14433756
701,23.844,0.19350038468837738,0.24133676290512085,-0.9346064329147339,-0.0788639560341835,-0.07512349635362625,-0.09284473955631256,-0.03222762599499722,0.020292132776399893,1.4645142282217418,0.06691586971282959,1.0,-0.2749091386795044,-1.0,1.0,0.17352849,-0.047704566,0.17352849
702,23.878,0.1920001357793808,0.23757436871528625,-0.9377378225326538,-0.0691864863038063,-0.08184783905744553,-0.05771252512931824,-0.03367506445042829,0.018966429911109865,1.4645427240454056,0.06766080856323242,1.0,0.2979777753353119,-1.0,1.0,0.17297867,0.0515438,0.17297867
703,23.9123,0.19097357988357544,0.2335377037525177,-0.9395034313201904,-0.058836858719587326,-0.08842241019010544,-0.02172355353832245,-0.03430094683789434,0.017549952783945562,1.4645690893401975,0.0673869401216507,1.0,0.8474152088165283,-1.0,1.0,0.15163739,0.12849982,0.15163739
704,23.9462,0.19042131304740906,0.22480711340904236,-0.9388695955276489,-0.03682420030236244,-0.10009340941905975,0.04257563129067421,-0.034538430066912956,0.014069033751346566,1.4646216867717265,0.06341581791639328,1.0,1.0,-1.0,1.0,0.14433756,0.14433756,0.14433756
705,23.98,0.19086001813411713,0.2202119380235672,-0.9368836879730225,-0.02539718896150589,-0.1046757698059082,0.06468891352415085,-0.03409388190195148,0.00954086303047944,1.4646981194950117,0.06001051142811775,1.0,1.0,-1.0,1.0,0.14433756,0.14433756,0.14433756
706,24.0143,0.19086001813411713,0.2202119380235672,-0.9368836879730225,-0.02539718896150589,-0.1046757698059082,0.06468891352415085,-0.033182217362384706,0.004521511777844628,1.4647939932942546,0.06001051142811775,1.0,1.0,-1.0,1.0,0.14433756,0.14433756,0.14433756
707,24.048,0.1934054046869278,0.2094365358352661,-0.9297925233840942,0.0007500778301618993,-0.10906802117824554,0.09963197261095047,-0.0312240657530659,-0.0033546394238480035,1.4649022507925664,0.05021313950419426,1.0,1.0,-1.0,1.0,0.14433756,0.14433756,0.14433756
708,24.082,0.19515371322631836,0.20458801090717316,-0.9257757663726807,0.011785704642534256,-0.10786433517932892,0.11129750311374664,-0.029306040491234017,-0.009515634780637444,1.464940733470318,0.04533457010984421,1.0,1.0,-1.0,1.0,0.14433756,0.14433756,0.14433756
709,24.116,0.19728825986385345,0.19983945786952972,-0.9213985204696655,0.022542787715792656,-0.10475702583789825,0.12092244625091553,-0.026698884846641305,-0.016460758389103283,1.4649409997864271,0.04041017219424248,1.0,1.0,-1.0,1.0,0.14433756,0.14433756,0.14433756
710,24.15,0.1997450888156891,0.1952732801437378,-0.9168074131011963,0.03270140290260315,-0.09985136240720749,0.12894755601882935,-0.024840200223442355,-0.020613532627485824,1.4649137023852536,0.035725388675928116,1.0,1.0,-1.0,1.0,0.14433756,0.14433756,0.14433756
711,24.184,0.20246897637844086,0.19092071056365967,-0.9120057821273804,0.04236883670091629,-0.09365522861480713,0.13556377589702606,-0.022245174445377113,-0.025451843021454888,1.4647801448565863,0.03149627149105072,0.9748901724815369,1.0,-1.0,1.0,0.14189087,0.14554548,0.14554548
712,24.2183,0.20621126890182495,0.18584926426410675,-0.9057831764221191,0.05389254912734032,-0.08420039713382721,0.14231666922569275,-0.020239412589789334,-0.02838943870067759,1.4646443236409923,0.02734118513762951,0.6667855381965637,1.0,-1.0,1.0,0.10661591,0.15989536,0.15989536
713,24.252,0.20942968130111694,0.18218526244163513,-0.9007132053375244,0.06232801079750061,-0.07555808871984482,0.14703021943569183,-0.018563866064614565,-0.030375189397386947,1.4644975834649288,0.02536105550825596,0.40928688645362854,1.0,-1.0,1.0,0.069500305,0.16980828,0.16980828
714,24.286,0.21283645927906036,0.17892250418663025,-0.8956023454666138,0.07017316669225693,-0.066261887550354,0.15257775783538818,-0.016160057333411613,-0.03236111902523204,1.4642855958421586,0.02483726665377617,0.13047747313976288,1.0,-1.0,1.0,0.022967832,0.17602909,0.17602909
715,24.32,0.2164217084646225,0.17607489228248596,-0.8904076814651489,0.0773129090666771,-0.056452102959156036,0.15887385606765747,-0.013905310721847442,-0.03339961661171384,1.4640793340157319,0.025785522535443306,-0.1545424908399582,1.0,-1.0,1.0,-0.027157836,0.17573054,0.17573054
716,24.3543,0.22013874351978302,0.17367862164974213,-0.8851134777069092,0.08371536433696747,-0.04616403579711914,0.16523340344429016,-0.011521984404200183,-0.033981816915518784,1.4639271343594338,0.0280061773955822,-0.45106959342956543,1.0,-0.6470292806625366,1.0,-0.08854078,0.19629072,0.12700585
717,24.3881,0.22394387423992157,0.17174653708934784,-0.8796489238739014,0.08924268931150436,-0.03542002663016319,0.17027874290943146,-0.007163980834462061,-0.03436295063761735,1.4637240683263153,0.031217262148857117,-0.7767899632453918,1.0,-0.23481538891792297,1.0,-0.15079276,0.19412296,0.04558306
718,24.4221,0.22883450984954834,0.17000596225261688,-0.8727524280548096,0.09452749788761139,-0.021347526460886,0.16618946194648743,-0.0027796754280675056,-0.034286168374439006,1.4635898450073754,0.03618330508470535,-1.0,1.0,0.41132304072380066,1.0,-0.16974287,0.16974287,-0.06981915
719,24.4561,0.23282472789287567,0.16917604207992554,-0.8675349950790405,0.0971437320113182,-0.009539857506752014,0.14974547922611237,0.0038141642289006234,-0.0338842328675134,1.4634482979954375,0.040477488189935684,-1.0,1.0,1.0,1.0,-0.14433756,0.14433756,-0.14433756
720,24.4903,0.2368207722902298,0.16887284815311432,-0.8631836175918579,0.09787358343601227,0.003097424516454339,0.11663316935300827,0.00897853760660651,-0.03324500346567793,1.4633644084211002,0.04449266567826271,-1.0,1.0,1.0,1.0,-0.14433756,0.14433756,-0.14433756
721,24.524,0.24071632325649261,0.16906560957431793,-0.8601529598236084,0.09640126675367355,0.015905316919088364,0.074068583548069,0.01629766161857925,-0.03157035783796566,1.4632775893695635,0.04777225852012634,-1.0,1.0,1.0,1.0,-0.14433756,0.14433756,-0.14433756
722,24.5582,0.24444544315338135,0.16973967850208282,-0.8586184978485107,0.09270010888576508,0.028395039960741997,0.0340832881629467,0.02152412358023816,-0.029597723209624945,1.4632644067221676,0.050079673528671265,-1.0,1.0,1.0,1.0,-0.14433756,0.14433756,-0.14433756
723,24.592,0.2478899359703064,0.17091567814350128,-0.8584420680999756,0.08699952065944672,0.04044843465089798,-0.00033250529668293893,0.025369070726418464,-0.027611810226536665,1.4632580151355514,0.05138801410794258,-1.0,1.0,1.0,1.0,-0.14433756,0.14433756,-0.14433756
724,24.6262,0.25167953968048096,0.17308089137077332,-0.8598576784133911,0.07793678343296051,0.05418883264064789,-0.03519757091999054,0.02967953426995542,-0.024580238250347792,1.4633196673147868,0.051755040884017944,-1.0,1.0,1.0,1.0,-0.14433756,0.14433756,-0.14433756
725,24.66,0.25426390767097473,0.1753084808588028,-0.8619939088821411,0.06947233527898788,0.06424267590045929,-0.05753304436802864,0.03218544818123309,-0.022183455687114526,1.4634019589924703,0.051280733197927475,-1.0,1.0,1.0,1.0,-0.14433756,0.14433756,-0.14433756
726,24.6941,0.2564433217048645,0.1779189109802246,-0.864902138710022,0.06005014479160309,0.07350803166627884,-0.07567452639341354,0.03375642194113561,-0.02017620204519738,1.4634830522476632,0.05029352381825447,-1.0,1.0,1.0,1.0,-0.14433756,0.14433756,-0.14433756
727,24.7283,0.258244127035141,0.18084989488124847,-0.8683936595916748,0.05015338584780693,0.08186541497707367,-0.09041425585746765,0.03514185867743828,-0.017490520599150162,1.463614079773295,0.04902506619691849,-1.0,1.0,1.0,1.0,-0.14433756,0.14433756,-0.14433756
728,24.7624,0.259674072265625,0.1841113120317459,-0.8722867965698242,0.03983805701136589,0.08982405066490173,-0.10224439948797226,0.035651845703810046,-0.015547533403585292,1.463698635137905,0.04765491932630539,-1.0,1.0,1.0,1.0,-0.14433756,0.14433756,-0.14433756
729,24.7961,0.26070016622543335,0.18767797946929932,-0.876497745513916,0.029378868639469147,0.09704254567623138,-0.11174493283033371,0.03567323421631474,-0.013352527945114863,1.463845508472023,0.04630596190690994,-1.0,0.79573655128479,1.0,1.0,-0.154063,0.12259357,-0.154063
730,24.8302,0.26134490966796875,0.19255614280700684,-0.882072925567627,0.016244031488895416,0.10529743134975433,-0.12108001112937927,0.035334833826738944,-0.011958533723215713,1.463952034915626,0.044807299971580505,-1.0,0.29509326815605164,1.0,1.0,-0.17304955,0.051065758,-0.17304955
731,24.864,0.2613416612148285,0.19671635329723358,-0.8867336511611938,0.005768500734120607,0.11112068593502045,-0.1275869756937027,0.03454196707773572,-0.010115016634662605,1.4641392551402588,0.04393135756254196,-1.0,-0.14764419198036194,1.0,1.0,-0.17582113,-0.025958968,-0.17582113
732,24.898,0.260868102312088,0.20107969641685486,-0.8915897607803345,-0.004677961114794016,0.11656557768583298,-0.13564467430114746,0.03380470630005551,-0.008284690515883795,1.4642961153284644,0.04348733276128769,-1.0,-0.6352921724319458,1.0,1.0,-0.16125354,-0.102443114,-0.16125354
733,24.9321,0.2599685490131378,0.20560799539089203,-0.8967089653015137,-0.014919599518179893,0.12124232947826385,-0.14400522410869598,0.033095980877336575,-0.00606609839671205,1.4644801397597889,0.04368523135781288,-1.0,-1.0,1.0,1.0,-0.14433756,-0.14433756,-0.14433756
734,24.9663,0.25867390632629395,0.21026527881622314,-0.9021060466766357,-0.024980591610074043,0.12512673437595367,-0.15060748159885406,0.031895300941658156,-0.0014164591820358622,1.4647722885313705,0.044709544628858566,-1.0,-1.0,1.0,1.0,-0.14433756,-0.14433756,-0.14433756
735,25.0004,0.25699201226234436,0.21502183377742767,-0.9076647758483887,-0.034853216260671616,0.12779583036899567,-0.15445859730243683,0.030552647472148694,0.003747167262208041,1.4650525862361015,0.04661913961172104,-1.0,-1.0,1.0,1.0,-0.14433756,-0.14433756,-0.14433756
736,25.0357,0.25436827540397644,0.2210341840982437,-0.9147080183029175,-0.04666681960225105,0.1287657916545868,-0.15588301420211792,0.028310290801437196,0.011160867042466542,1.4654181050957147,0.05019195377826691,-1.0,-1.0,0.6868538856506348,1.0,-0.15901427,-0.15901427,-0.10921957
737,25.0702,0.25192323327064514,0.22579677402973175,-0.9203413724899292,-0.0555051751434803,0.12727980315685272,-0.15604214370250702,0.026546527065153553,0.016291283555827967,1.4656613848612934,0.053880803287029266,-1.0,-1.0,0.2772989571094513,1.0,-0.17347336,-0.17347336,-0.04810398
738,25.1039,0.24917447566986084,0.23040692508220673,-0.9259322881698608,-0.0639270693063736,0.12391593307256699,-0.15429387986660004,0.02400286076482941,0.022915824986886317,1.4659625883805814,0.058107197284698486,-1.0,-1.0,-0.15781886875629425,1.0,-0.17568614,-0.17568614,0.027726587
739,25.1382,0.24613849818706512,0.234767884016037,-0.9313144683837891,-0.07182005047798157,0.11869604140520096,-0.1468886435031891,0.022170187735339967,0.027604432438079304,1.4661656544137,0.06259472668170929,-1.0,-1.0,-0.649975061416626,1.0,-0.16062422,-0.16062422,0.10440174
740,25.1721,0.24285078048706055,0.2387748807668686,-0.9362143278121948,-0.07895676046609879,0.11216140538454056,-0.1319165676832199,0.020818464953962022,0.031226069365667262,1.466318120386107,0.06698354333639145,-1.0,-1.0,-1.0,1.0,-0.14433756,-0.14433756,0.14433756
741,25.2065,0.23932528495788574,0.2423616349697113,-0.940346360206604,-0.08544932305812836,0.10447182506322861,-0.10596062988042831,0.019213554615512402,0.03547611868375685,1.4665050742946306,0.07091682404279709,-0.6050935387611389,-1.0,-1.0,1.0,-0.09834278,-0.16252492,0.16252492
742,25.2408,0.23463326692581177,0.24618521332740784,-0.9439882040023804,-0.09305181354284286,0.09346554428339005,-0.06280297785997391,0.017987668276235304,0.03791648138151574,1.4666109349479612,0.07469905912876129,-0.08562983572483063,-1.0,-1.0,1.0,-0.015109687,-0.17645353,0.17645353
743,25.277,0.2306777536869049,0.24861766397953033,-0.9455302953720093,-0.0986190065741539,0.08359654992818832,-0.025881290435791016,0.016121440457308164,0.03978541293312769,1.4667269156134342,0.07657735049724579,0.3244036138057709,-1.0,-1.0,1.0,0.05589528,-0.17230165,0.17230165
744,25.3113,0.2265569269657135,0.25046634674072266,-0.9456722736358643,-0.10388969630002975,0.07287801057100296,0.009236045181751251,0.014139065525339944,0.040508923061085764,1.4668028157045014,0.07725393027067184,0.7429163455963135,-1.0,-1.0,1.0,0.1162642,-0.15649703,0.15649703
745,25.3453,0.22230316698551178,0.2518102526664734,-0.9445496797561646,-0.10877175629138947,0.061573587357997894,0.04054047539830208,0.009906969658067774,0.04089498987298478,1.4668952273943272,0.07689306885004044,1.0,-1.0,-1.0,1.0,0.14433756,-0.14433756,0.14433756
746,25.3793,0.21352291107177734,0.25281310081481934,-0.9390281438827515,-0.11549336463212967,0.03774905204772949,0.08540118485689163,0.0052512298799452985,0.04053520097090428,1.4669648690568327,0.07348612695932388,1.0,-1.0,-1.0,1.0,0.14433756,-0.14433756,0.14433756
747,25.4144,0.21352291107177734,0.25281310081481934,-0.9390281438827515,-0.11549336463212967,0.03774905204772949,0.08540118485689163,0.00044354187237868496,0.039712101101744855,1.467024390707196,0.07348612695932388,1.0,-1.0,-1.0,1.0,0.14433756,-0.14433756,0.14433756
748,25.448,0.20359770953655243,0.2515261471271515,-0.9295444488525391,-0.11602013558149338,0.009825393557548523,0.11369176208972931,-0.006952727661586128,0.03782205983730482,1.4671093455459696,0.06741968542337418,1.0,-1.0,-1.0,1.0,0.14433756,-0.14433756,0.14433756
749,25.4823,0.1993323564529419,0.2501836121082306,-0.9246598482131958,-0.11320587247610092,-0.0021199374459683895,0.123039111495018,-0.012633705396794247,0.03588953699228882,1.4671696661446598,0.06446029245853424,1.0,-1.0,-1.0,1.0,0.14433756,-0.14433756,0.14433756
750,25.5161,0.19518916308879852,0.2483729124069214,-0.9195095300674438,-0.1085900217294693,-0.013722899369895458,0.13075333833694458,-0.01893172975434397,0.033265626319369225,1.467257949934796,0.061525505036115646,1.0,-1.0,-1.0,1.0,0.14433756,-0.14433756,0.14433756
751,25.5501,0.19118192791938782,0.24609817564487457,-0.9142179489135742,-0.10246849060058594,-0.024945219978690147,0.13715067505836487,-0.02264959418225706,0.03135564463626723,1.4673262600167565,0.058761876076459885,1.0,-1.0,-1.0,1.0,0.14433756,-0.14433756,0.14433756
752,25.5839,0.18736550211906433,0.24340704083442688,-0.9088000059127808,-0.09483551979064941,-0.03561496362090111,0.14242680370807648,-0.026903317830413116,0.028656297844876538,1.4674209353935088,0.05627354234457016,1.0,-1.0,-1.0,1.0,0.14433756,-0.14433756,0.14433756
753,25.6182,0.18287424743175507,0.23939569294452667,-0.9018725156784058,-0.08425731211900711,-0.04836498945951462,0.14773333072662354,-0.029427166467156787,0.02656173829228603,1.4675001644359387,0.053656913340091705,1.0,-0.9340589046478271,-1.0,1.0,0.14750698,-0.1377802,0.14750698
754,25.6521,0.17959383130073547,0.2357356995344162,-0.89618980884552,-0.07493618130683899,-0.05801015347242355,0.15126954019069672,-0.031036997411839247,0.024817116026337332,1.4675635476698825,0.05208251625299454,1.0,-0.36395516991615295,-1.0,1.0,0.1711982,-0.06230847,0.1711982
755,25.6861,0.17667080461978912,0.23172424733638763,-0.8903429508209229,-0.06509007513523102,-0.06701253354549408,0.15469782054424286,-0.03252277706458905,0.022423959939494698,1.46763265670017,0.05105841904878616,1.0,0.22924982011318207,-1.0,1.0,0.17449884,0.04000383,0.17449884
756,25.7203,0.17415565252304077,0.22735728323459625,-0.884353756904602,-0.054818153381347656,-0.07549111545085907,0.15994125604629517,-0.03313572439541681,0.02038160666664815,1.4676651472654691,0.05065008997917175,1.0,0.8124362230300903,-0.6350011825561523,1.0,0.17404479,0.14140029,0.11051865
757,25.7542,0.172124445438385,0.2226249724626541,-0.8782132863998413,-0.04430060088634491,-0.08342833071947098,0.16498547792434692,-0.03341562470657874,0.017957071052023817,1.467713217323145,0.05088290572166443,1.0,1.0,-0.20782211422920227,1.0,0.17489831,0.17489831,0.03634774
758,25.7882,0.17062397301197052,0.21759921312332153,-0.8720473051071167,-0.03312187269330025,-0.09057092666625977,0.16075032949447632,-0.033349031115164546,0.012401640036118265,1.4678015011132812,0.05178959667682648,1.0,1.0,0.29794129729270935,1.0,0.17297956,0.17297956,-0.051537756
759,25.8224,0.16943156719207764,0.2110063135623932,-0.8648592233657837,-0.01842927373945713,-0.09735998511314392,0.13970044255256653,-0.032847453852172546,0.006188080017164736,1.4679256044200788,0.05373694747686386,1.0,1.0,1.0,1.0,0.14433756,0.14433756,-0.14433756
760,25.856,0.16904234886169434,0.20564354956150055,-0.85997474193573,-0.006179984658956528,-0.10032634437084198,0.11037002503871918,-0.03169173972702443,-0.002620806165699645,1.4680680835383981,0.05557284876704216,1.0,1.0,1.0,1.0,0.14433756,0.14433756,-0.14433756
761,25.8902,0.1691819429397583,0.20029431581497192,-0.8562139272689819,0.006469483021646738,-0.10074657946825027,0.06982778012752533,-0.030549152073217966,-0.008621085212263633,1.4681450488939014,0.05721469223499298,1.0,1.0,1.0,1.0,0.14433756,0.14433756,-0.14433756
762,25.924,0.1698521077632904,0.19506429135799408,-0.8538562059402466,0.01877211220562458,-0.09873554855585098,0.03108813613653183,-0.028324395152241607,-0.016115517004477338,1.4681640904956954,0.0582919716835022,1.0,1.0,1.0,1.0,0.14433756,0.14433756,-0.14433756
763,25.9583,0.17101988196372986,0.1900605410337448,-0.8529083728790283,0.030532319098711014,-0.09451170265674591,-0.002517710207030177,-0.026239137938114963,-0.021015642904357968,1.4681413204683753,0.05865435674786568,1.0,1.0,1.0,1.0,0.14433756,0.14433756,-0.14433756
764,25.9921,0.1726791113615036,0.18538284301757812,-0.8531662225723267,0.04166877642273903,-0.08852263540029526,-0.030546490103006363,-0.02431890516541076,-0.02445526525500662,1.4680703472253247,0.05831163004040718,1.0,1.0,1.0,1.0,0.14433756,0.14433756,-0.14433756
765,26.0264,0.17540059983730316,0.18007656931877136,-0.8548843860626221,0.05463612824678421,-0.07923324406147003,-0.05868550017476082,-0.021576968602524817,-0.028183066602737068,1.467911090192138,0.057013921439647675,1.0,1.0,1.0,1.0,0.14433756,0.14433756,-0.14433756
766,26.0632,0.17809990048408508,0.17633262276649475,-0.8571717739105225,0.06420896202325821,-0.07075152546167374,-0.07649563252925873,-0.018942788114651606,-0.030655089708548876,1.4677040294173842,0.0553601048886776,1.0,1.0,1.0,1.0,0.14433756,0.14433756,-0.14433756
767,26.0973,0.18124766647815704,0.17306359112262726,-0.860107421875,0.07318886369466782,-0.06149837374687195,-0.09099362045526505,-0.016963987644208974,-0.03188868048963579,1.4675394460620172,0.05326458066701889,1.0,1.0,1.0,1.0,0.14433756,0.14433756,-0.14433756
768,26.1318,0.18473830819129944,0.17023751139640808,-0.8634909391403198,0.08146022260189056,-0.05188138410449028,-0.10284964740276337,-0.01534294437521836,-0.03250461555431147,1.4673868469315559,0.050955161452293396,1.0,1.0,1.0,1.0,0.14433756,0.14433756,-0.14433756
769,26.1661,0.18858347833156586,0.16790932416915894,-0.8672230243682861,0.08916857093572617,-0.041664008051157,-0.11237607896327972,-0.013195011329312382,-0.032743615536794675,1.4671895066947809,0.04848603159189224,1.0,1.0,1.0,1.0,0.14433756,0.14433756,-0.14433756
770,26.2003,0.19273853302001953,0.16608218848705292,-0.8713195323944092,0.09631790965795517,-0.031365424394607544,-0.12015920877456665,-0.011627390447610377,-0.03254474606298761,1.4670403696737364,0.045946307480335236,1.0,1.0,1.0,1.0,0.14433756,0.14433756,-0.14433756
771,26.2342,0.19830235838890076,0.164495587348938,-0.8768540620803833,0.10445593297481537,-0.018480034545063972,-0.12772944569587708,-0.010378240980092514,-0.03207770250919337,1.4669355742848418,0.04291382059454918,0.657817542552948,1.0,1.0,1.0,0.105438456,0.16028526,-0.16028526
772,26.2682,0.20307819545269012,0.1637735217809677,-0.8815226554870605,0.1105278730392456,-0.0081332391127944,-0.13256476819515228,-0.00874230065375427,-0.03113836814201959,1.4668008183336838,0.040799904614686966,0.23923654854297638,1.0,1.0,1.0,0.041699003,0.17430031,-0.17430031
773,26.3021,0.20806129276752472,0.16350552439689636,-0.88637375831604,0.11602701246738434,0.0020412050653249025,-0.13804318010807037,-0.00738783148750218,-0.030195438507374207,1.4667211898170904,0.03923070430755615,-0.21020768582820892,1.0,1.0,1.0,-0.036756,0.17485565,-0.17485565
774,26.336,0.21325857937335968,0.16369768977165222,-0.8914279937744141,0.12118794023990631,0.012129276990890503,-0.14457769691944122,-0.005139194541985678,-0.029026038230936607,1.4666458223582413,0.03840963542461395,-0.701759397983551,1.0,1.0,1.0,-0.11112547,0.15835266,-0.15835266
775,26.3702,0.2186068594455719,0.16426683962345123,-0.8966807126998901,0.12563736736774445,0.022022787481546402,-0.15159791707992554,-0.0028003768242050183,-0.028179885373591184,1.466602412832473,0.038635946810245514,-1.0,1.0,1.0,1.0,-0.14433756,0.14433756,-0.14433756
776,26.4043,0.22403062880039215,0.16519297659397125,-0.9021402597427368,0.12920072674751282,0.031590234488248825,-0.15736781060695648,0.0021476872756686616,-0.02676390550853667,1.4665673922641385,0.04005612060427666,-1.0,1.0,1.0,1.0,-0.14433756,0.14433756,-0.14433756
777,26.4383,0.23086710274219513,0.16684912145137787,-0.9092005491256714,0.1318744421005249,0.04316436126828194,-0.16027453541755676,0.007459769606299295,-0.025280861837687997,1.4665432906562732,0.04347940534353256,-1.0,1.0,1.0,1.0,-0.14433756,0.14433756,-0.14433756
778,26.4722,0.23629432916641235,0.16858446598052979,-0.9149316549301147,0.13202160596847534,0.05202839896082878,-0.16050094366073608,0.012609528887523373,-0.023651629348345388,1.466555141723124,0.047309376299381256,-1.0,1.0,1.0,1.0,-0.14433756,0.14433756,-0.14433756
779,26.5061,0.24156981706619263,0.17067661881446838,-0.9205650091171265,0.1301281452178955,0.06073438376188278,-0.1601654440164566,0.019764150687318675,-0.021108012982291684,1.4665888307109136,0.05177290737628937,-1.0,1.0,1.0,1.0,-0.14433756,0.14433756,-0.14433756
780,26.5406,0.24664315581321716,0.17307280004024506,-0.9261035919189453,0.12621495127677917,0.06891860067844391,-0.15939952433109283,0.02485398832386732,-0.019053059628537698,1.4666165275862504,0.05669141188263893,-1.0,1.0,0.5876098871231079,1.0,-0.16324584,0.16324584,-0.09592488
781,26.5751,0.2514265775680542,0.17571406066417694,-0.9315248727798462,0.12051401287317276,0.07652663439512253,-0.1584513634443283,0.03014632399120826,-0.016581955105242508,1.4666958897867348,0.06187708303332329,-1.0,1.0,0.14346352219581604,1.0,-0.17587405,0.17587405,-0.025231512
782,26.6097,0.2558402717113495,0.17855089902877808,-0.9368818998336792,0.11318834871053696,0.08351176977157593,-0.1564183235168457,0.03313075593550813,-0.014996282984776808,1.466734505622541,0.06721805036067963,-1.0,1.0,-0.3049081265926361,1.0,-0.17280592,0.17280592,0.05268993
783,26.6441,0.2607495188713074,0.18232950568199158,-0.9432839155197144,0.10240785032510757,0.09127650409936905,-0.14474701881408691,0.03663565902237735,-0.01312225605698548,1.4668174630904969,0.07377714663743973,-1.0,1.0,-0.9342199563980103,1.0,-0.14749925,0.14749925,0.13779674
784,26.6782,0.2641826868057251,0.18552277982234955,-0.9478850364685059,0.0929042398929596,0.0968857929110527,-0.12443121522665024,0.03888032931428585,-0.012035296220745345,1.4668843084338579,0.07862170040607452,-1.0,1.0,-1.0,1.0,-0.14433756,0.14433756,0.14433756
785,26.7121,0.26711082458496094,0.18889613449573517,-0.9516205787658691,0.08296366035938263,0.10196679085493088,-0.0954173132777214,0.04038248532714505,-0.011251416600123838,1.4669374384976048,0.08269108831882477,-1.0,0.8520371913909912,-1.0,1.0,-0.15141876,0.1290144,0.15141876
786,26.7465,0.2695048749446869,0.1923915594816208,-0.9542089700698853,0.07248000800609589,0.1066388487815857,-0.05902755632996559,0.04153439404476679,-0.010082089144497297,1.4670781865612157,0.08571833372116089,-1.0,0.502160906791687,-1.0,1.0,-0.16658652,0.083653234,0.16658652
787,26.7802,0.27243295311927795,0.1997177004814148,-0.9556283950805664,0.04980355128645897,0.11535803228616714,0.009314673021435738,0.04168859107188238,-0.008992651320086628,1.4671956319652881,0.08816716074943542,-1.0,0.13843795657157898,-1.0,1.0,-0.17593575,0.024356185,0.17593575
788,26.8142,0.27243295311927795,0.1997177004814148,-0.9556283950805664,0.04980355128645897,0.11535803228616714,0.009314673021435738,0.0414899567052653,-0.007785843513157775,1.467307085256908,0.08816716074943542,-1.0,-0.256742388010025,-1.0,1.0,-0.17393366,-0.044656143,0.17393366
789,26.8477,0.2730611264705658,0.2086317241191864,-0.9516968727111816,0.02325710654258728,0.12351605296134949,0.07169251888990402,0.040826817110267956,-0.005354701490524633,1.4675514302869228,0.08580157160758972,-1.0,-0.8051691055297852,-1.0,1.0,-0.15362313,-0.1236926,0.15362313
790,26.882,0.2725471556186676,0.212771937251091,-0.9484357833862305,0.011250624433159828,0.12615536153316498,0.09219807386398315,0.04003261253893589,-0.002457708614952633,1.4678009684810631,0.08346763253211975,-1.0,-1.0,-1.0,1.0,-0.14433756,-0.14433756,0.14433756
791,26.9158,0.2715100646018982,0.21702559292316437,-0.9444848299026489,-0.0007738067652098835,0.12789547443389893,0.10674747824668884,0.0385501847240893,0.0027051318846805063,1.4681654220762406,0.08058756589889526,-1.0,-1.0,-1.0,1.0,-0.14433756,-0.14433756,0.14433756
792,26.9502,0.2699930965900421,0.22133243083953857,-0.940035343170166,-0.01265625935047865,0.12821197509765625,0.11727815121412277,0.037040114129365524,0.007255598257298641,1.468449315048443,0.07739190757274628,-1.0,-1.0,-1.0,1.0,-0.14433756,-0.14433756,0.14433756
793,26.984,0.26803722977638245,0.22561664879322052,-0.9351539611816406,-0.024259978905320168,0.1267578899860382,0.12589117884635925,0.0344438379139447,0.014203878127775146,1.4688501207924998,0.07401552051305771,-1.0,-1.0,-1.0,1.0,-0.14433756,-0.14433756,0.14433756
794,27.0182,0.2649118900299072,0.23075811564922333,-0.928577184677124,-0.03820771723985672,0.12222176045179367,0.1343933492898941,0.03213899474556262,0.019565978212703155,1.469154786421205,0.0696507915854454,-1.0,-1.0,-1.0,1.0,-0.14433756,-0.14433756,0.14433756
795,27.0522,0.2619284987449646,0.23465023934841156,-0.9229881763458252,-0.04882580786943436,0.11663961410522461,0.14010418951511383,0.030082684844128377,0.02377364581875765,1.4693963351320751,0.06619924306869507,-1.0,-1.0,-1.0,1.0,-0.14433756,-0.14433756,0.14433756
796,27.0857,0.25853416323661804,0.23833739757537842,-0.9172121286392212,-0.05877546966075897,0.1096571683883667,0.14461597800254822,0.027174001107489847,0.028835744968077438,1.4696891496939293,0.06295742839574814,-1.0,-1.0,-1.0,1.0,-0.14433756,-0.14433756,0.14433756
797,27.1192,0.2547944486141205,0.24180789291858673,-0.9113631248474121,-0.06815656274557114,0.10150017589330673,0.14851929247379303,0.02494804368342835,0.03205608305068789,1.4699030015294627,0.06012497842311859,-1.0,-1.0,-1.0,1.0,-0.14433756,-0.14433756,0.14433756
798,27.1533,0.25077685713768005,0.2450437694787979,-0.9054679870605469,-0.07697218656539917,0.09227492660284042,0.15185335278511047,0.023103629858601944,0.034207114101955684,1.4700433501189099,0.057846177369356155,-1.0,-1.0,-1.0,1.0,-0.14433756,-0.14433756,0.14433756
799,27.1873,0.2465306669473648,0.2479562759399414,-0.899522066116333,-0.08513076603412628,0.08248242735862732,0.15445369482040405,0.020635166650153514,0.03637218500559525,1.4702038055745872,0.05617283657193184,-0.6686092019081116,-1.0,-1.0,1.0,-0.1068543,-0.15981577,0.15981577
800,27.2214,0.2409508377313614,0.25102800130844116,-0.8920443058013916,-0.09441133588552475,0.06942592561244965,0.15697818994522095,0.01881589264989853,0.0374066566415229,1.4703051388540647,0.0549638457596302,-0.0962604433298111,-1.0,-1.0,1.0,-0.01697732,-0.17636861,0.17636861
801,27.2552,0.23630467057228088,0.25297918915748596,-0.8859972953796387,-0.10113753378391266,0.058509573340415955,0.16018223762512207,0.01660994326382356,0.037980796721841154,1.4704289758447533,0.054711826145648956,0.3706807494163513,-1.0,-0.7030514478683472,1.0,0.07254739,-0.19571394,0.13759696
802,27.2892,0.23152466118335724,0.25442975759506226,-0.8798549175262451,-0.10735061019659042,0.04753924533724785,0.16474910080432892,0.01471543496277384,0.038088817032368286,1.4704942232914602,0.05508175864815712,0.8503902554512024,-1.0,-0.3932368755340576,1.0,0.15514356,-0.18243808,0.07174138
803,27.3231,0.22667036950588226,0.25535228848457336,-0.873597264289856,-0.11274397373199463,0.03620399534702301,0.16412781178951263,0.010335538856488776,0.03800471107619222,1.4706123344858053,0.05607585608959198,1.0,-1.0,-0.02856200933456421,1.0,0.17674065,-0.17674065,0.005048068
804,27.3573,0.22178231179714203,0.2557542622089386,-0.867516040802002,-0.11712516099214554,0.024277742952108383,0.15364310145378113,0.005135655970716965,0.03769357895946531,1.4706647987592798,0.05760563537478447,1.0,-1.0,0.4206993281841278,1.0,0.16943845,-0.16943845,-0.07128265
805,27.3917,0.21691441535949707,0.2556290626525879,-0.8618590831756592,-0.11969009786844254,0.011842206120491028,0.13495558500289917,-0.0003662317883573383,0.03708798028877049,1.4707201925099536,0.05946359783411026,1.0,-1.0,0.921393871307373,1.0,0.14811407,-0.14811407,-0.13647139
806,27.4261,0.2109355330467224,0.2547745108604431,-0.8559079170227051,-0.11963463574647903,-0.004078106489032507,0.0973350927233696,-0.00871955455327201,0.035717068183381766,1.470802750503746,0.061792850494384766,1.0,-1.0,1.0,1.0,0.14433756,-0.14433756,-0.14433756
807,27.4602,0.20631930232048035,0.25350165367126465,-0.8524858951568604,-0.11661714315414429,-0.0169677697122097,0.05900721624493599,-0.014970254746310486,0.034140410239027606,1.4708851753394838,0.06316188722848892,1.0,-1.0,1.0,1.0,0.14433756,-0.14433756,-0.14433756
808,27.494,0.20194746553897858,0.2517096996307373,-0.850415825843811,-0.11130329221487045,-0.02942945808172226,0.022627361118793488,-0.019729820876391874,0.03243259993336545,1.4709620075369327,0.06379761546850204,1.0,-1.0,1.0,1.0,0.14433756,-0.14433756,-0.14433756
809,27.528,0.19792543351650238,0.24942587316036224,-0.8496197462081909,-0.10409817844629288,-0.04133358597755432,-0.009438268840312958,-0.025145614866204005,0.029646159451950763,1.4710737271446614,0.06361647695302963,1.0,-1.0,1.0,1.0,0.14433756,-0.14433756,-0.14433756
810,27.5621,0.1942858099937439,0.2467128038406372,-0.8499130010604858,-0.09547250717878342,-0.0523473285138607,-0.03631570190191269,-0.02831329101885274,0.027282603984505438,1.47117745726912,0.0626898854970932,1.0,-1.0,1.0,1.0,0.14433756,-0.14433756,-0.14433756
811,27.5963,0.19104647636413574,0.2435966581106186,-0.8512128591537476,-0.08576058596372604,-0.06253685802221298,-0.0584331713616848,-0.031005409824597385,0.02438169334929858,1.471291041089612,0.06104648858308792,1.0,-0.9808800220489502,1.0,1.0,0.1452574,-0.14248009,-0.1452574
812,27.6305,0.18759773671627045,0.23918269574642181,-0.8540201187133789,-0.07266749441623688,-0.07417035102844238,-0.08061259984970093,-0.032178973370832836,0.022446933865085835,1.4713497637916482,0.058137163519859314,1.0,-0.2544112801551819,1.0,1.0,0.17398383,-0.04426345,-0.17398383
813,27.6641,0.18531247973442078,0.23531703650951385,-0.8570103645324707,-0.061799537390470505,-0.08257244527339935,-0.09454721212387085,-0.033057009259853554,0.019854411042326346,1.471397034900997,0.0553257055580616,1.0,0.31980690360069275,1.0,1.0,0.17242296,0.055142052,-0.17242296
814,27.6984,0.18343734741210938,0.23123639822006226,-0.8605207204818726,-0.05054391548037529,-0.09026776254177094,-0.10888467729091644,-0.03325306785035382,0.017587877862343972,1.4714364496851302,0.05226603522896767,1.0,0.8668090105056763,1.0,1.0,0.15071848,0.13064413,-0.15071848
815,27.7321,0.18200404942035675,0.22693291306495667,-0.8645198345184326,-0.039054032415151596,-0.09725864231586456,-0.12258005142211914,-0.03319397688307309,0.014838926574758654,1.4714546923385974,0.04901698976755142,1.0,1.0,1.0,1.0,0.14433756,0.14433756,-0.14433756
816,27.766,0.18100887537002563,0.22243407368659973,-0.8689219951629639,-0.027620183303952217,-0.10305541753768921,-0.1327795684337616,-0.03261381972316694,0.008913694835549584,1.4715339213810272,0.045736536383628845,1.0,1.0,1.0,1.0,0.14433756,0.14433756,-0.14433756
817,27.8001,0.18046438694000244,0.217781662940979,-0.8736034631729126,-0.016207141801714897,-0.10730529576539993,-0.13921217620372772,-0.03151640801994554,0.0027002378060288356,1.4716148814781655,0.04261627793312073,1.0,1.0,1.0,1.0,0.14433756,0.14433756,-0.14433756
818,27.834,0.1804560124874115,0.21182039380073547,-0.8797612190246582,-0.002085326937958598,-0.10965976119041443,-0.14414934813976288,-0.030180826491486998,-0.0031081607440692676,1.4716779983960004,0.039206281304359436,1.0,1.0,1.0,1.0,0.14433756,0.14433756,-0.14433756
819,27.8684,0.18098480999469757,0.2070266157388687,-0.8848336935043335,0.008879348635673523,-0.10909925401210785,-0.14701388776302338,-0.027875585929536005,-0.011057117152359242,1.4717363216238732,0.037139151245355606,1.0,1.0,1.0,1.0,0.14433756,0.14433756,-0.14433756
820,27.9028,0.1819652020931244,0.20234087109565735,-0.8899714946746826,0.01949000544846058,-0.10651744157075882,-0.1489950269460678,-0.025425758606934325,-0.017929374176686993,1.471729930037257,0.035883527249097824,1.0,1.0,1.0,1.0,0.14433756,0.14433756,-0.14433756
821,27.9365,0.1833823174238205,0.1978391855955124,-0.8951350450515747,0.029659125953912735,-0.10213419795036316,-0.1503819227218628,-0.02344143311752708,-0.022458537341179093,1.4716794631346,0.03554529324173927,1.0,1.0,1.0,1.0,0.14433756,0.14433756,-0.14433756
822,27.9702,0.18519717454910278,0.1935962587594986,-0.9002619981765747,0.03930732607841492,-0.0960816740989685,-0.15133708715438843,-0.02176134465433697,-0.02567683436048535,1.4716002340921701,0.03613865002989769,1.0,1.0,1.0,1.0,0.14433756,0.14433756,-0.14433756
823,28.004,0.18744425475597382,0.18969443440437317,-0.9054595232009888,0.04844566434621811,-0.08871898055076599,-0.15196430683135986,-0.019428519569157636,-0.0291776802878814,1.4714653449829576,0.037574540823698044,1.0,1.0,1.0,1.0,0.14433756,0.14433756,-0.14433756
824,28.0384,0.19083863496780396,0.1853860318660736,-0.9121114015579224,0.059217244386672974,-0.07793575525283813,-0.15248475968837738,-0.017690378355393,-0.03112673553760191,1.4713190042810578,0.04042986035346985,1.0,1.0,0.6112493276596069,1.0,0.16226839,0.16226839,-0.099186435
825,28.072,0.19400149583816528,0.1823880672454834,-0.917594313621521,0.06755884736776352,-0.06844326853752136,-0.15248364210128784,-0.016256821627143963,-0.032315298090320466,1.4711947678162056,0.043485820293426514,1.0,1.0,0.2321365773677826,1.0,0.17444226,0.17444226,-0.04049443
826,28.1061,0.1975347250699997,0.17980742454528809,-0.9230911731719971,0.07524815946817398,-0.05846449360251427,-0.1505012810230255,-0.01439599607209994,-0.03327621238470229,1.4710114091751536,0.04704483970999718,0.7351698875427246,1.0,-0.15866342186927795,1.0,0.14688605,0.1997988,0.03170076
827,28.1403,0.20141661167144775,0.17764490842819214,-0.9284729957580566,0.08248555660247803,-0.048334553837776184,-0.1419326812028885,-0.013183486915813985,-0.03372527127876009,1.4708786505948133,0.05092013627290726,0.3623513877391815,1.0,-0.6017982959747314,1.0,0.074126445,0.20457062,0.12311025
828,28.1741,0.20560117065906525,0.17591029405593872,-0.9335266351699829,0.08913729339838028,-0.03842037171125412,-0.12621159851551056,-0.012321528821577318,-0.034019461113645975,1.4707609388746317,0.05485857278108597,-0.018314290791749954,1.0,-1.0,1.0,-0.0032372684,0.17676187,0.17676187
829,28.2082,0.21005138754844666,0.1745959371328354,-0.9379053115844727,0.09533324092626572,-0.02838001400232315,-0.10146365314722061,-0.010956973972993856,-0.03445636933523029,1.470634438722853,0.058493226766586304,-0.40950435400009155,1.0,-1.0,1.0,-0.069534376,0.16980131,0.16980131
830,28.2422,0.2158605307340622,0.17349795997142792,-0.9419137239456177,0.10250548273324966,-0.016198670491576195,-0.057123735547065735,-0.009005732018347042,-0.0346661827366419,1.4705388312397192,0.06208673119544983,-0.882779061794281,1.0,-1.0,1.0,-0.13238062,0.14995894,0.14995894
831,28.2762,0.22067774832248688,0.1730612814426422,-0.9436246156692505,0.10767296701669693,-0.006448192987591028,-0.018120763823390007,-0.004676991491532117,-0.03417855586045379,1.4704470853401659,0.06385550647974014,-1.0,1.0,-1.0,1.0,-0.14433756,0.14433756,0.14433756
832,28.3101,0.2256038635969162,0.17304262518882751,-0.9440534114837646,0.11202071607112885,0.0037810164503753185,0.014672559686005116,-0.0004322333855887872,-0.033286632002467224,1.470389827376729,0.06466495990753174,-1.0,1.0,-1.0,1.0,-0.14433756,0.14433756,0.14433756
833,28.3439,0.23060396313667297,0.17347516119480133,-0.9434036016464233,0.11503719538450241,0.014218462631106377,0.04036307334899902,0.006764792752707899,-0.031246646446277327,1.4703607989208474,0.06470750272274017,-1.0,1.0,-1.0,1.0,-0.14433756,0.14433756,0.14433756
834,28.3781,0.23560506105422974,0.17437374591827393,-0.9418057203292847,0.11638551205396652,0.024679847061634064,0.061167486011981964,0.012794117159984887,-0.02919354898290799,1.4703521436473046,0.06412964314222336,-1.0,1.0,-1.0,1.0,-0.14433756,0.14433756,0.14433756
835,28.4124,0.2405153214931488,0.17573973536491394,-0.9394217729568481,0.11568296700716019,0.034891534596681595,0.07849772274494171,0.017802233201770927,-0.027240243078416364,1.4703586683919752,0.0631084144115448,-1.0,1.0,-1.0,1.0,-0.14433756,0.14433756,0.14433756
836,28.4462,0.246421679854393,0.17804990708827972,-0.9355393648147583,0.11219354718923569,0.047129351645708084,0.09664372354745865,0.024166058444191625,-0.02437778599263673,1.4704062058174332,0.06146556884050369,-1.0,1.0,-1.0,1.0,-0.14433756,0.14433756,0.14433756
837,28.4806,0.2550271451473236,0.18296998739242554,-0.9278820753097534,0.10095223039388657,0.06530759483575821,0.11820650845766068,0.028373884175435845,-0.022123796717507548,1.4704473516562748,0.05872184410691261,-1.0,1.0,-1.0,1.0,-0.14433756,0.14433756,0.14433756
838,28.5143,0.2550271451473236,0.18296998739242554,-0.9278820753097534,0.10095223039388657,0.06530759483575821,0.11820650845766068,0.031407551310388554,-0.02024162426185086,1.4704990169814225,0.05872184410691261,-1.0,1.0,-1.0,1.0,-0.14433756,0.14433756,0.14433756
839,28.548,0.26226893067359924,0.18924538791179657,-0.9190744161605835,0.08427019417285919,0.08146051317453384,0.13357073068618774,0.03471663715573129,-0.01770462002544112,1.4706139323824594,0.05654635280370712,-1.0,0.8770856857299805,-1.0,1.0,-0.15022999,0.13176458,0.15022999
840,28.5821,0.265313059091568,0.19284270703792572,-0.9143416881561279,0.07461485266685486,0.08893278986215591,0.13937193155288696,0.03652686056946921,-0.015851683044829153,1.4707255188321335,0.05583259463310242,-1.0,0.4455395042896271,-1.0,1.0,-0.16860725,0.075121194,0.16860725
841,28.616,0.2685202658176422,0.19772471487522125,-0.9081742763519287,0.061712123453617096,0.09723864495754242,0.14661996066570282,0.03796712305411928,-0.013678591449000332,1.4708460268714598,0.05538301169872284,-1.0,-0.1404934823513031,-1.0,1.0,-0.17591077,-0.024714317,0.17591077
842,28.6501,0.27054569125175476,0.20188100636005402,-0.9030238389968872,0.05095226317644119,0.1032394990324974,0.15373092889785767,0.03851958333868861,-0.012065431552955273,1.4709456290962286,0.05537765473127365,-1.0,-0.6498401165008545,-1.0,1.0,-0.16063003,-0.10438384,0.16063003
843,28.6837,0.2721154987812042,0.20625995099544525,-0.8976805210113525,0.039986997842788696,0.10866319388151169,0.1608024537563324,0.03885230786619118,-0.008747403312014753,1.471160812512307,0.05576564371585846,-1.0,-1.0,-0.9513630867004395,1.0,-0.14667635,-0.14667635,0.13954246
844,28.7197,0.2732138931751251,0.21081827580928802,-0.892151951789856,0.028629716485738754,0.11321993917226791,0.16468878090381622,0.038689988197750845,-0.0046748261127004765,1.4713937059496345,0.05658544600009918,-1.0,-1.0,-0.5945440530776978,1.0,-0.1629613,-0.1629613,0.09688768
845,28.754,0.2738436162471771,0.2154787927865982,-0.8865230083465576,0.017144760116934776,0.11644721776247025,0.1640896201133728,0.038136612451556806,-0.00011863558545785019,1.471646439937083,0.057871270924806595,-1.0,-1.0,-0.19825148582458496,1.0,-0.1750649,-0.1750649,0.034706876
846,28.7882,0.2739681303501129,0.22016282379627228,-0.8810083866119385,0.00530806090682745,0.11774257570505142,0.15655258297920227,0.03668561409876235,0.0074534747673320806,1.4720421856750687,0.059550996869802475,-1.0,-1.0,0.25425347685813904,1.0,-0.17398722,-0.17398722,-0.044236857
847,28.8225,0.27348843216896057,0.22591319680213928,-0.8746070861816406,-0.009471507743000984,0.11628279834985733,0.13513967394828796,0.03527593219356696,0.013769685082145953,1.4723589686867338,0.06206221505999565,-1.0,-1.0,0.8294365406036377,1.0,-0.15248539,-0.15248539,-0.12647694
848,28.8559,0.27261507511138916,0.23030857741832733,-0.870165228843689,-0.02153005264699459,0.11248909682035446,0.1074998751282692,0.03345673309471763,0.021297438637201977,1.4727050464703895,0.06414362788200378,-1.0,-1.0,1.0,1.0,-0.14433756,-0.14433756,-0.14433756
849,28.8901,0.271294504404068,0.2344459891319275,-0.8667798042297363,-0.03362461179494858,0.1062353104352951,0.0702715516090393,0.032075940245565794,0.02587300738368871,1.4729179661995413,0.0659441128373146,-1.0,-1.0,1.0,1.0,-0.14433756,-0.14433756,-0.14433756
850,28.9241,0.2695416212081909,0.23825278878211975,-0.8646905422210693,-0.04523816332221031,0.09831494092941284,0.03288165107369423,0.02980892228704124,0.030993267474502303,1.4731655070228642,0.06719918549060822,-1.0,-1.0,1.0,1.0,-0.14433756,-0.14433756,-0.14433756
851,28.9597,0.26736801862716675,0.24171097576618195,-0.8638565540313721,-0.05625900253653526,0.08896435797214508,-0.0003360117261763662,0.027761348802339214,0.033858341948290786,1.4733193045758164,0.06780873984098434,-1.0,-1.0,1.0,1.0,-0.14433756,-0.14433756,-0.14433756
852,28.9942,0.2648351490497589,0.24478831887245178,-0.8641815185546875,-0.06641723960638046,0.07869697362184525,-0.02836017496883869,0.02587583907294152,0.03555780282781662,1.4734142462686777,0.06778484582901001,-1.0,-1.0,1.0,1.0,-0.14433756,-0.14433756,-0.14433756
853,29.0281,0.26126232743263245,0.2480418086051941,-0.8658974170684814,-0.07791411131620407,0.06506840139627457,-0.05667006969451904,0.02324479820232216,0.0369788572631045,1.4735233027153163,0.06699817627668381,-1.0,-1.0,1.0,1.0,-0.14433756,-0.14433756,-0.14433756
854,29.0623,0.2581779360771179,0.25008881092071533,-0.8681203126907349,-0.08599881082773209,0.05376420170068741,-0.07469257712364197,0.02126238477935381,0.03742232351887313,1.4735820254173526,0.06585659831762314,-1.0,-1.0,1.0,1.0,-0.14433756,-0.14433756,-0.14433756
855,29.0959,0.25495195388793945,0.25165867805480957,-0.8710383176803589,-0.09325364977121353,0.042487550526857376,-0.08942517638206482,0.018959526498221673,0.03726900450267943,1.473659523405074,0.0643586814403534,-1.0,-1.0,1.0,1.0,-0.14433756,-0.14433756,-0.14433756
856,29.131,0.25158610939979553,0.25275829434394836,-0.8745293617248535,-0.09997661411762238,0.03127102181315422,-0.10143660008907318,0.017478586308515242,0.03684388909129712,1.4736966745022806,0.06259198486804962,-1.0,-1.0,1.0,1.0,-0.14433756,-0.14433756,-0.14433756
857,29.1652,0.24810010194778442,0.25343573093414307,-0.8785386085510254,-0.10590372234582901,0.020207880064845085,-0.11126893013715744,0.015578149353148194,0.03582895423867872,1.4737619219489875,0.06068797409534454,-0.8562541604042053,-1.0,1.0,1.0,-0.12948197,-0.15121908,-0.15121908
858,29.1997,0.2445075660943985,0.25369009375572205,-0.8829492330551147,-0.11111579835414886,0.00938311405479908,-0.11921513825654984,0.014240679685088678,0.034796205335081216,1.4737989398881395,0.058758728206157684,-0.559420645236969,-1.0,1.0,1.0,-0.09195921,-0.16438293,-0.16438293
859,29.2343,0.23990745842456818,0.2534469962120056,-0.8888884782791138,-0.1167801171541214,-0.003776596626266837,-0.12748578190803528,0.013151541466300643,0.033789189225516596,1.4738150520127347,0.056516390293836594,-0.17285463213920593,-1.0,1.0,1.0,-0.03033095,-0.17547086,-0.17547086
860,29.2683,0.23614268004894257,0.2527875304222107,-0.8938976526260376,-0.12073332071304321,-0.013970453292131424,-0.13462266325950623,0.011459761101746702,0.0322848569107041,1.473851936793832,0.05496705323457718,0.14118953049182892,-1.0,1.0,1.0,0.024835553,-0.17590223,-0.17590223
861,29.3022,0.2322976291179657,0.25171351432800293,-0.899142861366272,-0.12411908805370331,-0.023872550576925278,-0.14255422353744507,0.009597934780699298,0.031148931320812038,1.4739033358028706,0.05375700816512108,0.46468639373779297,-1.0,0.8455469608306885,1.0,0.08360302,-0.17991278,-0.1521247
862,29.336,0.22839762270450592,0.2501857280731201,-0.9046617746353149,-0.12698115408420563,-0.033495932817459106,-0.1502121239900589,0.006161049972397733,0.02981696586577112,1.473945680064203,0.05300433188676834,0.7960478067398071,-1.0,0.526313304901123,1.0,0.1439737,-0.18086061,-0.09518935
863,29.3701,0.2244955450296402,0.24818415939807892,-0.910423994064331,-0.1287890076637268,-0.04297938197851181,-0.15596039593219757,0.0029591662437550414,0.02883775482246261,1.4739890895899712,0.05284140259027481,1.0,-1.0,0.15719878673553467,1.0,0.17569461,-0.17569461,-0.02761898
864,29.4042,0.2205696403980255,0.24571041762828827,-0.9162852764129639,-0.1294500082731247,-0.05213182792067528,-0.15597839653491974,-0.0028242290207923654,0.027371549403724882,1.4740781723284344,0.05332585796713829,1.0,-1.0,-0.29296016693115234,1.0,0.17310157,-0.17310157,0.050711866
865,29.4386,0.215716153383255,0.24197110533714294,-0.9233648777008057,-0.12819835543632507,-0.06311739981174469,-0.1432611644268036,-0.008343673812393896,0.02605623078609156,1.4741420881945964,0.05471663177013397,1.0,-1.0,-0.9970593452453613,1.0,0.14447905,-0.14447905,0.14405419
866,29.4725,0.2118965983390808,0.2384546995162964,-0.9284435510635376,-0.12555727362632751,-0.07141505926847458,-0.12331053614616394,-0.013441695987956678,0.024791861769062815,1.4742080014315757,0.05613575503230095,1.0,-0.6353675127029419,-1.0,1.0,0.16125034,-0.102453224,0.16125034
867,29.5075,0.20824746787548065,0.23454074561595917,-0.9326295852661133,-0.12116816639900208,-0.07926315814256668,-0.09304478764533997,-0.02027723155786306,0.022833616532986933,1.4743165252459964,0.05745718628168106,1.0,0.09237347543239594,-1.0,1.0,0.1764008,0.016294755,0.1764008
868,29.5411,0.20476338267326355,0.2302713245153427,-0.9356207847595215,-0.11525418609380722,-0.08671219646930695,-0.05483638495206833,-0.0247522618120101,0.020888223129765286,1.474405474826405,0.058311376720666885,1.0,0.7739307880401611,-1.0,1.0,0.15507416,0.12001667,0.15507416
869,29.5752,0.2015373408794403,0.22574010491371155,-0.9372442960739136,-0.1079571321606636,-0.09374340623617172,-0.016848357394337654,-0.02907103525038594,0.0173471166565305,1.4745648650176464,0.058447059243917465,1.0,1.0,-1.0,1.0,0.14433756,0.14433756,0.14433756
870,29.6091,0.19860732555389404,0.22094225883483887,-0.9375152587890625,-0.09944511950016022,-0.10020323097705841,0.017226917669177055,-0.03128204984401857,0.013548549084912303,1.4747028167621126,0.05777161940932274,1.0,1.0,-1.0,1.0,0.14433756,0.14433756,0.14433756
871,29.6432,0.19541917741298676,0.21466851234436035,-0.9362775087356567,-0.08730912953615189,-0.10717163234949112,0.04904096946120262,-0.033050580222534535,0.00613361161094016,1.4749701981355565,0.05604090169072151,1.0,1.0,-1.0,1.0,0.14433756,0.14433756,0.14433756
872,29.6773,0.19333145022392273,0.20940321683883667,-0.9342628717422485,-0.07651829719543457,-0.11123435199260712,0.06862924247980118,-0.033484937635137255,-0.0005910527136862089,1.4751795225972366,0.05413901060819626,1.0,1.0,-1.0,1.0,0.14433756,0.14433756,0.14433756
873,29.7113,0.19169725477695465,0.20397824048995972,-0.9315382242202759,-0.06519068777561188,-0.11338621377944946,0.08493247628211975,-0.03330684705961661,-0.006466806872971349,1.4753475680620207,0.05200770124793053,1.0,1.0,-1.0,1.0,0.14433756,0.14433756,0.14433756
874,29.7467,0.1898791342973709,0.19296689331531525,-0.9244304895401001,-0.041874539107084274,-0.11152344197034836,0.11028879135847092,-0.032413986934059315,-0.014235303428638081,1.4755182766878947,0.047760870307683945,1.0,1.0,-1.0,1.0,0.14433756,0.14433756,0.14433756
875,29.7803,0.189724862575531,0.1876012682914734,-0.920258641242981,-0.03007398173213005,-0.10769504308700562,0.11985325068235397,-0.03134095563837976,-0.019593044667875686,1.4756082915327393,0.045954592525959015,1.0,1.0,-1.0,1.0,0.14433756,0.14433756,0.14433756
876,29.8144,0.189724862575531,0.1876012682914734,-0.920258641242981,-0.03007398173213005,-0.10769504308700562,0.11985325068235397,-0.030214469706195266,-0.023583350475303883,1.4756289310311876,0.045954592525959015,1.0,1.0,-1.0,1.0,0.14433756,0.14433756,0.14433756
877,29.8479,0.19096750020980835,0.17664887011051178,-0.9098799228668213,-0.0042671323753893375,-0.09348743408918381,0.13625679910182953,-0.028410180148261185,-0.028179693958887832,1.4755849888732013,0.043326422572135925,1.0,1.0,-1.0,1.0,0.14433756,0.14433756,0.14433756
878,29.8821,0.19223402440547943,0.17234274744987488,-0.904962420463562,0.006859233137220144,-0.08523563295602798,0.14179612696170807,-0.026837229823487116,-0.030913803324882465,1.4755269319614375,0.0428808256983757,1.0,1.0,-1.0,1.0,0.14433756,0.14433756,0.14433756
879,29.916,0.1939222514629364,0.16848285496234894,-0.8999273777008057,0.017524151131510735,-0.07610473781824112,0.14636878669261932,-0.02486406880471219,-0.03332927170823292,1.4753881812686445,0.04284784197807312,1.0,1.0,-1.0,1.0,0.14433756,0.14433756,0.14433756
880,29.9503,0.1961018443107605,0.16512750089168549,-0.8948229551315308,0.027960272505879402,-0.06627664715051651,0.1500849425792694,-0.023462455445381895,-0.034397242997841325,1.4752656758585008,0.04312444478273392,1.0,1.0,-1.0,1.0,0.14433756,0.14433756,0.14433756
881,29.9841,0.19872276484966278,0.16234533488750458,-0.8896533250808716,0.03792262822389603,-0.055847302079200745,0.15307819843292236,-0.02148909677011981,-0.03521934418159198,1.475061544560946,0.04364669322967529,1.0,1.0,-1.0,1.0,0.14433756,0.14433756,0.14433756
