step,t_s,north_m,east_m,down_m,vn_m_s,ve_m_s,vd_m_s,roll_rad,pitch_rad,yaw_rad,pos_error_m,raw_action_0,raw_action_1,raw_action_2,raw_action_3,cmd_vn_m_s,cmd_ve_m_s,cmd_vd_m_s
1,0.0,0.234366774559021,0.1158011332154274,-0.905543327331543,0.00607631029561162,0.0034923027269542217,-0.056327953934669495,0.0061515437356629106,0.0027398492063518617,1.4574800208345156,0.03214769437909126,-1.6569273471832275,0.5752173662185669,-0.1641664206981659,4.983444690704346,-0.23514526,0.08163281,0.023297917
2,0.0341,0.23537194728851318,0.1162765622138977,-0.9078055620193481,0.0052421377040445805,0.00317387911491096,-0.055615197867155075,0.006292257989611322,0.002845044589558642,1.4575026577037813,0.03459899500012398,-1.7423560619354248,0.5370887517929077,-0.3718254268169403,4.972433567047119,-0.23408878,0.07215887,0.049955435
3,0.0682,0.2361719310283661,0.11660240590572357,-0.9096449613571167,0.004410485737025738,0.0028302182909101248,-0.05504699796438217,0.006483224844972767,0.002998008344224117,1.4575146419286866,0.03657224029302597,-1.8075008392333984,0.5131947994232178,-0.5407872200012207,4.964303016662598,-0.23111239,0.065618604,0.06914665
4,0.102,0.23697493970394135,0.11689399182796478,-0.9114086627960205,0.0037801333237439394,0.002505299635231495,-0.04879060387611389,0.007189150827655213,0.0029224486904485497,1.4575235635183383,0.038483817130327225,-1.8718616962432861,0.47661617398262024,-0.7706015110015869,4.966017723083496,-0.22502354,0.057295825,0.09263691
5,0.1361,0.23780886828899384,0.11714344471693039,-0.9127289056777954,0.00315570505335927,0.0021845041774213314,-0.031363341957330704,0.010483405674528922,0.002175626020127925,1.457518503512267,0.040052611380815506,-1.9445843696594238,0.39368340373039246,-1.1005256175994873,4.982065677642822,-0.2142725,0.04337972,0.12126621
6,0.1702,0.2386493682861328,0.11737027019262314,-0.9133807420730591,0.0020231865346431732,0.0020253260154277086,-0.009908049367368221,0.014550955637137023,0.001268975713551066,1.457528490366355,0.04109043627977371,-2.0076184272766113,0.2924255430698395,-1.418506145477295,5.002978801727295,-0.20274705,0.029531715,0.14325328
7,0.2041,0.23944266140460968,0.11755113303661346,-0.9132797718048096,-5.906564183533192e-05,0.0022043632343411446,0.013124709017574787,0.018206542667136987,0.0004963418042792111,1.4575352814271347,0.041503164917230606,-2.045090913772583,0.19205757975578308,-1.686436414718628,5.026287078857422,-0.19237438,0.01806617,0.15863705
8,0.2382,0.24028997123241425,0.11777440458536148,-0.9119794368743896,-0.004455861635506153,0.002921805717051029,0.0436747707426548,0.022881074895849986,-0.00028161143767531236,1.4575430045942959,0.04105724021792412,-2.053818941116333,0.047471433877944946,-1.9438281059265137,5.0529985427856445,-0.18154621,0.0041962117,0.17182364
9,0.2719,0.24099479615688324,0.11816814541816711,-0.9069026708602905,-0.015000994317233562,0.005073412321507931,0.09078594297170639,0.025805947739083752,-0.0005404706631217237,1.4575621793541444,0.03795379027724266,-1.940011978149414,-0.1480782926082611,-2.0943639278411865,5.094775199890137,-0.16966099,-0.012949976,0.18315962
10,0.3064,0.24099479615688324,0.11816814541816711,-0.9069026708602905,-0.015000994317233562,0.005073412321507931,0.09078594297170639,0.02773070372445189,-0.0005176961170101458,1.457597732554697,0.03795379027724266,-1.9523215293884277,-0.18314698338508606,-2.0976879596710205,5.088531494140625,-0.1699752,-0.015945349,0.18263127
11,0.3402,0.24046611785888672,0.11875361204147339,-0.8985707759857178,-0.028637727722525597,0.007839934900403023,0.1324470341205597,0.029395379142833168,-9.427777593667876e-06,1.4576426068190649,0.032646294683218,-1.8449747562408447,-0.3103295862674713,-2.058311700820923,5.100676536560059,-0.16582401,-0.027892033,0.18499847
12,0.3742,0.23965595662593842,0.11910925805568695,-0.8933974504470825,-0.036212507635354996,0.008927177637815475,0.14928476512432098,0.029924599185702352,0.000715888129709348,1.4577101179526983,0.02967124618589878,-1.5241694450378418,-0.5304868221282959,-1.7625222206115723,5.119226455688477,-0.1594474,-0.05549563,0.18438213
13,0.4081,0.2381637692451477,0.11956024914979935,-0.886194109916687,-0.04614253714680672,0.00989065133035183,0.16679741442203522,0.029804330414755453,0.001883822627250102,1.457798801216998,0.026392120867967606,-1.2479889392852783,-0.6643624305725098,-1.432191014289856,5.127305030822754,-0.15503219,-0.082530834,0.17791481
14,0.4421,0.2366834282875061,0.11994701623916626,-0.8799459934234619,-0.054061878472566605,0.010292237624526024,0.177943617105484,0.02932204234431511,0.0029015746049591024,1.4578723044630841,0.024843832477927208,-0.9967572093009949,-0.7617336511611938,-1.0972877740859985,5.135968208312988,-0.14951289,-0.11425952,0.1645924
15,0.4759,0.23488235473632812,0.12037792056798935,-0.8734259605407715,-0.06195596233010292,0.01032075472176075,0.18588949739933014,0.028103359023548834,0.0047347279917271945,1.4580091909431143,0.024773091077804565,-0.7019760012626648,-0.8472201824188232,-0.6981093883514404,5.1485748291015625,-0.13468061,-0.16254705,0.13393876
16,0.5101,0.23279738426208496,0.1208038255572319,-0.8666937351226807,-0.06968478858470917,0.00980286207050085,0.1902737021446228,0.026787312197804943,0.006659198415486257,1.4581125215934094,0.026425819844007492,-0.381401389837265,-0.9174004793167114,-0.24281233549118042,5.1648173332214355,-0.093228,-0.22424515,0.05935193
17,0.544,0.2304089367389679,0.12115205079317093,-0.8598705530166626,-0.07704348117113113,0.00854228064417839,0.1886191964149475,0.02536441435570003,0.008674375481795038,1.4582314317360814,0.029585648328065872,-0.039115894585847855,-0.9561315774917603,0.2830931842327118,5.183949947357178,-0.009799282,-0.23952931,-0.07092027
18,0.5786,0.22775381803512573,0.12140078097581863,-0.8532998561859131,-0.08428918570280075,0.0062837800942361355,0.1749011129140854,0.02282436620938811,0.01231570315669277,1.4584077330002447,0.03366987779736519,0.34178516268730164,-0.9376274347305298,0.9219521284103394,5.201913833618164,0.062890105,-0.17252794,-0.1696436
19,0.6123,0.22409069538116455,0.12156673520803452,-0.8463042974472046,-0.09302396327257156,0.0017693156842142344,0.13337300717830658,0.019839368343356603,0.015846670892433842,1.458565791610941,0.0387553945183754,0.8021082282066345,-0.8123271465301514,1.8493320941925049,5.205042839050293,0.092267975,-0.09344348,-0.21273206
20,0.6468,0.22082655131816864,0.12151239067316055,-0.8422878980636597,-0.09914480149745941,-0.003573403228074312,0.08736920356750488,0.016334111555405106,0.01889353627924195,1.4586888296533025,0.041865024715662,1.1726559400558472,-0.595501184463501,2.5754053592681885,5.195033550262451,0.101377994,-0.051482037,-0.22264794
21,0.6812,0.21725274622440338,0.12125929445028305,-0.8399670124053955,-0.10389071702957153,-0.010455546900629997,0.03851636126637459,0.009990541941728522,0.021878257426191445,1.4588281129783136,0.04368283972144127,1.5527313947677612,-0.25130757689476013,3.1952991485595703,5.1778059005737305,0.108995125,-0.017640721,-0.22429638
22,0.7153,0.21345703303813934,0.12075866013765335,-0.8393361568450928,-0.10695991665124893,-0.018152909353375435,-0.00681007606908679,0.0027976353807430527,0.022277022106944176,1.4589334409994263,0.04416358843445778,1.8898277282714844,0.130258709192276,3.6521449089050293,5.1512041091918945,0.11483588,0.007915205,-0.22192356
23,0.7491,0.20954419672489166,0.1199425682425499,-0.8402652740478516,-0.10787584632635117,-0.025985226035118103,-0.04596700146794319,-0.0028422571129411156,0.02070712193385609,1.4590259858473065,0.043429382145404816,2.188096284866333,0.55731201171875,3.9659159183502197,5.1277265548706055,0.11986562,0.030529987,-0.21725596
24,0.7831,0.20558549463748932,0.1188078448176384,-0.8425462245941162,-0.10676363110542297,-0.0333881750702858,-0.07865647226572037,-0.007399504663514594,0.01832088174346926,1.4591178649049144,0.04174475744366646,2.4406044483184814,0.9278563261032104,4.142979621887207,5.10566520690918,0.124593966,0.047367487,-0.21150099
25,0.8171,0.20062097907066345,0.11702518910169601,-0.8469938039779663,-0.10279160737991333,-0.04139186814427376,-0.11083465814590454,-0.013005705308591683,0.013865859527308741,1.4592667356098497,0.03882130607962608,2.7098844051361084,1.3680176734924316,4.208970069885254,5.088990688323975,0.1305478,0.06590381,-0.20276578
26,0.8515,0.1967720240354538,0.11537624150514603,-0.8514846563339233,-0.09794323146343231,-0.04640623554587364,-0.13032959401607513,-0.01668285145985368,0.009715278235636313,1.4594106794667685,0.03636617958545685,2.8884143829345703,1.6839237213134766,4.153916835784912,5.083884239196777,0.13542034,0.07894903,-0.19475211
27,0.8861,0.19307392835617065,0.11353343725204468,-0.8566950559616089,-0.09181908518075943,-0.04997529461979866,-0.14508821070194244,-0.019342713767192043,0.0059576458426564265,1.4595507617401067,0.03417683020234108,3.0441365242004395,1.9650745391845703,4.010263442993164,5.085354328155518,0.14081039,0.090897,-0.1854998
28,0.9201,0.18958261609077454,0.1115785539150238,-0.862419843673706,-0.08471743762493134,-0.05228457227349281,-0.15554895997047424,-0.022295863971656487,0.0006000651342960515,1.4597176087824002,0.032718971371650696,3.163867712020874,2.2500619888305664,3.779128313064575,5.0974225997924805,0.14598891,0.103823595,-0.1743786
29,0.9542,0.18635757267475128,0.1096000075340271,-0.8684524297714233,-0.07680579274892807,-0.053296469151973724,-0.16218890249729156,-0.024026931163775602,-0.0035189926134370957,1.4598383831378352,0.03235369548201561,3.268895387649536,2.4958913326263428,3.473510265350342,5.116830825805664,0.15180591,0.115907975,-0.16130811
30,0.988,0.1833931803703308,0.10760723054409027,-0.8746697902679443,-0.06837811321020126,-0.05305074155330658,-0.1657916009426117,-0.02555503843310086,-0.008349132252331257,1.4599636848671234,0.033240657299757004,3.347409248352051,2.7352983951568604,3.0959694385528564,5.146267414093018,0.15738752,0.12860747,-0.14556539
31,1.0225,0.18019072711467743,0.10509851574897766,-0.882519006729126,-0.05704190954566002,-0.05123179778456688,-0.16619792580604553,-0.026279561810629924,-0.01145595361362573,1.4600310628427025,0.03586447238922119,3.43180251121521,2.9897212982177734,2.552111864089966,5.195585250854492,0.16441697,0.14323695,-0.122271165
32,1.0562,0.17806942760944366,0.10318447649478912,-0.8887341022491455,-0.047389619052410126,-0.04857756197452545,-0.16386477649211884,-0.02693008259936841,-0.015491000527367254,1.4601094929368053,0.03884151205420494,3.4583964347839355,3.185431718826294,2.065075159072876,5.245512008666992,0.16836162,0.15507315,-0.10053197
33,1.0905,0.1763610541820526,0.10144136846065521,-0.8947845697402954,-0.0376909039914608,-0.044907163828611374,-0.15839120745658875,-0.027150126284436207,-0.018379127989341732,1.4601229419003101,0.04225514084100723,3.452615737915039,3.360114336013794,1.5367192029953003,5.30073356628418,0.1706877,0.1661147,-0.07597112
34,1.1242,0.17504428327083588,0.09991617500782013,-0.9005402326583862,-0.02769819088280201,-0.04036160558462143,-0.15039674937725067,-0.02720387428477997,-0.02066927383745794,1.460116550313694,0.04583451524376869,3.429680347442627,3.495732069015503,1.0063793659210205,5.357429027557373,0.17149894,0.17480181,-0.050323345
35,1.158,0.1741388589143753,0.09868677705526352,-0.905921459197998,-0.01776876486837864,-0.035076215863227844,-0.13912150263786316,-0.02703909535352052,-0.0236177031727713,1.4600540991861317,0.04932035133242607,3.370803117752075,3.6004762649536133,0.4654376208782196,5.4130353927612305,0.17010422,0.18169445,-0.023487845
36,1.1921,0.1736462563276291,0.09773624688386917,-0.9108532667160034,-0.007759608794003725,-0.02895418182015419,-0.12568698823451996,-0.026715379800642983,-0.02572092007949917,1.4599840580494625,0.05253329128026962,3.2889955043792725,3.6602656841278076,-0.04722943902015686,5.463327407836914,0.16708626,0.18594739,0.0023993314
37,1.2262,0.1736675649881363,0.09699122607707977,-0.9161877632141113,0.004645675886422396,-0.020399892702698708,-0.10566452890634537,-0.02629198296040162,-0.027337712693718666,1.4599042963748148,0.05584382265806198,3.1515626907348633,3.670419216156006,-0.6314668655395508,5.5173845291137695,0.16149141,0.1880785,0.032357432
38,1.2601,0.17415757477283478,0.09674139320850372,-0.9196923971176147,0.014469732530415058,-0.013009530492126942,-0.08712220191955566,-0.02549744133274409,-0.029250530227262678,1.459781258332453,0.057802822440862656,2.999321460723877,3.630770444869995,-1.0560764074325562,5.552660942077637,0.15536156,0.18806992,0.0547036
39,1.2941,0.17505328357219696,0.09681150317192078,-0.922441840171814,0.024175049737095833,-0.005045296158641577,-0.06652279943227768,-0.02465371860989336,-0.03043176908698352,1.4596526276518023,0.05904432013630867,2.825448989868164,3.539787769317627,-1.4269895553588867,5.581732749938965,0.1487505,0.18635806,0.07512626
40,1.328,0.17633704841136932,0.09724117070436478,-0.9243496656417847,0.033610012382268906,0.0035421198699623346,-0.04491763561964035,-0.023304885774417073,-0.03145985537807879,1.4595020258921583,0.05947071313858032,2.6243228912353516,3.3893847465515137,-1.7351963520050049,5.6011199951171875,0.14187095,0.1832302,0.09380475
41,1.3625,0.17799225449562073,0.09812141209840775,-0.9253778457641602,0.042928751558065414,0.012333539314568043,-0.02280939184129238,-0.02220943399131041,-0.03182754429786166,1.4593728625792894,0.05902077257633209,2.404374837875366,3.1844112873077393,-1.9736926555633545,5.614749431610107,0.13502796,0.17883424,0.11084116
42,1.3961,0.17995834350585938,0.09940338879823685,-0.9255979061126709,0.05184842646121979,0.021334629505872726,-0.0007378814625553787,-0.020428209905129936,-0.03188482930902818,1.459175921816678,0.057778339833021164,2.162801504135132,2.9141695499420166,-2.1516284942626953,5.619241714477539,0.12815973,0.17268306,0.12749766
43,1.4301,0.18284255266189575,0.10163826495409012,-0.9246708154678345,0.06248748302459717,0.03286988288164139,0.026734035462141037,-0.018834341282231135,-0.03153118024161707,1.4590141347804557,0.0550578348338604,1.8402807712554932,2.502110004425049,-2.280310869216919,5.617769718170166,0.11940009,0.16234052,0.14794987
44,1.4641,0.1854325532913208,0.10387325286865234,-0.923009991645813,0.07040928304195404,0.042316872626543045,0.04756728559732437,-0.01735763198164711,-0.03094803534786299,1.4588954909538927,0.05204222723841667,1.5679255723953247,2.1056149005889893,-2.30159854888916,5.606093883514404,0.11227291,0.1507747,0.16480832
45,1.498,0.18826936185359955,0.1064940094947815,-0.9205628633499146,0.07775043696165085,0.05146583542227745,0.06810343265533447,-0.015135797255788733,-0.02966822415770099,1.4587170591608574,0.04835038259625435,1.285928726196289,1.642281413078308,-2.2582180500030518,5.585224628448486,0.10457678,0.13355678,0.18364717
46,1.5323,0.19131502509117126,0.10946787148714066,-0.9173197746276855,0.08455458283424377,0.0605255626142025,0.08861938863992691,-0.013290480452905219,-0.028294434589978216,1.4585781753100098,0.0440707691013813,1.000459909439087,1.1371054649353027,-2.1483840942382812,5.55979061126709,0.095151775,0.10814787,0.2043286
47,1.566,0.1945519596338272,0.11279341578483582,-0.9132925271987915,0.09072061628103256,0.06936103850603104,0.108433298766613,-0.01167982039127401,-0.026809607849555953,1.4584628604348093,0.03935627639293671,0.7161890864372253,0.5899829864501953,-1.964819312095642,5.530106544494629,0.08239991,0.06787948,0.22605893
48,1.6002,0.19792728126049042,0.11643502861261368,-0.9085142612457275,0.0961691290140152,0.0776933953166008,0.12791475653648376,-0.009383194531271042,-0.02418629014609782,1.4583159871006914,0.03450356423854828,0.4483598470687866,-0.019867151975631714,-1.710133671760559,5.500594139099121,0.063397735,-0.0028092,0.24181157
49,1.6342,0.20233678817749023,0.12136664241552353,-0.9015235900878906,0.10212265700101852,0.08731143176555634,0.15312914550304413,-0.0075363432898688295,-0.02161653943125311,1.4582231759367021,0.02896971069276333,0.1257365345954895,-0.8083267211914062,-1.3250799179077148,5.48701286315918,0.020185625,-0.12976801,0.21272707
50,1.6681,0.2059878259897232,0.12556715309619904,-0.8951627016067505,0.10609178990125656,0.09435392171144485,0.17322500050067902,-0.005261723878967242,-0.017291483637477664,1.4581033336876486,0.026010436937212944,-0.0911404937505722,-1.5116276741027832,-0.9485846757888794,5.500554084777832,-0.012750951,-0.21148328,0.13271111
51,1.7021,0.20968346297740936,0.1300104707479477,-0.888109564781189,0.10937906056642532,0.10063976049423218,0.1897391378879547,-0.0035872535413501647,-0.01308364022117933,1.4580235720130008,0.02563714236021042,-0.2882091999053955,-2.2235960960388184,-0.4950835108757019,5.539699554443359,-0.031378876,-0.2420948,0.05390239
52,1.7362,0.21333929896354675,0.13464032113552094,-0.8805434703826904,0.11196330189704895,0.10582424700260162,0.19782014191150665,-0.0009006227589973716,-0.00498171901792658,1.4579476719219335,0.02855207584798336,-0.42720693349838257,-2.977459192276001,0.07928967475891113,5.6002912521362305,-0.035494145,-0.24737981,-0.006587719
53,1.77,0.21691273152828217,0.13938169181346893,-0.8728674650192261,0.11357312649488449,0.10940855741500854,0.1913764327764511,0.0014458921835305792,0.0029299578164401372,1.4579119855633265,0.03415064886212349,-0.5696287751197815,-3.6629905700683594,0.7471222877502441,5.668948650360107,-0.037658356,-0.24216157,-0.049392514
54,1.8041,0.22038181126117706,0.1441638469696045,-0.8655941486358643,0.11415427178144455,0.1107206791639328,0.17192356288433075,0.003604205445941225,0.010244251728045203,1.4579083902958547,0.041173867881298065,-0.7328062653541565,-4.244509696960449,1.4103407859802246,5.734231948852539,-0.04042114,-0.23412454,-0.07779352
55,1.8382,0.2245088517665863,0.15002603828907013,-0.8576351404190063,0.11304475367069244,0.10835619270801544,0.13711312413215637,0.006014268704590984,0.018404122172291048,1.4579320924295565,0.050355322659015656,-0.9520733952522278,-4.80436897277832,2.0928165912628174,5.794437408447266,-0.044688307,-0.2255069,-0.09823237
56,1.8721,0.23061087727546692,0.15869548916816711,-0.8483442068099976,0.10717760026454926,0.09560077637434006,0.07566000521183014,0.00874943501264324,0.027562025758908995,1.4579731051103437,0.06349162757396698,-1.2969614267349243,-5.356380939483643,2.7759270668029785,5.824681282043457,-0.052544348,-0.21700534,-0.11246231
57,1.9059,0.23061087727546692,0.15869548916816711,-0.8483442068099976,0.10717760026454926,0.09560077637434006,0.07566000521183014,0.01044531310826508,0.03288444682418942,1.458020243061638,0.06349162757396698,-1.2456164360046387,-5.414195537567139,2.7814924716949463,5.830191612243652,-0.050121117,-0.2178564,-0.1119217
58,1.9399,0.2361574023962021,0.1659507155418396,-0.8436590433120728,0.0976594090461731,0.07422692328691483,0.019096052274107933,0.012535693786598226,0.038773216143005024,1.458088952617762,0.07325085997581482,-1.5430934429168701,-5.671910762786865,3.106738328933716,5.797996520996094,-0.05802348,-0.21327548,-0.11681973
59,1.9741,0.23862464725971222,0.1688716560602188,-0.8429763317108154,0.09198073297739029,0.06154359504580498,-0.004187645390629768,0.01392484126337289,0.04207587711221795,1.4581241063441512,0.07668191194534302,-1.654313564300537,-5.739472389221191,3.177576780319214,5.769124984741211,-0.061128296,-0.21207839,-0.11741417
60,2.0082,0.2413923591375351,0.17173509299755096,-0.8434300422668457,0.08434603363275528,0.04444954916834831,-0.0282577034085989,0.015278000695323257,0.04467409036121288,1.4581320958274215,0.07966022938489914,-1.638115406036377,-5.763579845428467,3.177412509918213,5.7703657150268555,-0.0603829,-0.21245246,-0.11712323
61,2.042,0.24336887896060944,0.17338046431541443,-0.8446502685546875,0.0778091549873352,0.03035891242325306,-0.044022511690855026,0.016027541142342252,0.04566129504898083,1.4581265031891322,0.08110633492469788,-1.8767260313034058,-5.714775562286377,3.194241762161255,5.682787895202637,-0.06889014,-0.20977579,-0.117253006
62,2.0763,0.24508817493915558,0.17443236708641052,-0.846462607383728,0.07093125581741333,0.016186794266104698,-0.05686809867620468,0.01686318075516567,0.04606737718094748,1.4581081273776106,0.08178860694169998,-1.9611570835113525,-5.637967586517334,3.1567177772521973,5.637198448181152,-0.07260742,-0.20873305,-0.116870366
63,2.1103,0.24655964970588684,0.17492419481277466,-0.8487106561660767,0.06412344425916672,0.0020000042859464884,-0.06761706620454788,0.017343842840924845,0.04575348203458961,1.4580905505144162,0.08181951940059662,-2.0411500930786133,-5.519444465637207,3.10127592086792,5.588211536407471,-0.07671244,-0.207437,-0.116555095
64,2.144,0.24779795110225677,0.17489463090896606,-0.8513168096542358,0.05732123181223869,-0.01193577516824007,-0.07625982165336609,0.01766122922502424,0.04512183848067165,1.4580912163046886,0.08127905428409576,-2.111551523208618,-5.359965801239014,3.0291078090667725,5.536552429199219,-0.08110477,-0.20587648,-0.11634814
65,2.178,0.2488228678703308,0.17437122762203217,-0.8542335033416748,0.05046449229121208,-0.025488855317234993,-0.08324306458234787,0.017985111225469908,0.04373839287340274,1.4580840257697456,0.08022769540548325,-2.1786744594573975,-5.159276962280273,2.9382808208465576,5.4799299240112305,-0.086121544,-0.20394278,-0.11614828
66,2.2123,0.24971243739128113,0.17302533984184265,-0.8582743406295776,0.041901085525751114,-0.04182376712560654,-0.09011250734329224,0.01815792333248623,0.04233861459851108,1.4580723078609492,0.07819437235593796,-2.2386717796325684,-4.8480706214904785,2.801312208175659,5.40413761138916,-0.09281151,-0.20099273,-0.116137624
67,2.2461,0.2500703036785126,0.17144639790058136,-0.8617851734161377,0.03506331145763397,-0.05407772958278656,-0.09454283863306046,0.018273157064497197,0.040934009344143645,1.4580779004992384,0.07604718208312988,-2.270339012145996,-4.550879955291748,2.6696345806121826,5.3374857902526855,-0.098815955,-0.19807595,-0.116195194
68,2.2802,0.25016099214553833,0.16946706175804138,-0.8654425144195557,0.02817568928003311,-0.06583858281373978,-0.09812165796756744,0.018403387722396674,0.038748340553948005,1.458097874207414,0.07354032248258591,-2.2944297790527344,-4.2024970054626465,2.5157740116119385,5.264914512634277,-0.106051885,-0.19424553,-0.11628274
69,2.3139,0.2500286400318146,0.16706226766109467,-0.8692060708999634,0.021367041394114494,-0.07708282023668289,-0.10093457251787186,0.018506649713069895,0.03691847008538695,1.4580988063137954,0.07069722563028336,-2.302309513092041,-3.8041727542877197,2.3413848876953125,5.189716339111328,-0.11453411,-0.18924803,-0.11647801
70,2.348,0.24972428381443024,0.16419771313667297,-0.873069167137146,0.014743641018867493,-0.08762802928686142,-0.10319776833057404,0.01867429362309578,0.03451514821332078,1.4581273021374592,0.06753672659397125,-2.308157205581665,-3.347895622253418,2.1409859657287598,5.11210823059082,-0.12556261,-0.18212385,-0.11646857
71,2.3819,0.24922746419906616,0.1609259843826294,-0.876983642578125,0.0080667519941926,-0.09762872010469437,-0.10511993616819382,0.01880273705023246,0.03277099408115745,1.458152868483924,0.06413117796182632,-2.2939791679382324,-2.8468146324157715,1.917527437210083,5.037457466125488,-0.13891487,-0.17239253,-0.11611835
72,2.416,0.2483942061662674,0.15637990832328796,-0.8819406032562256,-3.402570291655138e-05,-0.10925912857055664,-0.10706041008234024,0.019066385836961103,0.030245096058731175,1.458194813271093,0.059720441699028015,-2.266986131668091,-2.172008991241455,1.5960657596588135,4.954447269439697,-0.16091746,-0.1541757,-0.11329353
73,2.4501,0.24756641685962677,0.15241806209087372,-0.885958194732666,-0.006500128656625748,-0.1177588403224945,-0.10830939561128616,0.01938009372980483,0.02817754054347515,1.4582404864837877,0.0561768040060997,-2.232304573059082,-1.611594557762146,1.3026809692382812,4.90236759185791,-0.18322316,-0.1322765,-0.10692148
74,2.484,0.2466055005788803,0.14817439019680023,-0.8900225162506104,-0.012818044051527977,-0.12551946938037872,-0.10889369249343872,0.019795359606343044,0.026295459633980934,1.458271512310487,0.052717458456754684,-2.1819164752960205,-1.0443570613861084,0.9739794731140137,4.869138717651367,-0.2091805,-0.10012259,-0.09337549
75,2.5184,0.24551232159137726,0.1436847597360611,-0.8940845727920532,-0.019252097234129906,-0.13260196149349213,-0.10868843644857407,0.020753248716174105,0.02341092327828886,1.45832304447758,0.049466703087091446,-2.1265010833740234,-0.4777316749095917,0.6030488014221191,4.854837894439697,-0.23508741,-0.052813847,-0.06666782
76,2.5519,0.24429364502429962,0.13899843394756317,-0.8981156349182129,-0.02559925615787506,-0.13885344564914703,-0.10703177750110626,0.0218725649193614,0.020837749985324477,1.4583894903467776,0.04657646641135216,-2.045520544052124,0.07413038611412048,0.1985975205898285,4.864232063293457,-0.24866825,0.009011825,-0.024142949
77,2.5863,0.2429199069738388,0.13414883613586426,-0.9020413160324097,-0.03212973102927208,-0.1441006064414978,-0.1026027649641037,0.02314812129356308,0.01831163766165424,1.4584205161734771,0.0441497266292572,-1.931877851486206,0.6045597791671753,-0.244315505027771,4.897351264953613,-0.23687117,0.07412621,0.029955981
78,2.6202,0.24099721014499664,0.12788745760917664,-0.9066029787063599,-0.040470756590366364,-0.14923611283302307,-0.09142766892910004,0.025405148236810633,0.014052471178020337,1.4584643251734088,0.0418563112616539,-1.756239891052246,1.231955885887146,-0.8488081693649292,4.9698991775512695,-0.1903107,0.13349792,0.09197905
79,2.6542,0.23925691843032837,0.122786745429039,-0.9097594022750854,-0.0473933182656765,-0.15188069641590118,-0.07469194382429123,0.027451733439076885,0.009773179102804919,1.458469651495589,0.04055582731962204,-1.5768393278121948,1.6948211193084717,-1.374323844909668,5.054464817047119,-0.14643003,0.15738617,0.12762383
80,2.6881,0.23729920387268066,0.11767943203449249,-0.9121655225753784,-0.05458826199173927,-0.1529889553785324,-0.051861491054296494,0.029810649180560585,0.003143281961167663,1.458432899872546,0.03948121517896652,-1.3812060356140137,2.12158465385437,-1.8929524421691895,5.152769088745117,-0.10923697,0.16779211,0.14971003
81,2.7221,0.23510906100273132,0.11262484639883041,-0.9136278629302979,-0.06207742914557457,-0.1525036096572876,-0.024035658687353134,0.030800392193742518,-0.0022441761506906198,1.458392020349813,0.03838428109884262,-1.1206353902816772,2.512408971786499,-2.3438873291015625,5.264618873596191,-0.07751796,0.17379141,0.16213423
82,2.7562,0.23272161185741425,0.10771339386701584,-0.9139983654022217,-0.06945538520812988,-0.15008702874183655,0.005047408863902092,0.030839825703227106,-0.010303641260651272,1.4583210471067625,0.03705860674381256,-0.8617261648178101,2.879558801651001,-2.7009754180908203,5.37244987487793,-0.05331141,0.17814632,0.16709812
83,2.7901,0.230137899518013,0.1030060350894928,-0.9132541418075562,-0.07670040428638458,-0.14574339985847473,0.033708203583955765,0.029658289318478234,-0.016542681801542246,1.4582856270642646,0.03539865463972092,-0.5653781294822693,3.2025203704833984,-2.9344232082366943,5.473783493041992,-0.03226857,0.18278165,0.16748019
84,2.8243,0.2265121340751648,0.09750762581825256,-0.9108479022979736,-0.08523701131343842,-0.13770104944705963,0.06555352360010147,0.02787522390607532,-0.021612095281184043,1.458270447046051,0.03285752609372139,-0.1627151519060135,3.533231019973755,-3.0519626140594482,5.580559730529785,-0.008707513,0.18907677,0.16332224
85,2.8581,0.2232923060655594,0.09347035735845566,-0.907842755317688,-0.09124664217233658,-0.12923811376094818,0.08739306032657623,0.024391307776952687,-0.027969218928392908,1.4583020055049685,0.03063197061419487,0.15088985860347748,3.792933464050293,-3.0357577800750732,5.6559739112854,0.0077609476,0.19508772,0.15614274
86,2.8922,0.21984045207500458,0.08977215737104416,-0.9040229320526123,-0.09644900262355804,-0.11935380101203918,0.10533979535102844,0.0210333591673908,-0.03222058526286532,1.458351540301244,0.028584439307451248,0.4753280580043793,4.00666618347168,-2.918428421020508,5.718842506408691,0.02386371,0.20115353,0.14651887
87,2.9262,0.21620912849903107,0.08643601089715958,-0.8995306491851807,-0.10071293264627457,-0.10816793888807297,0.11963358521461487,0.01780620713746003,-0.035335287396362096,1.4584307693436738,0.02713298797607422,0.7977856993675232,4.18079948425293,-2.7165231704711914,5.769763946533203,0.039500117,0.20700054,0.13450101
88,2.9601,0.2124307006597519,0.08349908888339996,-0.8945778608322144,-0.10363693535327911,-0.09595149755477905,0.13021571934223175,0.01300978535460547,-0.038882921735159476,1.458566856875377,0.026726368814706802,1.113103985786438,4.344984531402588,-2.443218469619751,5.8152313232421875,0.054483116,0.212674,0.11958825
89,2.9944,0.20857281982898712,0.08097568154335022,-0.8892958164215088,-0.10535243153572083,-0.08278106153011322,0.13728587329387665,0.00914334358559578,-0.04103914178936373,1.45870028124599,0.0276006031781435,1.4162945747375488,4.454438209533691,-2.1031904220581055,5.844797134399414,0.069080055,0.21726611,0.102583535
90,3.0282,0.2037084698677063,0.07844527065753937,-0.8824117183685303,-0.10574281215667725,-0.06556367129087448,0.14135421812534332,0.005815232783215789,-0.04246922184403345,1.4588064082154295,0.030405482277274132,1.7710953950881958,4.512531757354736,-1.590918779373169,5.856085777282715,0.086783804,0.22111438,0.077955134
91,3.0622,0.19983690977096558,0.07691912353038788,-0.8768595457077026,-0.10465584695339203,-0.05113380402326584,0.1405179798603058,0.001171537567242117,-0.04384161949396773,1.4589638010358532,0.03371161222457886,2.045520544052124,4.535980701446533,-1.1115802526474,5.854582786560059,0.10029976,0.22241662,0.05450507
92,3.0958,0.1960868239402771,0.07587984204292297,-0.871437668800354,-0.10220827162265778,-0.036425620317459106,0.13599155843257904,-0.003185328957546216,-0.044574017922063947,1.4591190633274047,0.037518177181482315,2.2975261211395264,4.4942097663879395,-0.5722665786743164,5.8312788009643555,0.11307241,0.22118187,0.028164016
93,3.1302,0.19251684844493866,0.07531868666410446,-0.8662587404251099,-0.09858076274394989,-0.02149212919175625,0.1286173164844513,-0.006488541804477219,-0.0447225349259171,1.459232513989842,0.04150139540433884,2.5360422134399414,4.409595966339111,0.014895766973495483,5.795689582824707,0.12463662,0.21671452,-0.0007320691
94,3.164,0.1891479343175888,0.07526366412639618,-0.8614300489425659,-0.09399431198835373,-0.006506722420454025,0.1188226267695427,-0.009165623632887275,-0.04454595902326644,1.4593148056675256,0.04539438337087631,2.7540950775146484,4.258753299713135,0.6359513998031616,5.742720603942871,0.13470344,0.20829663,-0.031104533
95,3.1979,0.18593132495880127,0.0757262110710144,-0.8570612668991089,-0.08835048228502274,0.00830541830509901,0.10505524277687073,-0.012644423579884516,-0.04383975528120468,1.459413475785913,0.04904147982597351,2.966531991958618,4.074248790740967,1.2910022735595703,5.6854963302612305,0.1425519,0.19578142,-0.062037025
96,3.2315,0.18218760192394257,0.07703288644552231,-0.8524322509765625,-0.07998723536729813,0.02676142193377018,0.08439951390028,-0.015162662933582208,-0.04286029872773318,1.4594500942509017,0.052999503910541534,3.201164722442627,3.774770975112915,2.0950613021850586,5.607171058654785,0.14890425,0.17558591,-0.09745313
97,3.266,0.17944194376468658,0.078671395778656,-0.8495076894760132,-0.0724370926618576,0.041206445544958115,0.06478957086801529,-0.017152730864089936,-0.041701087123059734,1.4594683369043686,0.05553954839706421,3.369640588760376,3.5052857398986816,2.6968863010406494,5.549704551696777,0.15150991,0.15760896,-0.12126071
98,3.3001,0.17695237696170807,0.0808766558766365,-0.8473933935165405,-0.06401578336954117,0.05527113750576973,0.04239237681031227,-0.019642109249771195,-0.03950795732062267,1.4594503605670106,0.057391006499528885,3.5250484943389893,3.21403431892395,3.2403147220611572,5.499890327453613,0.15281731,0.13933428,-0.14047357
99,3.3338,0.1747334599494934,0.08361522853374481,-0.8462473154067993,-0.05507701635360718,0.0688123032450676,0.018586071208119392,-0.021299392315532902,-0.03722433413658255,1.4594207994789108,0.058471523225307465,3.6585333347320557,2.8949992656707764,3.6849043369293213,5.452528953552246,0.15384617,0.12173855,-0.1549551
100,3.3681,0.17283496260643005,0.08685503154993057,-0.84610915184021,-0.045540377497673035,0.08168178796768188,-0.005645280703902245,-0.022965825836352555,-0.03377693036212382,1.4593507583422416,0.05876130238175392,3.7818193435668945,2.549064874649048,4.025687217712402,5.408365249633789,0.15541911,0.10475736,-0.1654412
101,3.402,0.1712532788515091,0.0905870795249939,-0.8468853235244751,-0.035571664571762085,0.09346921741962433,-0.029442591592669487,-0.023836833476808986,-0.031002915191670036,1.4592767224639376,0.0583769790828228,3.8791065216064453,2.1743907928466797,4.260534763336182,5.3625640869140625,0.15746862,0.08826732,-0.17295234
102,3.436,0.1697199046611786,0.09584648907184601,-0.8491095304489136,-0.02292218804359436,0.10680241137742996,-0.0575234480202198,-0.024684336640050864,-0.026615093060250086,1.4591491570477226,0.057132311165332794,3.987208843231201,1.650892734527588,4.4211506843566895,5.3027753829956055,0.16134247,0.0668034,-0.17890194
103,3.4706,0.1688435971736908,0.10041698068380356,-0.851809024810791,-0.012687833979725838,0.11591367423534393,-0.07806771248579025,-0.025057711824879977,-0.02285474497116643,1.4590243879506526,0.05574426427483559,4.0540547370910645,1.1907124519348145,4.453005790710449,5.2534894943237305,0.16510502,0.04849283,-0.18135265
104,3.506,0.1683279424905777,0.10521925985813141,-0.8553252220153809,-0.002533157356083393,0.12371966242790222,-0.09650164097547531,-0.02520843217841625,-0.019464418148414063,1.4589134672912507,0.05413929000496864,4.091729164123535,0.6953065395355225,4.403325080871582,5.202900409698486,0.16905092,0.02872678,-0.1819246
105,3.5399,0.1683952510356903,0.11520735174417496,-0.8640182018280029,0.01737137883901596,0.13514383137226105,-0.12678806483745575,-0.025199277562169102,-0.014518821893812235,1.4587278449632721,0.05132646486163139,4.050610542297363,-0.376144140958786,4.1131439208984375,5.108173847198486,0.17504627,-0.016254988,-0.17774864
106,3.5742,0.16897335648536682,0.12027586996555328,-0.8690731525421143,0.02689240127801895,0.13865604996681213,-0.13860344886779785,-0.025060094105698837,-0.010531401871096495,1.4585840342644079,0.050505608320236206,3.9897446632385254,-0.9592835903167725,3.886726140975952,5.067812919616699,0.1764754,-0.042431276,-0.17191866
107,3.608,0.170122891664505,0.12660254538059235,-0.8759331703186035,0.03844420611858368,0.1412099301815033,-0.14996127784252167,-0.02479743984318977,-0.0054793030997294144,1.458402806152228,0.05045723542571068,3.8647971153259277,-1.7072794437408447,3.535870313644409,5.023752212524414,0.17537186,-0.07747076,-0.16044623
108,3.6421,0.1713351309299469,0.13163240253925323,-0.8818708658218384,0.04727451875805855,0.1417086273431778,-0.15616770088672638,-0.024589411591946355,-0.0018237531303207908,1.4582837628515015,0.051401589065790176,3.7263355255126953,-2.301398992538452,3.201885938644409,4.990595817565918,0.17171043,-0.106049016,-0.14754367
109,3.676,0.17280352115631104,0.1365840882062912,-0.8880090713500977,0.05594421550631523,0.14094726741313934,-0.15952520072460175,-0.024272913621741853,0.0036541163096909424,1.4580902841983072,0.05327476188540459,3.575662136077881,-2.89543080329895,2.8359832763671875,4.963717460632324,0.16539341,-0.13392909,-0.13117932
110,3.7103,0.17455273866653442,0.1413843333721161,-0.8942151069641113,0.06396489590406418,0.13862720131874084,-0.1602615863084793,-0.02398421239541505,0.008216372111544856,1.457916379779125,0.05595303326845169,3.389669895172119,-3.4400579929351807,2.443859338760376,4.936886787414551,0.15656365,-0.158891,-0.112878114
111,3.7442,0.17653945088386536,0.14598289132118225,-0.9003183841705322,0.07180841267108917,0.13488434255123138,-0.15822581946849823,-0.023631322745033535,0.012254226787701274,1.4577576553781564,0.05927601084113121,3.1728224754333496,-3.9284868240356445,2.0362792015075684,4.9130706787109375,0.14568034,-0.18037671,-0.09349588
112,3.778,0.17877614498138428,0.15035872161388397,-0.9062333106994629,0.07914836704730988,0.12974044680595398,-0.1532849371433258,-0.022952468419010125,0.01797701979306419,1.457560714615545,0.0630340501666069,2.9538016319274902,-4.375892162322998,1.6205158233642578,4.894867897033691,0.13371353,-0.19808914,-0.07335797
113,3.8122,0.1818694770336151,0.15544161200523376,-0.913205623626709,0.08776725828647614,0.1214289516210556,-0.14352047443389893,-0.022191534635952633,0.022473806824960415,1.4573949328376876,0.06803075969219208,2.628365993499756,-4.819106578826904,1.0874401330947876,4.873204231262207,0.11742276,-0.21529451,-0.048581596
114,3.8462,0.18455688655376434,0.1591418832540512,-0.9183157682418823,0.09403984248638153,0.11315060406923294,-0.13347922265529633,-0.021330830099963446,0.026249245466689653,1.4572841453363403,0.07201121747493744,2.356743812561035,-5.097141742706299,0.6660369634628296,4.86073112487793,0.10418903,-0.22533898,-0.029444756
115,3.88,0.187436044216156,0.16251082718372345,-0.923007607460022,0.09995928406715393,0.10359783470630646,-0.12095613777637482,-0.01980460160756346,0.031196859898055058,1.4571190293487553,0.07585078477859497,2.0846080780029297,-5.327401161193848,0.24791595339775085,4.855597972869873,0.09101338,-0.23259278,-0.010823938
116,3.9144,0.19042988121509552,0.16548696160316467,-0.9271732568740845,0.10508082807064056,0.09317228943109512,-0.10658088326454163,-0.018281980866202686,0.034770170854831084,1.4570137013276427,0.07939057797193527,1.7974050045013428,-5.483212947845459,-0.16682198643684387,4.853841304779053,0.07784068,-0.23746291,0.0072246026
117,3.9482,0.19349834322929382,0.16803336143493652,-0.9307482242584229,0.10956819355487823,0.08182105422019958,-0.09083780646324158,-0.01601195956937069,0.03869972954167565,1.4568953238171887,0.08250384777784348,1.5043474435806274,-5.569371223449707,-0.5679864883422852,4.858278274536133,0.064877704,-0.24018921,0.024495445
118,3.982,0.1965903788805008,0.17014339566230774,-0.9337068796157837,0.11343398690223694,0.06972751766443253,-0.07434885203838348,-0.014248353958276769,0.041013650344304625,1.4568350032184985,0.08512326329946518,1.2206156253814697,-5.6164984703063965,-0.9415298700332642,4.869781017303467,0.052394032,-0.24108408,0.040414482
119,4.0159,0.20055007934570312,0.17206771671772003,-0.9365508556365967,0.11710155755281448,0.05344182625412941,-0.05356486141681671,-0.011498996954744135,0.04362113056165519,1.4567525783827604,0.08755432814359665,0.8521981835365295,-5.5577006340026855,-1.379977822303772,4.892333507537842,0.036799133,-0.23998943,0.05958941
120,4.0502,0.20378589630126953,0.1730225533246994,-0.9381431341171265,0.11926858872175217,0.03983379900455475,-0.0366617850959301,-0.009190151762645826,0.04513289059919549,1.4567037093767574,0.08878321200609207,0.5590048432350159,-5.467872142791748,-1.6970455646514893,4.917326927185059,0.024294429,-0.23763448,0.073753834
121,4.084,0.2070915251970291,0.17342180013656616,-0.9390274286270142,0.1206369698047638,0.0258367657661438,-0.019703703001141548,-0.007146605788943896,0.04605438594825493,1.4566734824983851,0.08926382660865784,0.2631780505180359,-5.302270412445068,-1.9822839498519897,4.9504289627075195,0.011610495,-0.23391762,0.087451436
122,4.1181,0.21036002039909363,0.17325425148010254,-0.9391981363296509,0.12123937159776688,0.011816924437880516,-0.0021444803569465876,-0.004089175402823061,0.04668864272899252,1.4566151592705123,0.08898211270570755,-0.026471536606550217,-5.102322101593018,-2.2334163188934326,4.9891486167907715,-0.0011881752,-0.22901776,0.10024691
123,4.152,0.21364377439022064,0.1724940836429596,-0.9387121200561523,0.12092792242765427,-0.0023899611551314592,0.014829032123088837,-0.001612391246376922,0.04669559191496195,1.4565618960487108,0.08794212341308594,-0.3094745874404907,-4.833460330963135,-2.4466919898986816,5.034011363983154,-0.014258161,-0.22268793,0.11272437
124,4.1866,0.21687646210193634,0.17119351029396057,-0.9375828504562378,0.11998996883630753,-0.01657719537615776,0.03143559768795967,0.0005375310755332442,0.04633961882338083,1.4565102307235631,0.08619244396686554,-0.5799595713615417,-4.508057117462158,-2.619631052017212,5.085169792175293,-0.027637737,-0.21482962,0.12483745
125,4.2202,0.22085586190223694,0.16884660720825195,-0.9353238344192505,0.11785734444856644,-0.03405402600765228,0.05175676941871643,0.0036036746342434853,0.045304123534909174,1.456449910124873,0.08307652175426483,-0.9047482013702393,-4.041314125061035,-2.78163743019104,5.15427303314209,-0.045338813,-0.20251866,0.13939363
126,4.2544,0.22396020591259003,0.1664290875196457,-0.9328633546829224,0.11551643908023834,-0.04756473749876022,0.06740406155586243,0.006025310940290456,0.04409055015448449,1.4564062342829955,0.07989379018545151,-1.1488791704177856,-3.6226322650909424,-2.8632280826568604,5.2130866050720215,-0.06036179,-0.19033208,0.15043321
127,4.288,0.22696110606193542,0.16356714069843292,-0.9299126863479614,0.11220403760671616,-0.060629431158304214,0.08240518718957901,0.009018496466228007,0.0420914399598381,1.4563423184168336,0.07619522511959076,-1.3687676191329956,-3.1653177738189697,-2.907423734664917,5.273738861083984,-0.07586327,-0.17543617,0.16114253
128,4.322,0.22982782125473022,0.16027219593524933,-0.9263685941696167,0.10840292274951935,-0.07317506521940231,0.09701168537139893,0.011107652714638096,0.04042142573570905,1.4562977104685748,0.0719391331076622,-1.5820354223251343,-2.690389394760132,-2.911038875579834,5.333251953125,-0.092670076,-0.15759355,0.17051843
129,4.3561,0.23257756233215332,0.1566225290298462,-0.9222137928009033,0.10400768369436264,-0.08501794934272766,0.11140226572751999,0.014061720461321857,0.0376173542956402,1.456235658815176,0.0672123059630394,-1.7773784399032593,-2.200269937515259,-2.8700363636016846,5.392906188964844,-0.11027119,-0.136508,0.1780613
130,4.3901,0.23522064089775085,0.15265300869941711,-0.917544960975647,0.09891583770513535,-0.09607385843992233,0.12535996735095978,0.01641847446501447,0.035076511362190456,1.4561961108729884,0.06216301769018173,-1.943585991859436,-1.6992888450622559,-2.7842843532562256,5.452944755554199,-0.12796791,-0.111883104,0.18332043
131,4.4244,0.23840685188770294,0.14728035032749176,-0.9110112190246582,0.09177368134260178,-0.10855934768915176,0.14123813807964325,0.01847327489506524,0.032607494715578,1.4561633539915804,0.05559977516531944,-2.1123318672180176,-1.0739136934280396,-2.6022939682006836,5.525454044342041,-0.15004313,-0.07628222,0.1848461
132,4.4582,0.24082797765731812,0.14271478354930878,-0.9053318500518799,0.08554840832948685,-0.11742493510246277,0.15266481041908264,0.02137975112083144,0.028772661339756186,1.4561055633959257,0.05042275786399841,-2.2529478073120117,-0.6010074615478516,-2.4187519550323486,5.572731971740723,-0.16764678,-0.044722285,0.17998464
133,4.4926,0.24308717250823975,0.1379503458738327,-0.8991541862487793,0.07864802330732346,-0.12517154216766357,0.16262027621269226,0.023738009394421028,0.025319082360519836,1.4560433785844722,0.045515455305576324,-2.3617305755615234,-0.14725825190544128,-2.1786961555480957,5.614359378814697,-0.18356103,-0.011445369,0.16933502
134,4.5263,0.24519804120063782,0.1330009400844574,-0.8925608396530151,0.07129979133605957,-0.13182474672794342,0.1706913858652115,0.02582884468267463,0.022046554642922243,1.456000235374813,0.04128376767039299,-2.4457597732543945,0.2837003171443939,-1.8833527565002441,5.648506164550781,-0.19724645,0.022879958,0.15188926
135,4.5601,0.24710240960121155,0.12791620194911957,-0.885685920715332,0.06331013888120651,-0.13734567165374756,0.17616693675518036,0.02884207413685558,0.016949330895537833,1.4559395153019592,0.03821481391787529,-2.5301222801208496,0.6844354867935181,-1.5477917194366455,5.6678266525268555,-0.20779929,0.05621278,0.12712035
136,4.5944,0.2487351894378662,0.12274692952632904,-0.8786811828613281,0.054662302136421204,-0.14145953953266144,0.17800121009349823,0.031227839951673244,0.012554800927122243,1.4558899805056837,0.03673969954252243,-2.5762085914611816,1.0605881214141846,-1.152223825454712,5.675989627838135,-0.21362664,0.087947026,0.09554572
137,4.6283,0.25028297305107117,0.11620603501796722,-0.869878888130188,0.04259660094976425,-0.14452026784420013,0.17480053007602692,0.034107243480483114,0.006645782221346332,1.455810485147145,0.03738486021757126,-2.591233491897583,1.499464511871338,-0.5847020149230957,5.666581153869629,-0.21237038,0.12289199,0.04792057
138,4.6621,0.2511429786682129,0.11099313944578171,-0.8630353212356567,0.032293885946273804,-0.14532716572284698,0.1668432354927063,0.03599654197265036,0.002295557474675035,1.455765344566668,0.03973453864455223,-2.565690755844116,1.830184817314148,-0.06902393698692322,5.644528388977051,-0.2034765,0.14514594,0.0054740617
139,4.696,0.2516147494316101,0.10584747791290283,-0.8565752506256104,0.021088730543851852,-0.14421440660953522,0.1543167531490326,0.03831157797398581,-0.004047294854012637,1.4557051571260322,0.04316052794456482,-2.5313572883605957,2.14326810836792,0.47025832533836365,5.606438636779785,-0.18890718,0.15994531,-0.03509389
140,4.7304,0.25167161226272583,0.1008719876408577,-0.850739598274231,0.009436186403036118,-0.14125259220600128,0.13608084619045258,0.03969472813682129,-0.009113350774116064,1.4556890450014373,0.04705261439085007,-2.4497687816619873,2.440807342529297,1.0498218536376953,5.5598063468933105,-0.16946357,0.16884366,-0.07262178
141,4.7641,0.25131532549858093,0.09614849835634232,-0.8457049131393433,-0.002574510406702757,-0.13652226328849792,0.11438848078250885,0.04048195439385951,-0.013453400372888117,1.455649630217304,0.05090275779366493,-2.3289194107055664,2.717360734939575,1.6228718757629395,5.509905815124512,-0.14816578,0.1728784,-0.10324706
142,4.7981,0.25060686469078064,0.09174638986587524,-0.8415877819061279,-0.01483936421573162,-0.12987565994262695,0.08786358684301376,0.04070985856533224,-0.019242144065933324,1.4556696039254797,0.05437659099698067,-2.2000608444213867,2.977647542953491,2.179795503616333,5.453516960144043,-0.1280208,0.17326829,-0.12684156
143,4.8322,0.2492208182811737,0.08680111914873123,-0.8379626274108887,-0.030284658074378967,-0.11916670948266983,0.052192360162734985,0.0400615744157905,-0.023380074302130575,1.4557076871290677,0.057697247713804245,-1.9819101095199585,3.252509355545044,2.8126235008239746,5.388673782348633,-0.10464754,0.17173691,-0.14851034
144,4.8661,0.2476441115140915,0.08334007859230042,-0.8363621234893799,-0.04219033569097519,-0.10889577865600586,0.023365361616015434,0.03891497953678131,-0.026544173912659116,1.4557690729921942,0.05927287042140961,-1.7894303798675537,3.4390809535980225,3.2317652702331543,5.341861724853516,-0.08863582,0.17034793,-0.16007896
145,4.9004,0.24563969671726227,0.08034734427928925,-0.8358722925186157,-0.05364453047513962,-0.09734763205051422,-0.0050926958210766315,0.0363589357791721,-0.030168784009932798,1.455884521025449,0.05983526632189751,-1.5810503959655762,3.6083877086639404,3.570258617401123,5.30113410949707,-0.07434408,0.16967346,-0.16788055
146,4.9341,0.24324028193950653,0.07783110439777374,-0.8364883661270142,-0.06434395909309387,-0.0848282054066658,-0.032393380999565125,0.033649192256557096,-0.03233703406212364,1.4560425796361454,0.059372883290052414,-1.3531689643859863,3.7401082515716553,3.8315742015838623,5.26571798324585,-0.061254643,0.16930553,-0.17344598
147,4.9681,0.240498885512352,0.07581038773059845,-0.8381487131118774,-0.07388931512832642,-0.07176081836223602,-0.05740365758538246,0.02958476526644603,-0.03410969858211303,1.4562496404108989,0.05794139578938484,-1.1090295314788818,3.8528337478637695,4.006890296936035,5.238926410675049,-0.048913814,0.16992946,-0.17672414
148,5.0018,0.23743297159671783,0.07428507506847382,-0.8406813144683838,-0.08236652612686157,-0.05816318467259407,-0.07955380529165268,0.0265386457728026,-0.03481851347039983,1.4564167537693014,0.05568716302514076,-0.8571146130561829,3.9193320274353027,4.106128692626953,5.214097023010254,-0.037325963,0.1706806,-0.17881529
149,5.036,0.2332288771867752,0.07308278232812881,-0.8449258804321289,-0.09112361073493958,-0.04107265546917915,-0.10323429107666016,0.022074709249071425,-0.03518044954610921,1.45663992666865,0.051892925053834915,-0.5236591100692749,3.966911554336548,4.1300554275512695,5.189801216125488,-0.022765907,0.17246017,-0.1795528
150,5.0702,0.2296358346939087,0.07269113510847092,-0.8490374088287354,-0.09667302668094635,-0.027447864413261414,-0.11917281150817871,0.018432093686115286,-0.03501139291234882,1.4568419274373325,0.0482567623257637,-0.2444004863500595,3.970667600631714,4.079775333404541,5.1722822189331055,-0.0107225375,0.17420436,-0.17899123
151,5.1041,0.22590112686157227,0.07275261729955673,-0.8536800146102905,-0.10096060484647751,-0.014210396446287632,-0.1325893998146057,0.015331549998882565,-0.034606224161412284,1.4569951923580666,0.04429309815168381,0.040135692805051804,3.941478967666626,3.971654176712036,5.153148651123047,0.0017931762,0.17609678,-0.17744493
152,5.1382,0.22207261621952057,0.07329010218381882,-0.8587733507156372,-0.10404559224843979,-0.0013174198102205992,-0.1439690887928009,0.011056473208330038,-0.03372923481147619,1.4572071799808368,0.040163803845644,0.34383445978164673,3.892296552658081,3.814645528793335,5.13570499420166,0.015741194,0.17819446,-0.1746395
153,5.1719,0.21423816680908203,0.07575088739395142,-0.8698762655258179,-0.10690704733133316,0.023335864767432213,-0.1603492945432663,0.007771583637906892,-0.03285328159765169,1.4573665701720782,0.03246622532606125,0.927743673324585,3.6380207538604736,3.354065179824829,5.065666675567627,0.04606979,0.18065642,-0.16655578
154,5.2062,0.21423816680908203,0.07575088739395142,-0.8698762655258179,-0.10690704733133316,0.023335864767432213,-0.1603492945432663,0.005013643141345255,-0.03198688247423786,1.4574982634879825,0.03246622532606125,0.9548097252845764,3.6657350063323975,3.3593175411224365,5.077110290527344,0.047146145,0.18100494,-0.16587481
155,5.24,0.2055322527885437,0.0804610550403595,-0.8834306001663208,-0.10538788884878159,0.04858888313174248,-0.16981180012226105,0.001254707515921776,-0.030674164599856567,1.4576386120774298,0.027911905199289322,1.3450511693954468,3.452500581741333,2.9809887409210205,5.026690483093262,0.07070961,0.18149865,-0.15671116
156,5.2741,0.20181599259376526,0.0831063762307167,-0.8896287679672241,-0.10318484902381897,0.05892575532197952,-0.17157100141048431,-0.0017115855445668045,-0.029602009234504293,1.4577335537702911,0.028469491750001907,1.9361624717712402,2.9609949588775635,2.236096143722534,4.906590938568115,0.11565384,0.17687072,-0.13356994
157,5.3081,0.19827984273433685,0.08606366813182831,-0.8958286046981812,-0.10013516992330551,0.06871569156646729,-0.17131279408931732,-0.005297140280424743,-0.02824483113408089,1.4578185086090647,0.030681626871228218,2.2364423274993896,2.6863627433776855,1.816673994064331,4.846189498901367,0.14192945,0.17048237,-0.115290046
158,5.3421,0.19492696225643158,0.08928462117910385,-0.9019266366958618,-0.09611635655164719,0.07791583985090256,-0.16801504790782928,-0.007794485262835622,-0.027286783899060103,1.4578673776150675,0.03421332687139511,2.5092077255249023,2.366722583770752,1.3562304973602295,4.779681205749512,0.16925165,0.1596407,-0.09148076
159,5.3759,0.19186177849769592,0.09273608028888702,-0.9078600406646729,-0.09109705686569214,0.08651546388864517,-0.16219469904899597,-0.011601336201711535,-0.025885803040488698,1.4579093224022364,0.03857745602726936,2.764232635498047,2.036853075027466,0.8777880668640137,4.721012592315674,0.19499129,0.14368132,-0.061919905
160,5.41,0.18846282362937927,0.09732561558485031,-0.9148379564285278,-0.08368352055549622,0.0964263379573822,-0.15108031034469604,-0.014885730590619496,-0.024686053130597206,1.4579344892745376,0.04455716535449028,3.022521734237671,1.56791090965271,0.2599897086620331,4.648900508880615,0.22127421,0.11478437,-0.01903345
161,5.4443,0.1860923171043396,0.10117951035499573,-0.9199181795120239,-0.076756052672863,0.10350735485553741,-0.138087198138237,-0.017827331414450323,-0.023538655142071787,1.4579272987395944,0.04937506094574928,3.1915228366851807,1.1740636825561523,-0.23825711011886597,4.6069817543029785,0.23405397,0.0861013,0.017472858
162,5.4784,0.1840636432170868,0.10515858232975006,-0.9243990182876587,-0.06882598251104355,0.10992933064699173,-0.12063831835985184,-0.02210806742231927,-0.021582411438002668,1.4579162466210704,0.053929079324007034,3.3349099159240723,0.781965970993042,-0.7238318920135498,4.589217185974121,0.23813955,0.0558387,0.051687457
163,5.5121,0.18241676688194275,0.10919387638568878,-0.9281858205795288,-0.060003992170095444,0.11536786705255508,-0.09966693818569183,-0.025593933068583624,-0.019617610248337067,1.4578878839554612,0.05802887678146362,3.428558588027954,0.3711759150028229,-1.1881088018417358,4.587940216064453,0.23499256,0.025440305,0.081432685
164,5.5462,0.18118859827518463,0.11324725300073624,-0.9311840534210205,-0.050204839557409286,0.1200902909040451,-0.07580485939979553,-0.02854733086380566,-0.01752338359088282,1.457829693885643,0.06151517480611801,3.4735453128814697,-0.0541224330663681,-1.611379623413086,4.603301048278809,0.22676294,-0.0035332667,0.105195455
165,5.5801,0.18040446937084198,0.11734495311975479,-0.9332247972488403,-0.03963349759578705,0.12381264567375183,-0.04989863559603691,-0.03233807435942445,-0.013906932545339408,1.4576880137156507,0.06420984864234924,3.497450351715088,-0.47529134154319763,-1.9583783149719238,4.636641025543213,0.21661423,-0.02943712,0.12129196
166,5.6143,0.18003015220165253,0.12253676354885101,-0.9344311952590942,-0.025258276611566544,0.12704433500766754,-0.017084769904613495,-0.03477680795161027,-0.010510600086269454,1.457549396180912,0.06648137420415878,3.4452857971191406,-1.0351402759552002,-2.2924306392669678,4.683533191680908,0.20191489,-0.060665574,0.13435051
167,5.648,0.18025046586990356,0.12671814858913422,-0.934431791305542,-0.013124287128448486,0.12825636565685272,0.007864308543503284,-0.03692626815395384,-0.005780279834205799,1.4573272885459996,0.06751301139593124,3.386873245239258,-1.4851536750793457,-2.4491217136383057,4.726932048797607,0.19089031,-0.083705954,0.13803694
168,5.6821,0.18092067539691925,0.13092555105686188,-0.9335528612136841,-0.0005534014781005681,0.1283690184354782,0.031289633363485336,-0.03778109292959884,-0.002241130680342492,1.4571640367711776,0.06787879765033722,3.2734172344207764,-1.9434144496917725,-2.5302202701568604,4.770720481872559,0.17903139,-0.10629021,0.13838409
169,5.7165,0.18199250102043152,0.1351325660943985,-0.9318301677703857,0.012166736647486687,0.12729476392269135,0.0523717999458313,-0.03812001762901425,0.0031049243791664407,1.45690571014544,0.06768190860748291,3.139763832092285,-2.4073984622955322,-2.518152952194214,4.816526889801025,0.16736983,-0.12832999,0.13423392
170,5.7501,0.18343356251716614,0.13927091658115387,-0.9293698072433472,0.024948805570602417,0.12499458342790604,0.07031131535768509,-0.03764068192231361,0.007488695592897029,1.4566874640941079,0.06706029176712036,2.992003917694092,-2.880906820297241,-2.4145288467407227,4.865192890167236,0.15569283,-0.14991175,0.12564316
171,5.7837,0.18522046506404877,0.14327333867549896,-0.9262869358062744,0.03739994019269943,0.12142042815685272,0.0850198045372963,-0.03676724414736248,0.011330311707120136,1.4564685522525034,0.06614764034748077,2.801290512084961,-3.3182826042175293,-2.2541871070861816,4.920074462890625,0.14313301,-0.16954893,0.115178555
172,5.8181,0.18793143332004547,0.14800016582012177,-0.9217666387557983,0.052347443997859955,0.11500678956508636,0.0984208881855011,-0.034924960851408136,0.01664571908799849,1.4562083614140027,0.06480173766613007,2.533843755722046,-3.8244283199310303,-1.9702271223068237,4.9967265129089355,0.12687397,-0.19149579,0.098652706
173,5.8521,0.19046024978160858,0.15152235329151154,-0.9177769422531128,0.06352949887514114,0.10831598937511444,0.10512030124664307,-0.03295801456870826,0.02077683433657812,1.4559783974538745,0.06372383236885071,2.291666030883789,-4.178771495819092,-1.694879174232483,5.062536239624023,0.113262475,-0.2065301,0.0837671
174,5.8862,0.19328519701957703,0.1547696441411972,-0.9135841131210327,0.07416556030511856,0.10026003420352936,0.10824975371360779,-0.030995137929049166,0.02424386227931937,1.455799433028621,0.0627536028623581,2.0173676013946533,-4.465374946594238,-1.388408899307251,5.131247043609619,0.099029586,-0.21919864,0.06815494
175,5.9201,0.19639189541339874,0.15769988298416138,-0.9093133211135864,0.08390071243047714,0.09108994156122208,0.10826173424720764,-0.027819253830697024,0.02888099998125737,1.4555440358800824,0.061961352825164795,1.7290953397750854,-4.720277309417725,-1.0525391101837158,5.199215888977051,0.08416526,-0.22976372,0.05123328
176,5.9544,0.19976219534873962,0.16024203598499298,-0.9050859212875366,0.09266337007284164,0.08071448653936386,0.10543408989906311,-0.02501350127019006,0.03227709837343464,1.4553714630414454,0.06135743111371994,1.4055492877960205,-4.8860321044921875,-0.7114325761795044,5.265385627746582,0.068447,-0.23793848,0.03464512
177,5.988,0.20336005091667175,0.16233666241168976,-0.9010016918182373,0.10049784183502197,0.06928251683712006,0.10000258684158325,-0.021309052516268245,0.03600523053570675,1.4551729243821798,0.06091900169849396,1.060781717300415,-4.997853755950928,-0.36426842212677,5.327154159545898,0.05177417,-0.24393305,0.017779054
178,6.0224,0.20811009407043457,0.16426196694374084,-0.8961969614028931,0.10874851047992706,0.05366358160972595,0.09055127203464508,-0.018573819629188738,0.03829049322829295,1.4550469568626192,0.060529835522174835,0.5928537249565125,-4.986922740936279,0.05050241947174072,5.39818000793457,0.02951111,-0.24823935,-0.0025139127
179,6.0561,0.21207194030284882,0.16521024703979492,-0.8926398754119873,0.11390681564807892,0.04022805392742157,0.08154860883951187,-0.01455576805245058,0.040936797340909825,1.454878911397835,0.060268089175224304,0.2113063484430313,-4.939747333526611,0.36392030119895935,5.444535732269287,0.010655592,-0.24909773,-0.01835149
180,6.0902,0.2161250114440918,0.16557668149471283,-0.8894233703613281,0.11799518018960953,0.026028485968708992,0.07058127224445343,-0.011274870102770649,0.042572677330004624,1.4547655938934523,0.05996138975024223,-0.18099938333034515,-4.801169395446777,0.6568058729171753,5.482624053955078,-0.009331278,-0.24752042,-0.033861097
181,6.1242,0.22028395533561707,0.16538062691688538,-0.8866419792175293,0.1209440752863884,0.011473110876977444,0.05860518291592598,-0.008352752486938083,0.043628312774219996,1.4546665243009014,0.059590984135866165,-0.5772624611854553,-4.589793682098389,0.9165256023406982,5.5105791091918945,-0.030602101,-0.24331623,-0.048587274
182,6.1584,0.22449111938476562,0.16465623676776886,-0.8843713998794556,0.12257406860589981,-0.0033725122921168804,0.04517160356044769,-0.004069234984161093,0.04453453239771432,1.4545223141278736,0.059151969850063324,-0.9743147492408752,-4.343724727630615,1.140042781829834,5.523318290710449,-0.05300586,-0.2363126,-0.062021997
183,6.192,0.22868680953979492,0.1633511483669281,-0.8826407194137573,0.12316275388002396,-0.018437469378113747,0.0314878448843956,-0.0005865809307200864,0.04474642015194375,1.4544300355961024,0.05855020135641098,-1.3603665828704834,-4.0164899826049805,1.321221113204956,5.526611328125,-0.076568455,-0.22606878,-0.07436515
184,6.2262,0.23381879925727844,0.1608695387840271,-0.8812484741210938,0.12214430421590805,-0.03727060556411743,0.01413021981716156,0.002499469789647788,0.04456466356873504,1.4543480102345279,0.05748460441827774,-1.8085618019104004,-3.4966881275177,1.4918912649154663,5.518128395080566,-0.10739871,-0.20764555,-0.088593714
185,6.2605,0.23777170479297638,0.15817975997924805,-0.8807805776596069,0.11997533589601517,-0.05223432183265686,-5.1359758799662814e-05,0.006917738302170609,0.04372794412731339,1.4542131211253153,0.05633930861949921,-2.1560158729553223,-3.0434319972991943,1.575757622718811,5.494901657104492,-0.13312232,-0.18791547,-0.09729452
186,6.2941,0.24150948226451874,0.15490660071372986,-0.8808965682983398,0.11655963957309723,-0.06693172454833984,-0.014368696138262749,0.010548258848558855,0.042537848176373426,1.454116315219691,0.05496661737561226,-2.4705748558044434,-2.522566556930542,1.618857502937317,5.462691307067871,-0.15901032,-0.1623566,-0.10419237
187,6.328,0.24500498175621033,0.151091068983078,-0.881572961807251,0.11203005164861679,-0.08101487159729004,-0.028349105268716812,0.015216420296601679,0.04037091722116002,1.4539903477001301,0.053434327244758606,-2.7680697441101074,-1.976745843887329,1.6114060878753662,5.4191575050354,-0.18386024,-0.13129906,-0.10703254
188,6.3622,0.24821458756923676,0.14675378799438477,-0.8827452659606934,0.10631868243217468,-0.09435546398162842,-0.04157153517007828,0.018510507135461304,0.03842509105426123,1.4539048602291387,0.05180778726935387,-3.018693685531616,-1.3833717107772827,1.564011573791504,5.37282657623291,-0.20560667,-0.09422303,-0.10652661
189,6.396,0.25113749504089355,0.14189493656158447,-0.8844166994094849,0.09925338625907898,-0.10701748728752136,-0.053729016333818436,0.023260814619565463,0.034949873891167986,1.4537726342810162,0.050192900002002716,-3.2555766105651855,-0.7881984710693359,1.4541175365447998,5.32064962387085,-0.2228844,-0.053961914,-0.09955229
190,6.4308,0.2543857991695404,0.13521288335323334,-0.8871263265609741,0.08895046263933182,-0.12132846564054489,-0.06690588593482971,0.027068802083242516,0.031511312643766165,1.4536553220349981,0.048497844487428665,-3.4771981239318848,-0.02683088183403015,1.2561863660812378,5.2675299644470215,-0.2351208,-0.0018142477,-0.08494067
191,6.4661,0.25659334659576416,0.12937615811824799,-0.889739990234375,0.07950690388679504,-0.13147589564323425,-0.07531220465898514,0.0303367025584461,0.028045220968595644,1.453533748731236,0.04755015671253204,-3.6132144927978516,0.5635428428649902,1.034193515777588,5.237167835235596,-0.23769127,0.037072036,-0.06803326
192,6.5002,0.2584493160247803,0.12318681180477142,-0.8926423788070679,0.06907278299331665,-0.13994261622428894,-0.08100423961877823,0.034743075271334134,0.022345236481553035,1.4533451969260585,0.04718197509646416,-3.7298946380615234,1.1160492897033691,0.7455136775970459,5.2188615798950195,-0.23523423,0.07038617,-0.047017504
193,6.5345,0.25993406772613525,0.11672365665435791,-0.8957182168960571,0.05793866515159607,-0.1468479335308075,-0.08342022448778152,0.037983900968986774,0.01710923083245647,1.4531903341086705,0.04751968756318092,-3.7816197872161865,1.6445503234863281,0.4174739420413971,5.220637321472168,-0.22809348,0.09919326,-0.025180502
194,6.568,0.2610149681568146,0.11000173538923264,-0.8988085985183716,0.0460960678756237,-0.15208198130130768,-0.08271139860153198,0.04138541098772287,0.009923597770123957,1.4529590385679971,0.04856903851032257,-3.7941017150878906,2.1432464122772217,0.0509624183177948,5.234347343444824,-0.21765643,0.12295173,-0.0029235638
195,6.6021,0.26165148615837097,0.10312315076589584,-0.9018152952194214,0.033684950321912766,-0.15551120042800903,-0.07862503826618195,0.04327728317541234,0.004662269724279674,1.4528027110120094,0.050281886011362076,-3.717254161834717,2.610583782196045,-0.316702276468277,5.262537002563477,-0.20409235,0.14333165,0.017388241
196,6.6364,0.26185086369514465,0.09446784853935242,-0.905286431312561,0.01765999011695385,-0.15682820975780487,-0.06878496706485748,0.04509520270858166,-0.0029040429703796043,1.4526085665685426,0.053214672952890396,-3.5346343517303467,3.138556480407715,-0.7740432024002075,5.307950019836426,-0.18448302,0.16381054,0.040399604
197,6.6703,0.2614753544330597,0.0875779390335083,-0.9076220989227295,0.00456676259636879,-0.155619814991951,-0.05772226303815842,0.045802022306645505,-0.008816827552384455,1.4524840637875813,0.05591033026576042,-3.351644515991211,3.527010917663574,-1.1300334930419922,5.346956253051758,-0.16774905,0.1765261,0.05655792
198,6.7043,0.26067253947257996,0.08081729710102081,-0.9095394611358643,-0.008308451622724533,-0.15264910459518433,-0.04498811066150665,0.04583571961681341,-0.013787436715287012,1.4523879236722295,0.058798275887966156,-3.1058754920959473,3.880359411239624,-1.4372525215148926,5.394881725311279,-0.1500739,0.18749647,0.069447115
199,6.7382,0.25944483280181885,0.07422612607479095,-0.9109455347061157,-0.020994793623685837,-0.14795982837677002,-0.030342306941747665,0.04494723498170333,-0.02038733246299182,1.452304300414001,0.0617225281894207,-2.8348350524902344,4.215482234954834,-1.713987946510315,5.449589729309082,-0.13218789,0.19656724,0.079922974
200,6.772,0.2556561827659607,0.06181349977850914,-0.911989688873291,-0.04526921361684799,-0.13389579951763153,0.0008776203612796962,0.04350135905281808,-0.025123446130723696,1.4523015040948564,0.06713268905878067,-2.1719608306884766,4.775571346282959,-2.08598256111145,5.580378532409668,-0.09617632,0.21146646,0.092369124
201,6.8063,0.2556561827659607,0.06181349977850914,-0.911989688873291,-0.04526921361684799,-0.13389579951763153,0.0008776203612796962,0.04176885625042385,-0.028870859163169053,1.4523197467483235,0.06713268905878067,-2.1830854415893555,4.8022027015686035,-2.097766876220703,5.581949710845947,-0.09613831,0.21147852,0.092381075
202,6.8398,0.2492910772562027,0.049840521067380905,-0.910199761390686,-0.06935058534145355,-0.11143339425325394,0.03381196781992912,0.03862055459470544,-0.033565712559356115,1.4524403879457042,0.07170255482196808,-1.377042293548584,5.31618595123291,-2.25801682472229,5.738405704498291,-0.057978418,0.22383049,0.09507061
203,6.8741,0.24586133658885956,0.045334625989198685,-0.9086266756057739,-0.07860445976257324,-0.09973730146884918,0.04625483974814415,0.03559360986091058,-0.03672514123500401,1.4525506428148334,0.07323598861694336,-1.0129114389419556,5.51952600479126,-2.2573413848876953,5.807921409606934,-0.041864853,0.22812869,0.09329865
204,6.9082,0.2421168088912964,0.04136437177658081,-0.9066792726516724,-0.08681216835975647,-0.08708500862121582,0.056940581649541855,0.03129450012211469,-0.03996060315977367,1.4527525104254613,0.07449261099100113,-1.002188801765442,5.552083969116211,-2.2601988315582275,5.81561803817749,-0.04122397,0.22837907,0.09297087
205,6.942,0.2381615936756134,0.0379645898938179,-0.9043927192687988,-0.09408821910619736,-0.07369780540466309,0.0657765343785286,0.02799692620670274,-0.041811479311432725,1.4528933916471265,0.07548744231462479,-0.29208290576934814,5.850189208984375,-2.138627767562866,5.937483787536621,-0.011710139,0.23454481,0.085741505
206,6.976,0.2340548187494278,0.0351712703704834,-0.9018604755401611,-0.10002700239419937,-0.05971839278936386,0.07302016019821167,0.023099953447940875,-0.04382045984686921,1.4531384024674139,0.0762237161397934,0.052825700491666794,5.975732803344727,-2.032054901123047,5.9960455894470215,0.0020922706,0.23668121,0.08048372
207,7.0102,0.22879423201084137,0.03256984055042267,-0.89849853515625,-0.10543402284383774,-0.041505880653858185,0.0791420117020607,0.01918704992088231,-0.044892003517408616,1.4533266879564826,0.07677874714136124,0.4397820830345154,6.064794540405273,-1.8613498210906982,6.049959182739258,0.017289134,0.238425,0.07317516
208,7.044,0.22451470792293549,0.031190013512969017,-0.8957270383834839,-0.10847750306129456,-0.02670459821820259,0.0818619430065155,0.015732795788697733,-0.0455140929809159,1.4534935349987759,0.07693774253129959,0.7294655442237854,6.1040730476379395,-1.6995596885681152,6.083455562591553,0.028592527,0.23925856,0.06661686
209,7.0783,0.22017662227153778,0.030423035845160484,-0.892863392829895,-0.11026179790496826,-0.011706356890499592,0.08291163295507431,0.010905663389225896,-0.04584153279813035,1.4537397442415538,0.07683545351028442,1.0112665891647339,6.122477054595947,-1.5111868381500244,6.111583232879639,0.039584313,0.23965396,0.05915284
210,7.1121,0.21585769951343536,0.030285421758890152,-0.8899941444396973,-0.11076997965574265,0.0032843160443007946,0.08262373507022858,0.007135463684703546,-0.04573421156738936,1.4539513323901605,0.07646629214286804,1.2675690650939941,6.10042667388916,-1.3010574579238892,6.124966621398926,0.04978579,0.23960395,0.0511011
211,7.1462,0.211569681763649,0.030695751309394836,-0.8871628046035767,-0.11023266613483429,0.018122537061572075,0.08099456131458282,0.004004939669558719,-0.045395761243543116,1.4540916809796078,0.07590415328741074,1.5062294006347656,6.044187068939209,-1.0674216747283936,6.124424934387207,0.059583418,0.23909593,0.042225063
212,7.1802,0.20734649896621704,0.031670499593019485,-0.8844820261001587,-0.10865243524312973,0.032673075795173645,0.07809780538082123,-0.00019555175440438615,-0.04452519052795303,1.4542767706753683,0.07512906193733215,1.7418043613433838,5.963714122772217,-0.8108110427856445,6.114884376525879,0.0694992,0.23795633,0.032351922
213,7.2142,0.20228895545005798,0.0336645245552063,-0.8813756704330444,-0.10490761697292328,0.050523947924375534,0.07323000580072403,-0.0032950306485857897,-0.04354735267708159,1.4543979445049668,0.07383745908737183,2.002117395401001,5.801445484161377,-0.45592930912971497,6.075847625732422,0.08133248,0.23567347,0.018521322
214,7.2479,0.1984463930130005,0.03588647395372391,-0.8791528940200806,-0.10087253153324127,0.06447242200374603,0.06809355318546295,-0.006765492352642695,-0.04202298839744466,1.4545187188604018,0.07251034677028656,2.2100582122802734,5.636192798614502,-0.13982036709785461,6.031304836273193,0.091239914,0.23268424,0.0057723355
215,7.2821,0.19483014941215515,0.03865630924701691,-0.8771151304244995,-0.0960993766784668,0.07777540385723114,0.061733461916446686,-0.008960662178086654,-0.04081951006202705,1.454588227364853,0.07090411335229874,2.4021685123443604,5.42581033706665,0.20705989003181458,5.967164993286133,0.10114566,0.22845906,-0.00871846
216,7.316,0.19140538573265076,0.041959360241889954,-0.8753191232681274,-0.09042717516422272,0.0907944068312645,0.05378834158182144,-0.01180769789667905,-0.03886393422882505,1.4546573363951405,0.06903469562530518,2.5997118949890137,5.175880432128906,0.5916004180908203,5.890357494354248,0.11162891,0.2222469,-0.025402704
217,7.3502,0.18816909193992615,0.04584025219082832,-0.8738079071044922,-0.08419380336999893,0.10327772796154022,0.044675491750240326,-0.01386051864096637,-0.037133320606329095,1.4546805058966243,0.06686646491289139,2.793393135070801,4.876806735992432,0.995891809463501,5.797785758972168,0.12235148,0.21360564,-0.04362037
218,7.3842,0.18511296808719635,0.05020686984062195,-0.8725210428237915,-0.07738692313432693,0.115292027592659,0.034704867750406265,-0.015471842412275496,-0.03554682977188765,1.4546818374771693,0.0645170509815216,2.986344337463379,4.532225131988525,1.4109941720962524,5.695403099060059,0.13312757,0.20204104,-0.062900394
219,7.4181,0.18160469830036163,0.056337807327508926,-0.8713128566741943,-0.06824784725904465,0.1294817328453064,0.02016599103808403,-0.017526675091542588,-0.03309148055121326,1.4546485479635434,0.061352796852588654,3.230259895324707,4.039839744567871,1.9286746978759766,5.561380386352539,0.14628775,0.18295094,-0.087343276
220,7.4522,0.17907559871673584,0.06166091561317444,-0.8707221746444702,-0.06033233553171158,0.1399473249912262,0.006983283907175064,-0.01900781085714157,-0.03093687919960908,1.4545963500061778,0.058767564594745636,3.4184107780456543,3.6044538021087646,2.3145992755889893,5.456488609313965,0.15593748,0.1644242,-0.105584964
221,7.4861,0.17682792246341705,0.06735721975564957,-0.8705857992172241,-0.052175331860780716,0.1496807038784027,-0.00741911306977272,-0.020195387208018962,-0.028927698927090833,1.4545385594105231,0.05614574998617172,3.593658447265625,3.1303536891937256,2.6480422019958496,5.355185508728027,0.1647826,0.14353836,-0.121422574
222,7.5202,0.17489582300186157,0.07341115921735764,-0.8709462881088257,-0.04354545846581459,0.15877310931682587,-0.023345356807112694,-0.021823025961896725,-0.025764327524672857,1.454435761392446,0.053537532687187195,3.7635912895202637,2.6134488582611084,2.9296865463256836,5.260758399963379,0.17300536,0.120135434,-0.1346723
223,7.5541,0.17332947254180908,0.07982559502124786,-0.8718782663345337,-0.034507621079683304,0.16693010926246643,-0.039819877594709396,-0.023001693206689957,-0.022973969283623313,1.4543490754989639,0.05099022388458252,3.903996229171753,2.050607442855835,3.130017042160034,5.171168327331543,0.18048333,0.094800405,-0.14470194
224,7.5879,0.17213274538516998,0.08656056225299835,-0.8733868598937988,-0.02522454969584942,0.17406338453292847,-0.056366927921772,-0.02438971404148784,-0.01907972660954672,1.4542004711101375,0.04866556450724602,4.028483867645264,1.4348880052566528,3.2505998611450195,5.088644027709961,0.18749027,0.066781335,-0.15128665
225,7.6222,0.1711394339799881,0.09530631452798843,-0.8761203289031982,-0.013217560946941376,0.18147923052310944,-0.07623045146465302,-0.02528559102921749,-0.01608548050051099,1.454100469411205,0.046424590051174164,4.115845203399658,0.5991880893707275,3.269029378890991,4.993387222290039,0.19450487,0.028316177,-0.15448642
226,7.656,0.1707656979560852,0.10247477144002914,-0.8789588212966919,-0.0034157983027398586,0.18601225316524506,-0.09074288606643677,-0.026443714482914285,-0.011512547867384515,1.453916311821826,0.04543658718466759,4.1642608642578125,-0.12773147225379944,3.196401834487915,4.930837631225586,0.19825546,-0.006081142,-0.15217686
227,7.6902,0.17080603539943695,0.10971587896347046,-0.8823009729385376,0.00655799126252532,0.18914704024791718,-0.10390514880418777,-0.027212891581783413,-0.007597736955224912,1.4537529268889497,0.045352961868047714,4.138973712921143,-0.880568265914917,3.0431623458862305,4.878793716430664,0.19852221,-0.042235676,-0.14596258
228,7.7241,0.17125514149665833,0.11695944517850876,-0.8860300779342651,0.016618352383375168,0.19106630980968475,-0.11516331136226654,-0.027817004707932667,-0.003954472766901718,1.453579155627822,0.046298883855342865,4.0924201011657715,-1.6676381826400757,2.840522289276123,4.845519542694092,0.19475357,-0.079360984,-0.1351772
229,7.7581,0.1721794605255127,0.12422315776348114,-0.8900448083877563,0.02676386386156082,0.19143833220005035,-0.12410072237253189,-0.02851365644017837,0.0016262984608428298,1.4533290848014635,0.04824305325746536,3.992703437805176,-2.465552568435669,2.5922553539276123,4.830364227294922,0.18619178,-0.11497614,-0.12088467
230,7.792,0.17358897626399994,0.13142545521259308,-0.8943861722946167,0.0369521901011467,0.19028528034687042,-0.1304181069135666,-0.02891032804276187,0.006386196315726013,1.4531154992820392,0.05113546922802925,3.8265347480773926,-3.2441251277923584,2.301927328109741,4.829257965087891,0.17331691,-0.14693758,-0.104262196
231,7.826,0.1760198324918747,0.1402241289615631,-0.900153636932373,0.04953557252883911,0.18657641112804413,-0.13424751162528992,-0.029061986744463475,0.010741906029915843,1.4529346706440227,0.055890269577503204,3.527169704437256,-4.146687030792236,1.8964977264404297,4.840425491333008,0.15296212,-0.17982861,-0.082245074
232,7.8607,0.178444042801857,0.14700967073440552,-0.9049026966094971,0.05948317423462868,0.18194705247879028,-0.13368499279022217,-0.028883113865372623,0.01710009806245264,1.4526479813526758,0.06040017306804657,3.2683334350585938,-4.817506313323975,1.5626572370529175,4.860770225524902,0.13555643,-0.19980946,-0.0648123
233,7.8948,0.18130800127983093,0.15353433787822723,-0.9095988273620605,0.06913677603006363,0.17572395503520966,-0.13024424016475677,-0.028347614587995736,0.022239167768762225,1.4524082968545686,0.06529232859611511,2.955730438232422,-5.399991512298584,1.2220041751861572,4.879648685455322,0.117737375,-0.21510108,-0.048676822
234,7.9292,0.18457309901714325,0.15977135300636292,-0.9140796661376953,0.07830125093460083,0.16781853139400482,-0.12402837723493576,-0.027069646804650776,0.0285594170378465,1.4521157486088234,0.07037805765867233,2.6230552196502686,-5.9077043533325195,0.8893781900405884,4.896845817565918,0.100504026,-0.22635745,-0.03407709
235,7.9631,0.1882314831018448,0.16569936275482178,-0.9182491302490234,0.08705304563045502,0.1585872620344162,-0.11538877338171005,-0.025739682881616616,0.03278136376465195,1.4519318573355535,0.07549937814474106,2.2413816452026367,-6.313515663146973,0.5616668462753296,4.904841423034668,0.08334659,-0.23477037,-0.020885786
236,7.9972,0.1922304779291153,0.17122802138328552,-0.9220758676528931,0.09530602395534515,0.14800161123275757,-0.10489232838153839,-0.02326928888137788,0.03834164256597928,1.451665141752382,0.0805131271481514,1.852786898612976,-6.650596618652344,0.25301656126976013,4.9063825607299805,0.06704744,-0.24066743,-0.009155997
237,8.0312,0.19769299030303955,0.17747290432453156,-0.9263014793395996,0.10462649166584015,0.13300256431102753,-0.09045758098363876,-0.02086849077056348,0.042215301917662006,1.4514811173210576,0.08642227202653885,1.3242716789245605,-6.926730155944824,-0.11274716258049011,4.893704414367676,0.04693945,-0.2455213,0.003996378
238,8.066,0.20240776240825653,0.1818854659795761,-0.9291653633117676,0.1111648753285408,0.11951248347759247,-0.0784657746553421,-0.01852605958010845,0.04514837022303157,1.451330915035577,0.09074476361274719,0.8935195803642273,-7.066365718841553,-0.3783240020275116,4.877553462982178,0.031317838,-0.24767593,0.013260245
239,8.1001,0.2073737531900406,0.18574801087379456,-0.931606650352478,0.11670338362455368,0.10524455457925797,-0.06608110666275024,-0.01490605175809356,0.04853589032366634,1.4511144000389535,0.09468391537666321,0.46549463272094727,-7.159092426300049,-0.6227816343307495,4.856875419616699,0.016160335,-0.24853851,0.021620788
240,8.1343,0.21251772344112396,0.18901459872722626,-0.9335930347442627,0.1211952343583107,0.09015071392059326,-0.05356811359524727,-0.01177647025230327,0.05057407824612044,1.4509944246318456,0.09817405045032501,0.035678934305906296,-7.181931495666504,-0.8531222343444824,4.835117816925049,0.001233283,-0.24825163,0.02948914
241,8.168,0.2177676111459732,0.19165825843811035,-0.9350640773773193,0.12465745955705643,0.07443974912166595,-0.041518453508615494,-0.007719562010933826,0.052292795028684315,1.450841825501384,0.10114787518978119,-0.38762611150741577,-7.1479411125183105,-1.0612876415252686,4.815623760223389,-0.013391006,-0.24693415,0.036663447
242,8.202,0.22304168343544006,0.19367313385009766,-0.936059832572937,0.12702655792236328,0.05834592133760452,-0.029757020995020866,-0.004850172383941577,0.053001624481133325,1.4507601996139732,0.10360708087682724,-0.8004627227783203,-7.081428050994873,-1.2502446174621582,4.797055244445801,-0.027658,-0.24468116,0.0431991
243,8.2361,0.22954772412776947,0.19528265297412872,-0.9367018938064575,0.1283099502325058,0.037795182317495346,-0.01580015756189823,-0.0007860969492996066,0.053309435968876044,1.4506466157934812,0.10594159364700317,-1.2920373678207397,-6.927191257476807,-1.4693737030029297,4.782542705535889,-0.04487349,-0.24058689,0.051032525
244,8.27,0.23465146124362946,0.195874884724617,-0.9368671178817749,0.12826435267925262,0.02135424129664898,-0.005052933003753424,0.00244638237809004,0.053043960420087174,1.4505631256933071,0.1072949767112732,-1.6668803691864014,-6.762109279632568,-1.6370466947555542,4.777438163757324,-0.0582472,-0.23629406,0.057204697
245,8.3041,0.2396332174539566,0.19579973816871643,-0.9367080926895142,0.1272255778312683,0.004982998128980398,0.0049291993491351604,0.0052044903625171075,0.05246139393163234,1.4504934840308017,0.10812770575284958,-2.0214693546295166,-6.555744647979736,-1.7935677766799927,4.7808990478515625,-0.071269736,-0.23113199,0.06323475
246,8.3383,0.24445292353630066,0.19507256150245667,-0.9362040758132935,0.12502521276474,-0.01122935488820076,0.014544311910867691,0.009371495347826107,0.05097081850832579,1.4503906860127247,0.10842925310134888,-2.364522695541382,-6.324035167694092,-1.943029522895813,4.788137912750244,-0.08413894,-0.22503382,0.06914057
247,8.372,0.2534586787223816,0.1917354017496109,-0.9340578317642212,0.11763931065797806,-0.04251296818256378,0.032509129494428635,0.011933337722590042,0.04973314768122509,1.4503336943653968,0.10740560293197632,-2.927274703979492,-5.71083927154541,-2.181825876235962,4.8487868309021,-0.10796771,-0.21063492,0.08047306
248,8.4071,0.2534586787223816,0.1917354017496109,-0.9340578317642212,0.11763931065797806,-0.04251296818256378,0.032509129494428635,0.01439598358853233,0.048210198205917265,1.4502733737667066,0.10740560293197632,-2.950573444366455,-5.728853702545166,-2.1888833045959473,4.840229034423828,-0.10838693,-0.21044481,0.08040686
249,8.4411,0.262306272983551,0.18525733053684235,-0.929951548576355,0.105051688849926,-0.07500975579023361,0.05126321688294411,0.017667059051097993,0.04576753853171818,1.4501990715722934,0.10388338565826416,-3.4561266899108887,-4.857602119445801,-2.3689098358154297,4.94442892074585,-0.13468826,-0.18930498,0.092318475
250,8.475,0.2657259404659271,0.18161919713020325,-0.9276183843612671,0.09832028299570084,-0.08806904405355453,0.05895356088876724,0.020161858426013785,0.04350093877270855,1.4501576594173426,0.10166153311729431,-3.6493663787841797,-4.417537212371826,-2.417163372039795,4.993880748748779,-0.14670376,-0.17758407,0.09716946
251,8.509,0.26883789896965027,0.17758747935295105,-0.9250509738922119,0.09091094881296158,-0.10037211328744888,0.06690768152475357,0.023104670155902757,0.040430318197036394,1.4500901482837092,0.09914366155862808,-3.8239450454711914,-3.943171501159668,-2.456242561340332,5.043628692626953,-0.15888089,-0.16383462,0.10205429
252,8.5432,0.27153998613357544,0.17315706610679626,-0.9222339391708374,0.08266125619411469,-0.11179620027542114,0.07441902905702591,0.025078116216138105,0.03805927675021443,1.4500643156211355,0.09627577662467957,-3.959869861602783,-3.4273908138275146,-2.4719531536102295,5.094937324523926,-0.17094308,-0.14795657,0.10671141
253,8.5768,0.27384674549102783,0.16836342215538025,-0.9191663265228271,0.07388094067573547,-0.12230659276247025,0.08142337203025818,0.027764958633973033,0.034451904379215206,1.450011052399334,0.09310175478458405,-4.082596302032471,-2.8864290714263916,-2.4710466861724854,5.140573024749756,-0.18300392,-0.12938526,0.1107656
254,8.6111,0.27618318796157837,0.16192853450775146,-0.9150409698486328,0.06198437139391899,-0.13387431204319,0.08951537311077118,0.029733461201434924,0.03140343173307734,1.4499777628857078,0.0888090655207634,-4.1829729080200195,-2.1803901195526123,-2.4342026710510254,5.194248199462891,-0.19700623,-0.10269022,0.11464408
255,8.6455,0.2776234447956085,0.15650078654289246,-0.9116103649139404,0.05201901122927666,-0.14204134047031403,0.09551020711660385,0.031338943703399985,0.0286274316753736,1.449966710767184,0.08523537218570709,-4.237871170043945,-1.6113513708114624,-2.389554738998413,5.231154441833496,-0.20672403,-0.07860198,0.116562866
256,8.6792,0.278658390045166,0.15084828436374664,-0.9079490900039673,0.041559964418411255,-0.14894258975982666,0.10112685710191727,0.033411317875753375,0.024450966746559666,1.449951131274807,0.08152375370264053,-4.2776055335998535,-1.055342197418213,-2.328782558441162,5.261416435241699,-0.2145901,-0.052942235,0.116825566
257,8.7132,0.279317170381546,0.14499737322330475,-0.904098391532898,0.030789770185947418,-0.1547461450099945,0.10607501864433289,0.0349667974476576,0.020889889686041187,1.449936883362975,0.07776905596256256,-4.283965587615967,-0.5187197923660278,-2.24067759513855,5.2899041175842285,-0.22026387,-0.026670435,0.11520641
258,8.747,0.27958807349205017,0.1389777809381485,-0.9001328945159912,0.01961762271821499,-0.15959672629833221,0.11046206206083298,0.0361933204488828,0.01762803125756072,1.4499117164906739,0.07405366748571396,-4.256032466888428,-0.00713011622428894,-2.1323752403259277,5.317060470581055,-0.2235149,-0.00037445372,0.11198637
259,8.7811,0.2795223295688629,0.132847860455513,-0.8960438966751099,0.008347462862730026,-0.16299426555633545,0.11368678510189056,0.03773273158867868,0.01269507253456916,1.4498977348949509,0.07050832360982895,-4.215957164764404,0.4721055328845978,-2.0016565322875977,5.339214324951172,-0.22469182,0.025161132,0.10667942
260,8.8151,0.27900195121765137,0.1250757873058319,-0.8908400535583496,-0.0060657234862446785,-0.16535551846027374,0.11638140678405762,0.03896933715134335,0.007552730573099874,1.4498700380196141,0.06649886816740036,-4.104320049285889,1.0222162008285522,-1.790772557258606,5.364706516265869,-0.22339241,0.055637803,0.097469255
261,8.8491,0.2782462537288666,0.11885460466146469,-0.8866266012191772,-0.01777394488453865,-0.16591539978981018,0.1172274649143219,0.03968496598695047,0.0033439160392712314,1.4498672417004694,0.06376505643129349,-3.9987101554870605,1.4380558729171753,-1.5996339321136475,5.377742767333984,-0.22016704,0.07917866,0.08807507
262,8.8832,0.27717000246047974,0.11271355301141739,-0.8824394941329956,-0.029578572139143944,-0.16498471796512604,0.11622259765863419,0.04010047321246247,-0.00039873269161073185,1.4498716359162682,0.06152815744280815,-3.8505778312683105,1.8238682746887207,-1.3675005435943604,5.385524749755859,-0.21512748,0.10189748,0.07640073
263,8.9171,0.2758042812347412,0.10670814663171768,-0.8783565759658813,-0.041247446089982986,-0.16249781847000122,0.11376961320638657,0.04030991418744039,-0.0058146366928624234,1.4498844190895006,0.05985907465219498,-3.690556526184082,2.193772554397583,-1.1187070608139038,5.386732578277588,-0.20795593,0.12361496,0.063037045
264,8.9511,0.27413514256477356,0.10086840391159058,-0.8744626045227051,-0.05277062579989433,-0.15868031978607178,0.10964340716600418,0.040149263155870564,-0.010152250955653275,1.4498937401533158,0.058737095445394516,-3.496131420135498,2.5412099361419678,-0.8456294536590576,5.385830879211426,-0.19846056,0.14425372,0.048002798
265,8.986,0.27213191986083984,0.09525686502456665,-0.8707412481307983,-0.06401924043893814,-0.15347439050674438,0.10411291569471359,0.03974924803776225,-0.01384970891171363,1.4499279617733234,0.05809355899691582,-3.2721924781799316,2.8646109104156494,-0.5537412166595459,5.385104656219482,-0.18659657,0.16335425,0.031577058
266,9.0201,0.2691202163696289,0.08864384889602661,-0.8663839101791382,-0.0777590423822403,-0.14517338573932648,0.09504545480012894,0.03874280617230769,-0.018906475497069454,1.44998521973676,0.057814836502075195,-2.9600114822387695,3.2424139976501465,-0.17440524697303772,5.386443138122559,-0.16842042,0.18448871,0.009923409
267,9.0541,0.26628565788269043,0.08369859308004379,-0.8631793260574341,-0.08830173313617706,-0.13682164251804352,0.0860012024641037,0.03762303015771343,-0.022755088650937824,1.4500587229828463,0.05789128690958023,-2.68283748626709,3.5181469917297363,0.14182224869728088,5.390378952026367,-0.1515168,0.19869201,-0.008009599
268,9.088,0.26308152079582214,0.07912320643663406,-0.8604028224945068,-0.09834021329879761,-0.12729625403881073,0.07527872174978256,0.03573313037370631,-0.0272179994415304,1.4501789647060632,0.05807642266154289,-2.3863601684570312,3.7798683643341064,0.45236632227897644,5.397800445556641,-0.13278307,0.21032137,-0.025170797
269,9.1215,0.25956007838249207,0.07498586922883987,-0.8581197261810303,-0.10773957520723343,-0.1166677474975586,0.06282875686883926,0.034093184902759935,-0.030103266085927644,1.450284825359394,0.058258768171072006,-2.067667007446289,4.004395484924316,0.7633492946624756,5.405505180358887,-0.11308861,0.21901569,-0.041750487
270,9.1552,0.25573933124542236,0.07133743166923523,-0.8564186096191406,-0.11637432873249054,-0.10506581515073776,0.049122851341962814,0.03125364556651719,-0.03383785641384319,1.4504285029002038,0.05828925967216492,-1.7381517887115479,4.204478740692139,1.0542068481445312,5.413607597351074,-0.093046114,0.22507264,-0.056433417
271,9.1892,0.25159895420074463,0.0682339146733284,-0.855278730392456,-0.12419717758893967,-0.09233865886926651,0.0345115102827549,0.028595263602237887,-0.03647591096886463,1.4505613946385987,0.05804402753710747,-1.3969151973724365,4.380223751068115,1.3222358226776123,5.421690940856934,-0.07300031,0.22890274,-0.069097705
272,9.2231,0.24600765109062195,0.06516288220882416,-0.8546382188796997,-0.1325935572385788,-0.07509250193834305,0.01649421453475952,0.02606221457616583,-0.03843184882552731,1.4506796389909982,0.05725688859820366,-0.959226667881012,4.519179821014404,1.623231053352356,5.422675609588623,-0.0489728,0.23072429,-0.08287319
273,9.2571,0.24130865931510925,0.0633668452501297,-0.8546743392944336,-0.13810311257839203,-0.060586825013160706,0.001823829603381455,0.02211734271305331,-0.040674842158186904,1.4508731176441925,0.056278299540281296,-0.602108895778656,4.607741832733154,1.8331196308135986,5.423707008361816,-0.030133089,0.23059864,-0.09174015
274,9.291,0.23647713661193848,0.06218438968062401,-0.8552465438842773,-0.14252285659313202,-0.045502908527851105,-0.01279825996607542,0.018710537581056078,-0.04195303048455964,1.451010137282277,0.054945871233940125,-0.2468917816877365,4.644430637359619,2.0190842151641846,5.416327953338623,-0.012173324,0.22899976,-0.0995536
275,9.3263,0.23152180016040802,0.06158553436398506,-0.8563137054443359,-0.14580176770687103,-0.03010794147849083,-0.026689093559980392,0.015591761643329323,-0.04270699219510709,1.451122655838333,0.0532921738922596,0.10831059515476227,4.6365742683410645,2.173313856124878,5.402194976806641,0.0052867434,0.2263156,-0.106081516
276,9.3602,0.22643344104290009,0.061610572040081024,-0.8579065799713135,-0.14790745079517365,-0.014699858613312244,-0.04013560339808464,0.011000084933436814,-0.043168613719369496,1.4512816465554106,0.051281724125146866,0.47675150632858276,4.603180885314941,2.2925119400024414,5.387103080749512,0.02307825,0.22282752,-0.1109743
277,9.3946,0.22125744819641113,0.062230050563812256,-0.8599536418914795,-0.14876627922058105,0.00067908875644207,-0.052431169897317886,0.007265090970168552,-0.04309229334819271,1.4513881729990137,0.04902622103691101,0.8446229696273804,4.519400119781494,2.377772092819214,5.362217426300049,0.040794253,0.21828148,-0.11484347
278,9.4281,0.21474266052246094,0.06381188333034515,-0.8630967140197754,-0.14823393523693085,0.01974855363368988,-0.0665450468659401,0.0026678777980411205,-0.04243241196434151,1.4515117436735934,0.04602980986237526,1.3001408576965332,4.341648101806641,2.440185308456421,5.31368350982666,0.06314664,0.21086985,-0.118517555
279,9.462,0.20953550934791565,0.06575020402669907,-0.8660769462585449,-0.1465405523777008,0.03464184328913689,-0.07657326757907867,-0.0004659941538920456,-0.04162504971274877,1.4515763253300278,0.043597929179668427,1.6847140789031982,4.167420864105225,2.448993444442749,5.272482872009277,0.08227897,0.20353071,-0.11960525
280,9.4961,0.2043466567993164,0.06821790337562561,-0.8693476915359497,-0.14375409483909607,0.0491311177611351,-0.08540957421064377,-0.0048582393693607255,-0.04007544365940493,1.4516583506916023,0.04140716418623924,2.0764198303222656,3.9467875957489014,2.428601026535034,5.221767425537109,0.10222494,0.19430566,-0.11956329
281,9.53,0.19920499622821808,0.07115810364484787,-0.8728976249694824,-0.13990744948387146,0.06295304745435715,-0.09319909662008286,-0.008242341053065032,-0.038562027468561744,1.4516875123055386,0.03970177099108696,2.4652514457702637,3.674907922744751,2.3751914501190186,5.158161163330078,0.12271417,0.1829279,-0.11823121
282,9.5646,0.19417192041873932,0.07453200221061707,-0.8766927719116211,-0.13519099354743958,0.07602906972169876,-0.09992289543151855,-0.01110802826196369,-0.03698931017038306,1.4517117470714584,0.03871303051710129,2.852396249771118,3.3557851314544678,2.288093090057373,5.083567142486572,0.14367881,0.16903514,-0.11525414
283,9.5983,0.18932095170021057,0.07829718291759491,-0.8805949687957764,-0.12938480079174042,0.08842667192220688,-0.10536729544401169,-0.015077097440293103,-0.03444368603053879,1.451701893375425,0.03862074017524719,3.245403528213501,3.0033066272735596,2.181689977645874,5.006381988525391,0.16454928,0.15227443,-0.1106166
284,9.6324,0.183580681681633,0.08353740721940994,-0.885602593421936,-0.12095697969198227,0.10274962335824966,-0.11057646572589874,-0.01820148682225504,-0.03220170178626098,1.4516948359985364,0.03983889892697334,3.701812982559204,2.488919734954834,2.0066401958465576,4.8925886154174805,0.18920422,0.12721175,-0.10256185
285,9.6675,0.17931270599365234,0.08811768144369125,-0.8896907567977905,-0.11307897418737411,0.11306466907262802,-0.11311773955821991,-0.021995989952318964,-0.02909056787250599,1.4516235964393769,0.04183335602283478,4.044206142425537,2.0372073650360107,1.8358805179595947,4.79867696762085,0.20691407,0.104229815,-0.09392931
286,9.7015,0.17540423572063446,0.09300052374601364,-0.8937381505966187,-0.10427801311016083,0.12234869599342346,-0.11431276053190231,-0.024595588877318577,-0.02671003475311141,1.4515582158346154,0.04456774517893791,4.368556499481201,1.561099648475647,1.653259515762329,4.709211349487305,0.2217589,0.07924534,-0.0839236
287,9.7353,0.17190560698509216,0.09818387031555176,-0.8977253437042236,-0.0947623923420906,0.1308247596025467,-0.11403677612543106,-0.028250013895233534,-0.022969158948904358,1.45142412567373,0.0478568971157074,4.645867824554443,1.040914535522461,1.4464372396469116,4.617963790893555,0.23341757,0.0522976,-0.07267186
288,9.769,0.16879771649837494,0.10361849516630173,-0.9016188383102417,-0.0843253955245018,0.13814377784729004,-0.1121223121881485,-0.03102147617611113,-0.01971107679962584,1.4512903018289534,0.0515945740044117,4.889404296875,0.49722394347190857,1.2256532907485962,4.5370965003967285,0.2413258,0.024541428,-0.060494438
289,9.8031,0.16612060368061066,0.10926168411970139,-0.905371904373169,-0.07307752221822739,0.1443655639886856,-0.10888493061065674,-0.033311372352875145,-0.016664098020411938,1.4511614048321935,0.05562024936079979,5.067502498626709,-0.08126980066299438,0.9821575880050659,4.463797569274902,0.24540234,-0.0039356267,-0.047562633
290,9.8368,0.16339944303035736,0.11647949367761612,-0.9098275899887085,-0.05812220275402069,0.15029755234718323,-0.10277969390153885,-0.03628752977244435,-0.011943040575514718,1.4509251824435034,0.06087667495012283,5.224856853485107,-0.8219983577728271,0.6636744737625122,4.397889614105225,0.24504085,-0.038550947,-0.031125706
291,9.8711,0.1617169827222824,0.12229353189468384,-0.9131870269775391,-0.04554513469338417,0.15365633368492126,-0.0962274894118309,-0.03833345750681649,-0.007880918364073604,1.4507410248541246,0.06514760106801987,5.294429779052734,-1.4223259687423706,0.3991905152797699,4.367854118347168,0.24080181,-0.06469038,-0.018156026
292,9.9047,0.16047318279743195,0.1281081736087799,-0.9161540269851685,-0.03242092579603195,0.1555875539779663,-0.08847613632678986,-0.039786203559076305,-0.004171091013032265,1.4505539377875465,0.0692937821149826,5.310192584991455,-2.0199923515319824,0.14454278349876404,4.35963249206543,0.23358934,-0.08885717,-0.006358273
293,9.9392,0.1596544235944748,0.1338488608598709,-0.9187054634094238,-0.019077841192483902,0.15609033405780792,-0.07935600727796555,-0.04132542328416884,0.0013333058781130162,1.4502716427119982,0.07323691993951797,5.301887035369873,-2.6066524982452393,-0.08297303318977356,4.37483024597168,0.22432932,-0.110290654,0.0035106905
294,9.9732,0.15948164463043213,0.1450881063938141,-0.9223383665084839,0.008001444861292839,0.15286293625831604,-0.05860738456249237,-0.0420140709689821,0.005865521274885701,1.4500241018886753,0.08011288940906525,5.096744060516357,-3.6955487728118896,-0.48842644691467285,4.457906723022461,0.20178851,-0.14631288,0.01933761
295,10.0071,0.15948164463043213,0.1450881063938141,-0.9223383665084839,0.008001444861292839,0.15286293625831604,-0.05860738456249237,-0.04222163524762935,0.009832690350195182,1.4498121142659048,0.08011288940906525,5.133899211883545,-3.7204158306121826,-0.4657929241657257,4.460901737213135,0.20188963,-0.14630467,0.01831722
296,10.0406,0.16145183145999908,0.15713471174240112,-0.9243664741516113,0.03829009085893631,0.14238464832305908,-0.03413288667798042,-0.04178353692593291,0.015424503683602037,1.4494885401934603,0.08633002638816833,4.747872352600098,-4.795185089111328,-0.7671465873718262,4.623040676116943,0.17477235,-0.17651395,0.028239178
297,10.0749,0.1630588173866272,0.1621379852294922,-0.9246447086334229,0.05128784105181694,0.13548140227794647,-0.02398720197379589,-0.040830545535794065,0.019770221862366218,1.449241132528192,0.08853764086961746,4.542658805847168,-5.219069480895996,-0.8401399850845337,4.707163333892822,0.16293718,-0.18719883,0.030134343
298,10.1091,0.16508446633815765,0.1668432056903839,-0.9245783090591431,0.06352824717760086,0.1274709552526474,-0.01426045410335064,-0.03895836409541438,0.024871134503979306,1.4489607016654065,0.09039422124624252,4.316311359405518,-5.605856418609619,-0.8851608037948608,4.790673732757568,0.15133917,-0.1965534,0.031035645
299,10.1434,0.16751927137374878,0.1712125837802887,-0.924174427986145,0.0752965658903122,0.11809971183538437,-0.005607370287179947,-0.03721407264400734,0.028217569103015806,1.4487816040820987,0.09188532829284668,4.048649311065674,-5.915534019470215,-0.9106303453445435,4.868448257446289,0.14007325,-0.20466286,0.03150556
300,10.177,0.17032276093959808,0.17522314190864563,-0.9235838651657104,0.0861976370215416,0.10772951692342758,0.001921739662066102,-0.03419879588473839,0.032553744634639635,1.4485340632587758,0.0930895134806633,3.7617850303649902,-6.189878463745117,-0.914596438407898,4.9376220703125,0.12881362,-0.21195805,0.031318236
301,10.2113,0.17432668805122375,0.17967753112316132,-0.9225989580154419,0.09859494119882584,0.09344331920146942,0.009694453328847885,-0.03150404512682269,0.035528091936905426,1.4483670830584279,0.09416740387678146,3.3557839393615723,-6.422465801239014,-0.9069787263870239,5.009620666503906,0.114878885,-0.21986091,0.031048693
302,10.2451,0.17793291807174683,0.18272049725055695,-0.9215743541717529,0.10740294307470322,0.08110709488391876,0.0148051418364048,-0.028978182474504646,0.03778261176365802,1.4482297971042344,0.09461487084627151,3.0031423568725586,-6.552064418792725,-0.8823765516281128,5.057465553283691,0.10339497,-0.22558054,0.030379277
303,10.2794,0.18189555406570435,0.18523748219013214,-0.9204527139663696,0.11542095988988876,0.06804428994655609,0.01905735209584236,-0.02523602086283379,0.04039230157247551,1.4480586890041967,0.09469718486070633,2.6218135356903076,-6.645406246185303,-0.8473155498504639,5.096472263336182,0.09111144,-0.23093653,0.029445319
304,10.313,0.1861947476863861,0.1871911585330963,-0.9192858934402466,0.12233689427375793,0.05451906472444534,0.022437693551182747,-0.022131721702345137,0.04200763777047387,1.4479155440956049,0.09441685676574707,2.2129554748535156,-6.675029277801514,-0.8104994893074036,5.127693176269531,0.0781538,-0.23573853,0.028623989
305,10.3472,0.19075198471546173,0.18856841325759888,-0.9181251525878906,0.12838661670684814,0.04044420272111893,0.025003675371408463,-0.01822356817276208,0.0434637252576639,1.4477528249530012,0.09381328523159027,1.7828125953674316,-6.645810604095459,-0.7733352184295654,5.1531267166137695,0.06436976,-0.23995188,0.027921837
306,10.3814,0.1954888254404068,0.18937872350215912,-0.9169909954071045,0.13329242169857025,0.02616197057068348,0.02698989026248455,-0.01546617383228337,0.04417210530167896,1.447664541162865,0.0929260104894638,1.3356528282165527,-6.584080219268799,-0.7393412590026855,5.170332908630371,0.049404576,-0.24353911,0.027347557
307,10.4154,0.2016672044992447,0.18958476185798645,-0.9156172275543213,0.13795636594295502,0.008072493597865105,0.02877112478017807,-0.011493488580536334,0.04474525085777764,1.4475437668074298,0.09141726046800613,0.7650303244590759,-6.410214424133301,-0.703774094581604,5.189002990722656,0.029451644,-0.2467763,0.02709344
308,10.4493,0.20679506659507751,0.18914110958576202,-0.9146209955215454,0.14079605042934418,-0.006352540105581284,0.029530812054872513,-0.008384148139327946,0.04484892688677658,1.447447893008187,0.08996965736150742,0.28641974925994873,-6.232203006744385,-0.6840516328811646,5.196810722351074,0.011409017,-0.24824864,0.02724797
309,10.4831,0.2120020091533661,0.18818780779838562,-0.9136651754379272,0.14261730015277863,-0.020701726898550987,0.030221115797758102,-0.005701047150735389,0.044762590533187575,1.4473681313335391,0.08834658563137054,-0.1851082444190979,-5.9871416091918945,-0.6734729409217834,5.206022262573242,-0.0076773437,-0.24831603,0.027932215
310,10.5176,0.21729202568531036,0.1867547631263733,-0.9127473831176758,0.14353902637958527,-0.034900885075330734,0.03067842870950699,-0.001867454849593448,0.04430079423897863,1.4472513517197392,0.08659495413303375,-0.6641299724578857,-5.707160472869873,-0.6735170483589172,5.2113728523254395,-0.028700452,-0.24663559,0.029106116
311,10.5522,0.2226160764694214,0.18485157191753387,-0.9118428230285645,0.14353060722351074,-0.048787184059619904,0.03125331923365593,0.0012625691726611766,0.043712385440882434,1.4471769163672714,0.08474147319793701,-1.1285028457641602,-5.36915922164917,-0.6829001903533936,5.219890117645264,-0.051028285,-0.24278094,0.030879164
312,10.5865,0.2279084026813507,0.18251119554042816,-0.9109776020050049,0.14254680275917053,-0.06235427036881447,0.031774137169122696,0.004017395669289994,0.043046911418742076,1.4471100710239104,0.0828481912612915,-1.571815848350525,-4.97992467880249,-0.7029149532318115,5.2312822341918945,-0.074575804,-0.2362757,0.033350248
313,10.6202,0.23445850610733032,0.1789330244064331,-0.9099173545837402,0.1398552507162094,-0.07871470600366592,0.03258266672492027,0.008008004723381375,0.04184883430691029,1.4470332388264617,0.08041739463806152,-2.099029541015625,-4.435808181762695,-0.7458244562149048,5.2472734451293945,-0.10571845,-0.22341123,0.037563745
314,10.6541,0.2396133840084076,0.17553259432315826,-0.9091386795043945,0.13661693036556244,-0.09126345068216324,0.03339223191142082,0.011213161747481071,0.040693417706790205,1.4469781113918971,0.07846225053071976,-2.492830514907837,-3.9489095211029053,-0.7971740961074829,5.262896537780762,-0.13154875,-0.20838726,0.042067543
315,10.6881,0.244621142745018,0.1716812700033188,-0.9083184003829956,0.13261006772518158,-0.10319866985082626,0.034566301852464676,0.015307802092099624,0.0389800397299741,1.446893023395069,0.07650631666183472,-2.864689826965332,-3.4363389015197754,-0.8587689399719238,5.279001712799072,-0.15721135,-0.18858288,0.04712839
316,10.7221,0.24945293366909027,0.16738076508045197,-0.9074151515960693,0.12760181725025177,-0.11453007161617279,0.03615486994385719,0.01825836611747425,0.03754863641713775,1.4468609323039336,0.07456490397453308,-3.192274570465088,-2.875568151473999,-0.9219950437545776,5.301008701324463,-0.18161587,-0.16359772,0.052454427
317,10.7562,0.2540881931781769,0.16265365481376648,-0.9064105749130249,0.12158145755529404,-0.12525272369384766,0.038307707756757736,0.022605013281728054,0.035141109663381694,1.4468132617204212,0.07268723845481873,-3.489305019378662,-2.2986268997192383,-0.9915875196456909,5.3224592208862305,-0.20312941,-0.13381425,0.05772513
318,10.7905,0.25849953293800354,0.15750208497047424,-0.9052892923355103,0.1147293671965599,-0.13540604710578918,0.041013531386852264,0.026175086833303954,0.03283165589736241,1.4467462832190057,0.07090933620929718,-3.7621068954467773,-1.7180668115615845,-1.0674549341201782,5.341689109802246,-0.22019285,-0.10055696,0.062477212
319,10.8244,0.2636311650276184,0.15052548050880432,-0.9036976099014282,0.10466518998146057,-0.14696447551250458,0.044855039566755295,0.0293218987832876,0.03051830101646508,1.446729238988029,0.06891123205423355,-4.021728992462158,-0.9698107242584229,-1.146276593208313,5.371045112609863,-0.23420946,-0.05647791,0.06675458
320,10.8583,0.26737740635871887,0.14457404613494873,-0.9022622108459473,0.09555038064718246,-0.1549999862909317,0.04827318713068962,0.03373581365160652,0.026668385410376094,1.4466569341644335,0.06756056100130081,-4.207531452178955,-0.4155472218990326,-1.2117047309875488,5.387070655822754,-0.23916171,-0.023620259,0.06887492
321,10.8921,0.27078932523727417,0.13837453722953796,-0.9007359743118286,0.08558908849954605,-0.16201697289943695,0.051842641085386276,0.03711928491514654,0.02300903146384989,1.4465971461979612,0.06653396040201187,-4.3444695472717285,0.11596915125846863,-1.2660140991210938,5.404097080230713,-0.23993787,0.0064047845,0.06991987
322,10.9261,0.2738374173641205,0.13196510076522827,-0.8991152048110962,0.07445929944515228,-0.16771572828292847,0.0552465058863163,0.039888731099855156,0.019388969546375357,1.4465277708515647,0.06585896015167236,-4.434760570526123,0.6097867488861084,-1.305668592453003,5.419159889221191,-0.2377625,0.032692727,0.070001304
323,10.9602,0.27653738856315613,0.12538108229637146,-0.8973804712295532,0.0627029538154602,-0.17205868661403656,0.05864321067929268,0.04337574939552881,0.013714096795877054,1.4464283017848503,0.0655842125415802,-4.507241725921631,1.059611439704895,-1.3383774757385254,5.429107189178467,-0.23379391,0.054962818,0.06942262
324,10.9943,0.27881792187690735,0.11867550015449524,-0.895505428314209,0.05021679401397705,-0.1748560220003128,0.061568792909383774,0.045609504888157196,0.008846018294645246,1.4463543990646006,0.06566930562257767,-4.528417110443115,1.4765143394470215,-1.339220404624939,5.437410831451416,-0.22881222,0.074605435,0.06766824
325,11.0283,0.2809980809688568,0.1102844625711441,-0.8929953575134277,0.033929817378520966,-0.17598971724510193,0.0646899938583374,0.0476999573470041,0.002557071831416735,1.4462701100160995,0.06622451543807983,-4.485378265380859,1.947021245956421,-1.2943706512451172,5.443584442138672,-0.22169055,0.09623184,0.063974485
326,11.0622,0.2821839451789856,0.1036374568939209,-0.890849232673645,0.02035222388803959,-0.17506586015224457,0.06641533970832825,0.04860028472658662,-0.0018447554324525631,1.446214982581535,0.06696475297212601,-4.435194969177246,2.295881748199463,-1.2414019107818604,5.4394426345825195,-0.21546079,0.11153343,0.060307033
327,11.0957,0.28279706835746765,0.0970849096775055,-0.8886802196502686,0.006649022456258535,-0.17247621715068817,0.06755843013525009,0.049168378598992556,-0.007919451496244338,1.4461844893870535,0.06785523146390915,-4.337524890899658,2.623445987701416,-1.1610641479492188,5.434442520141602,-0.20851688,0.12611635,0.05581558
328,11.1301,0.28281959891319275,0.09065787494182587,-0.8864831924438477,-0.007271701470017433,-0.16828803718090057,0.06778264045715332,0.0490417660951053,-0.012513874591010991,1.4461788967487643,0.06882528215646744,-4.2108235359191895,2.9394686222076416,-1.064327359199524,5.427938461303711,-0.20072742,0.1401227,0.050735842
329,11.1646,0.2822848856449127,0.08443848043680191,-0.8842746019363403,-0.02110181376338005,-0.16274066269397736,0.06741589307785034,0.04849289691681838,-0.016279209865354742,1.4462209746939876,0.06984575092792511,-4.040337562561035,3.2332921028137207,-0.9452600479125977,5.425937652587891,-0.19201592,0.1536613,0.04492322
330,11.198,0.28124478459358215,0.07848639041185379,-0.8821297883987427,-0.03467177972197533,-0.15559804439544678,0.0663791373372078,0.047180399585464855,-0.021210328302421165,1.44628875214373,0.07089907675981522,-3.850337028503418,3.5156121253967285,-0.8223299980163574,5.427884101867676,-0.18236503,0.16651133,0.03894834
331,11.2322,0.2792108654975891,0.07144410163164139,-0.8795821666717529,-0.051146652549505234,-0.14509232342243195,0.06401132792234421,0.045693652456225295,-0.024703224277844413,1.446373573824449,0.07215332984924316,-3.5640602111816406,3.8370938301086426,-0.6512613296508789,5.439756393432617,-0.16883901,0.18177333,0.03085198
332,11.2661,0.27704569697380066,0.06620151549577713,-0.8776512145996094,-0.06370463222265244,-0.13548168540000916,0.06130697578191757,0.044139335936703376,-0.02747476978250607,1.446458928137386,0.07306298613548279,-3.3101742267608643,4.079807758331299,-0.508699893951416,5.4556803703308105,-0.15678108,0.19323352,0.02409375
333,11.3005,0.2744375765323639,0.061368200927972794,-0.8758167028427124,-0.07568412274122238,-0.12482618540525436,0.0579003281891346,0.04149525389912103,-0.0309554797153476,1.4466071330520491,0.07383941113948822,-3.0347609519958496,4.318151473999023,-0.3631986677646637,5.477531433105469,-0.1434094,0.20405677,0.017163165
334,11.3343,0.2714095413684845,0.05696992203593254,-0.874132513999939,-0.08684099465608597,-0.11333505064249039,0.0536697655916214,0.03908437322686716,-0.033381604904247575,1.4467364295229723,0.07444163411855698,-2.7403717041015625,4.5356268882751465,-0.21085503697395325,5.502276420593262,-0.12918004,0.21380767,0.009939624
335,11.3682,0.2679390609264374,0.053053002804517746,-0.8726441860198975,-0.09717873483896255,-0.10113435983657837,0.04899541661143303,0.03577808786185821,-0.03597233217386586,1.4469195218479154,0.0747843086719513,-2.4237241744995117,4.74484395980835,-0.06322839856147766,5.531402587890625,-0.11371699,0.22261997,0.0029665683
336,11.4022,0.2640374004840851,0.04965648427605629,-0.8712821006774902,-0.10693256556987762,-0.08823858946561813,0.04418803006410599,0.03329931738775333,-0.03753177111729698,1.4470675936045236,0.0748319998383522,-2.092050552368164,4.923339366912842,0.0835622251033783,5.55909538269043,-0.09775864,0.23006088,-0.0039047478
337,11.4359,0.25869184732437134,0.04617234691977501,-0.8698233366012573,-0.11775372922420502,-0.07128840684890747,0.037426773458719254,0.029551317627630316,-0.03934119350211327,1.4472715917440238,0.07450833171606064,-1.6619083881378174,5.116257190704346,0.26578471064567566,5.592972755432129,-0.07714063,0.23748079,-0.012336901
338,11.4701,0.2541572153568268,0.04400568827986717,-0.8689008951187134,-0.1251606047153473,-0.05737324804067612,0.031629886478185654,0.026386204767530782,-0.04047864208725372,1.4474434987923883,0.07396744191646576,-1.3147802352905273,5.238706111907959,0.406120628118515,5.6171159744262695,-0.06068491,0.24179736,-0.018744877
339,11.5041,0.24946001172065735,0.042413488030433655,-0.868165135383606,-0.13157352805137634,-0.04305751249194145,0.02559412643313408,0.0235321408003741,-0.041256085388475104,1.4475879752815253,0.07316925376653671,-0.9721792340278625,5.3238067626953125,0.5451763868331909,5.6347551345825195,-0.044683643,0.24469468,-0.02505759
340,11.5381,0.2446320503950119,0.0413704551756382,-0.8676210641860962,-0.13673588633537292,-0.028540093451738358,0.019130978733301163,0.019332918327807595,-0.04203284209347795,1.4478047565942578,0.07212766259908676,-0.6246084570884705,5.387374401092529,0.6847304105758667,5.650932788848877,-0.028565198,0.24638061,-0.031314753
341,11.5721,0.23489747941493988,0.04096047580242157,-0.8671214580535889,-0.143668532371521,0.0008956505334936082,0.006015995983034372,0.015899720853288758,-0.04237124664424296,1.4479392462293066,0.06933043897151947,0.010294239968061447,5.359816074371338,0.9733494520187378,5.640572547912598,0.00047243043,0.24597642,-0.044669632
342,11.6062,0.23489747941493988,0.04096047580242157,-0.8671214580535889,-0.143668532371521,0.0008956505334936082,0.006015995983034372,0.012854504337702435,-0.04242233356409124,1.4480533626820167,0.06933043897151947,0.03312547132372856,5.386470794677734,0.9696413278579712,5.652349948883057,0.00151309,0.24604072,-0.044290826
343,11.6399,0.2239810675382614,0.04315084591507912,-0.8675861358642578,-0.14559312164783478,0.03372661769390106,-0.00958110298961401,0.008517944936374606,-0.04218614446491484,1.4482228728854,0.06495893746614456,0.7190316319465637,5.187397480010986,1.3109415769577026,5.597229480743408,0.033297256,0.24022046,-0.060707703
344,11.6742,0.2192060798406601,0.04492044448852539,-0.8681764602661133,-0.14460700750350952,0.0477757602930069,-0.016703056171536446,0.005060836748545251,-0.04170672553443014,1.4483339267028563,0.06269587576389313,1.0300328731536865,5.057943820953369,1.46058189868927,5.564365386962891,0.048002943,0.23571692,-0.06806795
345,11.7081,0.21455161273479462,0.047104790806770325,-0.8690084218978882,-0.1425529420375824,0.06146227940917015,-0.024638226255774498,0.0008554945320509756,-0.04074152937635817,1.448475207398685,0.06032446771860123,1.3420416116714478,4.9021897315979,1.6155189275741577,5.525201797485352,0.062910415,0.22979823,-0.075730115
346,11.7421,0.21007545292377472,0.04968518018722534,-0.870114803314209,-0.13948500156402588,0.07479758560657501,-0.03270300105214119,-0.0020438741875003358,-0.03986518709134317,1.4485499090672618,0.05786585807800293,1.6366783380508423,4.704005718231201,1.7628018856048584,5.472617149353027,0.07744501,0.22258604,-0.08341297
347,11.7761,0.2058095484972,0.05266592651605606,-0.8714801073074341,-0.13531553745269775,0.08738235384225845,-0.04074091464281082,-0.00610727804521605,-0.03822875366408434,1.4486650907844079,0.055329613387584686,1.9336724281311035,4.484495162963867,1.8984618186950684,5.418798446655273,0.09226151,0.21396917,-0.0905815
348,11.8107,0.20080244541168213,0.05694357678294182,-0.8735576868057251,-0.1286439150571823,0.10232077538967133,-0.050686538219451904,-0.009179256729014418,-0.036720955078665546,1.4487440535107285,0.05209239944815636,2.2738656997680664,4.1488213539123535,2.042259454727173,5.334758758544922,0.11031632,0.20127958,-0.099079974
349,11.845,0.1970295011997223,0.060806673020124435,-0.8755571842193604,-0.12228896468877792,0.11357990652322769,-0.05857416242361069,-0.011723080114230986,-0.035229484999680295,1.4487685545927573,0.049509577453136444,2.5398311614990234,3.841611862182617,2.1305806636810303,5.2617340087890625,0.12513313,0.18926962,-0.10497005
350,11.8791,0.1934424340724945,0.06504953652620316,-0.8778209686279297,-0.11500898003578186,0.12382616102695465,-0.0665036216378212,-0.01513047717539238,-0.03280711736463085,1.4487778756565726,0.047048162668943405,2.810473918914795,3.5067403316497803,2.1974432468414307,5.188555717468262,0.14045419,0.17525029,-0.10981782
351,11.9131,0.19003459811210632,0.06966565549373627,-0.8803008794784546,-0.10708699375391006,0.1334826499223709,-0.0741504579782486,-0.017705535487065834,-0.03066744427929332,1.4487851993495704,0.04484141245484352,3.069241762161255,3.124027967453003,2.2351784706115723,5.107089519500732,0.15605602,0.15884162,-0.11364795
352,11.9471,0.18681229650974274,0.07461239397525787,-0.8829244375228882,-0.09851185232400894,0.14234359562397003,-0.08145608007907867,-0.020687687099682318,-0.02772619507595017,1.4487492466748542,0.04306726157665253,3.3166329860687256,2.697218656539917,2.2453582286834717,5.02081298828125,0.17171337,0.13964418,-0.11624983
353,11.9812,0.1837620735168457,0.07989758253097534,-0.8857998847961426,-0.08956174552440643,0.15037037432193756,-0.08838051557540894,-0.022658455434665378,-0.025533038225783282,1.4487194192706454,0.04190010949969292,3.5702593326568604,2.230553388595581,2.22261118888855,4.934192657470703,0.18749492,0.117139235,-0.116722144
354,12.0152,0.18020613491535187,0.08692910522222519,-0.8896791934967041,-0.07756905257701874,0.15926453471183777,-0.09621144831180573,-0.02530406254809071,-0.022133300873647767,1.4486602970944455,0.04158724844455719,3.8490071296691895,1.5751893520355225,2.1315901279449463,4.819046497344971,0.20590404,0.08426533,-0.11403019
355,12.0486,0.17771124839782715,0.09284008294343948,-0.8929688930511475,-0.06736364960670471,0.16531826555728912,-0.10148628056049347,-0.027305806775502754,-0.019219802641101083,1.448555235389442,0.04230219125747681,4.0574421882629395,1.0090446472167969,2.0219762325286865,4.733177185058594,0.2184104,0.05431645,-0.108842134
356,12.0822,0.17558564245700836,0.09901014715433121,-0.8965029716491699,-0.056717757135629654,0.1704452633857727,-0.1057734489440918,-0.028955420769562874,-0.01654888925553619,1.4484536357938556,0.04389958083629608,4.214415073394775,0.3955404460430145,1.856369972229004,4.648913860321045,0.2279489,0.021393955,-0.10040717
357,12.1161,0.17385362088680267,0.10539218783378601,-0.9002424478530884,-0.04562654346227646,0.1745983064174652,-0.10867724567651749,-0.03120292067012959,-0.012337664873010216,1.4482814624293818,0.046359218657016754,4.345719814300537,-0.2544226348400116,1.6511746644973755,4.576690196990967,0.23335025,-0.013661623,-0.088662416
358,12.1501,0.1725156605243683,0.11191759258508682,-0.904130220413208,-0.03404059633612633,0.17749695479869843,-0.10988621413707733,-0.032955517855186314,-0.008580168238828087,1.4481051611652187,0.049604881554841995,4.4211506843566895,-0.9300656318664551,1.3974038362503052,4.5181474685668945,0.23372078,-0.049167216,-0.07387269
359,12.1842,0.17159834504127502,0.11852092295885086,-0.9080677032470703,-0.022199274972081184,0.17917808890342712,-0.10935099422931671,-0.034394176201398535,-0.005035312534121174,1.4479375151745981,0.053461696952581406,4.4430999755859375,-1.6183644533157349,1.1088558435440063,4.477013111114502,0.22869882,-0.08330176,-0.05707592
360,12.2181,0.17103230953216553,0.12676861882209778,-0.9129438400268555,-0.007101943716406822,0.1793651431798935,-0.10565190017223358,-0.03613085683775283,0.000410780277123566,1.4476609458953933,0.058888837695121765,4.413303852081299,-2.4711625576019287,0.7218583822250366,4.45588493347168,0.21594451,-0.120914854,-0.035320785
361,12.2524,0.17105261981487274,0.13330447673797607,-0.9167379140853882,0.005194324068725109,0.17787852883338928,-0.10055488348007202,-0.03721886633396948,0.005032776809450443,1.4474426998440615,0.06351809203624725,4.33909797668457,-3.128542184829712,0.40524277091026306,4.4625654220581055,0.20220682,-0.14579357,-0.018884767
362,12.286,0.17146597802639008,0.13971951603889465,-0.9202991724014282,0.017416104674339294,0.1748255342245102,-0.09266898036003113,-0.03784105150482845,0.009209415988062266,1.4472078090359164,0.06821860373020172,4.219891548156738,-3.7472095489501953,0.0847415030002594,4.489055156707764,0.18691494,-0.16597807,-0.0037535212
363,12.3202,0.17229469120502472,0.14593029022216797,-0.9235210418701172,0.02959461696445942,0.17031508684158325,-0.08291438966989517,-0.03809204195400081,0.01543450926304125,1.4468964855044861,0.07279606908559799,4.083883285522461,-4.331252098083496,-0.20583796501159668,4.535313129425049,0.1714037,-0.18178596,0.008639176
364,12.3542,0.17347970604896545,0.1518612653017044,-0.926296591758728,0.04147914797067642,0.16442683339118958,-0.07167228311300278,-0.03770148521895148,0.020454760372841264,1.446621380963881,0.07711885124444962,3.9048843383789062,-4.852372169494629,-0.4742991030216217,4.593132972717285,0.15628323,-0.19420406,0.018982636
365,12.388,0.17496643960475922,0.15744325518608093,-0.9285950660705566,0.05289079248905182,0.1567232310771942,-0.05963782221078873,-0.0364393674052817,0.026470090180679078,1.446338153781951,0.08110193908214569,3.7126758098602295,-5.314520359039307,-0.7052739858627319,4.65830135345459,0.14233193,-0.20374145,0.027037913
366,12.4222,0.17728976905345917,0.16385312378406525,-0.9307581186294556,0.06645666807889938,0.14498338103294373,-0.04436817392706871,-0.03510245221568351,0.030368966338933486,1.4461449414448657,0.08544473350048065,3.4089314937591553,-5.75475549697876,-0.9612585306167603,4.737184524536133,0.12611903,-0.21290664,0.035563342
367,12.4559,0.17952163517475128,0.1684383749961853,-0.9319560527801514,0.07664503902196884,0.13415378332138062,-0.032497506588697433,-0.03261237787110801,0.03535560648324156,1.4459103169528298,0.08833634108304977,3.1582560539245605,-6.05487585067749,-1.1176738739013672,4.797156810760498,0.11410016,-0.21874803,0.040378857
368,12.4897,0.1820915937423706,0.17253579199314117,-0.9326304197311401,0.08618098497390747,0.12206652015447617,-0.02094767801463604,-0.030250686616425743,0.03877319117586981,1.4457406735913918,0.09065498411655426,2.8749570846557617,-6.273221492767334,-1.2479904890060425,4.8503923416137695,0.102492966,-0.22364198,0.044491183
369,12.5243,0.18498536944389343,0.1760525405406952,-0.9327833652496338,0.09478110074996948,0.10887817293405533,-0.010147892870008945,-0.027938925470993255,0.04130050192203058,1.4456087139593783,0.0923314094543457,2.5691044330596924,-6.41806173324585,-1.3487589359283447,4.896514892578125,0.091187,-0.2278007,0.047872435
370,12.5581,0.18814009428024292,0.17897219955921173,-0.9324320554733276,0.1026047021150589,0.09470093250274658,0.00010218521492788568,-0.02434738018312859,0.04422055818876159,1.4454236242636178,0.09337754547595978,2.2489280700683594,-6.520631790161133,-1.4172890186309814,4.936795234680176,0.07984363,-0.23150182,0.050317977
371,12.5918,0.19150294363498688,0.1812869906425476,-0.9316490888595581,0.10933730751276016,0.07988586276769638,0.009232538752257824,-0.021369572852040296,0.04593059056945828,1.4452968577957301,0.09383746981620789,1.9140725135803223,-6.554114818572998,-1.4628111124038696,4.971631050109863,0.068527825,-0.2346511,0.052371718
372,12.6261,0.19594214856624603,0.18333186209201813,-0.930129885673523,0.11632898449897766,0.060631539672613144,0.019353333860635757,-0.018700613144806328,0.04702729695110972,1.445192461880999,0.0936330109834671,1.4845858812332153,-6.505575180053711,-1.4907336235046387,5.012026786804199,0.054282535,-0.23787045,0.054507323
373,12.66,0.19964507222175598,0.1842411756515503,-0.928505539894104,0.12080032378435135,0.044735971838235855,0.02648887410759926,-0.014840494302790977,0.04795919111198809,1.4450497164465708,0.09282375127077103,1.1270525455474854,-6.430404186248779,-1.4884395599365234,5.03969669342041,0.042079613,-0.24008544,0.05557235
374,12.6942,0.20348170399665833,0.1845214068889618,-0.9266047477722168,0.12436390668153763,0.028808381408452988,0.03279564902186394,-0.011802576513067152,0.048262379518526,1.444944654741567,0.09149924665689468,0.7625207901000977,-6.291548728942871,-1.4707249402999878,5.067988395690918,0.02930067,-0.24175942,0.056514163
375,12.7281,0.20744766294956207,0.18423409759998322,-0.9244664907455444,0.12703284621238708,0.012771685607731342,0.03825542703270912,-0.008055949945381207,0.04809327711168438,1.4448301388146936,0.08973833918571472,0.3908856511116028,-6.09495210647583,-1.4383844137191772,5.097316741943359,0.01557421,-0.24284357,0.057310116
376,12.7622,0.21147440373897552,0.18341107666492462,-0.9221609830856323,0.12878255546092987,-0.0030098212882876396,0.043111298233270645,-0.005484322014057183,0.04770272869901346,1.444740922918176,0.0876198336482048,0.009039964526891708,-5.864109516143799,-1.3974744081497192,5.12418270111084,0.00037489488,-0.24318953,0.057954434
377,12.7959,0.21552138030529022,0.18202173709869385,-0.9197051525115967,0.12973056733608246,-0.018604712560772896,0.04716993868350983,-0.001896241696427198,0.04677432577587662,1.4446366601614995,0.08513543009757996,-0.37305688858032227,-5.576071262359619,-1.3463239669799805,5.152570724487305,-0.016224323,-0.24250452,0.058551915
378,12.8296,0.2205820232629776,0.1795329451560974,-0.9163875579833984,0.12960806488990784,-0.037623319774866104,0.051640115678310394,0.0009096342043284946,0.045798102466416045,1.4445321310887138,0.08155703544616699,-0.8250226378440857,-5.11847448348999,-1.263305425643921,5.196356773376465,-0.03865192,-0.23979811,0.059185263
379,12.864,0.22456778585910797,0.17695949971675873,-0.9135580062866211,0.12835396826267242,-0.052491750568151474,0.054792262613773346,0.00333531356081649,0.04478767834289396,1.4444450457210682,0.07836268097162247,-1.171381950378418,-4.693192005157471,-1.1873748302459717,5.233429908752441,-0.058795255,-0.23556572,0.059597988
380,12.8982,0.2284848690032959,0.17390629649162292,-0.9106767177581787,0.1263837218284607,-0.0669197291135788,0.05722678080201149,0.006758224835699221,0.043134903925633974,1.4443526340312425,0.07497282326221466,-1.5145624876022339,-4.229979038238525,-1.1078429222106934,5.26834774017334,-0.08182367,-0.22852302,0.059850797
381,12.9323,0.2323312908411026,0.1703585684299469,-0.9077991247177124,0.12372928112745285,-0.08065809309482574,0.05923204496502876,0.009491571663772356,0.041653637082575086,1.4442781986787747,0.07142320275306702,-1.8337427377700806,-3.7099246978759766,-1.0240310430526733,5.305908203125,-0.10753348,-0.21755566,0.06005075
382,12.966,0.23607303202152252,0.16639074683189392,-0.9049680233001709,0.12025540322065353,-0.09393181651830673,0.06099621579051018,0.011940633327560637,0.040251220613728565,1.4442126849159589,0.06782500445842743,-2.127351999282837,-3.1465799808502197,-0.9439343214035034,5.3432512283325195,-0.13588889,-0.20099412,0.0602957
383,13.0,0.2396942675113678,0.16205616295337677,-0.9020777940750122,0.11593911796808243,-0.10635775327682495,0.062221311032772064,0.015455341216490014,0.03803394759153425,1.444157557481394,0.06422917544841766,-2.410325527191162,-2.5764076709747314,-0.8612087965011597,5.3739118576049805,-0.16592279,-0.17735562,0.05928418
384,13.0343,0.24399377405643463,0.15624642372131348,-0.8984298706054688,0.1095113679766655,-0.12094427645206451,0.06348829716444016,0.018411252369990815,0.03605394973889838,1.4441081558431732,0.05993105471134186,-2.7063722610473633,-1.83657968044281,-0.74797523021698,5.412144660949707,-0.20165886,-0.13684835,0.055733584
385,13.0683,0.24719750881195068,0.15135285258293152,-0.895469069480896,0.1032700166106224,-0.13162477314472198,0.06418357044458389,0.02235656739975348,0.03324882967915031,1.4440726026426207,0.05675332993268967,-2.909681797027588,-1.2639577388763428,-0.6547626256942749,5.435610294342041,-0.22456649,-0.09755106,0.05053396
386,13.1021,0.25010421872138977,0.14627528190612793,-0.8924843072891235,0.09624803811311722,-0.1412626951932907,0.06428761780261993,0.025326570420491083,0.03092057357971615,1.444047835244483,0.053855642676353455,-3.097519874572754,-0.7321078777313232,-0.5620958805084229,5.449021339416504,-0.23958929,-0.056627627,0.043477412
387,13.1357,0.2526940405368805,0.14097987115383148,-0.8895097970962524,0.08813527971506119,-0.15004810690879822,0.06397455185651779,0.029815603076307054,0.026982394989437053,1.4440129478342028,0.05126233398914337,-3.2387373447418213,-0.21387585997581482,-0.4653584063053131,5.459225177764893,-0.24693164,-0.016306575,0.035480406
388,13.1701,0.2549316883087158,0.1354728490114212,-0.8865902423858643,0.07911090552806854,-0.15771925449371338,0.062462035566568375,0.03342861593927128,0.023249658471311555,1.4439679404117804,0.04902103915810585,-3.360809564590454,0.2716387212276459,-0.36749574542045593,5.460464000701904,-0.24772036,0.020022094,0.027087575
389,13.2041,0.25677376985549927,0.1298236846923828,-0.8837881088256836,0.06883689016103745,-0.16412729024887085,0.05979242920875549,0.03654573572369514,0.019508021169480305,1.4439132124513794,0.047196634113788605,-3.4210989475250244,0.7398920059204102,-0.2552918493747711,5.459529876708984,-0.2437033,0.052706495,0.018185813
390,13.2382,0.2585349977016449,0.1226261779665947,-0.8805094957351685,0.054805248975753784,-0.17009058594703674,0.05504585802555084,0.04056408794635323,0.013490335088256153,1.4437852475610011,0.04558948427438736,-3.4550600051879883,1.2841030359268188,-0.11239495873451233,5.4499125480651855,-0.23422985,0.08705355,0.0076196226
391,13.272,0.2600010931491852,0.11099552363157272,-0.8757901191711426,0.029436564072966576,-0.17394572496414185,0.044823165982961655,0.043260929701843566,0.008270964313148228,1.4436915042906302,0.044556934386491776,-3.31382155418396,2.080686569213867,0.17526033520698547,5.432398796081543,-0.21151288,0.13280499,-0.011186426
392,13.3055,0.2600010931491852,0.11099552363157272,-0.8757901191711426,0.029436564072966576,-0.17394572496414185,0.044823165982961655,0.04513853733294429,0.0035124527844555397,1.4436001578652407,0.044556934386491776,-3.3723673820495605,2.0788991451263428,0.1438387930393219,5.423948764801025,-0.21267308,0.13110253,-0.009070969
393,13.3391,0.26010656356811523,0.10518931597471237,-0.8738967180252075,0.01580987684428692,-0.17328442633152008,0.03796490654349327,0.04687622913827498,-0.0034953557583910166,1.443498291953545,0.04467637836933136,-3.2946605682373047,2.455049514770508,0.2634354531764984,5.406390190124512,-0.20005399,0.14907224,-0.015995977
394,13.3732,0.25887739658355713,0.09383214265108109,-0.87135910987854,-0.012290637008845806,-0.16641515493392944,0.02222447283565998,0.047395907574301115,-0.009227266449446903,1.4434226581785867,0.045647066086530685,-2.94447922706604,3.1332154273986816,0.5168642997741699,5.392289161682129,-0.16998081,0.18087628,-0.029837877
395,13.4073,0.2570941746234894,0.08702743798494339,-0.8704395294189453,-0.029525332152843475,-0.15838779509067535,0.01315189991146326,0.047116125857031475,-0.016016238312168928,1.4433773844400555,0.04655392840504646,-2.986452102661133,3.153402328491211,0.48954007029533386,5.388108730316162,-0.17082465,0.18037418,-0.028001625
396,13.4414,0.25511401891708374,0.08187618106603622,-0.8701260089874268,-0.04277351126074791,-0.15009120106697083,0.005426501855254173,0.04632156342342793,-0.0203743703586237,1.443348755458337,0.04732206463813782,-2.44114351272583,3.8094048500061035,0.6888811588287354,5.4051055908203125,-0.13334908,0.20809124,-0.037630588
397,13.4749,0.2526674270629883,0.07703764736652374,-0.870150089263916,-0.055472515523433685,-0.1403457373380661,-0.0017342355567961931,0.04483010166682108,-0.025021998418543093,1.4433980239385036,0.048087600618600845,-2.1680502891540527,4.077169895172119,0.7331998348236084,5.422598361968994,-0.11592337,0.21800198,-0.039203424
398,13.5092,0.24971482157707214,0.07262939214706421,-0.8704558610916138,-0.06759704649448395,-0.12929588556289673,-0.008719204925000668,0.04222715714570206,-0.03016562150613833,1.4434708613943172,0.04873187094926834,-1.8665740489959717,4.330167293548584,0.7579656839370728,5.446157932281494,-0.09770853,0.22666891,-0.039676815
399,13.5429,0.24633319675922394,0.06865633279085159,-0.8710137605667114,-0.07873708754777908,-0.11706002056598663,-0.014883894473314285,0.039890770082564746,-0.03339990373376887,1.4435666020355056,0.049289900809526443,-1.5355933904647827,4.543637752532959,0.771573543548584,5.472687721252441,-0.07902754,0.23383307,-0.039708145
400,13.5772,0.24252642691135406,0.06518230587244034,-0.871790885925293,-0.08881616592407227,-0.10386668890714645,-0.02030646987259388,0.035974691568144104,-0.0374417604336415,1.4437205327465121,0.04971170052886009,-1.184064269065857,4.7449259757995605,0.762418270111084,5.504891395568848,-0.059807193,0.23966663,-0.038509816
401,13.6112,0.23726418614387512,0.06159310042858124,-0.8729859590530396,-0.09973721951246262,-0.08622550219297409,-0.025601638481020927,0.0324659664289917,-0.04013563110004072,1.4438868471565875,0.05006757006049156,-0.7255522608757019,4.924276828765869,0.7407127618789673,5.540044784545898,-0.036045093,0.24463573,-0.036798257
402,13.6452,0.23267985880374908,0.05936843901872635,-0.8741177320480347,-0.10716315358877182,-0.07128561288118362,-0.028874900192022324,0.02921863679261438,-0.04205368549019702,1.4440189399466554,0.050195347517728806,-0.34600695967674255,5.02915620803833,0.7103475332260132,5.565831661224365,-0.016991619,0.24697047,-0.03488356
403,13.679,0.22786088287830353,0.05768647789955139,-0.8754150867462158,-0.11325041204690933,-0.05593601241707802,-0.03130355477333069,0.024409752248096085,-0.044154990330486,1.4442506349614925,0.05026356130838394,0.04416603967547417,5.114178657531738,0.6652644872665405,5.593360900878906,0.0021408831,0.2479022,-0.032247707
404,13.7132,0.22284406423568726,0.056642092764377594,-0.8768296241760254,-0.11804619431495667,-0.04027999937534332,-0.03294062241911888,0.020414228309407017,-0.045332282302247555,1.4444331946542173,0.0502135343849659,0.4329478442668915,5.14609432220459,0.6190036535263062,5.610651016235352,0.020809837,0.2473494,-0.029752696
405,13.7471,0.21764536201953888,0.056208666414022446,-0.8783304691314697,-0.12157293409109116,-0.02455480396747589,-0.03370240703225136,0.015285769635565723,-0.04621242375300512,1.4446514407055493,0.05010313540697098,0.8222395777702332,5.132192611694336,0.5705265998840332,5.618257999420166,0.03931256,0.24537817,-0.02727777
406,13.781,0.2122809886932373,0.05637550726532936,-0.8798929452896118,-0.12375764548778534,-0.008623200468719006,-0.03388432413339615,0.011676914840912843,-0.04644136406058946,1.4447973819332858,0.04999057948589325,1.223628044128418,5.090629577636719,0.524799108505249,5.622189521789551,0.05813665,0.24186447,-0.024934098
407,13.8154,0.20555472373962402,0.057376209646463394,-0.881844162940979,-0.12486596405506134,0.010793921537697315,-0.03347252681851387,0.006592040982935025,-0.04626385605155727,1.4450033774436033,0.04995278641581535,1.7062997817993164,4.957483291625977,0.4813903272151947,5.601357460021973,0.08102145,0.23539971,-0.0228582
408,13.8493,0.20012378692626953,0.05884851515293121,-0.883365273475647,-0.12439413368701935,0.02619224786758423,-0.03253981098532677,0.0026298146201760284,-0.045719514247123484,1.445142261294451,0.050016336143016815,2.104748010635376,4.8148322105407715,0.4603731334209442,5.577450752258301,0.09975308,0.22819565,-0.021819068
409,13.883,0.19467294216156006,0.06090730428695679,-0.8848036527633667,-0.12272347509860992,0.04133943095803261,-0.03153449669480324,-0.0007595454412909768,-0.044948878651438616,1.4452306782426416,0.05022605508565903,2.495699882507324,4.607901096343994,0.4613467752933502,5.532231330871582,0.11860296,0.21898095,-0.02192455
410,13.9174,0.18926750123500824,0.06351958215236664,-0.8861830234527588,-0.1199229285120964,0.056009262800216675,-0.030309682711958885,-0.005474335680118037,-0.04347413655305043,1.4453538494430578,0.05064678564667702,2.8981218338012695,4.364924907684326,0.4799180328845978,5.479922294616699,0.1377076,0.20740443,-0.022803858
411,13.9511,0.1839417964220047,0.06669700145721436,-0.8875622749328613,-0.11611270904541016,0.07020648568868637,-0.029273923486471176,-0.009178735540066712,-0.04194703837210696,1.4454264205827625,0.05131589621305466,3.296381711959839,4.06029748916626,0.512955904006958,5.409229278564453,0.1568205,0.19316266,-0.024403121
412,13.9861,0.1788148581981659,0.07040411978960037,-0.8888695240020752,-0.11100747436285019,0.08369874954223633,-0.028314480558037758,-0.012326175829620046,-0.040351010092011676,1.445463837996078,0.05223103240132332,3.6839511394500732,3.700260639190674,0.5629568099975586,5.325035095214844,0.17536947,0.17614587,-0.026798792
413,14.0201,0.17274396121501923,0.07564777880907059,-0.8904010057449341,-0.10334271192550659,0.09960230439901352,-0.027647433802485466,-0.016639881979843632,-0.037712541498664515,1.445475955379038,0.05380501225590706,4.161041736602783,3.186882257461548,0.6490088701248169,5.208639144897461,0.19697206,0.15085807,-0.03072226
414,14.0545,0.16824573278427124,0.08022893220186234,-0.8916504383087158,-0.09592516720294952,0.1113545224070549,-0.027654120698571205,-0.019974794245976334,-0.03528975566410015,1.445474890114602,0.055411797016859055,4.519586563110352,2.732773542404175,0.7224853038787842,5.110395431518555,0.21195903,0.12816128,-0.033883028
415,14.0881,0.16417159140110016,0.0851488932967186,-0.8929040431976318,-0.08751993626356125,0.12207906693220139,-0.028200970962643623,-0.02389797382977232,-0.03188850155850005,1.4454277521633074,0.05721089988946915,4.841399669647217,2.2388923168182373,0.7927687168121338,5.008270263671875,0.22444592,0.10379442,-0.036752537
416,14.1222,0.16053445637226105,0.09036135673522949,-0.8942015171051025,-0.07813002914190292,0.13176043331623077,-0.029260944575071335,-0.026539411431616,-0.02920080817747306,1.445363170506873,0.05919109657406807,5.139191150665283,1.7225172519683838,0.8622215986251831,4.912665843963623,0.23409627,0.07846271,-0.03927522
417,14.156,0.15735456347465515,0.09585390239953995,-0.8955340385437012,-0.06783592700958252,0.1403183937072754,-0.030682744458317757,-0.03008311552721091,-0.024977067978121013,1.4452220229690989,0.06131511926651001,5.3946003913879395,1.1743462085723877,0.9181197881698608,4.821741104125977,0.2409697,0.0524565,-0.041011203
418,14.1901,0.15465614199638367,0.10155639797449112,-0.896956205368042,-0.05661851167678833,0.14762437343597412,-0.032582543790340424,-0.0326550217380629,-0.02122579336209504,1.4450840712246327,0.06357016414403915,5.591282844543457,0.5973482131958008,0.9468996524810791,4.7381134033203125,0.24513406,0.026189052,-0.04151415
419,14.2241,0.15196560323238373,0.10892979055643082,-0.8988608121871948,-0.041588302701711655,0.15493515133857727,-0.03484640643000603,-0.03469527361036181,-0.017786911703124565,1.4449558400181455,0.06654878705739975,5.749427795410156,-0.15522199869155884,0.9304426908493042,4.651479244232178,0.24670163,-0.0066604055,-0.039924275
420,14.2596,0.15039309859275818,0.11500319093465805,-0.9004528522491455,-0.028981337323784828,0.15939092636108398,-0.03656353801488876,-0.037132621526542946,-0.012662349982972112,1.444740656602067,0.0690072625875473,5.8397650718688965,-0.7775436639785767,0.900941014289856,4.605208396911621,0.24496514,-0.032616224,-0.037792467
421,14.2932,0.14936324954032898,0.12119719386100769,-0.9021170139312744,-0.015904195606708527,0.16235725581645966,-0.03793405368924141,-0.03862154079654661,-0.008314075273591187,1.4445354600400764,0.07150577008724213,5.86647891998291,-1.418206810951233,0.8359626531600952,4.577764987945557,0.24070223,-0.05818917,-0.03429963
422,14.3274,0.14884096384048462,0.12741830945014954,-0.9038410186767578,-0.0025252883788198233,0.16395708918571472,-0.03891507163643837,-0.03998122601346497,-0.002690308948515559,1.4442378517882601,0.07405395805835724,5.83945894241333,-2.061706781387329,0.7452949285507202,4.571418285369873,0.23404954,-0.08263463,-0.029871935
423,14.3611,0.14883525669574738,0.13358581066131592,-0.9056820869445801,0.011125159449875355,0.16386520862579346,-0.03944960609078407,-0.0405441933007725,0.0013258590399223146,1.4440571563082982,0.07662878185510635,5.779284477233887,-2.70074725151062,0.6418125629425049,4.5876030921936035,0.2253518,-0.10531031,-0.025026215
424,14.3952,0.14939020574092865,0.13967350125312805,-0.9076526165008545,0.024752182886004448,0.16233457624912262,-0.03933963179588318,-0.04076164040377747,0.0059225472520243235,1.443812678120229,0.07917920500040054,5.662932872772217,-3.3212149143218994,0.5136809349060059,4.6205878257751465,0.21499136,-0.12608883,-0.019501725
425,14.4292,0.1508159339427948,0.14706936478614807,-0.9102185964584351,0.04164902865886688,0.15847867727279663,-0.03803350403904915,-0.0403956097178921,0.011615176317001541,1.4435013545887987,0.08230797946453094,5.459108829498291,-4.057372570037842,0.33862438797950745,4.682514190673828,0.20040196,-0.14894472,-0.012430782
426,14.4634,0.15249979496002197,0.15270547568798065,-0.9122329950332642,0.05486343055963516,0.15366722643375397,-0.03629862517118454,-0.03973663547328721,0.015503471611409391,1.443295891710699,0.08468836545944214,5.251113414764404,-4.586036205291748,0.19792428612709045,4.742767810821533,0.18822265,-0.1643834,-0.007094464
427,14.4971,0.1546650528907776,0.15805785357952118,-0.9142041206359863,0.06758023053407669,0.14745435118675232,-0.033863868564367294,-0.038226564878563435,0.02085099296996382,1.4430367661366343,0.08692114800214767,5.012261867523193,-5.0646281242370605,0.060280174016952515,4.807228088378906,0.17584938,-0.17768659,-0.0021148599
428,14.5311,0.15730223059654236,0.16307799518108368,-0.9160546064376831,0.07964325696229935,0.13990966975688934,-0.030653085559606552,-0.036600526101934316,0.02485488714073522,1.4428286400974446,0.08894319832324982,4.745110988616943,-5.494072437286377,-0.07025948166847229,4.871622085571289,0.16340184,-0.18919297,0.0024194438
429,14.5652,0.16040492057800293,0.16769219934940338,-0.9176818132400513,0.09113122522830963,0.13106012344360352,-0.02717454731464386,-0.03489617374450006,0.02812241310891051,1.4426611272648786,0.09065955877304077,4.43306303024292,-5.834665775299072,-0.19235938787460327,4.930469512939453,0.15119098,-0.19899309,0.0065604765
430,14.5991,0.16394203901290894,0.1718701422214508,-0.9191539287567139,0.10192721337080002,0.12099108099937439,-0.023145155981183052,-0.03202213606916778,0.032320865761474415,1.4424166490768093,0.09208571910858154,4.09215784072876,-6.127420902252197,-0.3060377836227417,4.982678413391113,0.13872477,-0.20772049,0.010374727
431,14.6332,0.16904400289058685,0.17639020085334778,-0.9207929372787476,0.1141950860619545,0.10697449743747711,-0.017657656222581863,-0.02948273498777697,0.03526736014380826,1.4422288962199588,0.0933617651462555,3.603325366973877,-6.3701491355896,-0.4486442506313324,5.033995628356934,0.12285634,-0.21719193,0.015296645
432,14.6671,0.17362314462661743,0.17941291630268097,-0.921952486038208,0.1232742890715599,0.09469320625066757,-0.01327088475227356,-0.02711429220361243,0.037472494977096704,1.4420850855210945,0.09399154782295227,3.168771505355835,-6.497588634490967,-0.5560020208358765,5.0657477378845215,0.10926132,-0.22404112,0.019171314
433,14.7009,0.17859935760498047,0.18185767531394958,-0.9229143857955933,0.1313144564628601,0.08151742815971375,-0.00884169153869152,-0.02350634142731396,0.040115732293270784,1.441898930560898,0.09423930197954178,2.7013630867004395,-6.581977844238281,-0.6553479433059692,5.088592529296875,0.094520964,-0.23030406,0.022930691
434,14.7357,0.18393777310848236,0.18373849987983704,-0.9236536026000977,0.13847829401493073,0.06789800524711609,-0.004211725201457739,-0.020501093134024838,0.04181415911727961,1.4417440677435098,0.09413200616836548,2.2000231742858887,-6.59973669052124,-0.7495882511138916,5.1053948402404785,0.07860554,-0.23580472,0.026782349
435,14.7694,0.18957553803920746,0.18504685163497925,-0.9241516590118408,0.14477413892745972,0.053793296217918396,0.000314420263748616,-0.016601330642470134,0.043385374226155925,1.4415561817286047,0.09369311481714249,1.6686547994613647,-6.573479175567627,-0.8343439102172852,5.115689277648926,0.06105049,-0.24050158,0.030525848
436,14.8037,0.1954471468925476,0.18575675785541534,-0.9243855476379395,0.1499321013689041,0.03934794291853905,0.004987065680325031,-0.013819764994207053,0.04415810706119923,1.4414358068473332,0.09292583167552948,1.1228134632110596,-6.472065448760986,-0.913977861404419,5.124074935913086,0.042325467,-0.24397035,0.03445322
437,14.838,0.20309129357337952,0.18584385514259338,-0.9242948293685913,0.15490418672561646,0.02091507613658905,0.010988443158566952,-0.00980014256854467,0.0448593256985955,1.4412741529691653,0.09157160669565201,0.4200676679611206,-6.271300792694092,-1.0039656162261963,5.131402015686035,0.016499043,-0.24631856,0.039432865
438,14.872,0.21579137444496155,0.18417245149612427,-0.9233161211013794,0.15981724858283997,-0.008778796531260014,0.019676316529512405,-0.006560758202802301,0.04507852882344424,1.441147253343223,0.08872099965810776,-0.6988304853439331,-5.713285446166992,-1.1150035858154297,5.155020713806152,-0.029799,-0.24362159,0.047545135
439,14.9062,0.21579137444496155,0.18417245149612427,-0.9233161211013794,0.15981724858283997,-0.008778796531260014,0.019676316529512405,-0.0037174384261684052,0.04506413943117941,1.4410556406017243,0.08872099965810776,-0.7145271897315979,-5.7543745040893555,-1.1164603233337402,5.146763801574707,-0.030250577,-0.24362005,0.047267016
440,14.9399,0.22871346771717072,0.18018221855163574,-0.9217127561569214,0.16043274104595184,-0.037925951182842255,0.029095791280269623,0.0005809304258935623,0.04470762954619106,1.4409319367690903,0.08540163934230804,-1.7807410955429077,-4.970900058746338,-1.2354074716567993,5.183929443359375,-0.082094595,-0.22916527,0.05695397
441,14.9734,0.2351200133562088,0.1773451864719391,-0.9207333326339722,0.15912926197052002,-0.052152782678604126,0.03341984003782272,0.004244224953576664,0.04418738934962249,1.4408484466689162,0.08370675146579742,-2.280172348022461,-4.516738414764404,-1.2954813241958618,5.206789016723633,-0.10914362,-0.21619996,0.062010016
442,15.0074,0.24294759333133698,0.17307686805725098,-0.9193485975265503,0.15591081976890564,-0.06950739771127701,0.03947514668107033,0.008971150455473443,0.04316347048951428,1.4407335312678793,0.08167089521884918,-2.302485942840576,-4.564431667327881,-1.300527811050415,5.195895195007324,-0.10912016,-0.21631902,0.061635032
443,15.0411,0.2489910125732422,0.16913649439811707,-0.9180350303649902,0.15194660425186157,-0.08276235312223434,0.04430520907044411,0.012451640885584503,0.04219272746623438,1.4406488427452147,0.08013617247343063,-3.250279426574707,-3.336268663406372,-1.4398305416107178,5.281069755554199,-0.16667226,-0.17108174,0.07383359
444,15.075,0.2547890245914459,0.16478678584098816,-0.9165934324264526,0.1465660184621811,-0.095512256026268,0.04879547655582428,0.0165462136108785,0.040771931024677105,1.4405729426541476,0.0787697359919548,-3.608823299407959,-2.77459454536438,-1.4965910911560059,5.31673002243042,-0.1882795,-0.14475611,0.07808013
445,15.1091,0.26027682423591614,0.16009902954101562,-0.9150233268737793,0.14008915424346924,-0.10734282433986664,0.05388939380645752,0.021624144004522047,0.03848308138699771,1.4404590925175467,0.07761368900537491,-3.927732467651367,-2.221780776977539,-1.5567206144332886,5.349433422088623,-0.20570295,-0.11635896,0.08152847
446,15.1432,0.2654021382331848,0.15508536994457245,-0.913326621055603,0.13238346576690674,-0.11842147260904312,0.05905716121196747,0.025337037891931855,0.036415706883472024,1.4403783987365173,0.07665570080280304,-4.188533306121826,-1.6532448530197144,-1.609499216079712,5.38332462310791,-0.21897396,-0.08643063,0.08414364
447,15.177,0.2701331377029419,0.1497448980808258,-0.9114658832550049,0.12342806160449982,-0.12842315435409546,0.0641518235206604,0.030696458171012974,0.032759727661389654,1.4402480370011579,0.07586462050676346,-4.420233726501465,-1.1172988414764404,-1.6602338552474976,5.407587051391602,-0.22774692,-0.057567403,0.08554144
448,15.2112,0.27552321553230286,0.14273156225681305,-0.9088876247406006,0.11040341854095459,-0.1392679214477539,0.06985871493816376,0.03478341383947042,0.029285467571813155,1.4401315237034669,0.0752062052488327,-4.628818988800049,-0.4610098898410797,-1.6930217742919922,5.434948444366455,-0.23376769,-0.023282228,0.08550211
449,15.245,0.2793460190296173,0.13696527481079102,-0.9066296815872192,0.09887488931417465,-0.14637385308742523,0.07383152097463608,0.03812114531128833,0.025918251993895632,1.4400388456975322,0.07494500279426575,-4.754460334777832,0.013486117124557495,-1.6999499797821045,5.448797225952148,-0.23540439,0.000667729,0.08416848
450,15.279,0.2826838493347168,0.1311321258544922,-0.9042479991912842,0.08640654385089874,-0.151945099234581,0.0772663876414299,0.0423002151445435,0.020676293763643824,1.4399072855396822,0.07489614933729172,-4.85831356048584,0.43632492423057556,-1.6989567279815674,5.453730583190918,-0.23514313,0.021118194,0.08222977
451,15.3133,0.28548097610473633,0.1252768486738205,-0.9017153978347778,0.0731053575873375,-0.1559882014989853,0.08001941442489624,0.04509169898727253,0.01610332263951722,1.439786244868138,0.07497487962245941,-4.914685249328613,0.8241779804229736,-1.6720993518829346,5.455946922302246,-0.23374948,0.039199088,0.079527445
452,15.3474,0.287714421749115,0.11947261542081833,-0.8990230560302734,0.059102050960063934,-0.15836140513420105,0.08199586719274521,0.04784567803171267,0.010161283857116227,1.4396508231267076,0.0751296803355217,-4.931700229644775,1.1722263097763062,-1.6176667213439941,5.454000473022461,-0.23171097,0.055075873,0.076004446
453,15.3812,0.28940123319625854,0.11375667154788971,-0.8962634801864624,0.04468590393662453,-0.15905992686748505,0.08309199661016464,0.049248801902723745,0.0059492001890197824,1.4395810483061475,0.07535434514284134,-4.932913303375244,1.4889287948608398,-1.5498347282409668,5.445383071899414,-0.22919242,0.069178425,0.07200823
454,15.4146,0.2906569540500641,0.10686121135950089,-0.8926948308944702,0.02598857320845127,-0.1574796587228775,0.08368489146232605,0.05031176520112604,0.0012806079278572602,1.4395300487712726,0.07557275146245956,-4.867151737213135,1.842577576637268,-1.4217369556427002,5.431264877319336,-0.2255416,0.08538421,0.065882646
455,15.449,0.290962278842926,0.10158415883779526,-0.8897155523300171,0.010785666294395924,-0.15453101694583893,0.08340644091367722,0.050882289208026676,-0.004260046055001741,1.4395003545251182,0.0756102129817009,-4.7932353019714355,2.108125925064087,-1.3007185459136963,5.414106369018555,-0.22209507,0.09768024,0.060268935
456,15.483,0.2906646728515625,0.0965445339679718,-0.8866878747940063,-0.004317258484661579,-0.15014222264289856,0.08207477629184723,0.050806052060633954,-0.007868445199436865,1.439494229254611,0.07550231367349625,-4.678972244262695,2.3539156913757324,-1.1461148262023926,5.395651817321777,-0.21816853,0.10975707,0.053440407
457,15.517,0.2897985875606537,0.091778963804245,-0.8836522102355957,-0.01932661235332489,-0.14436468482017517,0.07995304465293884,0.050091862996491154,-0.01261388149142997,1.43956427039128,0.07524192333221436,-4.543581485748291,2.593151330947876,-0.9772027730941772,5.375321865081787,-0.21343465,0.12181324,0.04590408
458,15.5511,0.2883719801902771,0.08733896911144257,-0.8806297779083252,-0.03393992781639099,-0.13742761313915253,0.07708550989627838,0.04908451815297948,-0.016080454824250766,1.4396376404793116,0.0747903510928154,-4.374936103820801,2.814199447631836,-0.7858651876449585,5.356414794921875,-0.20789753,0.13373111,0.037344415
459,15.5861,0.28639301657676697,0.083253875374794,-0.8776335716247559,-0.048185400664806366,-0.129372239112854,0.0736607015132904,0.04792374194116562,-0.01880191729595942,1.4397317832238459,0.07411443442106247,-4.175808906555176,3.017730951309204,-0.5778722763061523,5.339627265930176,-0.2013641,0.14551975,0.027865913
460,15.6202,0.28314223885536194,0.07869694381952286,-0.8740233182907104,-0.06533356755971909,-0.11799629032611847,0.06817780435085297,0.04589328134706195,-0.022192770509146,1.439884515512362,0.07289005815982819,-3.886370897293091,3.2563588619232178,-0.30059555172920227,5.322244644165039,-0.19128914,0.16027963,0.014795464
461,15.6544,0.27998751401901245,0.0755053386092186,-0.8713316917419434,-0.07822076976299286,-0.10798083245754242,0.06284165382385254,0.043992258704314544,-0.024564101158617593,1.440033785691461,0.07162214070558548,-3.623694658279419,3.431231737136841,-0.06815633177757263,5.311688423156738,-0.18151481,0.17187414,0.0034140248
462,15.6881,0.2763287127017975,0.07276849448680878,-0.8688352108001709,-0.09050290286540985,-0.09733419865369797,0.05649012327194214,0.04135761008265597,-0.027127874325171834,1.440204760633444,0.07003428786993027,-3.3292999267578125,3.5983893871307373,0.17221012711524963,5.304086685180664,-0.16967754,0.18339166,-0.008776677
463,15.722,0.2722410559654236,0.07050669193267822,-0.8665634393692017,-0.10193683952093124,-0.08591537922620773,0.049114082008600235,0.03933202640229851,-0.028690700476614397,1.440337652371839,0.0681542307138443,-3.0096311569213867,3.734976291656494,0.42492303252220154,5.295583724975586,-0.15624894,0.19390617,-0.022060435
464,15.7562,0.2677997052669525,0.06873902678489685,-0.8645093441009521,-0.11271746456623077,-0.07393988221883774,0.04073142632842064,0.03620347375053872,-0.03061799062620731,1.4405144862682202,0.06601449102163315,-2.660665988922119,3.861586332321167,0.6852642297744751,5.288453102111816,-0.14035241,0.203702,-0.036148276
465,15.79,0.26300111413002014,0.06741520017385483,-0.8628077507019043,-0.12257155776023865,-0.061702482402324677,0.031145714223384857,0.0335659476665461,-0.031972748995109025,1.4406720122466985,0.06359008699655533,-2.2882256507873535,3.9593608379364014,0.9482021331787109,5.278961181640625,-0.12248844,0.2119441,-0.050757144
466,15.8245,0.25653812289237976,0.06634538620710373,-0.8612102270126343,-0.13381686806678772,-0.045948706567287445,0.018747741356492043,0.03109635885641819,-0.03298465658258206,1.4408096976750555,0.06018880009651184,-1.7884231805801392,4.03354024887085,1.2619497776031494,5.262975692749023,-0.09742642,0.21973176,-0.06874617
467,15.8592,0.2510806918144226,0.06596948951482773,-0.8603546619415283,-0.1415308266878128,-0.03310014680027962,0.007694999221712351,0.027368341126849178,-0.03418711334605027,1.4410242153008614,0.05722489953041077,-1.356995940208435,4.079588413238525,1.5070658922195435,5.252501487731934,-0.07446455,0.22386561,-0.082699575
468,15.8932,0.2454233318567276,0.066057488322258,-0.8599982261657715,-0.1480199694633484,-0.020022524520754814,-0.00467549217864871,0.024208059407414616,-0.03495505873291524,1.4411885323401192,0.05401434376835823,-0.9154247641563416,4.0801239013671875,1.7424733638763428,5.235029220581055,-0.050519235,0.2251684,-0.09616128
469,15.9268,0.23959888517856598,0.06659005582332611,-0.8600962162017822,-0.15361863374710083,-0.006867304444313049,-0.017308110371232033,0.021263237823140473,-0.03549694543571911,1.4413331419873106,0.05061798170208931,-0.45972925424575806,4.037724018096924,1.9541919231414795,5.211791515350342,-0.025488062,0.22385731,-0.10834326
470,15.9613,0.23360706865787506,0.06757909804582596,-0.8606075048446655,-0.15814170241355896,0.006101730279624462,-0.030272003263235092,0.01684730997954448,-0.03601160547756613,1.4415299495918674,0.04708344116806984,0.020185183733701706,3.9718425273895264,2.1430513858795166,5.1884050369262695,0.0011181294,0.22001453,-0.11871126
471,15.9952,0.22746916115283966,0.06898368149995804,-0.8616045713424683,-0.16132549941539764,0.019317731261253357,-0.04363375902175903,0.01216337346323214,-0.03617960933045809,1.4417081150687938,0.043500304222106934,0.5064654350280762,3.8512439727783203,2.3071062564849854,5.154745101928711,0.028025554,0.21311079,-0.12766504
472,16.029,0.21967525780200958,0.07136288285255432,-0.8635455369949341,-0.16354726254940033,0.03559638559818268,-0.05986045300960541,0.008275417305744355,-0.036074793135617456,1.4418339494303,0.03913351893424988,1.1269911527633667,3.6378374099731445,2.4566409587860107,5.101980209350586,0.062168486,0.2006749,-0.13551629
473,16.0632,0.2134070247411728,0.0738375335931778,-0.8656878471374512,-0.1639181226491928,0.048428475856781006,-0.0720607340335846,0.004791842394136386,-0.035741885515789946,1.441950196411882,0.03589292988181114,1.6273465156555176,3.403346061706543,2.5236027240753174,5.0463714599609375,0.08963771,0.18746354,-0.13900541
474,16.0968,0.20720376074314117,0.07678946852684021,-0.8683220148086548,-0.16307798027992249,0.0609201155602932,-0.08402860909700394,-0.00029318926393824855,-0.03488820506717584,1.4420544591685587,0.0332120880484581,2.1389174461364746,3.1373984813690186,2.551987648010254,4.985590934753418,0.11688003,0.17144151,-0.13945204
475,16.1302,0.2011393904685974,0.08016391843557358,-0.87139892578125,-0.16073638200759888,0.07306917011737823,-0.09541025012731552,-0.004579295091418242,-0.03379549550775412,1.4421167771380665,0.031480900943279266,2.6378114223480225,2.813966751098633,2.5401101112365723,4.911141395568848,0.14279152,0.15232727,-0.1375027
476,16.1641,0.19526512920856476,0.08391641080379486,-0.8748703002929688,-0.15695028007030487,0.08458322286605835,-0.10542025417089462,-0.008425700214265638,-0.03255617476913433,1.442150466125856,0.031055264174938202,3.120880365371704,2.444378614425659,2.480578899383545,4.827073574066162,0.16684419,0.13067798,-0.13261327
477,16.1983,0.1896335482597351,0.08803608268499374,-0.8787088394165039,-0.1519339233636856,0.09546186774969101,-0.11397203058004379,-0.013997529956672541,-0.030338079912072373,1.442151531390292,0.03210854530334473,3.6001553535461426,2.0559141635894775,2.380742073059082,4.743223190307617,0.18826203,0.107509404,-0.12449555
478,16.2321,0.18294568359851837,0.09373317658901215,-0.8839632272720337,-0.14370790123939514,0.10783327370882034,-0.12235715240240097,-0.01841615425087224,-0.028139590497941524,1.4421272966243723,0.0354638546705246,4.14393949508667,1.4892386198043823,2.1842539310455322,4.620931625366211,0.21076363,0.07574371,-0.11109267
479,16.2661,0.1779380440711975,0.09868224710226059,-0.8884344100952148,-0.13551737368106842,0.11666017025709152,-0.12691821157932281,-0.022182265587002398,-0.02592863832214694,1.442071769715644,0.039517637342214584,4.539832592010498,1.0055193901062012,1.981261968612671,4.523593425750732,0.22455034,0.04973525,-0.09799768
480,16.3004,0.17329749464988708,0.10393864661455154,-0.8931090831756592,-0.12618178129196167,0.12473264336585999,-0.12906111776828766,-0.027372371238592524,-0.02229597008198117,1.441971634858657,0.04445948079228401,4.9063720703125,0.5102651715278625,1.7426927089691162,4.434912204742432,0.23445764,0.024383713,-0.083276935
481,16.3342,0.16912434995174408,0.1094563752412796,-0.8978716135025024,-0.11569500714540482,0.13154059648513794,-0.12850600481033325,-0.031310343850006056,-0.018967979954088075,1.441852192083767,0.0499422550201416,5.204086780548096,-0.015756025910377502,1.458221673965454,4.350999355316162,0.24072704,-0.00072883134,-0.06745341
482,16.368,0.16544508934020996,0.11520342528820038,-0.902681827545166,-0.10400444269180298,0.13716119527816772,-0.1260146200656891,-0.03577089316572579,-0.01433586064632919,1.4416434002543048,0.055757075548172,5.450372219085693,-0.5524983406066895,1.1530215740203857,4.2833991050720215,0.24339287,-0.024672473,-0.051489554
483,16.4024,0.16229219734668732,0.12109475582838058,-0.9073866605758667,-0.09137914329767227,0.14160515367984772,-0.12135812640190125,-0.03850336718436354,-0.010901408573265573,1.4414648353032151,0.06168266758322716,5.614325523376465,-1.1165348291397095,0.8174464702606201,4.229628562927246,0.24273564,-0.048273437,-0.03534234
484,16.436,0.15907825529575348,0.1285119354724884,-0.9130024909973145,-0.07441554963588715,0.14523203670978546,-0.11240514367818832,-0.04172621238346895,-0.0057607940254642866,1.4411782791699226,0.06902486830949783,5.740050315856934,-1.821419358253479,0.38644519448280334,4.1974592208862305,0.23780176,-0.0754587,-0.01600985
485,16.4701,0.15710416436195374,0.13438701629638672,-0.9171955585479736,-0.060270242393016815,0.1463269293308258,-0.10314886271953583,-0.04367948291785235,-0.0015093539599206765,1.4409224825472204,0.07467184960842133,5.777916431427002,-2.374530076980591,0.041838645935058594,4.199073314666748,0.23122926,-0.09502748,-0.0016743612
486,16.5045,0.1557183861732483,0.14016298949718475,-0.9210348129272461,-0.04560171067714691,0.14609898626804352,-0.09263069182634354,-0.04494238303509235,0.00222226774960984,1.4406994428059263,0.07995516061782837,5.757073879241943,-2.9137122631073,-0.2888578176498413,4.222710132598877,0.22283581,-0.112779416,0.011180657
487,16.5381,0.15495772659778595,0.14577676355838776,-0.9245256185531616,-0.030575422570109367,0.1444534957408905,-0.08090344816446304,-0.04596257346967445,0.007536584638842618,1.4403586913444506,0.08479243516921997,5.700870990753174,-3.435796022415161,-0.5904951095581055,4.267782688140869,0.2132821,-0.12854068,0.022091718
488,16.572,0.15537627041339874,0.15627574920654297,-0.9304071664810181,-5.8977791923098266e-05,0.13694621622562408,-0.055130232125520706,-0.04609206551649035,0.01172426605315391,1.4400865162810446,0.0928807407617569,5.399596214294434,-4.343373775482178,-1.1549493074417114,4.398464202880859,0.19214901,-0.15456247,0.04109981
489,16.6063,0.15537627041339874,0.15627574920654297,-0.9304071664810181,-5.8977791923098266e-05,0.13694621622562408,-0.055130232125520706,-0.04574907533522336,0.01523983634854566,1.4398739960260563,0.0928807407617569,5.4272379875183105,-4.373264789581299,-1.1347131729125977,4.400914669036865,0.19213577,-0.15482287,0.04017126
490,16.6402,0.1586492657661438,0.16657404601573944,-0.9346648454666138,0.03335626423358917,0.12218612432479858,-0.025158120319247246,-0.04455954946720425,0.020019150442288365,1.439547625634467,0.09908074140548706,4.921491622924805,-5.184616565704346,-1.6016290187835693,4.587726593017578,0.16795191,-0.17693137,0.054657545
491,16.6741,0.16097961366176605,0.1705685257911682,-0.935707688331604,0.04742470011115074,0.11364175379276276,-0.01283254474401474,-0.04300788778639401,0.023583057111465053,1.439284505318767,0.10082840919494629,4.655158519744873,-5.4876017570495605,-1.73975670337677,4.672670364379883,0.15719564,-0.18530563,0.058748197
492,16.7078,0.1637965440750122,0.17419776320457458,-0.9362163543701172,0.06081269681453705,0.10421068221330643,-0.0005532591021619737,-0.04043856983522644,0.027618534708289115,1.438981437586716,0.10198300331830978,4.671211242675781,-5.533445358276367,-1.7231149673461914,4.674023628234863,0.15688516,-0.18584377,0.05787175
493,16.7421,0.1671110987663269,0.17742881178855896,-0.9361345767974854,0.07358023524284363,0.09381424635648727,0.010850835591554642,-0.03826934190357283,0.030176579997905083,1.4387988778939913,0.10249949991703033,4.021977424621582,-5.967736721038818,-1.9178788661956787,4.8310933113098145,0.13500711,-0.2003211,0.064378105
494,16.776,0.17089945077896118,0.1802622377872467,-0.9356117248535156,0.08542034775018692,0.08268766850233078,0.020560283213853836,-0.03480034779893305,0.033341156064597394,1.4385437470615616,0.10249005258083344,3.6525044441223145,-6.148481369018555,-1.9523202180862427,4.89787483215332,0.123174995,-0.20734791,0.06583895
495,16.8102,0.17618243396282196,0.18321380019187927,-0.9344784021377563,0.09857494384050369,0.06788540631532669,0.03154391422867775,-0.03183352808793593,0.03541257732462324,1.438352265779185,0.10187625139951706,3.144960403442383,-6.27468204498291,-1.9762972593307495,4.9696197509765625,0.107827455,-0.21513245,0.06775892
496,16.844,0.18076807260513306,0.18502840399742126,-0.9333275556564331,0.10810991376638412,0.05564058572053909,0.03927590325474739,-0.02907569786288818,0.036953240982369295,1.438191677165453,0.10097257047891617,2.7079954147338867,-6.324809551239014,-1.9775335788726807,5.01800012588501,0.09456998,-0.22087818,0.06906042
497,16.8778,0.18559899926185608,0.18631793558597565,-0.9319330453872681,0.1164967343211174,0.04279175400733948,0.046057071536779404,-0.024984578924632878,0.03870525976212677,1.4379948695608964,0.0996953696012497,2.2481870651245117,-6.340317249298096,-1.9614324569702148,5.057474613189697,0.08020962,-0.22620647,0.069978945
498,16.9113,0.19062408804893494,0.18707996606826782,-0.9303296804428101,0.12370625883340836,0.02968115359544754,0.05190030857920647,-0.021600841344983857,0.039789029006545316,1.4378329493666195,0.09808473289012909,1.7732657194137573,-6.292556285858154,-1.933673620223999,5.091740608215332,0.06502518,-0.23074636,0.070907295
499,16.9452,0.19584663212299347,0.18729522824287415,-0.9284933805465698,0.12990683317184448,0.016202954575419426,0.05699840188026428,-0.018616989886577843,0.040516837642950346,1.437717900807528,0.09612341225147247,1.283452033996582,-6.183689117431641,-1.892165184020996,5.1233110427856445,0.0486684,-0.234485,0.07175075
500,16.9792,0.20122025907039642,0.18702293932437897,-0.9265164136886597,0.13507097959518433,0.002667415654286742,0.06137543544173241,-0.014322636387041265,0.04122115636630303,1.4375475916558176,0.09393525123596191,0.7775925993919373,-6.0450873374938965,-1.8394602537155151,5.148795127868652,0.030534908,-0.23738162,0.07223288
501,17.0134,0.20809616148471832,0.1860020011663437,-0.9238705635070801,0.1397170126438141,-0.01432124525308609,0.06581246107816696,-0.010868377053370184,0.041476694995274545,1.4374360052061432,0.09093831479549408,0.1497047394514084,-5.771406650543213,-1.7638211250305176,5.181868076324463,0.0061997017,-0.23901047,0.07304488
502,17.047,0.21360993385314941,0.18469278514385223,-0.9216283559799194,0.14211177825927734,-0.02772940695285797,0.06890574842691422,-0.007853510171237754,0.04153398624822487,1.4373513166834786,0.0884215384721756,-0.34286391735076904,-5.504897117614746,-1.695833444595337,5.207210063934326,-0.014854475,-0.23849799,0.07347147
503,17.0814,0.2191116213798523,0.1829977184534073,-0.9192577600479126,0.14327090978622437,-0.040943682193756104,0.07147277146577835,-0.0035744576244758496,0.041323276110539965,1.4372370670727141,0.08585988730192184,-0.8275310397148132,-5.2167887687683105,-1.6200121641159058,5.228754043579102,-0.037445758,-0.23605955,0.07330551
504,17.1151,0.22458778321743011,0.18090561032295227,-0.9167740345001221,0.14339594542980194,-0.05385385826230049,0.07370712608098984,0.000775724535024696,0.0408213617912225,1.4371274779938574,0.08327648043632507,-1.289085865020752,-4.876687526702881,-1.536894679069519,5.2539286613464355,-0.061115816,-0.23120472,0.07286448
505,17.149,0.23002608120441437,0.1784084439277649,-0.9142365455627441,0.14249297976493835,-0.06652607023715973,0.07553765922784805,0.004291325974316888,0.040210237061265766,1.4370521105350083,0.08072049915790558,-1.736028790473938,-4.509318828582764,-1.4526140689849854,5.277597427368164,-0.08601737,-0.22342934,0.071974635
506,17.1826,0.23534822463989258,0.17547421157360077,-0.9116302728652954,0.14055581390857697,-0.07882512360811234,0.07699029892683029,0.007374492795511166,0.039550767635145694,1.4370047062676048,0.07817711681127548,-2.145216464996338,-4.082435131072998,-1.3631870746612549,5.307380676269531,-0.11152086,-0.21222878,0.07086641
507,17.2161,0.24179278314113617,0.17119282484054565,-0.9084281921386719,0.13646584749221802,-0.093601293861866,0.07802789658308029,0.011817324807900766,0.03828944460861373,1.4369261430154474,0.07511086016893387,-2.610901117324829,-3.4920494556427,-1.2571951150894165,5.345345973968506,-0.14384136,-0.19238612,0.06926216
508,17.25,0.24669912457466125,0.16731062531471252,-0.9058951139450073,0.1317674219608307,-0.10494980216026306,0.07844055444002151,0.015402467065878932,0.037091221855159826,1.4368559687207239,0.07277767360210419,-2.9549384117126465,-3.0099918842315674,-1.1834259033203125,5.369104385375977,-0.16862655,-0.17176823,0.067533396
509,17.284,0.251388818025589,0.16297674179077148,-0.9034618139266968,0.1260373890399933,-0.11579880863428116,0.0783231183886528,0.01855166545787064,0.03580295096734762,1.4368158881463182,0.07057109475135803,-3.2565629482269287,-2.4781506061553955,-1.1159156560897827,5.394557476043701,-0.19193907,-0.1460601,0.065771125
510,17.3181,0.25580552220344543,0.15824247896671295,-0.9011706113815308,0.11929716169834137,-0.12614470720291138,0.07800580561161041,0.023174815322301923,0.03352828058187829,1.4367311996236536,0.06855260580778122,-3.5368261337280273,-1.9466300010681152,-1.0695013999938965,5.411778450012207,-0.21171485,-0.11652551,0.064020485
511,17.3522,0.25987905263900757,0.15311352908611298,-0.8990960121154785,0.11133892834186554,-0.13577032089233398,0.07720217853784561,0.02691974204419834,0.03132146046696254,1.4366683490219279,0.06673368066549301,-3.7700953483581543,-1.3940602540969849,-1.038766860961914,5.425655364990234,-0.22702482,-0.083946496,0.0625517
512,17.3869,0.26361268758773804,0.14765577018260956,-0.8970910310745239,0.10232332348823547,-0.1446220874786377,0.07595888525247574,0.030190122588167057,0.029019317910373363,1.4365881878731164,0.06514689326286316,-3.9611270427703857,-0.8419615030288696,-1.011869192123413,5.43544864654541,-0.23724306,-0.050427444,0.060603697
513,17.4212,0.26779505610466003,0.14036017656326294,-0.8946629762649536,0.08957576751708984,-0.1541711986064911,0.07428239285945892,0.03472083995682657,0.02513193911788753,1.4364591577183021,0.06352928280830383,-4.1530327796936035,-0.18037202954292297,-0.9888850450515747,5.440333366394043,-0.2429839,-0.010553131,0.05785727
514,17.4552,0.27069345116615295,0.13418543338775635,-0.8926728963851929,0.07820677012205124,-0.16058896481990814,0.0727691650390625,0.038927525522229105,0.020510447487353742,1.4363511665360993,0.06253376603126526,-4.26110315322876,0.32321348786354065,-0.9656559228897095,5.441298484802246,-0.24315308,0.018443665,0.05510362
515,17.4892,0.2731769382953644,0.12774716317653656,-0.8907370567321777,0.06610406190156937,-0.1657545268535614,0.07097335159778595,0.041939377622783776,0.016343180867273585,1.4362346532384085,0.06187063828110695,-4.342748165130615,0.7964729070663452,-0.9450341463088989,5.438535690307617,-0.24045224,0.044099655,0.052325297
516,17.523,0.27518925070762634,0.12111032009124756,-0.888890266418457,0.05320587381720543,-0.16955530643463135,0.06917531788349152,0.04421295153489805,0.012423001500893142,1.4361401110197105,0.0615440309047699,-4.3620781898498535,1.247728705406189,-0.9120059013366699,5.437805652618408,-0.23564659,0.067404345,0.04926805
517,17.557,0.27668794989585876,0.11435546725988388,-0.8871188163757324,0.039648499339818954,-0.17187148332595825,0.06710365414619446,0.04679306777204805,0.006435628122568707,1.4359751281901802,0.061536673456430435,-4.356793403625488,1.6711525917053223,-0.8796229362487793,5.4320478439331055,-0.22937794,0.08798341,0.046310686
518,17.5914,0.2776464521884918,0.10756359994411469,-0.8854413032531738,0.025586215779185295,-0.17249315977096558,0.06465242803096771,0.048200386121776004,0.0014692736455893091,1.4358406385551312,0.06182008609175682,-4.295833110809326,2.0721018314361572,-0.8269866704940796,5.425671577453613,-0.22186334,0.10701613,0.0427107
519,17.6261,0.27797380089759827,0.09910464286804199,-0.8834820985794067,0.007641798350960016,-0.17097827792167664,0.06170735880732536,0.04900086160523737,-0.002880377767232078,1.4357417021206347,0.06242768093943596,-4.140895366668701,2.541738510131836,-0.740125298500061,5.419274806976318,-0.21063407,0.12929009,0.0376478
520,17.6602,0.2775490880012512,0.09248699247837067,-0.882020115852356,-0.006969605106860399,-0.16793981194496155,0.05908753722906113,0.049347942235491146,-0.008927185410946517,1.4356215935554721,0.06306685507297516,-3.991300106048584,2.9025492668151855,-0.6748945713043213,5.413033485412598,-0.20032467,0.1456799,0.03387318
521,17.6943,0.27649277448654175,0.08604378998279572,-0.880577802658081,-0.02151631750166416,-0.1632993072271347,0.05629308521747589,0.04899017151017422,-0.013568358426114369,1.4355701945464336,0.06376497447490692,-3.7901856899261475,3.2430055141448975,-0.5927038192749023,5.4133806228637695,-0.18862897,0.16139705,0.029497528
522,17.728,0.27482059597969055,0.07984642684459686,-0.8791821002960205,-0.03588050231337547,-0.15729646384716034,0.0534094013273716,0.04784529936349517,-0.019004365392481282,1.4355371713489167,0.06448191404342651,-3.5541653633117676,3.5728509426116943,-0.5105135440826416,5.421460151672363,-0.17541488,0.1763371,0.025196258
523,17.7622,0.2726159691810608,0.07392190396785736,-0.8778361082077026,-0.04998847097158432,-0.14990614354610443,0.050175052136182785,0.0465873052883258,-0.022515381266290074,1.4355408997744428,0.06525018811225891,-3.2745168209075928,3.8781445026397705,-0.41548267006874084,5.43873405456543,-0.16074717,0.19037946,0.020396188
524,17.7961,0.2697994112968445,0.06835183501243591,-0.8765214681625366,-0.06335699558258057,-0.14109115302562714,0.046862199902534485,0.044245009336519876,-0.02713870382007329,1.4355893693062822,0.06593437492847443,-2.963801145553589,4.1775665283203125,-0.3205602467060089,5.465638160705566,-0.14437431,0.20349991,0.015615307
525,17.8303,0.265455037355423,0.0619196817278862,-0.874915599822998,-0.07917312532663345,-0.1284111887216568,0.042508166283369064,0.0419645153667606,-0.030453625733273586,1.4356631388684775,0.06666405498981476,-2.5218849182128906,4.5154194831848145,-0.18723943829536438,5.508929252624512,-0.12182257,0.21812257,0.009044818
526,17.864,0.2614027261734009,0.05726412683725357,-0.8736737966537476,-0.09091346710920334,-0.11709964275360107,0.038860123604536057,0.03968690093992998,-0.0330598929639714,1.4357215952544047,0.06715955585241318,-2.138202667236328,4.767764568328857,-0.07784757018089294,5.549842357635498,-0.10228963,0.22808543,0.0037241555
527,17.8982,0.256906121969223,0.05310603231191635,-0.8725334405899048,-0.1018652394413948,-0.1048492044210434,0.03467734903097153,0.03680085407255712,-0.03572988880731698,1.4358512911994916,0.06756212562322617,-1.7339324951171875,5.00114631652832,0.031932562589645386,5.593864917755127,-0.08189282,0.23620181,-0.00150816
528,17.9321,0.2520275115966797,0.04949556663632393,-0.871574878692627,-0.11178729683160782,-0.09187806397676468,0.030113959684967995,0.032790014877005495,-0.03863518117475486,1.436001759801081,0.06784510612487793,-1.3136873245239258,5.215224742889404,0.1337575614452362,5.640995025634766,-0.061047234,0.24235222,-0.0062157325
529,17.9663,0.24680139124393463,0.04647302255034447,-0.8708767890930176,-0.12058008462190628,-0.07812708616256714,0.02535189688205719,0.029701807035165808,-0.040368274866015956,1.4361250641595518,0.06796577572822571,-0.8912606835365295,5.381103992462158,0.2279193103313446,5.682975769042969,-0.04081482,0.24642485,-0.010437447
530,18.0001,0.24129250645637512,0.044019248336553574,-0.8703645467758179,-0.1281488835811615,-0.0638888031244278,0.02060706540942192,0.025038711834977943,-0.042398202827901604,1.4362945743629352,0.06797188520431519,-0.45993661880493164,5.524297714233398,0.31092360615730286,5.726535320281982,-0.02070994,0.24874704,-0.01400021
531,18.0342,0.23410937190055847,0.041676558554172516,-0.869985818862915,-0.13580185174942017,-0.045499034225940704,0.014811753295361996,0.021147157289126646,-0.043656821081451455,1.4364479724417238,0.06792305409908295,0.06320573389530182,5.62949275970459,0.41135135293006897,5.766916275024414,0.0027992628,0.24931961,-0.018217975
532,18.0682,0.2281983345746994,0.04041432961821556,-0.8699183464050293,-0.14046122133731842,-0.03045034594833851,0.010083538480103016,0.016148100156236078,-0.04471132468220355,1.43663825530161,0.06782655417919159,0.47508323192596436,5.6729607582092285,0.4878458082675934,5.791633129119873,0.020787083,0.2482182,-0.021345504
533,18.1018,0.22220957279205322,0.0397661067545414,-0.8700534105300903,-0.14376474916934967,-0.015270033851265907,0.005619506351649761,0.01258257790535123,-0.0451135701977248,1.4367788702071662,0.0676240473985672,0.8865160346031189,5.6886467933654785,0.5589281320571899,5.812624931335449,0.038315106,0.24586257,-0.024156801
534,18.1361,0.2161775529384613,0.039770811796188354,-0.8703901767730713,-0.14572151005268097,8.961140702012926e-05,0.0012172276619821787,0.007536450960639464,-0.0452470320190406,1.4369339993406631,0.06728055328130722,1.2824560403823853,5.652945041656494,0.6363158226013184,5.817291259765625,0.054980498,0.24234885,-0.027279658
535,18.1703,0.21014456450939178,0.04043082892894745,-0.8709697723388672,-0.14618688821792603,0.015270223841071129,-0.0030488588381558657,0.0035292044318161937,-0.044979542454677356,1.4370389278876123,0.06679658591747284,1.6760754585266113,5.58473539352417,0.7136427164077759,5.81351375579834,0.07133046,0.23767531,-0.030371225
536,18.2039,0.20411115884780884,0.041735921055078506,-0.8717412948608398,-0.14571189880371094,0.030299687758088112,-0.007289224769920111,8.491439721595862e-05,-0.044468972861817134,1.4371105669209354,0.0662122592329979,2.0599589347839355,5.463520526885986,0.7988132238388062,5.789277076721191,0.087384865,0.23176627,-0.0338862
537,18.238,0.1965663880109787,0.04424264654517174,-0.8729859590530396,-0.14318175613880157,0.048711005598306656,-0.012240628711879253,-0.0046349629604306546,-0.04332550303589958,1.4372166938903752,0.06543746590614319,2.5447754859924316,5.256556987762451,0.9107527732849121,5.742071151733398,0.107633695,0.22233108,-0.038521156
538,18.2719,0.18486462533473969,0.050058603286743164,-0.8756359815597534,-0.13552218675613403,0.07692461460828781,-0.019745903089642525,-0.008253271456804665,-0.04209852646505123,1.4372772808051744,0.06443307548761368,3.29697847366333,4.762519359588623,1.0925829410552979,5.6085944175720215,0.13983229,0.20198919,-0.04633891
539,18.3062,0.18486462533473969,0.050058603286743164,-0.8756359815597534,-0.13552218675613403,0.07692461460828781,-0.019745903089642525,-0.01124283622798674,-0.04082223147976598,1.4373172282215256,0.06443307548761368,3.3176093101501465,4.782430171966553,1.0945422649383545,5.621006011962891,0.14004223,0.20187494,-0.04620259
540,18.3399,0.17401482164859772,0.05772800371050835,-0.8791030645370483,-0.1236412301659584,0.10273633152246475,-0.028137898072600365,-0.015386993683826651,-0.03860210804296744,1.4373378677199737,0.06416847556829453,4.061819076538086,4.133607387542725,1.2660393714904785,5.448627471923828,0.1711842,0.17420968,-0.053356864
541,18.374,0.16904529929161072,0.062226779758930206,-0.8811447620391846,-0.11614736914634705,0.11444804817438126,-0.03232131898403168,-0.018634529299069533,-0.03649223531410897,1.4373285466561585,0.06434421986341476,4.428016185760498,3.760134696960449,1.3363577127456665,5.3561110496521,0.1857123,0.15770115,-0.05604723
542,18.4077,0.16339530050754547,0.06844041496515274,-0.8839890956878662,-0.10531825572252274,0.1279440075159073,-0.03769132122397423,-0.022408045471386872,-0.03352298338802256,1.4372558423583992,0.06483691185712814,4.452507495880127,3.7750768661499023,1.345676302909851,5.367007255554199,0.18581332,0.1575426,-0.05615815
543,18.4413,0.15933167934417725,0.07383795082569122,-0.886541485786438,-0.0956358015537262,0.13784095644950867,-0.041901517659425735,-0.0249457987218532,-0.031219249176563137,1.4371929917566735,0.06550746411085129,5.163557529449463,2.781606912612915,1.4263968467712402,5.123105049133301,0.21386218,0.11520749,-0.059077937
544,18.475,0.1557186394929886,0.07955417037010193,-0.889249324798584,-0.08505229651927948,0.146712988615036,-0.045548394322395325,-0.027698650084019262,-0.028358015480409258,1.437110433762881,0.06643705815076828,5.439722537994385,2.2940549850463867,1.4227406978607178,5.015661239624023,0.22394237,0.0944416,-0.058571354
545,18.5091,0.15255776047706604,0.08551965653896332,-0.892095685005188,-0.07382135093212128,0.15439918637275696,-0.04911039024591446,-0.03078662281866897,-0.024542427604652473,1.4369594325290735,0.06765919178724289,5.683749675750732,1.7806251049041748,1.395713448524475,4.911043167114258,0.23227468,0.07276783,-0.057037856
546,18.5433,0.1498662680387497,0.09167961776256561,-0.8949811458587646,-0.06185928359627724,0.16096101701259613,-0.0522138774394989,-0.032793416649179154,-0.021617862689419745,1.4368379923833658,0.06915276497602463,5.871728897094727,1.235689640045166,1.3365421295166016,4.808440685272217,0.23878929,0.050252568,-0.054353997
547,18.577,0.1476210653781891,0.09805809706449509,-0.8980226516723633,-0.04955245181918144,0.1663135588169098,-0.054514575749635696,-0.03536598448911446,-0.017107326048098684,1.4366322631891573,0.07095016539096832,6.030216693878174,0.6607983112335205,1.2437876462936401,4.716039180755615,0.24344802,0.026677324,-0.050213393
548,18.6106,0.14545279741287231,0.10629043728113174,-0.9020001888275146,-0.03340252488851547,0.17109763622283936,-0.05633349344134331,-0.037144809649719265,-0.013296641093520628,1.436437719271527,0.0736219584941864,6.142211437225342,-0.10151849687099457,1.060251235961914,4.615562438964844,0.24632396,-0.0040712436,-0.04251975
549,18.6441,0.14426054060459137,0.11303610354661942,-0.9052408933639526,-0.02017623372375965,0.17349451780319214,-0.056814901530742645,-0.03843348833407339,-0.009889648708009251,1.4362473032535863,0.07604757696390152,6.179641246795654,-0.743769645690918,0.8762439489364624,4.5550971031188965,0.24578506,-0.029582212,-0.03485116
550,18.6779,0.143582284450531,0.1199006736278534,-0.9084044694900513,-0.006613599136471748,0.17477187514305115,-0.05598122999072075,-0.039898235255995375,-0.004832805660801818,1.4359777913512703,0.0786474272608757,6.179748058319092,-1.418289303779602,0.6765264272689819,4.517995357513428,0.24228974,-0.05560695,-0.02652461
551,18.7121,0.1434135138988495,0.12680111825466156,-0.9114642143249512,0.007147577125579119,0.17474482953548431,-0.05400847643613815,-0.04069670920744998,-0.0006866622774146552,1.4357381068531632,0.0813860297203064,6.122237682342529,-2.1051697731018066,0.45526203513145447,4.503880023956299,0.23583154,-0.08109216,-0.017536914
552,18.7463,0.14374691247940063,0.13365291059017181,-0.9144117832183838,0.020890146493911743,0.17327731847763062,-0.05100231617689133,-0.04110423111088095,0.0029993843974787664,1.4355166650085232,0.08421967923641205,6.015984535217285,-2.7839043140411377,0.2242710292339325,4.512760162353516,0.2267553,-0.1049313,-0.008453255
553,18.7802,0.14456738531589508,0.14041021466255188,-0.9171795845031738,0.03456217050552368,0.17042766511440277,-0.046821944415569305,-0.04121344568270941,0.00835165705388033,1.4351960204132774,0.08708824217319489,5.881696701049805,-3.45530104637146,0.004933089017868042,4.544637680053711,0.21555586,-0.1266319,-0.00018079074
554,18.8143,0.1462961882352829,0.14862553775310516,-0.9202977418899536,0.05113203451037407,0.16514436900615692,-0.04012726992368698,-0.04087690950589667,0.012664350474681573,1.4349355632586678,0.09058303385972977,5.645091533660889,-4.23209810256958,-0.26101574301719666,4.60807991027832,0.19989252,-0.14985846,0.009242559
555,18.8478,0.1482735276222229,0.1549651026725769,-0.9224841594696045,0.06422693282365799,0.15933790802955627,-0.03426748141646385,-0.03985244136881362,0.017934723385407768,1.4346223755144745,0.09321069717407227,5.415283203125,-4.802791118621826,-0.4464800953865051,4.674463272094727,0.18668252,-0.16556792,0.015391629
556,18.8821,0.15075555443763733,0.16104905307292938,-0.9243848323822021,0.076661117374897,0.15230147540569305,-0.027704909443855286,-0.0387783052774006,0.0214892132834175,1.4343920120801825,0.09565476328134537,5.161834239959717,-5.333712577819824,-0.6068378686904907,4.748128414154053,0.17328028,-0.17905015,0.020371255
557,18.9161,0.15373347699642181,0.16682125627994537,-0.9259558916091919,0.08863411843776703,0.1442110389471054,-0.020899733528494835,-0.03672915678258515,0.02637780956831323,1.4341071870015987,0.09785369783639908,4.871657371520996,-5.8029398918151855,-0.7434614896774292,4.82196569442749,0.1599753,-0.19055673,0.02441376
558,18.9501,0.1572045385837555,0.17222972214221954,-0.9271682500839233,0.10004328191280365,0.13478519022464752,-0.013955862261354923,-0.03466905811838134,0.030055570535280008,1.43388401410225,0.09975217282772064,4.539569854736328,-6.187437534332275,-0.8618603944778442,4.889555931091309,0.14696182,-0.20030908,0.027901448
559,18.984,0.16113148629665375,0.17723140120506287,-0.9280414581298828,0.1106177344918251,0.12439648061990738,-0.007251816801726818,-0.032598795749548604,0.03299692168775864,1.4336947965067999,0.1013457179069519,4.171835899353027,-6.496364116668701,-0.9602372646331787,4.946892738342285,0.13405573,-0.208751,0.030855795
560,19.0183,0.16656313836574554,0.182840034365654,-0.9286882877349854,0.12254231423139572,0.10998968034982681,0.000534724909812212,-0.029340266272430738,0.036687336831092494,1.4334585741181098,0.10292592644691467,3.674710273742676,-6.794676303863525,-1.0534569025039673,5.002527713775635,0.11783643,-0.21788394,0.033781055
561,19.0524,0.17122973501682281,0.18676809966564178,-0.9288791418075562,0.13094985485076904,0.09759800136089325,0.00637280847877264,-0.026495883311955414,0.03923204134812285,1.4332901291791622,0.10387367010116577,3.252229690551758,-6.966496467590332,-1.109144926071167,5.034520149230957,0.10466974,-0.2242097,0.035696715
562,19.0861,0.1761244684457779,0.19020600616931915,-0.9287804365158081,0.1383136361837387,0.08455424010753632,0.011866259388625622,-0.023887038224546183,0.041119839731582335,1.4331400600517363,0.10455435514450073,2.812364101409912,-7.08238410949707,-1.149964451789856,5.057466506958008,0.0912321,-0.22975005,0.037304442
563,19.1201,0.1812215894460678,0.1931275725364685,-0.9284214973449707,0.1447870135307312,0.07092487066984177,0.01684686541557312,-0.02001824746423126,0.043311508956609054,1.432962693523137,0.10495787113904953,2.3561439514160156,-7.166777610778809,-1.1724728345870972,5.071372032165527,0.077152364,-0.23467745,0.038392838
564,19.1543,0.18650320172309875,0.1955258995294571,-0.9278442859649658,0.1499623954296112,0.05681677535176277,0.021296251565217972,-0.016829975505621046,0.04464906913053374,1.4328431175901926,0.105094313621521,1.8903557062149048,-7.198485851287842,-1.1862775087356567,5.079036712646484,0.06270665,-0.2387873,0.039351054
565,19.1879,0.1919327974319458,0.19737541675567627,-0.9270427227020264,0.1541796773672104,0.042515840381383896,0.025361547246575356,-0.01287035430737761,0.04580357859140752,1.4327131553289967,0.10494381189346313,1.4135663509368896,-7.198103427886963,-1.1880664825439453,5.080587863922119,0.047555275,-0.24215898,0.039968997
566,19.2222,0.1989402323961258,0.19888897240161896,-0.9257490634918213,0.15813615918159485,0.02434432879090309,0.029747363179922104,-0.010085700016428415,0.046309404428576034,1.4326156836330997,0.10433425009250641,0.8153244853019714,-7.1153788566589355,-1.1776041984558105,5.0832109451293945,0.028083233,-0.24508382,0.040561683
567,19.256,0.20466643571853638,0.1994064897298813,-0.9245346784591675,0.1602616012096405,0.009566107764840126,0.03294120356440544,-0.0061427043294979096,0.046649939508213105,1.4324990371773543,0.10349823534488678,0.32549363374710083,-7.015622615814209,-1.163934350013733,5.079990386962891,0.011430512,-0.24637091,0.04087443
568,19.2895,0.2104286104440689,0.19931523501873016,-0.9231777191162109,0.16135510802268982,-0.005280022509396076,0.03560614213347435,-0.0030408711937608317,0.0465938300329965,1.4324207402413058,0.10237681120634079,-0.1569666713476181,-6.860747337341309,-1.146759033203125,5.07904052734375,-0.0056400364,-0.24651645,0.04120469
569,19.3232,0.21619251370429993,0.1986188292503357,-0.9217250347137451,0.1614556461572647,-0.019923213869333267,0.0377710796892643,-0.00035223003687421904,0.04634985951001002,1.4323425764633122,0.10099617391824722,-0.629528820514679,-6.656033992767334,-1.1278259754180908,5.080759048461914,-0.023212036,-0.24542181,0.04158529
570,19.3571,0.22191867232322693,0.1973722130060196,-0.9202808141708374,0.1605878323316574,-0.03447163105010986,0.03969603776931763,0.0034967916287404624,0.045709955995523625,1.43225322740874,0.09945191442966461,-1.098313331604004,-6.4166388511657715,-1.1188188791275024,5.081127166748047,-0.04156877,-0.24285582,0.04234486
571,19.3916,0.22754597663879395,0.1955520659685135,-0.9187891483306885,0.1585790365934372,-0.0487130731344223,0.04147013649344444,0.006536159852975946,0.04494256612741729,1.4321789252143267,0.0977001041173935,-1.5417191982269287,-6.122654914855957,-1.1157625913619995,5.088332176208496,-0.06011437,-0.23873317,0.043505564
572,19.4261,0.23440250754356384,0.1925213634967804,-0.9168287515640259,0.15486663579940796,-0.06604029983282089,0.043341703712940216,0.009182313122484206,0.044126785790066375,1.4321247298861437,0.095256507396698,-2.0554723739624023,-5.677465915679932,-1.112315058708191,5.110039234161377,-0.08369605,-0.23117873,0.045291964
573,19.4601,0.239706352353096,0.18952897191047668,-0.9152103662490845,0.15084803104400635,-0.07949770241975784,0.04460670053958893,0.012872667928574616,0.04268970661515679,1.432051359798112,0.09314532577991486,-2.449716329574585,-5.285106182098389,-1.1180826425552368,5.128567695617676,-0.103249,-0.22275311,0.0471242
574,19.4941,0.24483124911785126,0.1861046701669693,-0.913555383682251,0.14606428146362305,-0.09246426820755005,0.045840274542570114,0.01580931901784818,0.04131368040823727,1.4320063523756896,0.09097129851579666,-2.809739589691162,-4.8422017097473145,-1.1260205507278442,5.155427932739258,-0.12300823,-0.21198785,0.049296312
575,19.5282,0.24975526332855225,0.18228396773338318,-0.9118725061416626,0.14038482308387756,-0.10465752333402634,0.0472034253180027,0.019454608144867405,0.03935003186798097,1.4319489612541985,0.08877596259117126,-3.1452343463897705,-4.371624946594238,-1.1412779092788696,5.183350563049316,-0.14283277,-0.19852616,0.051828217
576,19.5648,0.2544967830181122,0.1780845671892166,-0.9101718664169312,0.1337621659040451,-0.11627429723739624,0.04841248691082001,0.021990151803866806,0.03780727097087647,1.4319280554396412,0.0866038128733635,-3.4417452812194824,-3.853114604949951,-1.1555304527282715,5.217040538787842,-0.16252781,-0.18195371,0.05456704
577,19.5992,0.25900590419769287,0.17349088191986084,-0.908388614654541,0.12637336552143097,-0.12719878554344177,0.04996450990438461,0.025530791183613528,0.035304623593123356,1.431866403260406,0.08442452549934387,-3.7190847396850586,-3.312418222427368,-1.1760330200195312,5.248238563537598,-0.18169175,-0.16182451,0.057453785
578,19.6332,0.26422056555747986,0.1672356277704239,-0.9060109853744507,0.1160489022731781,-0.13982437551021576,0.05195895582437515,0.02830564691428637,0.03310320262119882,1.4318525548227374,0.08170603960752487,-4.003364562988281,-2.586756467819214,-1.1877130270004272,5.290294170379639,-0.20374943,-0.1316518,0.060448118
579,19.6673,0.2679942548274994,0.16180843114852905,-0.9039558172225952,0.10701961815357208,-0.14889763295650482,0.053633466362953186,0.03164896478260963,0.030063684854226343,1.4318216621540927,0.07951352000236511,-4.1948561668396,-1.9928033351898193,-1.189048409461975,5.3191704750061035,-0.21875799,-0.10392291,0.062007807
580,19.7015,0.27133846282958984,0.15604807436466217,-0.9017558097839355,0.09708797186613083,-0.15728385746479034,0.05566338822245598,0.033940723091542106,0.02764764638795504,1.4317962289656823,0.07731549441814423,-4.36035680770874,-1.404319405555725,-1.1936453580856323,5.340027332305908,-0.23027399,-0.07416325,0.06303738
581,19.7351,0.27421170473098755,0.149994358420372,-0.89945387840271,0.08634111285209656,-0.16453324258327484,0.057739876210689545,0.036524114184595065,0.024599716777008198,1.4317747905189073,0.07514506578445435,-4.479446887969971,-0.8254375457763672,-1.1878639459609985,5.356829643249512,-0.23790357,-0.043839015,0.06308749
582,19.7692,0.27659574151039124,0.14367246627807617,-0.8971139192581177,0.07494746893644333,-0.17088991403579712,0.05960925295948982,0.03958730287635022,0.020346737981719525,1.4317213941390512,0.0730435848236084,-4.5699286460876465,-0.26957568526268005,-1.1820776462554932,5.367509365081787,-0.24164042,-0.014254135,0.06250376
583,19.8035,0.2785100042819977,0.13710783421993256,-0.8947372436523438,0.06298552453517914,-0.17625601589679718,0.061281755566596985,0.0415446472149636,0.01704430275702088,1.4316670656528134,0.07107166200876236,-4.608627796173096,0.2631687819957733,-1.1604185104370117,5.3783464431762695,-0.24206218,0.013822598,0.060949475
584,19.8371,0.28019654750823975,0.12869563698768616,-0.8917686939239502,0.046968329697847366,-0.1810712367296219,0.06309822201728821,0.04401273591638373,0.011923398722178083,1.4315920976681278,0.0688687115907669,-4.605447769165039,0.8738020658493042,-1.124039888381958,5.387111663818359,-0.23884737,0.045317058,0.05829487
585,19.8713,0.281288743019104,0.11480418592691422,-0.887148380279541,0.02009143866598606,-0.1845390647649765,0.06426001340150833,0.045615218200933255,0.0075691183764795686,1.4315055449327,0.06613766402006149,-4.558311939239502,1.3298754692077637,-1.0782442092895508,5.392167091369629,-0.23403667,0.06827958,0.055360116
586,19.9061,0.281288743019104,0.11480418592691422,-0.887148380279541,0.02009143866598606,-0.1845390647649765,0.06426001340150833,0.04667123647455533,0.0036432730308502514,1.4314421616987563,0.06613766402006149,-4.466203212738037,1.7588444948196411,-1.0125938653945923,5.395331382751465,-0.22760294,0.08963277,0.051602967
587,19.94,0.2803930938243866,0.10085870325565338,-0.8826931715011597,-0.007947561331093311,-0.18225827813148499,0.06322965770959854,0.04763991970917962,-0.0021416839800199997,1.4313597368630184,0.0646350234746933,-4.146313667297363,2.549060583114624,-0.8154046535491943,5.397399425506592,-0.21004505,0.12913099,0.041306984
588,19.9734,0.27922293543815613,0.09406433999538422,-0.880531907081604,-0.022004295140504837,-0.17892619967460632,0.06204083561897278,0.047876533249654754,-0.006836183675124787,1.4313229852399754,0.0643777847290039,-3.9478302001953125,2.918785810470581,-0.7051944732666016,5.398137092590332,-0.19898187,0.1471151,0.035543807
589,20.0071,0.27922293543815613,0.09406433999538422,-0.880531907081604,-0.022004295140504837,-0.17892619967460632,0.06204083561897278,0.04769222585746446,-0.01087453145220179,1.4312861004588777,0.0643777847290039,-3.9755241870880127,2.9348039627075195,-0.7242860794067383,5.394957542419434,-0.19900538,0.14690937,0.036256056
590,20.0421,0.2748100757598877,0.07980495691299438,-0.876107931137085,-0.052736539393663406,-0.16558977961540222,0.0552871972322464,0.046778249777295285,-0.01661800348731025,1.4312854346686052,0.06464707106351852,-3.6805009841918945,3.3699753284454346,-0.5609616041183472,5.402172088623047,-0.18322973,0.16777055,0.027926862
591,20.076,0.27205073833465576,0.074025958776474,-0.874424934387207,-0.06545867025852203,-0.15714643895626068,0.05220041051506996,0.04513017334264576,-0.022100806147159598,1.4313117999633969,0.06496259570121765,-3.0980939865112305,3.9741246700286865,-0.2964724600315094,5.439639091491699,-0.15343945,0.19682665,0.014683405
592,20.1103,0.26880279183387756,0.06866219639778137,-0.8728468418121338,-0.07772801071405411,-0.1473783403635025,0.04845093935728073,0.04343924914277039,-0.026046580988329224,1.431360402653291,0.06529788672924042,-2.773061752319336,4.254823684692383,-0.16923323273658752,5.468415260314941,-0.13642825,0.20932752,0.008325885
593,20.144,0.265118807554245,0.06376703828573227,-0.8714064359664917,-0.08952902257442474,-0.1363145411014557,0.04350803792476654,0.041661360249736316,-0.029224400039660876,1.4314216553583627,0.06561580300331116,-2.423837661743164,4.511446475982666,-0.03184571862220764,5.500143527984619,-0.11831816,0.22022352,0.0015545294
594,20.178,0.2610419690608978,0.05942210182547569,-0.870134711265564,-0.10040123760700226,-0.12410394102334976,0.03783693537116051,0.03854041425184007,-0.033387185058969135,1.4315181949478781,0.0658426359295845,-2.0593883991241455,4.755785942077637,0.10269936919212341,5.535806179046631,-0.099323384,0.22936943,-0.0049531446
595,20.2124,0.2554474472999573,0.05478342995047569,-0.8688039779663086,-0.11275514215230942,-0.10750305652618408,0.030385766178369522,0.035583290111686525,-0.03642905597843605,1.4316147345373935,0.06594570726156235,-1.5852879285812378,5.002917766571045,0.2717004716396332,5.577618598937988,-0.07541655,0.23800269,-0.012925546
596,20.2465,0.2506565749645233,0.051777906715869904,-0.8679207563400269,-0.12130466103553772,-0.0931159257888794,0.02421964704990387,0.032791585725929724,-0.03875324243482943,1.4316959609506408,0.0658353790640831,-1.2032434940338135,5.161231517791748,0.4048769772052765,5.607858657836914,-0.05659578,0.24276377,-0.019043801
597,20.2802,0.24566753208637238,0.04942974075675011,-0.8672252893447876,-0.1284993588924408,-0.07811397314071655,0.01792733184993267,0.02845217695029497,-0.041562307301942186,1.4318445653394674,0.06552259624004364,-0.8197422623634338,5.294516563415527,0.5315110683441162,5.637481689453125,-0.038064513,0.24584948,-0.024680575
598,20.3142,0.2405429184436798,0.047686927020549774,-0.8667900562286377,-0.13437390327453613,-0.06244995817542076,0.011622099205851555,0.02472296079823542,-0.04338142109641284,1.431950159676689,0.06502737104892731,-0.4450336992740631,5.378213405609131,0.6554665565490723,5.65837287902832,-0.020466005,0.24733081,-0.030143294
599,20.348,0.23534832894802094,0.04657476767897606,-0.86663818359375,-0.13891467452049255,-0.0463700070977211,0.005318457260727882,0.019825694675634727,-0.04503762849476551,1.4321035577554775,0.06431447714567184,-0.07342813909053802,5.4305500984191895,0.7716597318649292,5.675189971923828,-0.0033464085,0.24749148,-0.035167564
600,20.3821,0.23012585937976837,0.046079061925411224,-0.8667547702789307,-0.1420072615146637,-0.029982782900333405,-0.0010104015236720443,0.016331781289451286,-0.04580447740827542,1.4322235331625857,0.06338472664356232,0.2798106074333191,5.426930904388428,0.8908474445343018,5.677318572998047,0.012703244,0.24637961,-0.04044397
601,20.416,0.22356994450092316,0.046263184398412704,-0.8672773838043213,-0.14421795308589935,-0.009669037535786629,-0.008602735586464405,0.011380717232236388,-0.046328833020966007,1.4323763986091562,0.061957668513059616,0.7182702422142029,5.375995635986328,1.030472993850708,5.669805526733398,0.032525703,0.24344324,-0.0466633
602,20.45,0.21837952733039856,0.0470861941576004,-0.8680316209793091,-0.14448678493499756,0.006571528967469931,-0.01439724862575531,0.007508733279356624,-0.046309753968469106,1.4324823924205412,0.060572896152734756,1.0598509311676025,5.289921760559082,1.1371604204177856,5.651486873626709,0.04805629,0.23985827,-0.051561695
603,20.4841,0.21329374611377716,0.04842282086610794,-0.8690032958984375,-0.1432977020740509,0.022518713027238846,-0.020313382148742676,0.0042103453313067874,-0.04594287439998627,1.4325600235663172,0.059078894555568695,1.3890670537948608,5.16301965713501,1.248831033706665,5.620579719543457,0.06324838,0.23508774,-0.056863014
604,20.5177,0.2083548605442047,0.05022049695253372,-0.8701934814453125,-0.1411474049091339,0.03805503249168396,-0.02618277259171009,-0.0003502804547139157,-0.04500177568859032,1.4326829284506242,0.05753156915307045,1.7222076654434204,5.012526035308838,1.3570936918258667,5.585188865661621,0.07869543,0.22904491,-0.06201173
605,20.5521,0.20361389219760895,0.05245773494243622,-0.8716418743133545,-0.13777247071266174,0.05304235965013504,-0.03193365037441254,-0.003823977353339185,-0.043871451059365824,1.4327480427392767,0.05594867095351219,2.0391955375671387,4.820641040802002,1.458756923675537,5.536815166473389,0.09382204,0.2217945,-0.06711644
606,20.5867,0.19909420609474182,0.05516723543405533,-0.8733259439468384,-0.13325324654579163,0.06739164888858795,-0.037564124912023544,-0.006751693329096072,-0.042638361701577907,1.4328001075385877,0.054315369576215744,2.343343496322632,4.5897440910339355,1.55137038230896,5.477673530578613,0.10885503,0.21320678,-0.07206561
607,20.6211,0.19384445250034332,0.059265680611133575,-0.8757063150405884,-0.1260920614004135,0.08445639908313751,-0.04468335956335068,-0.01067864347045885,-0.04056371343932494,1.4328280707300336,0.05218186601996422,2.7104909420013428,4.2470269203186035,1.6593636274337769,5.39198112487793,0.12774542,0.20016235,-0.078205794
608,20.655,0.18993736803531647,0.06306044012308121,-0.8777432441711426,-0.11932623386383057,0.09732496738433838,-0.05011584237217903,-0.013581370464752928,-0.03865439754649546,1.4328401881129935,0.050519220530986786,2.9939358234405518,3.925184726715088,1.7364723682403564,5.314231872558594,0.14302689,0.18751469,-0.0829551
609,20.6891,0.1863967478275299,0.06736241281032562,-0.8799246549606323,-0.11181605607271194,0.10954789072275162,-0.0556335411965847,-0.016960750239008848,-0.03598963439857297,1.4328186165081638,0.04885939136147499,3.2700724601745605,3.558109998703003,1.806100606918335,5.230002403259277,0.15846373,0.1724217,-0.08752144
610,20.7231,0.18325889110565186,0.07211530953645706,-0.8822128772735596,-0.10325195640325546,0.12088098376989365,-0.061155129224061966,-0.01919505188772016,-0.03393436479443954,1.4327838622559383,0.04729325324296951,3.51169490814209,3.138634204864502,1.858246088027954,5.1363325119018555,0.17339268,0.15497252,-0.09175235
611,20.7574,0.1805027425289154,0.07730036973953247,-0.884475827217102,-0.09408517181873322,0.13156166672706604,-0.06643346697092056,-0.022242448866448983,-0.03074659842031752,1.432710359009852,0.045921701937913895,3.7465975284576416,2.6707499027252197,1.9053752422332764,5.041642189025879,0.18808238,0.13407391,-0.095651455
612,20.7911,0.17813265323638916,0.08282066881656647,-0.8868453502655029,-0.0842827558517456,0.14120987057685852,-0.07174099236726761,-0.024520939223606895,-0.02795679569802661,1.4325950441346516,0.044902253895998,3.9471144676208496,2.1534595489501953,1.9232909679412842,4.943880081176758,0.20177813,0.11008574,-0.09831943
613,20.8254,0.17574629187583923,0.09015753865242004,-0.889919638633728,-0.07083526998758316,0.1517253965139389,-0.07774784415960312,-0.026408720962309562,-0.025362304632773985,1.4324933113810105,0.044258736073970795,4.132978916168213,1.4392688274383545,1.8936679363250732,4.824519157409668,0.21667941,0.07545645,-0.0992792
614,20.8591,0.17427986860275269,0.096285380423069,-0.8925048112869263,-0.059653718024492264,0.15893515944480896,-0.08217558264732361,-0.028887847218091317,-0.021403266001019,1.4323271301289897,0.044416364282369614,4.262889385223389,0.823966383934021,1.8389484882354736,4.740997314453125,0.22601968,0.043686945,-0.0975016
615,20.8935,0.17319676280021667,0.10262388736009598,-0.895149827003479,-0.047945287078619,0.1651291698217392,-0.08635057508945465,-0.030722525940776724,-0.017947246484314946,1.4321730662599286,0.045240823179483414,4.3424458503723145,0.1630057990550995,1.7475011348724365,4.666927337646484,0.23178437,0.008700672,-0.09327542
616,20.9271,0.1724698692560196,0.10906445235013962,-0.897891640663147,-0.0359627939760685,0.17000120878219604,-0.09010753035545349,-0.03282451529668964,-0.013228370542857528,1.4319307186007313,0.046797867864370346,4.375305652618408,-0.5244725942611694,1.6175248622894287,4.6079888343811035,0.23302057,-0.027932428,-0.08614634
617,20.9612,0.17210331559181213,0.11555256694555283,-0.9007418155670166,-0.023600589483976364,0.17350991070270538,-0.0929066613316536,-0.03417568880109275,-0.009674137598281092,1.4317453625888619,0.04904891550540924,4.3818678855896,-1.2266020774841309,1.4611632823944092,4.570796012878418,0.22921774,-0.064164184,-0.076434195
618,20.9952,0.17212368547916412,0.12205411493778229,-0.9036319255828857,-0.010993787087500095,0.17571869492530823,-0.09427010267972946,-0.03550749405034934,-0.005303788300325583,1.431530578646947,0.05186893790960312,4.331482410430908,-1.9359713792800903,1.2704582214355469,4.553139686584473,0.22047219,-0.09854083,-0.06466625
619,21.0291,0.17279864847660065,0.1301194578409195,-0.907253623008728,0.0049379924312233925,0.17638376355171204,-0.09418003261089325,-0.03680129515861267,0.000630127320602016,1.4312289756534955,0.055941808968782425,4.20000696182251,-2.807542562484741,1.0097081661224365,4.56066370010376,0.20380944,-0.13623874,-0.048997074
620,21.0633,0.17381154000759125,0.13650235533714294,-0.910152792930603,0.01782996580004692,0.17509619891643524,-0.09212122857570648,-0.03734487546542226,0.005035000444930929,1.4310035390672202,0.059579767286777496,4.037046909332275,-3.47587513923645,0.7834302186965942,4.5878400802612305,0.1874371,-0.16138232,-0.03637409
621,21.0972,0.17519651353359222,0.1427948921918869,-0.9129998683929443,0.030509643256664276,0.1721649169921875,-0.08849841356277466,-0.03758782233586474,0.011546422028093561,1.4306994060707332,0.0634814202785492,3.8589491844177246,-4.120386600494385,0.5633952617645264,4.632206439971924,0.1700483,-0.18156879,-0.024826553
622,21.1312,0.1769862174987793,0.14890901744365692,-0.9157476425170898,0.04297230392694473,0.16772139072418213,-0.08328836411237717,-0.03725490223246962,0.016826369835176432,1.430452797353792,0.0674932673573494,3.6281561851501465,-4.707242488861084,0.3399527966976166,4.685628890991211,0.15236884,-0.19768639,-0.014276733
623,21.1661,0.1792183220386505,0.15475894510746002,-0.9183536767959595,0.055117275565862656,0.16158510744571686,-0.07684420049190521,-0.03650140241392373,0.021343265813897356,1.4302340186702418,0.07147012650966644,3.3502464294433594,-5.220705509185791,0.12138673663139343,4.742262840270996,0.13499466,-0.21036284,-0.0048911506
624,21.2002,0.18187092244625092,0.16031232476234436,-0.92076575756073,0.06669006496667862,0.1538684219121933,-0.06897144019603729,-0.034710751153603295,0.027547241053669853,1.429955318862165,0.07533972710371017,3.0549633502960205,-5.6832709312438965,-0.08248607814311981,4.799050331115723,0.11835728,-0.22018479,0.0031957265
625,21.2342,0.18572483956813812,0.1667565107345581,-0.9234168529510498,0.08037247508764267,0.14209584891796112,-0.05821596831083298,-0.03273267160919013,0.032152949293555715,1.4297495896679564,0.07990413904190063,2.617462635040283,-6.120599746704102,-0.32670825719833374,4.85678768157959,0.098182306,-0.22958669,0.012254986
626,21.268,0.18916729092597961,0.17142456769943237,-0.925247311592102,0.0903383269906044,0.1312887817621231,-0.04927073046565056,-0.029638835758953045,0.03725138602759287,1.4295088399054132,0.08326971530914307,2.2575690746307373,-6.411093711853027,-0.49794507026672363,4.892284393310547,0.082813986,-0.23517695,0.018266026
627,21.3024,0.1929003745317459,0.1756182610988617,-0.9267501831054688,0.09933245927095413,0.11912702023983002,-0.04003041610121727,-0.027157668439867097,0.04034490562745051,1.4293711544770562,0.08629780262708664,1.869970440864563,-6.605404376983643,-0.660193681716919,4.916547775268555,0.0677853,-0.23944192,0.023931623
628,21.3359,0.19691120088100433,0.1793012171983719,-0.9278827905654907,0.10721864551305771,0.1058802455663681,-0.03108752705156803,-0.023261365977134896,0.0440608517471409,1.4291939211065114,0.08892612904310226,1.4748148918151855,-6.7547173500061035,-0.7974745035171509,4.93161678314209,0.052977055,-0.24263725,0.028646205
629,21.3701,0.20115363597869873,0.18241079151630402,-0.9286046028137207,0.11416741460561752,0.09166236221790314,-0.022287756204605103,-0.019971515228884174,0.04640014748153128,1.4291011099425222,0.09108411520719528,1.0651506185531616,-6.82682466506958,-0.9181147813796997,4.941069602966309,0.038203996,-0.24485925,0.03293023
630,21.4041,0.20555737614631653,0.18496277928352356,-0.9289560317993164,0.1198313906788826,0.07679090648889542,-0.013922509737312794,-0.01696313460042231,0.04798806144268023,1.4290188182648387,0.09281130135059357,0.6544179916381836,-6.840130805969238,-1.0229368209838867,4.946229457855225,0.023550078,-0.24615097,0.036811706
631,21.438,0.21127314865589142,0.1873483806848526,-0.9289247989654541,0.1253339648246765,0.057583801448345184,-0.004062306601554155,-0.012628397799965503,0.04956444474854698,1.4289245423622499,0.09436948597431183,0.13920918107032776,-6.795069217681885,-1.1329379081726074,4.948524475097656,0.0050509293,-0.24654563,0.041106407
632,21.4721,0.2206541746854782,0.18923364579677582,-0.9279714822769165,0.13039958477020264,0.025813989341259003,0.01016426645219326,-0.009174597237404082,0.05028286990329868,1.4288784696753916,0.09551841765642166,-0.2705764174461365,-6.7058281898498535,-1.2068846225738525,4.949847221374512,-0.0099200355,-0.24585311,0.04424753
633,21.5066,0.2206541746854782,0.18923364579677582,-0.9279714822769165,0.13039958477020264,0.025813989341259003,0.01016426645219326,-0.006190174135631271,0.050521622295024285,1.4288225432925,0.09551841765642166,-0.6698898673057556,-6.562031269073486,-1.280501365661621,4.952822685241699,-0.024924178,-0.24414945,0.047642823
634,21.541,0.23025497794151306,0.18854404985904694,-0.9262207746505737,0.13123616576194763,-0.006251402199268341,0.022556794807314873,-0.0019943438124883904,0.05034182979311951,1.4287523689977764,0.09502457082271576,-1.4466660022735596,-6.106069564819336,-1.412339210510254,4.974067687988281,-0.056228563,-0.23732881,0.05489436
635,21.5752,0.23505111038684845,0.18725769221782684,-0.925011396408081,0.1301492601633072,-0.022042782977223396,0.028271475806832314,0.0021099680460986503,0.049645121884819565,1.4287141526361335,0.09418708086013794,-1.8246960639953613,-5.818460941314697,-1.4701178073883057,4.989292144775391,-0.07272511,-0.23190066,0.058593035
636,21.6092,0.2409215122461319,0.18479451537132263,-0.9231957197189331,0.12735028564929962,-0.041316479444503784,0.035159140825271606,0.0053525896870039846,0.04868862261218239,1.4286809962805622,0.09262532740831375,-2.2708146572113037,-5.388686656951904,-1.5356255769729614,5.017476558685303,-0.093899235,-0.22282468,0.063498825
637,21.643,0.24545355141162872,0.18222187459468842,-0.9215657711029053,0.12402233481407166,-0.05625716969370842,0.04048902168869972,0.008178045478388333,0.04764476333341221,1.4286398504417204,0.09106659889221191,-2.5971174240112305,-4.987915515899658,-1.5835556983947754,5.048226356506348,-0.11113502,-0.2134413,0.06776301
638,21.677,0.24978838860988617,0.17913806438446045,-0.9197535514831543,0.11978045105934143,-0.07058260589838028,0.045999135822057724,0.012236804928804572,0.04573969185357004,1.4285671461439613,0.08924166858196259,-2.906613826751709,-4.556854248046875,-1.6310921907424927,5.080387115478516,-0.12870947,-0.20178473,0.07222735
639,21.7111,0.25391238927841187,0.17557545006275177,-0.9177502393722534,0.11458785086870193,-0.08406903594732285,0.051278144121170044,0.015510711040325743,0.04392138116861561,1.4285367861075344,0.08718612045049667,-3.1812615394592285,-4.077930450439453,-1.6655688285827637,5.118625640869141,-0.14636976,-0.18762547,0.076632775
640,21.7453,0.25778400897979736,0.17149269580841064,-0.9155287742614746,0.10832379013299942,-0.09692700952291489,0.056231360882520676,0.0183181166332437,0.04212342702124347,1.428508157125816,0.08486300706863403,-3.422401189804077,-3.5489935874938965,-1.6859793663024902,5.1604084968566895,-0.16420272,-0.17027646,0.080891274
641,21.7797,0.2613774836063385,0.1669086068868637,-0.9131708145141602,0.10119671374559402,-0.10897931456565857,0.06125139817595482,0.022182804461004218,0.03926915915581583,1.4284317244025309,0.08234069496393204,-3.6463632583618164,-2.992292642593384,-1.7057337760925293,5.1988444328308105,-0.18174002,-0.1491402,0.085016236
642,21.8141,0.2654549181461334,0.16054630279541016,-0.9099539518356323,0.09123866260051727,-0.12302214652299881,0.06717744469642639,0.025175908323603655,0.03671751793638366,1.4283820564482008,0.07898053526878357,-3.8673665523529053,-2.23563551902771,-1.7024959325790405,5.250335693359375,-0.2022474,-0.11691456,0.08903355
643,21.848,0.26834145188331604,0.15500719845294952,-0.9071133136749268,0.08222287893295288,-0.13313159346580505,0.07178790122270584,0.028702838665520272,0.03319751597449045,1.428310550572932,0.07618319243192673,-4.023453235626221,-1.6299737691879272,-1.688552737236023,5.2831878662109375,-0.21594697,-0.08748403,0.09062809
644,21.882,0.270889014005661,0.14909635484218597,-0.9041253328323364,0.07257884740829468,-0.1422176957130432,0.07623481005430222,0.03105599740174128,0.030485388090461984,1.4282723342112895,0.07340168952941895,-4.134848117828369,-1.0173697471618652,-1.6551023721694946,5.315747261047363,-0.22626847,-0.055672828,0.09057104
645,21.9163,0.27305299043655396,0.14285975694656372,-0.9010021686553955,0.06232361122965813,-0.15039053559303284,0.0803898274898529,0.03434013691781054,0.026122610076261786,1.428186846740298,0.07070444524288177,-4.22832727432251,-0.4273255169391632,-1.6161397695541382,5.341782569885254,-0.23248988,-0.023496019,0.08886165
646,21.9501,0.2748076319694519,0.13634765148162842,-0.8977788686752319,0.05132857710123062,-0.15718992054462433,0.08378910273313522,0.03681037903464336,0.02220402860653539,1.4281137429683752,0.06818157434463501,-4.2759809494018555,0.13479503989219666,-1.5541726350784302,5.365556716918945,-0.23485817,0.007403615,0.085362904
647,21.9841,0.2761392593383789,0.12966051697731018,-0.8944202661514282,0.03973328322172165,-0.16257940232753754,0.08640798181295395,0.03879026037398153,0.01851260229422514,1.4280374434031444,0.06593279540538788,-4.280333042144775,0.6560693979263306,-1.4647998809814453,5.386316299438477,-0.23408432,0.035879347,0.08010748
648,22.0175,0.2771725654602051,0.12112128734588623,-0.890068531036377,0.02444695122539997,-0.16735272109508514,0.08838772773742676,0.04128545090068243,0.012838546177107975,1.4279503580354989,0.06361425668001175,-4.23785400390625,1.2535284757614136,-1.3196239471435547,5.40450382232666,-0.22971024,0.06794673,0.071529396
649,22.051,0.2774506211280823,0.11425246298313141,-0.886609673500061,0.011625207960605621,-0.16939924657344818,0.08854016661643982,0.042879656579906694,0.008044857775411298,1.4278693979383605,0.06222723051905632,-4.158194065093994,1.694481611251831,-1.1759392023086548,5.412135601043701,-0.22396222,0.09126555,0.06333662
650,22.0852,0.27722281217575073,0.10740000754594803,-0.8831841945648193,-0.001433705328963697,-0.16985496878623962,0.08746053278446198,0.043954167178348005,0.003760741321463364,1.4278072131269073,0.06127087026834488,-4.032632350921631,2.1094977855682373,-1.0029325485229492,5.41535758972168,-0.2163311,0.11316429,0.05380245
651,22.1192,0.27647799253463745,0.1006147488951683,-0.8798564672470093,-0.014731807634234428,-0.16861535608768463,0.08490552008152008,0.04489543233731209,-0.0024940618041295157,1.427689368248671,0.06074300780892372,-3.8844995498657227,2.5091209411621094,-0.8168872594833374,5.412642478942871,-0.20679873,0.13357784,0.043488547
652,22.1532,0.2752321660518646,0.09398309141397476,-0.8766676187515259,-0.028065983206033707,-0.16572554409503937,0.08125767111778259,0.0451167743134113,-0.0075001575885573785,1.4276506192548104,0.06063045561313629,-3.6878294944763184,2.8862688541412354,-0.6095768213272095,5.411811828613281,-0.19522563,0.15279277,0.032269664
653,22.1873,0.2734794318675995,0.08760866522789001,-0.8736704587936401,-0.04134629666805267,-0.16118158400058746,0.0764508917927742,0.04473684109439787,-0.01353898875271784,1.4276114707867864,0.060850590467453,-3.451735734939575,3.2377004623413086,-0.3904341161251068,5.415019989013672,-0.18172216,0.17045394,0.02055503
654,22.2213,0.2706160247325897,0.08008862286806107,-0.8703091144561768,-0.057450905442237854,-0.15322504937648773,0.06886181235313416,0.044042638221998276,-0.01757973025388401,1.4276088076256963,0.06146984547376633,-3.119797706604004,3.647037982940674,-0.11829140782356262,5.427145004272461,-0.16246119,0.18991685,0.006159939
655,22.2556,0.2678492069244385,0.0744677484035492,-0.8680194616317749,-0.0698760375380516,-0.14513278007507324,0.061860233545303345,0.042464840111802425,-0.022957567956378707,1.4276219902730922,0.06215556338429451,-2.8240861892700195,3.9493138790130615,0.09001609683036804,5.444608688354492,-0.14539187,0.20332173,-0.0046342807
656,22.2893,0.2646576166152954,0.06924070417881012,-0.8660355806350708,-0.08175251632928848,-0.1355293095111847,0.05362199246883392,0.040721006391207744,-0.026881388363311994,1.4276711255952041,0.06290514767169952,-2.5078248977661133,4.236924171447754,0.29372450709342957,5.467514991760254,-0.12711391,0.21475661,-0.014887989
657,22.3228,0.26105812191963196,0.06445558369159698,-0.8644082546234131,-0.0927073061466217,-0.1246463730931282,0.04500366374850273,0.038850830644024024,-0.03005360229278687,1.4277161330176265,0.06362179666757584,-2.1662979125976562,4.489657878875732,0.4911150634288788,5.494141578674316,-0.108118154,0.22407514,-0.024511151
658,22.357,0.25709715485572815,0.060154352337121964,-0.863190770149231,-0.10302458703517914,-0.11274845898151398,0.03542213886976242,0.03570125150322022,-0.034102724429008385,1.4278234584095566,0.0642341747879982,-1.8108775615692139,4.729981422424316,0.6689246892929077,5.5240068435668945,-0.08861624,0.23146412,-0.032734178
659,22.3911,0.25280722975730896,0.056351013481616974,-0.8623443841934204,-0.11241724342107773,-0.09990188479423523,0.025579486042261124,0.03271762474903118,-0.03690907828135522,1.4279185332604725,0.064710833132267,-1.4428038597106934,4.933149337768555,0.8329559564590454,5.55313777923584,-0.06927409,0.23685786,-0.03999315
660,22.4262,0.2470233291387558,0.05229748412966728,-0.8618216514587402,-0.12264876067638397,-0.08274886757135391,0.013630589470267296,0.029909344266083243,-0.03904403881992007,1.4280140075855519,0.06508174538612366,-0.9778092503547668,5.127315998077393,1.0095404386520386,5.584507942199707,-0.045980357,0.24110614,-0.047472477
661,22.4603,0.2421274036169052,0.04958280920982361,-0.8618574142456055,-0.1295824944972992,-0.06826654076576233,0.00432166550308466,0.025602706936018675,-0.04150557364834509,1.4281915072722056,0.06522735953330994,-0.5973021388053894,5.266722202301025,1.116243839263916,5.613254547119141,-0.027567388,0.24307594,-0.051518194
662,22.4946,0.23708978295326233,0.04736084118485451,-0.8622936010360718,-0.1352638602256775,-0.053405411541461945,-0.004854832775890827,0.021909495473540236,-0.043011316606297485,1.428335584287179,0.06524509936571121,-0.22389613091945648,5.363310813903809,1.2045643329620361,5.635889053344727,-0.010174372,0.24372159,-0.054738265
663,22.5281,0.2319537252187729,0.04565054550766945,-0.8630280494689941,-0.13944043219089508,-0.03835708647966385,-0.013514529913663864,0.017115225025503753,-0.04431443045599768,1.4284981702717283,0.0651465356349945,0.14736433327198029,5.43456506729126,1.2744125127792358,5.65802001953125,0.0065976907,0.24331246,-0.057057086
664,22.5623,0.22676098346710205,0.044507160782814026,-0.8639926910400391,-0.14241419732570648,-0.02298940345644951,-0.021437592804431915,0.013719865244410058,-0.0448287159908164,1.4286317278003957,0.06489630788564682,0.5039557814598083,5.454628944396973,1.3384783267974854,5.667937278747559,0.022342375,0.2418255,-0.059340093
665,22.5959,0.2215157449245453,0.043979380279779434,-0.865241527557373,-0.14413970708847046,-0.007747654337435961,-0.02851789817214012,0.008869409379454008,-0.04506760154059651,1.4288188148669738,0.06442666798830032,0.8645638823509216,5.451982021331787,1.383512020111084,5.67667293548584,0.03798049,0.23950683,-0.060778
666,22.6304,0.2149277925491333,0.04417805001139641,-0.8671339750289917,-0.14446239173412323,0.011131771840155125,-0.03634500131011009,0.005082421357091153,-0.04487993606871919,1.4289241428880863,0.06356866657733917,1.294631004333496,5.381204605102539,1.4324098825454712,5.666910171508789,0.056612227,0.23531182,-0.06263709
667,22.6643,0.2097102850675583,0.04501698166131973,-0.868896484375,-0.14341141283512115,0.026157863438129425,-0.04166810214519501,0.001870417356231836,-0.04441313386389874,1.4290177530004027,0.06269300729036331,1.634587287902832,5.2860493659973145,1.4620075225830078,5.648928642272949,0.07140547,0.23091629,-0.063866474
668,22.6981,0.2046249955892563,0.04644118994474411,-0.8707847595214844,-0.14116086065769196,0.040802545845508575,-0.046335361897945404,-0.0024929395834162645,-0.04335130240895973,1.42913120366284,0.06169280409812927,1.9750890731811523,5.16391134262085,1.4902546405792236,5.625630855560303,0.086232394,0.22545639,-0.06506452
669,22.7322,0.19969482719898224,0.048398371785879135,-0.8727906942367554,-0.13785392045974731,0.05479732155799866,-0.05043350160121918,-0.005860796244545412,-0.042214290748685615,1.429196451109547,0.06062643975019455,2.302374839782715,5.002111434936523,1.5164668560028076,5.589102268218994,0.100777276,0.21894749,-0.06637729
670,22.7661,0.1950146108865738,0.050873082131147385,-0.8748488426208496,-0.13333654403686523,0.06847702711820602,-0.053918447345495224,-0.008656881322235929,-0.041013558798142155,1.4292386622128248,0.059503812342882156,2.613664150238037,4.7993903160095215,1.5470550060272217,5.540000915527344,0.11504451,0.21125266,-0.06809604
671,22.8001,0.19059418141841888,0.05384111776947975,-0.8770002126693726,-0.1279037445783615,0.08143068850040436,-0.05706963688135147,-0.012388536451317234,-0.03901413235311632,1.429267024878434,0.058347541838884354,2.9242782592773438,4.567528247833252,1.5767613649368286,5.485864639282227,0.12943868,0.20217462,-0.06979292
672,22.8342,0.18556542694568634,0.058229848742485046,-0.8798755407333374,-0.11961287260055542,0.09676254540681839,-0.06059114262461662,-0.015174486952703238,-0.037183105073956765,1.429263030136799,0.05683597922325134,3.2737812995910645,4.2139153480529785,1.6033077239990234,5.398366928100586,0.14688978,0.18907222,-0.071938075
673,22.868,0.181982159614563,0.062289610505104065,-0.8823642730712891,-0.11207901686429977,0.10832929611206055,-0.06308808922767639,-0.018392999313550762,-0.03472908743382741,1.4292333358906446,0.05557846650481224,3.5449562072753906,3.8910534381866455,1.6137630939483643,5.322785377502441,0.1609715,0.1766873,-0.073278725
674,22.9022,0.1788439005613327,0.06679747998714447,-0.8849676847457886,-0.1035490408539772,0.1193237155675888,-0.06547154486179352,-0.020496101787575542,-0.032811551111726914,1.4291897932068218,0.054320722818374634,3.781576633453369,3.5183918476104736,1.6124134063720703,5.235117435455322,0.17471601,0.16255638,-0.07449656
675,22.936,0.1761394739151001,0.0716930627822876,-0.8877015113830566,-0.09432189166545868,0.1295582503080368,-0.06775019317865372,-0.023301904282352945,-0.02986808607513303,1.4290782067571475,0.053164418786764145,4.004349708557129,3.1068079471588135,1.598769187927246,5.144721508026123,0.18837166,0.14614971,-0.07520892
676,22.9713,0.17385020852088928,0.07691476494073868,-0.8905785083770752,-0.08453927934169769,0.13882635533809662,-0.06984823942184448,-0.02539438532093643,-0.02733783336820556,1.4289794034807055,0.052230462431907654,4.192611217498779,2.6516432762145996,1.556441068649292,5.0485639572143555,0.20159875,0.1275024,-0.07484037
677,23.0063,0.17198629677295685,0.08242732286453247,-0.8935765027999878,-0.0740772932767868,0.1470835953950882,-0.07182435691356659,-0.02709450366835638,-0.025017866357664266,1.4288752738820834,0.05160081759095192,4.342889308929443,2.153998613357544,1.485705018043518,4.95068359375,0.2141347,0.10620713,-0.073255606
678,23.0403,0.16941973567008972,0.09566623717546463,-0.9006752967834473,-0.048574745655059814,0.16239628195762634,-0.07534205913543701,-0.02932494477378438,-0.021476852470889252,1.428695776824612,0.051673129200935364,4.507449626922607,0.8701295852661133,1.201902151107788,4.739317893981934,0.23746428,0.04584071,-0.06331936
679,23.0741,0.16906480491161346,0.10179684311151505,-0.9039242267608643,-0.03639867529273033,0.16750220954418182,-0.07606390863656998,-0.030965316766624083,-0.0184522213582914,1.4285249350406835,0.05244244635105133,4.5161051750183105,0.24121928215026855,1.0321919918060303,4.665704727172852,0.2433856,0.012999984,-0.055627726
680,23.1081,0.1692272573709488,0.10799448937177658,-0.9071559906005859,-0.023872394114732742,0.17126891016960144,-0.07559560239315033,-0.03285229123462132,-0.014365479991077915,1.4282773942173608,0.05364236608147621,4.550845623016357,0.2425176203250885,1.0518845319747925,4.6702141761779785,0.24325031,0.012962973,-0.056224987
681,23.1421,0.16990405321121216,0.1142168715596199,-0.9102567434310913,-0.011031076312065125,0.1738516390323639,-0.07396267354488373,-0.03417112397653679,-0.01104522863480556,1.428088576096074,0.055204838514328,4.3790764808654785,-1.0816348791122437,0.6162954568862915,4.575320720672607,0.24047177,-0.05939669,-0.03384313
682,23.1759,0.17109237611293793,0.12044909596443176,-0.913223147392273,0.0021412549540400505,0.17511270940303802,-0.07202548533678055,-0.035874186365318035,-0.005838255602780063,1.4277800488837884,0.05710175633430481,4.243608474731445,-1.7576346397399902,0.40658625960350037,4.561625957489014,0.23007268,-0.09529242,-0.022043597
683,23.2101,0.173249289393425,0.12821564078330994,-0.9167073965072632,0.01856197789311409,0.17456211149692535,-0.06681820750236511,-0.03691867398365791,-0.0015048241153614525,1.4275395654373542,0.05991578847169876,3.9747586250305176,-2.58345365524292,0.11199605464935303,4.5713396072387695,0.2095558,-0.13620391,-0.005904616
684,23.244,0.17547039687633514,0.13432899117469788,-0.919259786605835,0.031732022762298584,0.1725059300661087,-0.060577407479286194,-0.037590606171441714,0.002558835655490262,1.4273104004255528,0.062452152371406555,3.7134599685668945,-3.2159764766693115,-0.11847996711730957,4.601992607116699,0.18892664,-0.16361658,0.0060278075
685,23.2781,0.17810682952404022,0.14026708900928497,-0.9214918613433838,0.04480496421456337,0.16890572011470795,-0.05282619595527649,-0.03794084098311156,0.008882005299172243,1.4269607273744256,0.06510449945926666,3.4360504150390625,-3.822612762451172,-0.31929486989974976,4.651849746704102,0.16680405,-0.18556982,0.0155002605
686,23.3121,0.18113373219966888,0.14598539471626282,-0.923384428024292,0.05756697058677673,0.16372054815292358,-0.04401303082704544,-0.03757322904532895,0.014310792602271518,1.426688685469074,0.06780465692281723,3.109267234802246,-4.374499797821045,-0.504356324672699,4.712709903717041,0.14419957,-0.2028777,0.023390708
687,23.3461,0.1845213621854782,0.15142332017421722,-0.9249331951141357,0.06987359374761581,0.15692202746868134,-0.03483061492443085,-0.03675731554992353,0.019105550949742083,1.4264462046518223,0.0704883337020874,2.743011951446533,-4.857007026672363,-0.666387677192688,4.777880668640137,0.12206977,-0.21614698,0.029655647
688,23.3805,0.188237264752388,0.15651771426200867,-0.9260877370834351,0.08142922073602676,0.14851894974708557,-0.025318961590528488,-0.034750332385304596,0.025793541153474268,1.4261158395185978,0.0730607807636261,2.372056722640991,-5.293315410614014,-0.7911447882652283,4.842848777770996,0.10129708,-0.22604746,0.033785306
689,23.415,0.19328869879245758,0.16240209341049194,-0.9269381761550903,0.09454761445522308,0.13586845993995667,-0.013915871270000935,-0.03250297812636,0.03079497640599449,1.4258712281724741,0.07607214152812958,1.8509740829467773,-5.69661283493042,-0.9203944206237793,4.910490989685059,0.07635925,-0.2350055,0.037969537
690,23.4494,0.19763045012950897,0.1667274534702301,-0.9270894527435303,0.10396812856197357,0.12415549904108047,-0.005511429160833359,-0.02898072704170243,0.036401737771316715,1.4256379352609831,0.0782768726348877,1.4345332384109497,-5.97404146194458,-0.9751342535018921,4.953944206237793,0.05765098,-0.2400846,0.039188668
691,23.483,0.2022261917591095,0.17064911127090454,-0.9267946481704712,0.11218845844268799,0.11132511496543884,0.0023521785624325275,-0.0261409484370805,0.03982354190979706,1.42550184772928,0.08026450127363205,0.9935306906700134,-6.156198978424072,-1.010274887084961,4.985797882080078,0.039318707,-0.24362992,0.039981354
692,23.517,0.20702005922794342,0.17409710586071014,-0.9261174201965332,0.11911483108997345,0.09743624925613403,0.009532718919217587,-0.021648538976226095,0.043949298586980205,1.4253650944073044,0.08202359825372696,0.5563502311706543,-6.298320770263672,-1.0165802240371704,5.0064473152160645,0.0217187,-0.24587272,0.039685078
693,23.551,0.2120157778263092,0.17703482508659363,-0.9250397682189941,0.12481669336557388,0.0827685222029686,0.01589220203459263,-0.017791659620005472,0.046552863125290514,1.4252794737782584,0.08351263403892517,0.10913205146789551,-6.361273288726807,-1.0030710697174072,5.019961357116699,0.004235969,-0.2469133,0.03893428
694,23.586,0.21713225543498993,0.17940451204776764,-0.9236841201782227,0.129071444272995,0.0673765167593956,0.021135589107871056,-0.01433396626494441,0.04835914381225835,1.4252013100002647,0.08475437015295029,-0.3331034779548645,-6.356526851654053,-0.9747289419174194,5.028393745422363,-0.012932144,-0.24678074,0.037842102
695,23.6202,0.22366748750209808,0.1815636307001114,-0.9216326475143433,0.1326744258403778,0.047492749989032745,0.026608865708112717,-0.009371207185473783,0.050154538828270485,1.4251355299213397,0.0859673023223877,-0.8772062659263611,-6.2847065925598145,-0.9209827184677124,5.034361362457275,-0.034201123,-0.24503247,0.03590791
696,23.6545,0.22899247705936432,0.18268278241157532,-0.9197388887405396,0.13401532173156738,0.031327176839113235,0.03001244366168976,-0.005409061705829925,0.05098014373333027,1.425107833046003,0.08671671152114868,-1.30226469039917,-6.175227165222168,-0.8668310642242432,5.037972450256348,-0.051106885,-0.24234445,0.034018457
697,23.688,0.23438140749931335,0.18326549232006073,-0.9176784753799438,0.13421441614627838,0.015054278075695038,0.032532017678022385,-0.0005818593463646063,0.05132416172833046,1.425044449812059,0.08730815351009369,-1.7209042310714722,-6.033407688140869,-0.8058520555496216,5.040133476257324,-0.068013735,-0.23845288,0.03184896
698,23.7221,0.23974160850048065,0.1832599639892578,-0.9155142307281494,0.13317440450191498,-0.0011841545347124338,0.03435686603188515,0.0027280652386769116,0.05115887929317742,1.4250142229336866,0.08771175146102905,-2.114895820617676,-5.828812122344971,-0.7443767786026001,5.049480438232422,-0.08466149,-0.23333344,0.02979818
699,23.756,0.24503251910209656,0.18264514207839966,-0.9132624864578247,0.13090914487838745,-0.017149707302451134,0.035651639103889465,0.007330444007051526,0.05033981993873435,1.4249632233988117,0.08790691196918488,-2.494354724884033,-5.597050189971924,-0.6869194507598877,5.0589799880981445,-0.10113198,-0.22692876,0.0278507
700,23.79,0.2502404749393463,0.18144087493419647,-0.9109567403793335,0.12751394510269165,-0.032762281596660614,0.03629576787352562,0.010862579476512757,0.04930121624192787,1.4249319312560031,0.08792510628700256,-2.8453309535980225,-5.311032772064209,-0.6301092505455017,5.076711177825928,-0.11741935,-0.21917239,0.026002957
701,23.8246,0.2565227150917053,0.17919014394283295,-0.908095121383667,0.12174751609563828,-0.05161617323756218,0.03645617514848709,0.013791783077409806,0.04811080820179767,1.4249082291223014,0.0877690389752388,-3.235675096511841,-4.883272171020508,-0.5650676488876343,5.10966682434082,-0.13745034,-0.20743968,0.024003875
702,23.8591,0.26124751567840576,0.17688624560832977,-0.9058423042297363,0.11602381616830826,-0.06592492014169693,0.03619321435689926,0.017768981138847766,0.04605732790902163,1.4248573627454808,0.0875241756439209,-3.525742769241333,-4.524585247039795,-0.5271099805831909,5.133482933044434,-0.15302016,-0.19637075,0.02287701
703,23.8933,0.26565298438072205,0.17413079738616943,-0.9036228656768799,0.10936688631772995,-0.07944903522729874,0.03555886819958687,0.020770501006610775,0.04411714847587165,1.424842582201431,0.08712712675333023,-3.778463363647461,-4.123828887939453,-0.49191319942474365,5.161632537841797,-0.1682401,-0.18361787,0.02190296
704,23.9272,0.26969391107559204,0.17092275619506836,-0.901463508605957,0.1017909049987793,-0.0922599658370018,0.0345587395131588,0.023310526266382078,0.042217211903506295,1.4248072953169875,0.08654507249593735,-3.998002052307129,-3.6852223873138428,-0.4617834687232971,5.190223693847656,-0.18316156,-0.1688321,0.021155812
705,23.9612,0.27337804436683655,0.16729159653186798,-0.899474024772644,0.09339619427919388,-0.10426482558250427,0.033494945615530014,0.026720290003902816,0.03922265370528032,1.424772807380871,0.08581875264644623,-4.201391696929932,-3.2236530780792236,-0.4534050524234772,5.212310791015625,-0.19761962,-0.15163001,0.02132668
706,23.9952,0.276722252368927,0.16329115629196167,-0.8975940942764282,0.08421924710273743,-0.1153096854686737,0.032380957156419754,0.02990423224514705,0.03592118699736873,1.4247399173414084,0.08497674763202667,-4.372436046600342,-2.7320334911346436,-0.45034316182136536,5.231391906738281,-0.21121149,-0.13197148,0.021753926
707,24.029,0.2803386151790619,0.1578487902879715,-0.8954654932022095,0.07174292951822281,-0.12769821286201477,0.030931781977415085,0.03227030731265494,0.033064083281499075,1.424726335219849,0.08375778794288635,-4.548403263092041,-2.097409963607788,-0.46246710419654846,5.245213508605957,-0.22606343,-0.104244865,0.022985406
708,24.0631,0.2827231287956238,0.15317359566688538,-0.8939050436019897,0.06107523292303085,-0.13661623001098633,0.02993529662489891,0.03422456821006871,0.030419859763483822,1.424697040447858,0.08260810375213623,-4.652866840362549,-1.5795071125030518,-0.48077890276908875,5.2493109703063965,-0.23560631,-0.07998119,0.024345107
709,24.0966,0.28463131189346313,0.14825743436813354,-0.8924697637557983,0.049589380621910095,-0.1444423496723175,0.029267139732837677,0.036787787938458924,0.02635622547991598,1.4246483045999097,0.08130022883415222,-4.737619876861572,-1.0700448751449585,-0.5178837776184082,5.244744300842285,-0.24248283,-0.054767482,0.026506543
710,24.1301,0.2860985994338989,0.14315387606620789,-0.8911242485046387,0.037721868604421616,-0.15100045502185822,0.0287051722407341,0.03865478869828057,0.022858134259772477,1.4246131508735207,0.07988134771585464,-4.785958290100098,-0.5747816562652588,-0.551605224609375,5.238212585449219,-0.24660698,-0.029616883,0.028422667
711,24.1641,0.28711727261543274,0.1379094123840332,-0.8898094892501831,0.02537156268954277,-0.15633268654346466,0.028410736471414566,0.04013440771041497,0.019620437776400674,1.4245766655665866,0.0783577561378479,-4.799114227294922,-0.10367456078529358,-0.5810147523880005,5.231084823608398,-0.2481307,-0.005360331,0.03004046
712,24.1981,0.2876347303390503,0.13257046043872833,-0.8885376453399658,0.012870573438704014,-0.1604185551404953,0.028500866144895554,0.041958086329441584,0.014706698546041617,1.4245488355331952,0.07670065015554428,-4.793417453765869,0.34144309163093567,-0.6168179512023926,5.223298072814941,-0.24733903,0.01761837,0.031827636
713,24.2321,0.2875250279903412,0.12578901648521423,-0.8870037794113159,-0.0032642788719385862,-0.1637936383485794,0.029190776869654655,0.043078582229768,0.010622551680296358,1.4245044939010454,0.07439712435007095,-4.713836193084717,0.8590333461761475,-0.6434683799743652,5.218029975891113,-0.24376105,0.04442218,0.033274923
714,24.2662,0.28686898946762085,0.12031855434179306,-0.8857462406158447,-0.01652855984866619,-0.16501665115356445,0.029811225831508636,0.04381336085808847,0.00699320510941208,1.4244831886123248,0.07241323590278625,-4.6111836433410645,1.2467390298843384,-0.6517859697341919,5.214404582977295,-0.23911886,0.06465126,0.0337992
715,24.3001,0.28572285175323486,0.11488949507474899,-0.8844597339630127,-0.029672831296920776,-0.16486500203609467,0.030516263097524643,0.04440738310041985,0.0017285391396409783,1.424458953846405,0.07034366577863693,-4.486234664916992,1.6182136535644531,-0.6531496047973633,5.2106781005859375,-0.23299399,0.08404243,0.03392153
716,24.3342,0.2841327488422394,0.1095334142446518,-0.8831255435943604,-0.042788997292518616,-0.16325460374355316,0.03155446797609329,0.04445629371831484,-0.0025024884723404196,1.4244632149041492,0.06824406236410141,-4.317257404327393,1.966973066329956,-0.6348206996917725,5.209225654602051,-0.22549081,0.102735214,0.033156753
717,24.368,0.2820880115032196,0.10428251326084137,-0.8817163705825806,-0.05563119426369667,-0.16025099158287048,0.03259715065360069,0.04404329568989239,-0.007662058017185481,1.4244837212445427,0.0661168098449707,-4.120439052581787,2.3046436309814453,-0.6028436422348022,5.209498405456543,-0.21643244,0.12105497,0.031665295
718,24.4017,0.27958664298057556,0.09922505915164948,-0.8802613019943237,-0.06832025945186615,-0.15588237345218658,0.0332968644797802,0.04341279646300534,-0.011147320291015367,1.424520472867586,0.06396978348493576,-3.8775532245635986,2.615321159362793,-0.5455852746963501,5.213072776794434,-0.20586649,0.13885225,0.028966134
719,24.4359,0.27581265568733215,0.0932181179523468,-0.8783599138259888,-0.0834164097905159,-0.14879389107227325,0.033863648772239685,0.04211248309363893,-0.01588141994317287,1.424580260834058,0.06126004457473755,-3.53012752532959,2.983625650405884,-0.45412585139274597,5.224511623382568,-0.1900224,0.16060488,0.024445033
720,24.4702,0.2723553478717804,0.08872327208518982,-0.8767510652542114,-0.09503626823425293,-0.1418370008468628,0.033918458968400955,0.04069614744690754,-0.019453676038485877,1.4246674793597582,0.0591539591550827,-3.216437339782715,3.257930040359497,-0.361524373292923,5.239681720733643,-0.17509508,0.17735384,0.019680513
721,24.5044,0.2685336172580719,0.084530308842659,-0.8752087354660034,-0.10613272339105606,-0.13370901346206665,0.033438295125961304,0.03918691741240282,-0.02240414643710343,1.4247367215481004,0.05712010711431503,-2.872000217437744,3.5098187923431396,-0.2581823766231537,5.259732246398926,-0.15806441,0.19316761,0.014209416
722,24.5382,0.2644103765487671,0.08068930357694626,-0.8737808465957642,-0.11639362573623657,-0.12447774410247803,0.03234989196062088,0.03669466052409021,-0.026354017969043655,1.424871610657313,0.05519351363182068,-2.5094845294952393,3.753394365310669,-0.1527397334575653,5.285281181335449,-0.13887231,0.207709,0.00845246
723,24.572,0.25537025928497314,0.07418487966060638,-0.8712968826293945,-0.13453353941440582,-0.10328561067581177,0.028052929788827896,0.0343685203893659,-0.02928777911241556,1.4249826644747692,0.05166288837790489,-1.7214064598083496,4.114317417144775,0.09713277220726013,5.333331108093262,-0.09647034,0.23057286,-0.0054434743
724,24.6062,0.25537025928497314,0.07418487966060638,-0.8712968826293945,-0.13453353941440582,-0.10328561067581177,0.028052929788827896,0.032125075567677755,-0.03169299432556921,1.4250982456660786,0.05166288837790489,-1.7227914333343506,4.149904727935791,0.08668068051338196,5.339884281158447,-0.09583558,0.23085125,-0.0048218803
725,24.6398,0.2440977841615677,0.06898586452007294,-0.8690510988235474,-0.15048125386238098,-0.07554959505796432,0.019366340711712837,0.02852232419728874,-0.03484439190605484,1.4252890611581828,0.04813665896654129,-1.2038432359695435,4.345272541046143,0.2564663589000702,5.373057842254639,-0.066639714,0.24053606,-0.014196902
726,24.6741,0.23875361680984497,0.06748844683170319,-0.8682705163955688,-0.15592347085475922,-0.06215163320302963,0.014853894710540771,0.02529417348194919,-0.03713515985195693,1.4254134307810895,0.04667289927601814,-0.3609442710876465,4.492244243621826,0.5574939250946045,5.396700382232666,-0.019871091,0.24731186,-0.030691756
727,24.708,0.23327411711215973,0.06644218415021896,-0.8676618337631226,-0.16000492870807648,-0.04816990718245506,0.009378659538924694,0.02094347331941142,-0.0395726762963008,1.4255846720391816,0.04535437375307083,-0.3523482084274292,4.534906387329102,0.5482915639877319,5.40840482711792,-0.019226681,0.24745749,-0.029918777
728,24.742,0.22766157984733582,0.06582005321979523,-0.8673124313354492,-0.16298352181911469,-0.033875495195388794,0.0026390820275992155,0.017674008237067416,-0.04097037397659084,1.4257274174736099,0.0442035011947155,0.49228018522262573,4.5389084815979,0.8806087970733643,5.403704643249512,0.026468512,0.24404424,-0.04734784
729,24.776,0.2219369262456894,0.06565655767917633,-0.8672374486923218,-0.16476061940193176,-0.019403215497732162,-0.003788765287026763,0.012610775163689745,-0.04256879077928879,1.4259296845584013,0.043226562440395355,0.9243702292442322,4.5165815353393555,1.0322649478912354,5.399828910827637,0.048915144,0.23900513,-0.054624636
730,24.8102,0.21474377810955048,0.06612677127122879,-0.8675920963287354,-0.1649734079837799,-0.0008113246876746416,-0.01313105970621109,0.008512126033422513,-0.04338899029957355,1.4260780226311187,0.04227757081389427,1.4451172351837158,4.39652156829834,1.2310709953308105,5.368718147277832,0.07544141,0.22951756,-0.06426726
731,24.8441,0.2090827077627182,0.06702794134616852,-0.868278980255127,-0.16370809078216553,0.01378774456679821,-0.021244168281555176,0.004817843584872887,-0.043752678235937495,1.4262077185762057,0.04176570102572441,1.8518295288085938,4.261815547943115,1.3786909580230713,5.33443021774292,0.095514774,0.21981847,-0.07111095
732,24.8779,0.20355895161628723,0.06836260110139847,-0.8692851066589355,-0.16089515388011932,0.028167571872472763,-0.02974598854780197,-0.0006137055125043011,-0.04370515745523639,1.426370570876864,0.04152132570743561,2.2538044452667236,4.110052108764648,1.5176286697387695,5.299365520477295,0.114359796,0.20854725,-0.07700566
733,24.9121,0.19824905693531036,0.07015617191791534,-0.8705794811248779,-0.156553715467453,0.042194195091724396,-0.038044098764657974,-0.005009324867249584,-0.04317137674900045,1.4264766978463035,0.04151221737265587,2.6346426010131836,3.9091475009918213,1.6445798873901367,5.252467632293701,0.13192378,0.19574173,-0.08234862
734,24.9461,0.19318224489688873,0.07242463529109955,-0.8721539974212646,-0.15075336396694183,0.05579017102718353,-0.046026360243558884,-0.008760394544707296,-0.04232771644398777,1.4265559268887333,0.04171566665172577,2.9959425926208496,3.6641623973846436,1.7554075717926025,5.196239948272705,0.1483701,0.18146281,-0.086934246
735,24.9801,0.18838486075401306,0.07517602294683456,-0.8739689588546753,-0.1437682807445526,0.06872289627790451,-0.05361773818731308,-0.013899912619153527,-0.040584332131827036,1.426652732794358,0.04213237762451172,3.352557420730591,3.3966779708862305,1.8503003120422363,5.140478134155273,0.16374196,0.16589685,-0.09037036
736,25.0143,0.1828136444091797,0.07929136604070663,-0.8765556812286377,-0.13345877826213837,0.0838620513677597,-0.06242947280406952,-0.01776336145282878,-0.0387581900887921,1.426692946526818,0.042963992804288864,3.7568776607513428,2.9847052097320557,1.9349992275238037,5.052766799926758,0.18153849,0.14422585,-0.093502335
737,25.0478,0.17876066267490387,0.08312297612428665,-0.8788565397262573,-0.12390929460525513,0.09528506547212601,-0.06878330558538437,-0.022225236107309747,-0.03597120033040258,1.4267001370617611,0.04387202486395836,4.0689592361450195,2.621839761734009,1.983161211013794,4.983792781829834,0.1944636,0.1253029,-0.09477919
738,25.0825,0.17512011528015137,0.08744113892316818,-0.8813681602478027,-0.11318759620189667,0.10588453710079193,-0.07467680424451828,-0.02503611109172591,-0.03374827433267565,1.4266531322685214,0.04499039798974991,4.337977409362793,2.2027409076690674,2.000810384750366,4.904906272888184,0.2061562,0.10468212,-0.09508566
739,25.1162,0.17195510864257812,0.09220564365386963,-0.8840795755386353,-0.10183558613061905,0.11546899378299713,-0.07991622388362885,-0.028704621735093867,-0.03014737469148208,1.4265354205483398,0.0463283397257328,4.577420711517334,1.7436931133270264,1.986818552017212,4.825003623962402,0.21649219,0.082469136,-0.09396792
740,25.1501,0.16924084722995758,0.0973200872540474,-0.8869519233703613,-0.08961155265569687,0.1241067498922348,-0.0845203623175621,-0.03133862329183134,-0.026950774112681566,1.4264211709375754,0.047977373003959656,4.787622928619385,1.2484946250915527,1.9466192722320557,4.74896764755249,0.22511357,0.058704097,-0.091529846
741,25.1838,0.16698798537254333,0.10278811305761337,-0.8899068832397461,-0.0766921117901802,0.13144288957118988,-0.08799383789300919,-0.033394833324724704,-0.023939731363426923,1.426301595004631,0.04994367063045502,4.9399003982543945,0.7065297365188599,1.8626463413238525,4.674311637878418,0.23185633,0.033161275,-0.0874241
742,25.2182,0.16483505070209503,0.10997845232486725,-0.8936405181884766,-0.05992753058671951,0.13908246159553528,-0.09095940738916397,-0.035889428801369534,-0.019384972724145636,1.4260750931539197,0.052850980311632156,5.071287631988525,-0.024434924125671387,1.7154748439788818,4.595284461975098,0.23681514,-0.0011410435,-0.08010794
743,25.2521,0.16364377737045288,0.11591919511556625,-0.8965574502944946,-0.04606582969427109,0.14378120005130768,-0.09238959103822708,-0.037552048592284414,-0.015544987796090204,1.4258790844976899,0.055489156395196915,5.120536804199219,-0.6429746150970459,1.5705339908599854,4.549063205718994,0.2373066,-0.02979807,-0.07278496
744,25.2862,0.16289621591567993,0.12193574011325836,-0.8994051218032837,-0.03190736100077629,0.14711232483386993,-0.09242376685142517,-0.03874068396581403,-0.012041664920820918,1.4257058458687801,0.05837635323405266,5.115714073181152,-1.27945876121521,1.3962067365646362,4.5218048095703125,0.23445103,-0.058637056,-0.06398757
745,25.3201,0.16257305443286896,0.127929225564003,-0.9021769762039185,-0.017847465351223946,0.14899209141731262,-0.09129241853952408,-0.03999635193621878,-0.006776192330530199,1.4254278118509758,0.061453454196453094,5.083728790283203,-1.9241045713424683,1.2109893560409546,4.5160698890686035,0.22821842,-0.08637677,-0.054363653
746,25.354,0.16267837584018707,0.1338631808757782,-0.904873251914978,-0.0037126820534467697,0.149369016289711,-0.08891027420759201,-0.04064556403095285,-0.002368593887347483,1.4252085005352078,0.0646519735455513,4.997294902801514,-2.557943105697632,1.0076391696929932,4.52953577041626,0.21904022,-0.11211914,-0.044166595
747,25.3881,0.16320575773715973,0.1396881490945816,-0.9074641466140747,0.01033714972436428,0.14833298325538635,-0.0852215513586998,-0.040962696582510845,0.0033772651099176934,1.4248910517332705,0.0679011195898056,4.882336139678955,-3.181927442550659,0.8047752380371094,4.562382221221924,0.20747694,-0.13521735,-0.034199264
748,25.4221,0.1644577533006668,0.14674271643161774,-0.9105526208877563,0.02756241150200367,0.14487546682357788,-0.07913687080144882,-0.040829488593736446,0.0074640831990571135,1.4246786646363365,0.07193897664546967,4.657068729400635,-3.89005708694458,0.5400501489639282,4.620709419250488,0.19111405,-0.15963788,-0.02216226
749,25.456,0.1659221053123474,0.15214823186397552,-0.9128659963607788,0.04084715619683266,0.14052677154541016,-0.07329882681369781,-0.04006601440467037,0.013256643742899001,1.4243657432082524,0.0750734880566597,4.4620232582092285,-4.429845333099365,0.3477146327495575,4.680604934692383,0.17714457,-0.1758671,-0.013804446
750,25.4902,0.16777463257312775,0.15729199349880219,-0.9149338006973267,0.05364791676402092,0.13466881215572357,-0.06629306823015213,-0.0389664617696039,0.017779176052395727,1.4241281892390172,0.07803284376859665,4.22536563873291,-4.904314041137695,0.16230860352516174,4.745215892791748,0.16312844,-0.18934056,-0.0062662386
751,25.5241,0.1699972003698349,0.16218863427639008,-0.9167543649673462,0.06574523448944092,0.12739348411560059,-0.05892583355307579,-0.03768563941046551,0.021571663086290674,1.4239401700660577,0.08081386983394623,3.9562277793884277,-5.314365863800049,-0.008671790361404419,4.809087753295898,0.14928538,-0.20053372,0.00032722368
752,25.5581,0.1725986897945404,0.1667761206626892,-0.918277382850647,0.07702526450157166,0.1189824715256691,-0.05097363889217377,-0.035296667399366745,0.026664034887064095,1.423735239820176,0.08333201706409454,3.6701276302337646,-5.687348365783691,-0.15786665678024292,4.8709001541137695,0.13551757,-0.21000239,0.0058291447
753,25.5921,0.1755782514810562,0.17099401354789734,-0.9195008277893066,0.08765770494937897,0.10945374518632889,-0.04313720390200615,-0.03305772498439651,0.030359156335386828,1.4235829070058235,0.08553316444158554,3.3460097312927246,-5.981175422668457,-0.28982213139533997,4.925201892852783,0.12194608,-0.21798529,0.010562633
754,25.6261,0.17987160384655,0.17569977045059204,-0.9206184148788452,0.09990201890468597,0.0959528461098671,-0.03342072665691376,-0.03084720765287367,0.03327654944102776,1.4234618663342793,0.08778629451990128,2.8897974491119385,-6.238879680633545,-0.4345107078552246,4.981467247009277,0.10486444,-0.22639532,0.015767444
755,25.6603,0.1837148666381836,0.17901068925857544,-0.9211387634277344,0.10875936597585678,0.08412593603134155,-0.026058843359351158,-0.027405390274920303,0.03682792260832426,1.4232725155807748,0.08919692039489746,2.5019350051879883,-6.412145137786865,-0.5206864476203918,5.0178070068359375,0.09061519,-0.23223534,0.018858245
756,25.6941,0.18783354759216309,0.18190883100032806,-0.9214036464691162,0.1164998784661293,0.07157932966947556,-0.01882026344537735,-0.024438015045164553,0.03922160924679031,1.4231416212131973,0.09032592922449112,2.092695951461792,-6.520563125610352,-0.5976535081863403,5.045130729675293,0.076107144,-0.23713978,0.021735458
757,25.728,0.19220933318138123,0.184382364153862,-0.9214060306549072,0.12327996641397476,0.058493465185165405,-0.011955874972045422,-0.020541664728756515,0.04160076501255861,1.4229906199793898,0.0911710262298584,1.6659725904464722,-6.594450950622559,-0.6588046550750732,5.06419563293457,0.060949024,-0.24125569,0.024102138
758,25.7621,0.19681034982204437,0.18639370799064636,-0.9211612939834595,0.12910085916519165,0.044866494834423065,-0.005844738334417343,-0.01772122317036208,0.04289138697227065,1.4229079288275428,0.09172303229570389,1.225679636001587,-6.601663112640381,-0.7061018943786621,5.078417778015137,0.04538542,-0.24445152,0.026146092
759,25.796,0.2016257792711258,0.18793274462223053,-0.9207048416137695,0.13381773233413696,0.03091481141746044,-0.0002594765683170408,-0.013635711434558155,0.04423900474049959,1.422845344541926,0.09200066328048706,0.772972583770752,-6.58174467086792,-0.7416443824768066,5.08539342880249,0.028979158,-0.24675314,0.027804647
760,25.8303,0.20792175829410553,0.18914052844047546,-0.9198468923568726,0.138395756483078,0.013333892449736595,0.006128242239356041,-0.01036935996203548,0.04489932304921713,1.422777433934129,0.09194618463516235,0.20132920145988464,-6.467103958129883,-0.7731369733810425,5.093451499938965,0.007724103,-0.24811392,0.029661816
761,25.8641,0.21316426992416382,0.1894626021385193,-0.9189587831497192,0.14089447259902954,-0.0010080398060381413,0.010603456757962704,-0.007491290614513905,0.045222156429983576,1.4227019333172253,0.091553695499897,-0.2620450556278229,-6.321366786956787,-0.7896682024002075,5.0980119705200195,-0.010274849,-0.2478623,0.030963078
762,25.8994,0.21854260563850403,0.18924838304519653,-0.9179959297180176,0.14224770665168762,-0.015354247763752937,0.014722902327775955,-0.003422714138544227,0.0452634229433122,1.4226153805817976,0.0909537822008133,-0.7302564978599548,-6.143294811248779,-0.8092577457427979,5.098452568054199,-0.029260587,-0.24615517,0.03242608
763,25.9332,0.22398057579994202,0.18856121599674225,-0.9169608354568481,0.14273948967456818,-0.02960481122136116,0.018191548064351082,-0.00015292526366534497,0.04500489241930355,1.422556258405598,0.09022488445043564,-1.1870291233062744,-5.9116082191467285,-0.826580286026001,5.101973056793213,-0.048760653,-0.2428364,0.033954173
764,25.9683,0.22941401600837708,0.18741953372955322,-0.9158430099487305,0.1423240303993225,-0.0434877909719944,0.021407976746559143,0.003927363399465527,0.04432408857613842,1.4225069899254315,0.08939114212989807,-1.6335265636444092,-5.651585102081299,-0.8458887338638306,5.105349063873291,-0.068711445,-0.23772408,0.035580836
765,26.0021,0.2348431646823883,0.18584324419498444,-0.9146498441696167,0.1408129334449768,-0.05703414976596832,0.02415386587381363,0.006752969253735518,0.04362503375712784,1.4224682409315708,0.08849025517702103,-2.05202579498291,-5.338895797729492,-0.8634949922561646,5.115573883056641,-0.08868665,-0.23074214,0.037319455
766,26.0361,0.24159540235996246,0.18327951431274414,-0.9130814075469971,0.13762064278125763,-0.07327456772327423,0.027383556589484215,0.010795624901935183,0.04235858830668667,1.422421768770549,0.08732465654611588,-2.541534900665283,-4.895691394805908,-0.8883169889450073,5.135003089904785,-0.113722235,-0.21906012,0.03974818
767,26.0698,0.24693238735198975,0.18073324859142303,-0.9118099212646484,0.13412445783615112,-0.0858430489897728,0.02968239039182663,0.01401318122956326,0.041104056340934406,1.4223902103116315,0.08637827634811401,-2.9187257289886475,-4.515598773956299,-0.9174200296401978,5.150595188140869,-0.13377677,-0.20696779,0.042048994
768,26.1042,0.25217410922050476,0.17776769399642944,-0.910507321357727,0.12969575822353363,-0.09785912185907364,0.031943053007125854,0.01679647585194029,0.03986229506484692,1.4223748971353636,0.08544628322124481,-3.258769989013672,-4.086910724639893,-0.9476288557052612,5.174275875091553,-0.15335995,-0.19233282,0.044596065
769,26.1385,0.25727173686027527,0.17443625628948212,-0.9091598987579346,0.12432768940925598,-0.10930659621953964,0.03413118049502373,0.020753954037744056,0.037763170687700444,1.4223767613481266,0.08457164466381073,-3.58022141456604,-3.6451797485351562,-0.9850248098373413,5.196566581726074,-0.17201285,-0.1751338,0.047325823
770,26.172,0.26693397760391235,0.16674257814884186,-0.9061987400054932,0.11092349886894226,-0.12994572520256042,0.0385139063000679,0.023901864541677358,0.03583415156399358,1.422361581329913,0.08303263038396835,-4.0924906730651855,-2.651623487472534,-1.0334850549697876,5.257930278778076,-0.20525077,-0.13298693,0.051832397
771,26.2063,0.26693397760391235,0.16674257814884186,-0.9061987400054932,0.11092349886894226,-0.12994572520256042,0.0385139063000679,0.026626877548073687,0.033939701519592705,1.4223799571414346,0.08303263038396835,-4.118055820465088,-2.6819403171539307,-1.0463234186172485,5.249938011169434,-0.20489725,-0.13344215,0.052060682
772,26.24,0.2767809331417084,0.1565411239862442,-0.9027825593948364,0.09191685169935226,-0.1491727977991104,0.04360204190015793,0.030490668639560906,0.030888284832093542,1.4223826203025247,0.0818704143166542,-4.562004566192627,-1.5316009521484375,-1.1077388525009155,5.3058905601501465,-0.23095979,-0.077540085,0.056081295
773,26.2741,0.2807774841785431,0.15149039030075073,-0.9011971950531006,0.08230748772621155,-0.15622656047344208,0.04585514962673187,0.03352845951301403,0.028037435383596366,1.4223851503055605,0.08157819509506226,-4.730075359344482,-1.0387166738510132,-1.1386070251464844,5.32102108001709,-0.23770016,-0.05219856,0.057218343
774,26.3084,0.284434974193573,0.14618249237537384,-0.8995013236999512,0.07188479602336884,-0.16233696043491364,0.04829833656549454,0.03711288084496273,0.024058019408313074,1.4223638450168397,0.08138782531023026,-4.759420871734619,-1.0582088232040405,-1.1554138660430908,5.3146843910217285,-0.23746401,-0.05279771,0.057647604
775,26.342,0.287704735994339,0.14065136015415192,-0.8976401090621948,0.060731396079063416,-0.16721931099891663,0.05068458989262581,0.03954006505651494,0.020843792032047597,1.4223402760411925,0.0812717005610466,-4.978100299835205,-0.11117520928382874,-1.1793842315673828,5.339221000671387,-0.2432087,-0.0054315454,0.057619672
776,26.3763,0.2905341684818268,0.1349339634180069,-0.8956831693649292,0.048721447587013245,-0.17085398733615875,0.052675310522317886,0.042635457191514035,0.015919825638924256,1.4222798222844477,0.08121766149997711,-5.062037944793701,0.31126073002815247,-1.1851800680160522,5.341277599334717,-0.24298218,0.014940782,0.05688966
777,26.4101,0.2933870255947113,0.12758798897266388,-0.8931810855865479,0.03300665691494942,-0.17337685823440552,0.05460091307759285,0.04468338645789294,0.011876027744288298,1.4222313527526083,0.08120536804199219,-5.10148286819458,0.8001570701599121,-1.159996509552002,5.343113899230957,-0.2409752,0.037796464,0.05479395
778,26.444,0.2950647473335266,0.1216278225183487,-0.891226053237915,0.019898228347301483,-0.17410293221473694,0.055713772773742676,0.04611791482382093,0.00822527861688576,1.4222084495672336,0.08120083063840866,-5.099031925201416,1.1611417531967163,-1.1317936182022095,5.341002464294434,-0.23824409,0.054252487,0.05288124
779,26.4781,0.29621902108192444,0.11563392728567123,-0.8892303705215454,0.006528952158987522,-0.17355675995349884,0.05645696446299553,0.04763272917423641,0.002915576486479384,1.4221595805612306,0.08118864893913269,-5.078210830688477,1.5007309913635254,-1.0947847366333008,5.334723472595215,-0.23478465,0.069384396,0.050615985
780,26.5121,0.29680290818214417,0.10967323184013367,-0.8872089385986328,-0.007080295588821173,-0.17163234949111938,0.05672832205891609,0.04833041496199912,-0.0013686311235195335,1.4221328157922752,0.08111418038606644,-5.017055034637451,1.8193762302398682,-1.0337330102920532,5.326330661773682,-0.23073487,0.0836733,0.047541488
781,26.5462,0.29681217670440674,0.10379648208618164,-0.8852028846740723,-0.020826542750000954,-0.16823022067546844,0.0566268227994442,0.04857696126110241,-0.005001006650032289,1.4221318836858938,0.08095589280128479,-4.920525550842285,2.1187117099761963,-0.9542185068130493,5.315582275390625,-0.22606048,0.09733858,0.043839034
782,26.5802,0.29625964164733887,0.09804510325193405,-0.8832169771194458,-0.03444087505340576,-0.16364628076553345,0.056092455983161926,0.04839803012536271,-0.009942952501405568,1.4221276226281496,0.0807022750377655,-4.80219030380249,2.411130666732788,-0.8660886287689209,5.302936553955078,-0.22057305,0.11074748,0.039780978
783,26.6153,0.29475846886634827,0.09112390875816345,-0.8807820081710815,-0.05121001601219177,-0.15606164932250977,0.05473101884126663,0.047589128233764766,-0.014463732950247724,1.422171564786136,0.08018786460161209,-4.598249435424805,2.747619152069092,-0.7267388105392456,5.289205551147461,-0.21265793,0.12707074,0.033609916
784,26.6493,0.2929019033908844,0.08585099130868912,-0.8788563013076782,-0.06428602337837219,-0.14884546399116516,0.0531606562435627,0.04655155235069149,-0.01776571876651242,1.4222128437830321,0.07957678288221359,-4.406056880950928,3.0130646228790283,-0.6082711219787598,5.281364917755127,-0.20503487,0.14021228,0.02830576
785,26.6835,0.2904917597770691,0.08079956471920013,-0.8770318031311035,-0.07693508267402649,-0.1406320482492447,0.0510125569999218,0.04542059938189731,-0.02041402441113606,1.422259848576272,0.0788026824593544,-4.177323818206787,3.2609307765960693,-0.4780401289463043,5.278809547424316,-0.19626875,0.15321264,0.022460394
786,26.7171,0.2876022160053253,0.07604767382144928,-0.8753262758255005,-0.08900782465934753,-0.13155046105384827,0.04812180623412132,0.043382557101065325,-0.02382971784327143,1.4223685055487474,0.07789850234985352,-3.9227333068847656,3.5071933269500732,-0.3446475565433502,5.282488822937012,-0.18597369,0.16627327,0.01633947
787,26.751,0.28429165482521057,0.07163633406162262,-0.8738059997558594,-0.10037663578987122,-0.1218528226017952,0.04480116069316864,0.04151141595798645,-0.02628346292550797,1.4224814235789667,0.0768774077296257,-3.6410021781921387,3.7364466190338135,-0.21058335900306702,5.292177200317383,-0.17433313,0.17890306,0.010082844
788,26.7862,0.2805788516998291,0.06755105406045914,-0.8724002838134766,-0.11098797619342804,-0.11139334738254547,0.04094718396663666,0.03887996312963597,-0.029029165364622852,1.4226457406182247,0.07575058937072754,-3.3350086212158203,3.9516685009002686,-0.07071450352668762,5.3066582679748535,-0.16122493,0.19103622,0.003418564
789,26.8205,0.2753998637199402,0.06299814581871033,-0.8708112239837646,-0.12336914241313934,-0.09728412330150604,0.03553599864244461,0.03687749901649176,-0.030744723804581455,1.4227558623292993,0.07415278255939484,-2.9184436798095703,4.206201553344727,0.10695198178291321,5.330499649047852,-0.14248452,0.20535554,-0.0052216193
790,26.8544,0.27083566784858704,0.05984906479716301,-0.869671106338501,-0.13231916725635529,-0.08564261347055435,0.030889464542269707,0.03442547666658537,-0.032544138529363935,1.422892881967384,0.07268992066383362,-2.5591678619384766,4.393813610076904,0.2497234046459198,5.353194236755371,-0.12567355,0.21576786,-0.012263216
791,26.8881,0.26590073108673096,0.05718889832496643,-0.8687453269958496,-0.1405419558286667,-0.07342170178890228,0.025557884946465492,0.031116804859568355,-0.03450805546632384,1.4230593295355138,0.07101067155599594,-2.1749188899993896,4.569404125213623,0.38977524638175964,5.378329277038574,-0.10712633,0.22506748,-0.019198505
792,26.9221,0.26073938608169556,0.055042289197444916,-0.8680306673049927,-0.14771313965320587,-0.0607483834028244,0.019598886370658875,0.028670162927301762,-0.03576243762926479,1.4231765086234773,0.06918919086456299,-1.786070704460144,4.706118106842041,0.530479907989502,5.398742198944092,-0.08821806,0.2324458,-0.0262016
793,26.956,0.25534752011299133,0.053420647978782654,-0.8674956560134888,-0.15388981997966766,-0.047682665288448334,0.013456488028168678,0.024909486104271048,-0.037325438550653886,1.4233602667386929,0.06720505654811859,-1.3799035549163818,4.825572490692139,0.6660726070404053,5.42057991027832,-0.0681367,0.2382765,-0.032889247
794,26.99,0.24974961578845978,0.05234849080443382,-0.8671613931655884,-0.15900741517543793,-0.03429516777396202,0.007117662578821182,0.021740114267021993,-0.038383816218554204,1.4234892968935071,0.06504492461681366,-0.9696011543273926,4.901591777801514,0.799454927444458,5.435705184936523,-0.047904022,0.24216758,-0.039497793
795,27.0241,0.24255694448947906,0.051726363599300385,-0.8670862913131714,-0.1640419065952301,-0.017223842442035675,-0.00096568011213094,0.018875901159398585,-0.03915182194266262,1.4235770480514254,0.062182169407606125,-0.45694565773010254,4.931280612945557,0.9585965871810913,5.44166374206543,-0.022646513,0.24439736,-0.04750865
796,27.0584,0.23659470677375793,0.051949240267276764,-0.867328405380249,-0.16672518849372864,-0.003312993561848998,-0.007680876180529594,0.014658838628420452,-0.03994896431357218,1.4237233887533252,0.059620801359415054,-0.028434712439775467,4.924441337585449,1.0790486335754395,5.443613052368164,-0.0014100724,0.2442022,-0.053509835
797,27.0927,0.23052909970283508,0.0527736060321331,-0.8678537607192993,-0.16841690242290497,0.010737537406384945,-0.014506961219012737,0.011154964395581734,-0.04035328210131665,1.423799422002447,0.056910473853349686,0.40029051899909973,4.862772464752197,1.1948144435882568,5.4318928718566895,0.019921362,0.24200687,-0.059462644
798,27.1266,0.22434043884277344,0.05412572622299194,-0.8686131238937378,-0.1690516322851181,0.02473578415811062,-0.021245883777737617,0.008052637118626771,-0.040496743260287855,1.4238827789445665,0.054178398102521896,0.835696280002594,4.752061367034912,1.3060996532440186,5.408041000366211,0.041796207,0.23766784,-0.06532279
799,27.1601,0.21805571019649506,0.05602070316672325,-0.869568943977356,-0.16865688562393188,0.03861478343605995,-0.027902882546186447,0.0035466502175508143,-0.04032051273634107,1.423953752187617,0.051512084901332855,1.2903773784637451,4.607470989227295,1.4142591953277588,5.378110885620117,0.06465609,0.23086354,-0.07086336
800,27.1942,0.21174529194831848,0.05847841501235962,-0.870715856552124,-0.16716192662715912,0.052460018545389175,-0.03461652621626854,-0.00010808784045113936,-0.03991583292513592,1.4239960964489493,0.04900937154889107,1.7457700967788696,4.401185035705566,1.523477554321289,5.330443382263184,0.08774752,0.22121646,-0.076574445
801,27.228,0.2038915455341339,0.06232370063662529,-0.872452974319458,-0.1636297106742859,0.06924178451299667,-0.04298149049282074,-0.004675312971837257,-0.039001224344207844,1.4240400386069356,0.04632040113210678,2.3225722312927246,4.070065498352051,1.6513185501098633,5.252717018127441,0.116863355,0.20479083,-0.08308832
802,27.262,0.19774818420410156,0.06590808182954788,-0.8740769624710083,-0.1595834493637085,0.08214034140110016,-0.04951775446534157,-0.007884762782748755,-0.038094476249684706,1.4240481612482603,0.044781092554330826,2.7812325954437256,3.7471678256988525,1.7395446300506592,5.176456451416016,0.13961409,0.18810272,-0.08732277
803,27.2963,0.19173823297023773,0.06993746757507324,-0.8760061264038086,-0.1544766128063202,0.09455078840255737,-0.05577423796057701,-0.01248205605776835,-0.03639899970882098,1.424057082837912,0.04392574355006218,3.2502644062042236,3.390216827392578,1.8053877353668213,5.096850395202637,0.1614919,0.16844554,-0.089702085
804,27.3317,0.18594270944595337,0.07445422559976578,-0.8781836032867432,-0.14815331995487213,0.1063966453075409,-0.06215202808380127,-0.01612560892859252,-0.03468452109746062,1.4240228612179047,0.04381980001926422,3.7046196460723877,2.9730165004730225,1.8525702953338623,5.0037617683410645,0.18165122,0.145778,-0.09083838
805,27.3663,0.18040183186531067,0.07944303005933762,-0.8806165456771851,-0.14085842669010162,0.11773723363876343,-0.06817913800477982,-0.019345135579308333,-0.032882692882940254,1.423983313275717,0.04454665258526802,4.143622875213623,2.500042676925659,1.8707711696624756,4.900713920593262,0.1996576,0.12046283,-0.09014181
806,27.4001,0.17513294517993927,0.08482420444488525,-0.8832595348358154,-0.1324157565832138,0.1281149685382843,-0.07359372079372406,-0.023842942102559356,-0.029858808703804387,1.4238950294855808,0.04618793725967407,4.572599411010742,1.999739646911621,1.8633296489715576,4.800334930419922,0.21458524,0.09384479,-0.08744327
807,27.4341,0.16894900798797607,0.0920400470495224,-0.8867800235748291,-0.12045279145240784,0.1397058367729187,-0.07943534106016159,-0.02727344936825829,-0.027056876114986004,1.4237936962061033,0.04948733374476433,5.045024871826172,1.3057883977890015,1.8008756637573242,4.665492057800293,0.22875093,0.059206903,-0.08165509
808,27.4686,0.16441428661346436,0.09811585396528244,-0.8896980285644531,-0.10976375639438629,0.1479424238204956,-0.08310677111148834,-0.03132662658335837,-0.023004970143187517,1.4236396323370422,0.0529477521777153,5.374800205230713,0.7218097448348999,1.7185256481170654,4.564012050628662,0.2361996,0.031720467,-0.075521894
809,27.5021,0.16029730439186096,0.10443610697984695,-0.8926979303359985,-0.09824014455080032,0.15482524037361145,-0.08555085957050323,-0.03398161509784243,-0.01986518852236276,1.423513797975536,0.056957799941301346,5.665531635284424,0.12857291102409363,1.6095471382141113,4.477397441864014,0.24042632,0.005456207,-0.06830382
810,27.5359,0.1566353142261505,0.11092973500490189,-0.8957349061965942,-0.0858939066529274,0.16040432453155518,-0.0866347923874855,-0.03741173329235086,-0.014905778159903448,1.4233087345715998,0.06136101111769676,5.898515224456787,-0.4825105369091034,1.4690947532653809,4.405795097351074,0.24182844,-0.019782059,-0.060230225
811,27.5703,0.15345048904418945,0.11761224269866943,-0.8987787961959839,-0.07284559309482574,0.1646309643983841,-0.08647141605615616,-0.03977988687386578,-0.010665795798793822,1.4231362948910171,0.06603293865919113,6.061656951904297,-1.116573452949524,1.2933576107025146,4.351159572601318,0.2406232,-0.044323437,-0.051341053
812,27.6041,0.1507861614227295,0.12437316030263901,-0.9017852544784546,-0.059220269322395325,0.16742856800556183,-0.08519145846366882,-0.04147260038509855,-0.00680718954905385,1.4229436151861499,0.07082917541265488,6.160013675689697,-1.7602758407592773,1.0926764011383057,4.31963586807251,0.23695648,-0.06771231,-0.042031847
813,27.6382,0.14807738363742828,0.13286547362804413,-0.9054733514785767,-0.041594624519348145,0.16885064542293549,-0.08189743757247925,-0.04333392944403616,-0.0012115280258941268,1.4226546622078764,0.07697509229183197,6.218369007110596,-2.5645148754119873,0.8224959373474121,4.316807270050049,0.22940832,-0.09461019,-0.030343555
814,27.672,0.14523032307624817,0.14627423882484436,-0.9108834266662598,-0.01292470283806324,0.1664029359817505,-0.07282783836126328,-0.04426304393052676,0.0033154956371616922,1.4224232335091485,0.08665473759174347,6.14046573638916,-3.7931981086730957,0.36514970660209656,4.3834381103515625,0.2124192,-0.13121939,-0.012631747
815,27.7063,0.14523032307624817,0.14627423882484436,-0.9108834266662598,-0.01292470283806324,0.1664029359817505,-0.07282783836126328,-0.04467671607160013,0.007244067081867788,1.4222136427313592,0.08665473759174347,6.168790340423584,-3.81070876121521,0.38283953070640564,4.387995719909668,0.21239482,-0.13120478,-0.0131813735
816,27.7402,0.1444758176803589,0.15901567041873932,-0.9154742956161499,0.015716861933469772,0.15794210135936737,-0.05850023403763771,-0.044595464691217494,0.012811647209800874,1.4219067134157277,0.09536977112293243,6.095181941986084,-4.401497840881348,0.17947301268577576,4.454524040222168,0.2026212,-0.14631833,-0.0059661944
817,27.7743,0.14485888183116913,0.1649509221315384,-0.9173750877380371,0.029605356976389885,0.1515163779258728,-0.05106649920344353,-0.04397958372200145,0.017239638340897086,1.421665031546803,0.09918444603681564,5.822697162628174,-5.3871684074401855,-0.19782914221286774,4.608473300933838,0.18344939,-0.16972765,0.006232788
818,27.808,0.14597001671791077,0.17187552154064178,-0.9193917512893677,0.0462922677397728,0.14184020459651947,-0.04190583899617195,-0.04258516505880357,0.022377204817606994,1.421380739100437,0.10340703278779984,5.621850967407227,-5.90346097946167,-0.37396055459976196,4.708563327789307,0.17222475,-0.18085183,0.011456237
819,27.842,0.14731355011463165,0.17697778344154358,-0.9207804203033447,0.05886248126626015,0.13256938755512238,-0.03396052122116089,-0.04126816948192134,0.02565475509057291,1.421213226267871,0.10635488480329514,5.437679767608643,-6.237864017486572,-0.5063275694847107,4.7807393074035645,0.1639693,-0.18809828,0.015267941
820,27.876,0.14902235567569733,0.18168611824512482,-0.9219098091125488,0.07065299153327942,0.12224108725786209,-0.02592553198337555,-0.03883344519553285,0.029960890997338487,1.4209676828153657,0.10890022665262222,5.241077899932861,-6.530355930328369,-0.6199686527252197,4.8459978103637695,0.15605214,-0.19444017,0.018459454
821,27.9101,0.15108917653560638,0.1859586238861084,-0.9227519035339355,0.08160947263240814,0.11099743098020554,-0.018578706309199333,-0.03650973727589784,0.03303373364804518,1.4208021673536173,0.1109931543469429,5.022631645202637,-6.757961750030518,-0.7171254754066467,4.900919437408447,0.14858957,-0.19992758,0.021215444
822,27.9443,0.15348424017429352,0.18973486125469208,-0.923270583152771,0.09161323308944702,0.0989677831530571,-0.011945036239922047,-0.03433725113309809,0.03537866779380597,1.4206535629647907,0.11258066445589066,4.7875447273254395,-6.928680896759033,-0.7952669858932495,4.947234630584717,0.1414877,-0.20476533,0.023502758
823,27.9778,0.15623916685581207,0.19294856488704681,-0.9235848188400269,0.10080304741859436,0.08605495095252991,-0.005805023014545441,-0.031006333608600507,0.03812741206222842,1.4204988333054571,0.11362812668085098,4.531795978546143,-7.063704967498779,-0.8607712984085083,4.986151695251465,0.13429183,-0.20932052,0.025507448
824,28.0113,0.16020630300045013,0.19611254334449768,-0.923751711845398,0.11108160763978958,0.06895043700933456,0.0011945656733587384,-0.028289501500177765,0.03982953402224974,1.4203857821171835,0.11413153260946274,4.180102348327637,-7.1476640701293945,-0.9363000392913818,5.026639938354492,0.12540798,-0.21443832,0.0280901
825,28.0453,0.1636868715286255,0.1980067491531372,-0.9237685203552246,0.11834461241960526,0.054801829159259796,0.006320590153336525,-0.02588882406385026,0.04094621411207677,1.4202672714486748,0.11399692296981812,3.876835346221924,-7.173736572265625,-0.9927725791931152,5.053717136383057,0.117987625,-0.21832554,0.030214045
826,28.079,0.16737774014472961,0.19931061565876007,-0.9235537052154541,0.12459465861320496,0.040379587560892105,0.010963767766952515,-0.02248470289888912,0.04201260623038255,1.4201463639351852,0.11333777755498886,3.554068088531494,-7.173090934753418,-1.0386977195739746,5.076658725738525,0.1100686,-0.22214882,0.03216821
827,28.1134,0.17126210033893585,0.20003655552864075,-0.9231209754943848,0.12985408306121826,0.025782510638237,0.015297523699700832,-0.019801638840850747,0.04245393779608991,1.4200470280265254,0.1121685802936554,3.2176578044891357,-7.12642240524292,-1.0772991180419922,5.098357200622559,0.10191464,-0.22571908,0.034121886
828,28.1471,0.17534522712230682,0.20016145706176758,-0.9224791526794434,0.13439545035362244,0.011284668929874897,0.01919233612716198,-0.01750410896249337,0.04258628857988845,1.419972725832112,0.11046643555164337,2.863722085952759,-7.036597728729248,-1.1053227186203003,5.119958400726318,0.09325653,-0.2291454,0.03599461
829,28.1812,0.17960895597934723,0.19972598552703857,-0.9217196702957153,0.13824743032455444,-0.0032252278178930283,0.022836187854409218,-0.014286802306217488,0.04242194657349534,1.4198711262365256,0.1083059310913086,2.4820098876953125,-6.913919448852539,-1.1320661306381226,5.139054775238037,0.08348338,-0.23255242,0.038077492
830,28.2152,0.18511496484279633,0.19846111536026,-0.9206423759460449,0.14170221984386444,-0.020809004083275795,0.027023013681173325,-0.011142525560755923,0.04193507079195841,1.4197759182275551,0.1050623208284378,1.9959757328033447,-6.685351848602295,-1.1619335412979126,5.164277076721191,0.07054869,-0.23629688,0.041069083
831,28.2491,0.18966428935527802,0.19693440198898315,-0.9196609258651733,0.14364294707775116,-0.03461509570479393,0.03006432205438614,-0.00875858026621468,0.041313072874613596,1.419688433385746,0.10208563506603241,1.5777674913406372,-6.461643695831299,-1.1855485439300537,5.181819915771484,0.058381267,-0.23909666,0.043868203
832,28.2826,0.19431421160697937,0.19496673345565796,-0.9186195135116577,0.1449940800666809,-0.048128414899110794,0.03311890736222267,-0.006716120362894798,0.040659345889594,1.4196151964557688,0.09882045537233353,1.1536332368850708,-6.176234245300293,-1.2092381715774536,5.202585220336914,0.045075357,-0.24132103,0.047247984
833,28.3171,0.19902917742729187,0.19257383048534393,-0.9174871444702148,0.14566601812839508,-0.06120770424604416,0.036128804087638855,-0.003841528209101187,0.039598804403308,1.4195076047477297,0.09528984874486923,0.7113296389579773,-5.849205493927002,-1.2348144054412842,5.222079277038574,0.029538818,-0.24289528,0.05127715
834,28.3509,0.20376023650169373,0.1897248476743698,-0.9162381887435913,0.14564248919487,-0.07392023503780365,0.03904401883482933,-0.0015844567931440248,0.03868468684270591,1.4194309057083354,0.09147834777832031,0.27437686920166016,-5.457069396972656,-1.2557262182235718,5.24573278427124,0.012234981,-0.243341,0.055995196
835,28.386,0.20850719511508942,0.18647003173828125,-0.9149013757705688,0.14506930112838745,-0.08616470545530319,0.042053110897541046,0.0004065563124800713,0.03784320700083573,1.419385099337586,0.08745871484279633,-0.1574481576681137,-5.007039546966553,-1.2745640277862549,5.273249626159668,-0.0076148515,-0.24216138,0.061643247
836,28.4201,0.2143942266702652,0.18185259401798248,-0.9130470752716064,0.14331088960170746,-0.10102852433919907,0.046271488070487976,0.003238597380834305,0.036560087665257146,1.4193073350337557,0.08217761665582657,-0.6833943724632263,-4.374156475067139,-1.2986640930175781,5.311463832855225,-0.037030213,-0.23701678,0.070369035
837,28.454,0.21905505657196045,0.17774853110313416,-0.9113248586654663,0.1412682682275772,-0.11224642395973206,0.0499933697283268,0.005528953889153929,0.03546966467930261,1.419249544438101,0.07777100056409836,-1.0850495100021362,-3.821566343307495,-1.3062173128128052,5.3461527824401855,-0.06486653,-0.22846124,0.0780884
838,28.4881,0.22364568710327148,0.17336447536945343,-0.9094076156616211,0.13832993805408478,-0.12298206239938736,0.05403832346200943,0.008558286105254153,0.034050823996670865,1.419183498043067,0.0733257606625557,-1.4685759544372559,-3.2537147998809814,-1.3083629608154297,5.379839897155762,-0.09656606,-0.21394768,0.08603127
839,28.5217,0.22814610600471497,0.1687244325876236,-0.9072668552398682,0.1348072737455368,-0.1331188827753067,0.0588112510740757,0.010824369356653925,0.03299185127871448,1.4191500753713866,0.06889752298593521,-1.815062403678894,-2.6608455181121826,-1.2982983589172363,5.4180755615234375,-0.13066389,-0.19155067,0.09346274
840,28.5561,0.23252427577972412,0.16386280953884125,-0.9048240184783936,0.13071882724761963,-0.14255724847316742,0.06432346254587173,0.0144157970909236,0.03131888677144033,1.4191299685051566,0.06454179435968399,-2.144737720489502,-2.089293956756592,-1.2765792608261108,5.452747344970703,-0.16472891,-0.16047049,0.09804905
841,28.5901,0.23676995933055878,0.15879623591899872,-0.9021990299224854,0.12577839195728302,-0.15143318474292755,0.07008568197488785,0.017632737562549596,0.02972926880331265,1.4191241095507583,0.060391008853912354,-2.4371426105499268,-1.520226240158081,-1.2440381050109863,5.486517429351807,-0.19464523,-0.12141463,0.09935655
842,28.6241,0.24184799194335938,0.1522204875946045,-0.8986372947692871,0.11841513961553574,-0.16140766441822052,0.07715792208909988,0.02069802349366319,0.0281167601333779,1.4191133237483435,0.05564957112073898,-2.7429087162017822,-0.8285057544708252,-1.177015781402588,5.526228904724121,-0.22137128,-0.06686602,0.09499314
843,28.6584,0.24568317830562592,0.14677481353282928,-0.8955879211425781,0.1114618182182312,-0.16844992339611053,0.08236217498779297,0.025357746050001823,0.02524273286101863,1.4190864258213336,0.052344080060720444,-2.976267099380493,-0.3351760804653168,-1.1151480674743652,5.544855117797852,-0.2328159,-0.026218858,0.08723149
844,28.6922,0.24929112195968628,0.14119216799736023,-0.8923728466033936,0.10349985957145691,-0.17460393905639648,0.08630955964326859,0.029357397888380515,0.02230408856211671,1.419063522635959,0.049615178257226944,-3.1692087650299072,0.13499799370765686,-1.027047872543335,5.558296203613281,-0.23762839,0.010122197,0.07700841
845,28.7262,0.25261858105659485,0.13551048934459686,-0.8890302181243896,0.09449935704469681,-0.17961041629314423,0.08850844949483871,0.032964489379108515,0.019209353895011723,1.4190506063046722,0.04758111760020256,-3.3235814571380615,0.5722013711929321,-0.9094609022140503,5.56431770324707,-0.23787756,0.04095397,0.065092534
846,28.7604,0.25561949610710144,0.12979035079479218,-0.8856340646743774,0.08420494198799133,-0.18330731987953186,0.08885902166366577,0.037899661854756204,0.013960387181844343,1.4189624556725906,0.04633590206503868,-3.4686431884765625,0.9614639282226562,-0.780472993850708,5.556088447570801,-0.23544481,0.06526232,0.052977003
847,28.794,0.2582641839981079,0.12408585101366043,-0.882270097732544,0.07278964668512344,-0.18545910716056824,0.08700787276029587,0.04147658680435526,0.00926178247359055,1.4189069287638623,0.04590200260281563,-3.5628983974456787,1.3262114524841309,-0.6202075481414795,5.542230606079102,-0.23123819,0.08607339,0.04025253
848,28.8279,0.26101619005203247,0.11704924702644348,-0.8782135248184204,0.057252392172813416,-0.1856902837753296,0.08223748952150345,0.04518741050013645,0.0029488134650916837,1.418811188122674,0.04637899994850159,-3.631885528564453,1.7416677474975586,-0.39431074261665344,5.515061378479004,-0.22434793,0.10758587,0.024357265
849,28.8621,0.26274850964546204,0.1115531474351883,-0.8751620054244995,0.043929245322942734,-0.18383590877056122,0.07663948833942413,0.04720025261915356,-0.001571987399585002,1.4187379511926967,0.04740417003631592,-3.6405296325683594,2.0464773178100586,-0.1932784616947174,5.488254070281982,-0.21769466,0.122374274,0.011557573
850,28.896,0.2640376389026642,0.10630211234092712,-0.8722765445709229,0.03000987134873867,-0.18024635314941406,0.06990721821784973,0.04916501219692713,-0.007867573430298785,1.4186529963539234,0.04881225898861885,-3.6361732482910156,2.3258416652679443,0.007836073637008667,5.4550676345825195,-0.21060191,0.1347094,-0.0004538541
851,28.9303,0.2648284435272217,0.10135956853628159,-0.869667649269104,0.01582447439432144,-0.17463982105255127,0.06173175200819969,0.05000302160700179,-0.012644224883100061,1.4186347537004562,0.05034796521067619,-3.5856003761291504,2.5778048038482666,0.22718963027000427,5.421635150909424,-0.20271818,0.1457407,-0.012844563
852,28.9641,0.2650918662548065,0.0967843160033226,-0.867450475692749,0.001581256976351142,-0.1672820895910263,0.053054727613925934,0.05019012947952588,-0.01651898070813784,1.4186451400287077,0.05177900567650795,-3.4983534812927246,2.8019962310791016,0.4407118260860443,5.389767646789551,-0.19419056,0.15553637,-0.02446353
853,28.9994,0.2648014724254608,0.09263328462839127,-0.8656032085418701,-0.012702701613307,-0.15854401886463165,0.043543364852666855,0.04969966259170655,-0.02151395155323082,1.418689082186694,0.052929122000932693,-3.390756130218506,3.0100460052490234,0.6405107975006104,5.358027935028076,-0.18512264,0.16433729,-0.0349695
854,29.0331,0.2636652886867523,0.08802532404661179,-0.8638420104980469,-0.030114218592643738,-0.14555040001869202,0.03099416010081768,0.04870833000424898,-0.0249965194570516,1.4187484706790026,0.053809817880392075,-3.1987953186035156,3.2252345085144043,0.8893293142318726,5.322685241699219,-0.17276774,0.17419574,-0.048032902
855,29.0671,0.26211267709732056,0.0848333016037941,-0.8628804683685303,-0.04362965375185013,-0.13378743827342987,0.020592575892806053,0.04682136801981935,-0.02861153593261719,1.418876435569381,0.053945038467645645,-3.0120484828948975,3.3739349842071533,1.073311686515808,5.296593189239502,-0.1619929,0.18145573,-0.057724457
856,29.1011,0.2600257992744446,0.08209558576345444,-0.8623330593109131,-0.056516315788030624,-0.12106412649154663,0.00981176272034645,0.0451381586647268,-0.030743044764737947,1.4190024030889417,0.053541023284196854,-2.797804832458496,3.5130231380462646,1.2402350902557373,5.273537635803223,-0.15012577,0.18850325,-0.06654905
857,29.1353,0.25748753547668457,0.07979264855384827,-0.8621869087219238,-0.06880628317594528,-0.10768751055002213,-0.0010632238117977977,0.04228398234546162,-0.033200145846066904,1.4191783048789415,0.052644748240709305,-2.5532939434051514,3.6246790885925293,1.3933398723602295,5.251710414886475,-0.13734852,0.19498119,-0.07495148
858,29.1692,0.25449973344802856,0.07797592133283615,-0.8624593019485474,-0.08035707473754883,-0.09356378763914108,-0.011829517781734467,0.0396771928855188,-0.03468323737059142,1.4193391598087821,0.05120216682553291,-2.278013229370117,3.7199831008911133,1.525342345237732,5.232418537139893,-0.123240575,0.20125118,-0.08252106
859,29.2033,0.2510956823825836,0.07664748281240463,-0.8631598949432373,-0.09104758501052856,-0.07923038303852081,-0.022325200960040092,0.037256687382637814,-0.035689912262641364,1.419485766826791,0.04921920225024223,-1.979661226272583,3.7765097618103027,1.6332226991653442,5.211016654968262,-0.10839106,0.20677271,-0.08942275
860,29.2373,0.24628715217113495,0.07562381029129028,-0.8646137714385986,-0.10315247625112534,-0.061067596077919006,-0.03509870916604996,0.033501243255030184,-0.03670923300867999,1.419720125002718,0.04604470357298851,-1.5648233890533447,3.81674861907959,1.730875015258789,5.185224533081055,-0.087449685,0.21329784,-0.09672943
861,29.2711,0.24199502170085907,0.07529603689908981,-0.8662542104721069,-0.11172842979431152,-0.046510156244039536,-0.044708479195833206,0.03036855022001316,-0.03719900081671317,1.4198888362577746,0.04298609122633934,-1.198834776878357,3.816758632659912,1.7725067138671875,5.163818359375,-0.068494104,0.21806629,-0.10127021
862,29.3054,0.2373928427696228,0.07541318237781525,-0.8682941198348999,-0.11939948797225952,-0.03187980502843857,-0.05401597544550896,0.02752961217561029,-0.03742884410235462,1.4200341116952384,0.03958144038915634,-0.8092830181121826,3.77677321434021,1.7843456268310547,5.137265682220459,-0.04755181,0.22191544,-0.10484449
863,29.3391,0.23254458606243134,0.07599550485610962,-0.8707246780395508,-0.12599040567874908,-0.017394855618476868,-0.06283954530954361,0.02330388500841369,-0.0375152720021061,1.4202100134852382,0.03593890741467476,-0.3870495557785034,3.714738130569458,1.7640750408172607,5.110811233520508,-0.023426304,0.22483577,-0.10677123
864,29.3733,0.22220991551876068,0.07846018671989441,-0.8765900135040283,-0.13602711260318756,0.011010881513357162,-0.07901717722415924,0.01974033412091388,-0.03741763801983027,1.4203642105123537,0.028774647042155266,0.4816325902938843,3.3955986499786377,1.6265735626220703,5.014499187469482,0.03172174,0.22364412,-0.10713092
865,29.407,0.22220991551876068,0.07846018671989441,-0.8765900135040283,-0.13602711260318756,0.011010881513357162,-0.07901717722415924,0.016511675740491536,-0.03722722616307881,1.4204730006428834,0.028774647042155266,0.5074489712715149,3.4397318363189697,1.631008505821228,5.028570652008057,0.03303273,0.22391166,-0.10617159
866,29.4412,0.2098454236984253,0.08329853415489197,-0.8843278884887695,-0.14192984998226166,0.041414208710193634,-0.09270217269659042,0.01170250303362092,-0.03676504703946317,1.4206181429222928,0.023968340829014778,1.5748051404953003,2.8614208698272705,1.3360629081726074,4.877147197723389,0.11156636,0.20271607,-0.09465277
867,29.4759,0.20424778759479523,0.08610063046216965,-0.8879486322402954,-0.14239846169948578,0.054388776421546936,-0.0968879908323288,0.006462195755185499,-0.03617034236210246,1.420732126216948,0.024324582889676094,2.0757126808166504,2.553776979446411,1.1759088039398193,4.803054332733154,0.14848888,0.18268785,-0.08412021
868,29.5094,0.19865930080413818,0.08924712985754013,-0.8916325569152832,-0.1417296677827835,0.06661728769540787,-0.0989818423986435,0.0019408870953888544,-0.03549084513234715,1.4208149505268497,0.02650848962366581,2.586036205291748,2.2288031578063965,0.9909000396728516,4.730246543884277,0.18186624,0.15674338,-0.069686286
869,29.5431,0.19312632083892822,0.0927327498793602,-0.8953588008880615,-0.1395542025566101,0.07841997593641281,-0.09912583231925964,-0.0024009460931054415,-0.034655136859901875,1.4208688795389237,0.030208192765712738,3.076172351837158,1.843517780303955,0.7832865715026855,4.647488594055176,0.20950162,0.12555212,-0.053345453
870,29.5771,0.18771593272686005,0.09658005833625793,-0.8989685773849487,-0.13589103519916534,0.08945882320404053,-0.09693379700183868,-0.009218243950956958,-0.0329425661537912,1.4209301322439956,0.03489134460687637,3.564263105392456,1.4597760438919067,0.5734655857086182,4.576541423797607,0.22882634,0.09371789,-0.036816597
871,29.6111,0.18125280737876892,0.10183945298194885,-0.9031823873519897,-0.12906412780284882,0.10207187384366989,-0.09079691767692566,-0.014888790104981184,-0.031053149067731656,1.4209441138397185,0.04148101061582565,4.10492467880249,0.8952070474624634,0.297034353017807,4.481479644775391,0.2436509,0.05313569,-0.017630698
872,29.6451,0.17638859152793884,0.10632697492837906,-0.9062073230743408,-0.12165866792201996,0.11103849858045578,-0.083403080701828,-0.01983172839997944,-0.028949617991218944,1.4209459780524816,0.04697730019688606,4.490330219268799,0.4304140508174896,0.0860813558101654,4.419342041015625,0.24881408,0.023849709,-0.004769861
873,29.6793,0.1719098836183548,0.11102447658777237,-0.9088467359542847,-0.11265703290700912,0.11899350583553314,-0.0740472599864006,-0.026695210516574835,-0.025178434165450028,1.4209233411832158,0.05239403620362282,4.841806888580322,-0.019226297736167908,-0.09694093465805054,4.37868595123291,0.24994794,-0.0009925165,0.0050043687
874,29.7157,0.16787075996398926,0.11594530194997787,-0.9110387563705444,-0.10224233567714691,0.1255897879600525,-0.06385074555873871,-0.032943585645146,-0.02046012206512965,1.420811355259378,0.05758695304393768,5.123556613922119,-0.5053921937942505,-0.2598983645439148,4.345080375671387,0.24847615,-0.024509909,0.012604241
875,29.7495,0.16432510316371918,0.12105376273393631,-0.912733793258667,-0.09044759720563889,0.13064312934875488,-0.05313260853290558,-0.03724278901069896,-0.01626089335077934,1.420676332992111,0.06245400756597519,5.358953952789307,-0.9928040504455566,-0.38308826088905334,4.329964637756348,0.24521218,-0.0454282,0.01752915
876,29.7839,0.16128599643707275,0.1263042390346527,-0.9140123128890991,-0.07742520421743393,0.13435474038124084,-0.04275934025645256,-0.04039468593388897,-0.012387102921636715,1.4205422428312255,0.06700833886861801,5.5135321617126465,-1.5123963356018066,-0.4908539652824402,4.3243937492370605,0.24021035,-0.065891206,0.02138524
877,29.8181,0.15826992690563202,0.13299934566020966,-0.9150359630584717,-0.05996216461062431,0.13693080842494965,-0.030403776094317436,-0.04387677322035678,-0.006711257493162152,1.4203162736127324,0.07219286262989044,5.6368021965026855,-2.1665897369384766,-0.5825161933898926,4.3419036865234375,0.23227781,-0.08927947,0.024003962
878,29.8521,0.15653632581233978,0.13839805126190186,-0.9152811765670776,-0.045241132378578186,0.13713087141513824,-0.021243391558527946,-0.04581160136419138,-0.0021291148479572614,1.4200973617711279,0.07582942396402359,5.675259113311768,-2.690255641937256,-0.6175976991653442,4.375549793243408,0.22481969,-0.10657178,0.024465512
879,29.8862,0.15552951395511627,0.14375543594360352,-0.9151980876922607,-0.02999718114733696,0.13601087033748627,-0.013143211603164673,-0.04690169145500966,0.0018065115029314545,1.419897891005481,0.07898537069559097,5.650855541229248,-3.209177017211914,-0.6312046051025391,4.4253387451171875,0.21637125,-0.122879386,0.024168825
880,29.9204,0.15517032146453857,0.14897872507572174,-0.9148824214935303,-0.014641533605754375,0.13351038098335266,-0.005925512406975031,-0.04753615629520741,0.007315760210650561,1.41960014959561,0.08173241466283798,5.593577861785889,-3.719712972640991,-0.61809241771698,4.491392612457275,0.20729718,-0.13785201,0.022906413
881,29.9554,0.15549731254577637,0.15399408340454102,-0.9143737554550171,0.0008347872062586248,0.1295640617609024,0.00017600016144569963,-0.0471816021691446,0.012590101335430703,1.4192868286933622,0.08402591198682785,5.476733684539795,-4.198958873748779,-0.5950462818145752,4.569769382476807,0.1976659,-0.15154853,0.02147637
882,29.9893,0.15647703409194946,0.15873371064662933,-0.913707971572876,0.016274211928248405,0.12397177517414093,0.005166769027709961,-0.04626115127857516,0.016570823924123818,1.419031831018987,0.08587240427732468,5.320057392120361,-4.648107528686523,-0.5535305142402649,4.658331394195557,0.18769063,-0.16398436,0.019528452
