step,t_s,north_m,east_m,down_m,vn_m_s,ve_m_s,vd_m_s,roll_rad,pitch_rad,yaw_rad,pos_error_m,raw_action_0,raw_action_1,raw_action_2,raw_action_3,cmd_vn_m_s,cmd_ve_m_s,cmd_vd_m_s
1,0.0,0.16233669221401215,0.008403418585658073,-0.8886903524398804,0.012620110996067524,0.013108572922647,-0.05856955796480179,0.00032706826853160236,0.0012855228124549474,1.545192962390984,0.046601030975580215,-0.23396146297454834,1.3081576824188232,-1.7394330501556396,5.163043022155762,-0.026720352,0.14940253,0.19865778
2,0.034,0.1627430021762848,0.008700020611286163,-0.8917391300201416,0.013383611105382442,0.012928531505167484,-0.05630116909742355,0.00043006758413636814,0.0012730544591932254,1.545181111324133,0.049663953483104706,-0.2878116965293884,1.2927600145339966,-2.0086891651153564,5.1711320877075195,-0.029905465,0.13432598,0.20871557
3,0.0681,0.16309961676597595,0.00900622271001339,-0.893997073173523,0.013908667489886284,0.012837152928113937,-0.05447113886475563,0.0005415145689537981,0.001303286148940641,1.545177915530825,0.051943060010671616,-0.33088815212249756,1.2718944549560547,-2.2063143253326416,5.176325798034668,-0.03221165,0.12381773,0.21478263
4,0.102,0.1635226309299469,0.009349128231406212,-0.8958525657653809,0.01448425929993391,0.012783002108335495,-0.0322740413248539,0.0008742435502291887,0.0008747504350890095,1.5451712576280996,0.0538286492228508,-0.36033114790916443,1.2299704551696777,-2.5834546089172363,5.225378036499023,-0.0312364,0.106623724,0.22395462
5,0.1363,0.16399458050727844,0.009676492772996426,-0.8965115547180176,0.014996997080743313,0.012798107229173183,0.007742120884358883,0.001515228908889851,-0.0005480089174377341,1.545165531831756,0.05452722683548927,-0.3790769577026367,1.1731542348861694,-3.035498857498169,5.310766220092773,-0.028925555,0.0895178,0.23162444
6,0.1699,0.16445647180080414,0.009960409253835678,-0.895667314529419,0.015348747372627258,0.013084669597446918,0.04950674995779991,0.0023282012237515466,-0.0023259045073856783,1.5451334407406205,0.05373220890760422,-0.3925774097442627,1.1092568635940552,-3.3730356693267822,5.393681526184082,-0.027473057,0.07762718,0.23604925
7,0.2033,0.16485676169395447,0.010242234915494919,-0.8932883739471436,0.01524482574313879,0.013910762034356594,0.08779069781303406,0.0035474959792563742,-0.004802251608928314,1.5451085401844282,0.051418740302324295,-0.4087739586830139,1.0319221019744873,-3.5637104511260986,5.4583940505981445,-0.027378941,0.06911628,0.23869088
8,0.237,0.16517449915409088,0.010629000142216682,-0.88832688331604,0.014633996412158012,0.015813646838068962,0.12917064130306244,0.004485960137738021,-0.006422832465768717,1.545111336503573,0.04657115787267685,-0.39592522382736206,0.9147831201553345,-3.59525728225708,5.514864921569824,-0.02653029,0.061298095,0.24091221
9,0.2713,0.16530448198318481,0.010963134467601776,-0.8829605579376221,0.013705765828490257,0.017776161432266235,0.15711775422096252,0.005467914445028773,-0.007768155338152065,1.5451261170476227,0.04133652523159981,-0.37373676896095276,0.8067021369934082,-3.4807794094085693,5.540956497192383,-0.026007907,0.05613746,0.24222338
10,0.305,0.16535286605358124,0.011353768408298492,-0.8765907287597656,0.012517754919826984,0.02014176733791828,0.18103694915771484,0.0060040509045024065,-0.008317618006049103,1.5451363702178196,0.03516951948404312,-0.34462958574295044,0.6808905601501465,-3.26088809967041,5.552142143249512,-0.025726339,0.050827965,0.24342284
11,0.339,0.16526830196380615,0.01177634671330452,-0.8692848682403564,0.011006888002157211,0.0226034764200449,0.201437309384346,0.00646372083102849,-0.008527318535203575,1.5451454249655259,0.02819354645907879,-0.29204094409942627,0.5468590259552002,-2.9365897178649902,5.55354118347168,-0.024326067,0.04555159,0.24460845
12,0.3724,0.16507159173488617,0.012200997211039066,-0.8612219095230103,0.009346364066004753,0.02531406469643116,0.21857765316963196,0.006850155388023345,-0.008370508801416997,1.5451365033758742,0.02074112743139267,-0.22119693458080292,0.40255382657051086,-2.517078399658203,5.547798156738281,-0.021612708,0.03933272,0.24593866
13,0.4063,0.16478286683559418,0.012700462713837624,-0.8526047468185425,0.007586944382637739,0.027951892465353012,0.23321378231048584,0.007001395890210024,-0.007984865910668059,1.5451623360384479,0.013604874722659588,-0.1314169317483902,0.25050684809684753,-2.0208985805511475,5.541264057159424,-0.016100267,0.030690316,0.24758612
14,0.4399,0.1642506718635559,0.013440261594951153,-0.8411978483200073,0.005145944654941559,0.03108430653810501,0.2480083853006363,0.00705075435609301,-0.0072056020891702564,1.5451887013332397,0.009539862163364887,0.01265622302889824,0.04695728421211243,-1.3027480840682983,5.538976669311523,0.0024270643,0.009004925,0.24982598
15,0.474,0.16367650032043457,0.01408720389008522,-0.8316798210144043,0.002994679845869541,0.03339354321360588,0.25777703523635864,0.006933634044927021,-0.006410834196849799,1.545217596631067,0.014602175913751125,0.15412947535514832,-0.11990538239479065,-0.6695561408996582,5.5504045486450195,0.055247378,-0.042979825,0.24000096
16,0.508,0.1629556566476822,0.014741318300366402,-0.8218992948532104,0.0009830236667767167,0.035488542169332504,0.2659674286842346,0.006676177627881463,-0.0055105588321323175,1.5452290482237543,0.022995013743638992,0.3137556314468384,-0.2828296720981598,-0.0003063082695007324,5.579870223999023,0.18569112,-0.1673881,0.00018128353
17,0.5419,0.1620841920375824,0.01540378574281931,-0.8119617700576782,-0.0010858657769858837,0.037142056971788406,0.2725472152233124,0.00577449057972678,-0.003847638655371833,1.5452559461507642,0.032362595200538635,0.4981904625892639,-0.4303434491157532,0.6890245676040649,5.630003929138184,0.13069472,-0.11289582,-0.18075792
18,0.5762,0.16111509501934052,0.01611914671957493,-0.802026629447937,-0.003113716607913375,0.03840996325016022,0.26758506894111633,0.003980654189145584,-0.0015574060724681679,1.5453041493664945,0.04203758016228676,0.6921294927597046,-0.5458638668060303,1.4725995063781738,5.691197872161865,0.10081924,-0.079513416,-0.21450663
19,0.6103,0.1600157469511032,0.01689509116113186,-0.7929829359054565,-0.005144844762980938,0.03938017413020134,0.22639726102352142,0.0013038795085135917,0.0013736713639419687,1.5453422325700827,0.05099790543317795,0.8731511235237122,-0.5785672664642334,2.490326166152954,5.739316940307617,0.08079825,-0.053538527,-0.23044579
20,0.644,0.15844425559043884,0.017922205850481987,-0.7843544483184814,-0.006198273506015539,0.039115387946367264,0.14518268406391144,-0.002920889284794632,0.0057033222809322656,1.545384044199197,0.05969816446304321,1.0523829460144043,-0.4675217568874359,3.6621100902557373,5.770349502563477,0.06853419,-0.030446354,-0.23848708
21,0.6782,0.15708400309085846,0.01871335878968239,-0.7799975872039795,-0.005767534952610731,0.037245623767375946,0.08207818120718002,-0.00582070370672076,0.008555050260499976,1.545433978469636,0.06421210616827011,1.1554358005523682,-0.31289616227149963,4.29319953918457,5.763855934143066,0.064810745,-0.017550983,-0.2408143
22,0.7119,0.15570878982543945,0.019397856667637825,-0.7778943777084351,-0.004423641134053469,0.034234531223773956,0.025652796030044556,-0.00836038098704494,0.010844533439235568,1.545490836958909,0.0665360763669014,1.232957363128662,-0.13514956831932068,4.717024803161621,5.733543395996094,0.063197814,-0.0069273748,-0.24178101
23,0.746,0.1543431282043457,0.019947918131947517,-0.7778781652450562,-0.0022408049553632736,0.030508462339639664,-0.022769449278712273,-0.009455271529757815,0.011610208897390163,1.545520930679227,0.06683441251516342,1.2762196063995361,0.027544647455215454,4.987198829650879,5.686207294464111,0.06197678,0.0013376448,-0.24219227
24,0.7798,0.15173006057739258,0.020523810759186745,-0.7830218076705933,0.003363276831805706,0.021856211125850677,-0.09701766073703766,-0.010271422212947818,0.01166172025853718,1.5455833818067894,0.0624423585832119,1.332960844039917,0.32009509205818176,5.228205680847168,5.569513320922852,0.06165474,0.014805671,-0.24182531
25,0.8142,0.15173006057739258,0.020523810759186745,-0.7830218076705933,0.003363276831805706,0.021856211125850677,-0.09701766073703766,-0.010471057345568281,0.011053545811725553,1.5456250602778492,0.0624423585832119,1.327880859375,0.32855096459388733,5.229270935058594,5.568624496459961,0.06141651,0.015195982,-0.24186173
26,0.8479,0.1492711305618286,0.020335571840405464,-0.7944613695144653,0.010204211808741093,0.013150373473763466,-0.15172305703163147,-0.010419466921826402,0.010171391385690919,1.5456663392747454,0.05222199857234955,1.3650585412979126,0.5905295610427856,5.1837358474731445,5.4298553466796875,0.063280515,0.027375393,-0.24030432
27,0.882,0.14836803078651428,0.01999293826520443,-0.8008739948272705,0.01313499640673399,0.009748068638145924,-0.16885359585285187,-0.01011627851528849,0.008553341572183392,1.5456773913932693,0.04656928777694702,1.3611987829208374,0.6982537508010864,5.078540802001953,5.3657145500183105,0.06415955,0.032911904,-0.23937495
28,0.9157,0.1475657820701599,0.01953689195215702,-0.8078798055648804,0.01611878164112568,0.0069807362742722034,-0.18263158202171326,-0.009771896416233017,0.007078829899647331,1.5456919056212102,0.04057895019650459,1.343063235282898,0.7027761936187744,5.076525688171387,5.362651824951172,0.063375935,0.033162322,-0.23954907
29,0.9499,0.14687545597553253,0.01896905153989792,-0.8153636455535889,0.01892024837434292,0.004630743060261011,-0.1936035305261612,-0.009420931315858005,0.005707485550730116,1.545703490371952,0.03452017158269882,1.340047836303711,0.8802410364151001,4.720856189727783,5.240198612213135,0.0671948,0.04413844,-0.23672064
30,0.984,0.14633210003376007,0.01827767677605152,-0.823246955871582,0.021574964746832848,0.0027968911454081535,-0.20243121683597565,-0.00891074351210718,0.003719456863006306,1.5457096156424592,0.02875010296702385,1.3076666593551636,0.9666777849197388,4.463598251342773,5.177865982055664,0.06881592,0.05087139,-0.23489672
31,1.0179,0.14586512744426727,0.017302315682172775,-0.833466649055481,0.024780189618468285,0.0010743869934231043,-0.210506409406662,-0.008508489674207524,0.0021549415288215504,1.5456933703598097,0.023033222183585167,1.259336233139038,1.068722128868103,4.0628533363342285,5.107309341430664,0.071785554,0.060920037,-0.23159356
32,1.0522,0.1456843465566635,0.016490884125232697,-0.8417977094650269,0.02729363553225994,0.00034854270052164793,-0.2152087390422821,-0.008038258649483595,0.0003359215236544207,1.5456751277063427,0.020935263484716415,1.1929110288619995,1.1455811262130737,3.672553777694702,5.055675506591797,0.07404264,0.07110493,-0.22795127
33,1.0859,0.14569413661956787,0.015691693872213364,-0.850170373916626,0.029683154076337814,0.00019549147691577673,-0.21826225519180298,-0.00776428075085519,-0.0009684812869107702,1.5456249271197946,0.021925063803792,1.114487648010254,1.215375542640686,3.217634916305542,5.01239013671875,0.07706154,0.08403746,-0.2224842
34,1.1198,0.14590299129486084,0.01491184625774622,-0.858483076095581,0.03210253268480301,0.0005261115729808807,-0.21993498504161835,-0.007424895199735518,-0.0028076958358648823,1.5455913712900597,0.025620529428124428,1.0069788694381714,1.2848962545394897,2.695939302444458,4.977386474609375,0.07987649,0.10192171,-0.21384974
35,1.1539,0.1463364213705063,0.014208629727363586,-0.8666787147521973,0.03455023095011711,0.0013617385411635041,-0.22032710909843445,-0.00722036182727418,-0.004274726730510803,1.545539705964912,0.030985459685325623,0.8812078237533569,1.3465708494186401,2.1143009662628174,4.95247220993042,0.082911454,0.12669672,-0.19893123
36,1.1874,0.1470154970884323,0.013605207204818726,-0.8747439384460449,0.037038180977106094,0.0026267007924616337,-0.21932990849018097,-0.007068591813761387,-0.005612847624680628,1.5454958969649804,0.03721815347671509,0.7327877879142761,1.3995180130004883,1.4755113124847412,4.937335968017578,0.08474837,0.16185707,-0.17064583
37,1.221,0.14819146692752838,0.013003853149712086,-0.8846007585525513,0.04019094631075859,0.0050581395626068115,-0.21554365754127502,-0.006951332102757088,-0.007611058482310463,1.54543557636629,0.04556252807378769,0.5138264298439026,1.4501936435699463,0.6068938970565796,4.931502342224121,0.077668704,0.21920761,-0.09173655
38,1.255,0.14942753314971924,0.012662372551858425,-0.8921645879745483,0.04288570582866669,0.007322576362639666,-0.20853732526302338,-0.006864715909194163,-0.009413423490238043,1.5453946968435572,0.0522809699177742,0.31295955181121826,1.4763556718826294,-0.13771209120750427,4.9415788650512695,0.05162877,0.2435536,0.02271829
39,1.2901,0.15091745555400848,0.012398118153214455,-0.8992602825164795,0.045560795813798904,0.01032926794141531,-0.19289399683475494,-0.006782053885671625,-0.011341586449266338,1.5453619399621494,0.058737583458423615,0.10328167676925659,1.4791134595870972,-0.9491211175918579,4.97442626953125,0.014666729,0.21004458,0.13478191
40,1.3236,0.152626171708107,0.012255765497684479,-0.9055427312850952,0.04816586896777153,0.01377014722675085,-0.16363689303398132,-0.006469083563614177,-0.014819252472205693,1.5453334441384854,0.06454621255397797,-0.11832728981971741,1.4593939781188965,-1.8379210233688354,5.040661811828613,-0.012588823,0.15526472,0.19553615
41,1.3579,0.15448816120624542,0.012288879603147507,-0.9105674028396606,0.05067203566431999,0.017944494262337685,-0.12051060795783997,-0.005772984229235204,-0.01799627985729143,1.545302684627895,0.06923972070217133,-0.31365305185317993,1.3880388736724854,-2.713047742843628,5.138505458831787,-0.02559512,0.11326853,0.2213936
42,1.3915,0.15649858117103577,0.012552722357213497,-0.9139620065689087,0.05291512608528137,0.022900275886058807,-0.07072824239730835,-0.0041374090472495436,-0.021428476565806882,1.5452793819683568,0.07242365926504135,-0.48309218883514404,1.263748288154602,-3.4461748600006104,5.244906425476074,-0.03262164,0.085336804,0.23270895
43,1.4259,0.15912874042987823,0.01321785431355238,-0.915622353553772,0.05534769967198372,0.030385078862309456,-0.007442014757543802,-0.002509935960716934,-0.022784485372064175,1.5452695282723237,0.07397729158401489,-0.6707408428192139,1.0334582328796387,-4.093074798583984,5.360023498535156,-0.03922937,0.060443487,0.23939015
44,1.4599,0.16134434938430786,0.01399262621998787,-0.9149165153503418,0.05668770894408226,0.03668290376663208,0.03851783648133278,0.0001807067769403773,-0.02302635241390841,1.545234774020098,0.07330766320228577,-0.8072166442871094,0.7960313558578491,-4.391421794891357,5.423141956329346,-0.04449534,0.043878786,0.24206364
45,1.4939,0.16366679966449738,0.014987477101385593,-0.9125944375991821,0.05741242319345474,0.043134622275829315,0.07931359112262726,0.00246855969602308,-0.02196693652930188,1.5451986881873274,0.07115114480257034,-0.930368959903717,0.5315399765968323,-4.527458190917969,5.463106155395508,-0.04999268,0.028561903,0.24327958
46,1.5279,0.16605858504772186,0.016236327588558197,-0.9087525606155396,0.05766456201672554,0.0493963323533535,0.11453819274902344,0.004441207588154381,-0.020273303395255193,1.5451922966007112,0.0676516517996788,-1.0503184795379639,0.24059578776359558,-4.522653102874756,5.480898380279541,-0.05647795,0.012937368,0.24319306
47,1.563,0.16848771274089813,0.01777329482138157,-0.9036208391189575,0.05709410831332207,0.05543298274278641,0.14455048739910126,0.007108996440776283,-0.017082846812313274,1.5451934950232018,0.06311444193124771,-1.1593945026397705,-0.10851189494132996,-4.396245956420898,5.474935531616211,-0.06373309,-0.0059650093,0.24166611
48,1.597,0.1709105223417282,0.01958954520523548,-0.8973970413208008,0.05596880614757538,0.0606372207403183,0.16997607052326202,0.00906161366845477,-0.014070507852621818,1.5452116045186144,0.057846471667289734,-1.263663649559021,-0.47226402163505554,-4.170352458953857,5.455986022949219,-0.07207562,-0.026936535,0.23786451
49,1.6312,0.17390656471252441,0.02216932363808155,-0.8884562253952026,0.05367946997284889,0.06613640487194061,0.19576218724250793,0.010605977663699818,-0.011233939605470193,1.5452302466462449,0.050854749977588654,-1.3896234035491943,-0.9395402669906616,-3.7716078758239746,5.419884204864502,-0.084162265,-0.05690307,0.2284267
50,1.665,0.17632509768009186,0.02446196973323822,-0.8805176019668579,0.05128293111920357,0.06966647505760193,0.21193109452724457,0.012597875477159674,-0.006992576249693739,1.5452768519653213,0.04544185847043991,-1.4656848907470703,-1.3689191341400146,-3.351101875305176,5.384101390838623,-0.093824536,-0.08763016,0.21451785
51,1.6993,0.17877312004566193,0.02694583684206009,-0.8720823526382446,0.048308491706848145,0.07221045345067978,0.2239939123392105,0.014365724460943606,-0.0025220858529674452,1.545347558892263,0.04088745638728142,-1.5347888469696045,-1.796983242034912,-2.8615033626556396,5.353977680206299,-0.10338928,-0.12105171,0.19276187
52,1.733,0.18121810257434845,0.02958260104060173,-0.8632831573486328,0.04503839835524559,0.07370714843273163,0.2317817360162735,0.01568249013212236,0.0012568159384761972,1.5454106758100978,0.037914030253887177,-1.5777764320373535,-2.242846727371216,-2.2964773178100586,5.337156295776367,-0.11027828,-0.1567632,0.16051169
53,1.7666,0.1836443841457367,0.032310210168361664,-0.8542904853820801,0.041367921978235245,0.07421528548002243,0.23548510670661926,0.016763624303477942,0.004706205120333526,1.545484179056184,0.03719569370150566,-1.615195393562317,-2.6590254306793213,-1.682265043258667,5.340976715087891,-0.11416915,-0.18795167,0.118909925
54,1.8003,0.1860188990831375,0.03505557402968407,-0.8453266620635986,0.03715043514966965,0.07353232055902481,0.2337915599346161,0.018208739775036304,0.009913488160954664,1.5455974965605668,0.03894607722759247,-1.620469093322754,-3.070204496383667,-1.0082125663757324,5.365861892700195,-0.11206416,-0.21232116,0.06972332
55,1.8342,0.18880097568035126,0.03841065242886543,-0.834404468536377,0.031243566423654556,0.0708184614777565,0.22264932096004486,0.019236085374453395,0.014270835823244623,1.5457048219524971,0.04389576241374016,-1.639694333076477,-3.4915220737457275,-0.12857988476753235,5.420673370361328,-0.10621116,-0.22616325,0.008328759
56,1.8683,0.1908496767282486,0.04094316065311432,-0.8261810541152954,0.026085689663887024,0.06671950966119766,0.20584546029567719,0.020000104679305096,0.018218114934311223,1.5457996304873038,0.04915229231119156,-1.6551930904388428,-3.7613275051116943,0.5774765014648438,5.476701736450195,-0.09971556,-0.22659765,-0.034789532
57,1.9019,0.19266699254512787,0.043273117393255234,-0.8186862468719482,0.020430749282240868,0.06109033524990082,0.18366070091724396,0.020789076555214076,0.0237233682502094,1.545935718019007,0.05474226176738739,-1.6563241481781006,-3.976897954940796,1.2306632995605469,5.535614967346191,-0.09242129,-0.2219071,-0.06866983
58,1.936,0.19427570700645447,0.045298982411623,-0.8121249675750732,0.014202838763594627,0.053669415414333344,0.1554032266139984,0.02106936593756651,0.027784403871119814,1.5460294612893777,0.06009732559323311,-1.6778945922851562,-4.094437122344971,1.7987329959869385,5.583540916442871,-0.087819844,-0.21430002,-0.09414444
59,1.97,0.1956748217344284,0.04694439470767975,-0.8066459894180298,0.007884792983531952,0.04480427876114845,0.12412986904382706,0.02105522205546467,0.030880638646932572,1.546096173474684,0.06481640785932541,-1.710598349571228,-4.1259870529174805,2.265129804611206,5.616307258605957,-0.08539216,-0.20596708,-0.11307407
60,2.0041,0.19686760008335114,0.04818016290664673,-0.8023630380630493,0.0016401986358687282,0.034610770642757416,0.09197105467319489,0.020613699075053952,0.034375095068307035,1.5461527656478484,0.06864845752716064,-1.733260989189148,-4.084600448608398,2.6376545429229736,5.633586406707764,-0.083944656,-0.19782387,-0.12774591
61,2.0384,0.19804765284061432,0.049173504114151,-0.7987300157546997,-0.00614645192399621,0.020519111305475235,0.052941519767045975,0.019924932796348407,0.036251160978807956,1.5461781988362586,0.07201938331127167,-1.772175908088684,-3.933978319168091,2.9810683727264404,5.626343250274658,-0.084479704,-0.18753292,-0.14210765
62,2.072,0.19867676496505737,0.04938973858952522,-0.7972157001495361,-0.012032812461256981,0.00832140352576971,0.023961832746863365,0.01883962391192466,0.03746845030119114,1.5462112220337756,0.07338652014732361,-1.7874517440795898,-3.72986102104187,3.182360887527466,5.602388381958008,-0.08562814,-0.17867954,-0.15245146
63,2.1061,0.19902057945728302,0.04903435334563255,-0.7968360185623169,-0.017743784934282303,-0.004292972385883331,-0.002738581271842122,0.0179938081109047,0.03763519747494373,1.546207893082413,0.0735720694065094,-1.7985931634902954,-3.457638740539551,3.3308534622192383,5.560748100280762,-0.08770426,-0.16860381,-0.16242142
64,2.1398,0.19908569753170013,0.04811694845557213,-0.7974848747253418,-0.02293453738093376,-0.017105787992477417,-0.027216818183660507,0.016745998546310283,0.03697676002374606,1.5462017678119058,0.0726461410522461,-1.8029308319091797,-3.107588052749634,3.441554546356201,5.504551887512207,-0.09059709,-0.15615599,-0.17293777
65,2.174,0.19889041781425476,0.046720534563064575,-0.7990372180938721,-0.02790413610637188,-0.029596513137221336,-0.04978253319859505,0.01580514638537462,0.03582069011692107,1.5461849898970383,0.07075030356645584,-1.799100637435913,-2.710498571395874,3.5188937187194824,5.43516731262207,-0.09385364,-0.1413985,-0.18357004
66,2.2085,0.19843697547912598,0.04479767382144928,-0.8014503717422485,-0.03268731012940407,-0.04183315485715866,-0.07017011940479279,0.015053376581239983,0.034426955969347126,1.5461758019912775,0.06789547204971313,-1.7833526134490967,-2.2623188495635986,3.56408429145813,5.355478286743164,-0.097287245,-0.1234163,-0.19443151
67,2.2421,0.19747938215732574,0.04174274578690529,-0.8054717779159546,-0.038324374705553055,-0.05638078600168228,-0.09310402721166611,0.014117553217456448,0.03188688077530538,1.5461680788241163,0.06317035853862762,-1.7477800846099854,-1.6421613693237305,3.5805447101593018,5.2480316162109375,-0.10139128,-0.09526418,-0.20771264
68,2.2764,0.19634781777858734,0.03877358138561249,-0.8093987703323364,-0.042586781084537506,-0.06722256541252136,-0.10991331189870834,0.013489305193928349,0.029454674008384862,1.546157426179756,0.05851828679442406,-1.7001771926879883,-1.1120076179504395,3.5623531341552734,5.162030220031738,-0.10364615,-0.06779017,-0.21716806
69,2.3101,0.1949603259563446,0.035396311432123184,-0.813908576965332,-0.04660847783088684,-0.07725570350885391,-0.12600626051425934,0.013049270878955096,0.02700526488529811,1.5461535645961755,0.0532311350107193,-1.6366243362426758,-0.5700888633728027,3.513914108276367,5.081683158874512,-0.10442844,-0.036375783,-0.22421308
70,2.344,0.19334149360656738,0.03163161501288414,-0.8189831972122192,-0.05064985156059265,-0.08635812997817993,-0.14127488434314728,0.012530507904553677,0.023014420203868093,1.5461327919396728,0.04740934073925018,-1.5702908039093018,-0.01116231083869934,3.4221110343933105,5.008971214294434,-0.10426325,-0.0007411486,-0.22721933
71,2.378,0.19152671098709106,0.027499569579958916,-0.8245660066604614,-0.054393719881772995,-0.09442681074142456,-0.15556102991104126,0.012226788946392352,0.01940116391133548,1.5461210740308764,0.04122927039861679,-1.4867421388626099,0.5375229120254517,3.279944658279419,4.952418327331543,-0.10208148,0.03690696,-0.2252049
72,2.412,0.18951258063316345,0.023080650717020035,-0.8306558132171631,-0.05805160477757454,-0.10144906491041183,-0.16878294944763184,0.011886436959080225,0.014336990409197871,1.5461181445536774,0.03494752198457718,-1.3847860097885132,1.0719718933105469,3.0713980197906494,4.9148054122924805,-0.097918205,0.07579912,-0.21717852
73,2.4459,0.18680715560913086,0.017272386699914932,-0.838811993598938,-0.062364399433135986,-0.10845519602298737,-0.1831258088350296,0.011676913800615541,0.010397675814266288,1.546092445049158,0.027803238481283188,-1.2522962093353271,1.7184618711471558,2.6928551197052,4.898862838745117,-0.091244504,0.12521015,-0.19620615
74,2.4799,0.1818656325340271,0.0075198146514594555,-0.8527674674987793,-0.06895162165164948,-0.1145346611738205,-0.19828245043754578,0.011348100790964023,0.004304369221874471,1.5460548944777879,0.022226959466934204,-0.9383350014686584,2.655024766921997,1.7940623760223389,4.960391521453857,-0.07025768,0.19879456,-0.13433014
75,2.5144,0.1818656325340271,0.0075198146514594555,-0.8527674674987793,-0.06895162165164948,-0.1145346611738205,-0.19828245043754578,0.010989490545725343,-0.0009197854253898202,1.546018675486963,0.022226959466934204,-0.9955092072486877,2.6920909881591797,1.763465166091919,4.957515716552734,-0.07387912,0.19978653,-0.13087098
76,2.5479,0.17619280517101288,-0.0023741729091852903,-0.8670017719268799,-0.07506421208381653,-0.11438441276550293,-0.19343037903308868,0.010560002764787723,-0.0058418326650489065,1.5459916444018986,0.02895992621779442,-0.5434878468513489,3.5100936889648438,0.4559975564479828,5.1248393058776855,-0.03794171,0.24504496,-0.03183388
77,2.5824,0.17310617864131927,-0.007235144730657339,-0.8737636804580688,-0.07781626284122467,-0.11163302510976791,-0.18392647802829742,0.009677234563345611,-0.013457321253414879,1.545957689098,0.03508167713880539,-0.3198027014732361,3.8979556560516357,-0.2845408022403717,5.227520942687988,-0.020388354,0.24850602,0.018140305
78,2.6158,0.16907809674739838,-0.01315165776759386,-0.8814976215362549,-0.08077949285507202,-0.10581126064062119,-0.15940283238887787,0.008733752530833496,-0.019614520565353653,1.5459333211740258,0.043335821479558945,0.03631032630801201,4.288098335266113,-1.212773323059082,5.3720574378967285,0.0020369547,0.24055585,0.06803476
79,2.6499,0.16577230393886566,-0.01765901781618595,-0.8867166042327881,-0.08268193155527115,-0.09937454015016556,-0.13113044202327728,0.0076562557589902,-0.024849999824016006,1.5459229348457746,0.04958142712712288,0.3342933654785156,4.5402512550354,-1.8971718549728394,5.490642070770264,0.016945029,0.23014122,0.096165925
80,2.684,0.16239111125469208,-0.021948622539639473,-0.8907688856124878,-0.08405566960573196,-0.09144442528486252,-0.09796129167079926,0.005613064006519198,-0.031713465295854594,1.5459241332682652,0.055043090134859085,0.6193185448646545,4.757126331329346,-2.4778969287872314,5.605118274688721,0.028675213,0.22026083,0.11472969
81,2.7178,0.15890973806381226,-0.02594626136124134,-0.8935238122940063,-0.08490020036697388,-0.08217911422252655,-0.06397324055433273,0.003549908168622633,-0.03631518087469994,1.5459469032955853,0.059515804052352905,0.9073290824890137,4.917346477508545,-2.906984806060791,5.7048749923706055,0.03921752,0.21254267,0.12564872
82,2.7519,0.15535026788711548,-0.029574399814009666,-0.8949846029281616,-0.08509783446788788,-0.07177899777889252,-0.031453490257263184,0.0006956180018216035,-0.04062043044816522,1.5459804591253203,0.06295967102050781,1.1774604320526123,5.046753406524658,-3.1977615356445312,5.789706707000732,0.04833991,0.20719135,0.13128212
83,2.7859,0.1517237275838852,-0.03275679051876068,-0.8952162265777588,-0.08460140973329544,-0.06027477607131004,-0.0016665712464600801,-0.0013964354095526664,-0.04269901935659366,1.5460120175842376,0.06540945917367935,1.4353880882263184,5.127365589141846,-3.3664181232452393,5.856049060821533,0.056964878,0.20348488,0.13359983
84,2.8198,0.1471940279006958,-0.036014165729284286,-0.8939129114151001,-0.08302097022533417,-0.04480694606900215,0.03090651147067547,-0.0043440347176571395,-0.04448080312272197,1.5460678108090748,0.06716887652873993,1.7330483198165894,5.193008899688721,-3.442044973373413,5.922171592712402,0.066998735,0.20075898,0.13306764
85,2.8539,0.1436685472726822,-0.03798916935920715,-0.8918111324310303,-0.08085966855287552,-0.03176883980631828,0.05312725901603699,-0.006640162535327345,-0.045020134855355054,1.5461141498120423,0.06769242882728577,1.951378583908081,5.215594291687012,-3.4184300899505615,5.963643550872803,0.074660026,0.19954938,0.13078962
86,2.8879,0.14028896391391754,-0.03935026004910469,-0.8889321088790894,-0.07777033746242523,-0.01836693473160267,0.07197200506925583,-0.008556496793896756,-0.044951158983122,1.5461497030125948,0.06753510236740112,2.1501708030700684,5.208578109741211,-3.3348538875579834,5.995448112487793,0.08209508,0.19886728,0.12732713
87,2.922,0.13708153367042542,-0.04012184590101242,-0.8854426145553589,-0.07422131299972534,-0.004963390529155731,0.08744195103645325,-0.011065089990872665,-0.04414931030722356,1.5462104230854485,0.06684663891792297,2.3417398929595947,5.181899547576904,-3.196021318435669,6.020903587341309,0.08974845,0.1985991,0.122489244
88,2.9556,0.13403119146823883,-0.0402996651828289,-0.8814288377761841,-0.0699629932641983,0.008442837744951248,0.09987370669841766,-0.01291307099514356,-0.04305670685812652,1.5462560962981435,0.06571661680936813,2.5185070037841797,5.120989799499512,-3.0083444118499756,6.035566806793213,0.097598895,0.19845209,0.11658141
89,2.9903,0.13116618990898132,-0.03989299386739731,-0.8770459890365601,-0.06510873883962631,0.021739540621638298,0.10950781404972076,-0.014374725113190233,-0.04188485772184281,1.5462955110822767,0.06426909565925598,2.6820626258850098,5.0245208740234375,-2.773747682571411,6.038401126861572,0.10584209,0.19828239,0.10946026
90,3.0239,0.12787000834941864,-0.038578372448682785,-0.8711824417114258,-0.05827086418867111,0.038043368607759476,0.11790871620178223,-0.016219974296749193,-0.03990495557655862,1.5463325290214287,0.06213812530040741,2.876188278198242,4.849309921264648,-2.4052278995513916,6.023437023162842,0.11730517,0.19777882,0.09809708
91,3.0579,0.12556862831115723,-0.03700578957796097,-0.8663440942764282,-0.0522654727101326,0.050294458866119385,0.12183719873428345,-0.01751626379615606,-0.03818326770490363,1.546362489583692,0.060316864401102066,3.0160984992980957,4.666924476623535,-2.050443649291992,5.9950361251831055,0.12730557,0.19698475,0.08654653
92,3.0919,0.12355368584394455,-0.03501658886671066,-0.8614975214004517,-0.045803435146808624,0.06225721910595894,0.12298313528299332,-0.018919152559977153,-0.035893178032841665,1.5463763380213604,0.058497313410043716,3.1496477127075195,4.440239429473877,-1.6324645280838013,5.9494476318359375,0.13854611,0.19531642,0.07180854
93,3.1262,0.12179157882928848,-0.03259311988949776,-0.856685996055603,-0.03910737857222557,0.0737914964556694,0.12196103483438492,-0.019822557138975478,-0.034256080895904914,1.546380199604941,0.05671875178813934,3.2683887481689453,4.164279460906982,-1.1622040271759033,5.884603977203369,0.1507613,0.19208615,0.053609107
94,3.16,0.1202910840511322,-0.029763324186205864,-0.8519980907440186,-0.03175583481788635,0.08472954481840134,0.11895904690027237,-0.020983273013545894,-0.0318859986031943,1.546394447516773,0.055035073310136795,3.3780314922332764,3.842241048812866,-0.6404614448547363,5.8059539794921875,0.163792,0.18630031,0.031054316
95,3.1942,0.11903321743011475,-0.02656019851565361,-0.8475292921066284,-0.024384738877415657,0.09517639875411987,0.11342514306306839,-0.021861167422133704,-0.029986122368072386,1.5464078964802779,0.053508855402469635,3.486051082611084,3.4755806922912598,-0.07704636454582214,5.716689109802246,0.1770207,0.17648901,0.0039123925
96,3.2277,0.11790470778942108,-0.022075749933719635,-0.8423216342926025,-0.014479096047580242,0.10740211606025696,0.10241765528917313,-0.02257810911293445,-0.02828302668977751,1.5464133559605127,0.051771000027656555,3.579789638519287,2.9682934284210205,0.6516667604446411,5.601081848144531,0.19058555,0.15802991,-0.03469429
97,3.2621,0.11730117350816727,-0.01812116615474224,-0.8386058807373047,-0.006348606199026108,0.11651363223791122,0.09088598191738129,-0.023616386156388475,-0.025833937978259405,1.5464056327933513,0.05056239664554596,3.645629405975342,2.5295209884643555,1.225939393043518,5.518372535705566,0.1979823,0.13737008,-0.06657679
98,3.296,0.1169816181063652,-0.013836871832609177,-0.8354055881500244,0.0022198674269020557,0.12512940168380737,0.07508300244808197,-0.024419897227373605,-0.023734597219274366,1.5463916511976286,0.04946938529610634,3.680434226989746,2.066149950027466,1.776378870010376,5.447558403015137,0.20092727,0.11279807,-0.09697849
99,3.3301,0.11694389581680298,-0.00922355242073536,-0.8328995704650879,0.010977263562381268,0.13312460482120514,0.05522125959396362,-0.025127836185333124,-0.0217419181425416,1.5463855259271213,0.04844673350453377,3.6853268146514893,1.5814999341964722,2.2720463275909424,5.39205265045166,0.19988856,0.085779026,-0.123233594
100,3.364,0.11723580211400986,-0.004344887565821409,-0.8312546014785767,0.020212331786751747,0.14033102989196777,0.03272532299160957,-0.02604945637006867,-0.018517868279161853,1.5463433148238435,0.04741085320711136,3.6667990684509277,1.075065016746521,2.6852777004241943,5.354577541351318,0.19628197,0.057547703,-0.14374161
101,3.398,0.11788021773099899,0.0007329384097829461,-0.8305377960205078,0.02957027032971382,0.14653149247169495,0.008544238284230232,-0.026636036325510037,-0.015565791661511846,1.5462687463133213,0.046324845403432846,3.6090877056121826,0.5512819290161133,2.9918181896209717,5.329347133636475,0.19115072,0.029197942,-0.15845783
102,3.4319,0.11922791600227356,0.007382773328572512,-0.8309259414672852,0.04166474565863609,0.15288186073303223,-0.021379154175519943,-0.027056149987470038,-0.011438084426889678,1.5461680788241163,0.0449182391166687,3.4849939346313477,-0.14789751172065735,3.219109296798706,5.311373233795166,0.18355413,-0.0077897403,-0.16955002
103,3.4662,0.12071029841899872,0.012862460687756538,-0.8321864604949951,0.051341790705919266,0.15665684640407562,-0.0443873330950737,-0.02705653697806594,-0.00825410941628047,1.5460797950339802,0.04393359273672104,3.3406777381896973,-0.7375534772872925,3.289724111557007,5.303584098815918,0.17596598,-0.0388497,-0.17328207
104,3.4999,0.12257523834705353,0.018430287018418312,-0.8342667818069458,0.061061494052410126,0.15918835997581482,-0.06629612296819687,-0.0266317627841983,-0.0033075123956752593,1.5459516969855474,0.043223269283771515,3.169130325317383,-1.3667469024658203,3.2815043926239014,5.301225662231445,0.16636497,-0.07174801,-0.1722641
105,3.5342,0.12480519711971283,0.024039337411522865,-0.8370904922485352,0.07055923342704773,0.1604551076889038,-0.08627020567655563,-0.025923326564128997,0.0009978553815708287,1.545821335250188,0.04300719127058983,2.947122097015381,-2.0052602291107178,3.201484441757202,5.299922943115234,0.15377618,-0.10463131,-0.16704841
106,3.568,0.1273525208234787,0.02967585064470768,-0.8406118154525757,0.07970695942640305,0.16036710143089294,-0.10366899520158768,-0.02504710287300629,0.004936693390301478,1.5457158740710208,0.043542277067899704,2.681431293487549,-2.6429038047790527,3.0609841346740723,5.297101974487305,0.1381531,-0.13616808,-0.15770848
107,3.602,0.13016851246356964,0.03525267168879509,-0.8447444438934326,0.08835674822330475,0.15869656205177307,-0.1177259013056755,-0.023411643164021022,0.010755104281771247,1.545550758083436,0.04499988257884979,2.4004082679748535,-3.2871603965759277,2.8705666065216064,5.293155670166016,0.12048508,-0.16499434,-0.144084
108,3.6362,0.13409291207790375,0.04200107231736183,-0.8505736589431763,0.09846194833517075,0.1544361412525177,-0.1306190937757492,-0.02177491221173416,0.015497690679308777,1.5454398374240341,0.04810994490981102,1.978872299194336,-3.9962985515594482,2.578547954559326,5.275543212890625,0.096038684,-0.19394848,-0.12514216
109,3.6707,0.1375443935394287,0.04717005044221878,-0.8556393384933472,0.10576388239860535,0.14937689900398254,-0.13683006167411804,-0.020090554368421512,0.019682647554989243,1.5453136035883643,0.05155535042285919,1.6180336475372314,-4.507133960723877,2.3074405193328857,5.251925468444824,0.07609705,-0.2119731,-0.108520254
110,3.7049,0.14122791588306427,0.05208559334278107,-0.860950231552124,0.11224118620157242,0.14274601638317108,-0.1397785246372223,-0.01730493780246907,0.025594613423018355,1.5451559444518317,0.05571969226002693,1.2592473030090332,-4.977967739105225,2.010138511657715,5.2201924324035645,0.057090998,-0.22568811,-0.09113445
111,3.7392,0.14512315392494202,0.056706760078668594,-0.866348147392273,0.11802711337804794,0.1346590220928192,-0.13916607201099396,-0.014058849240771616,0.031248321324931636,1.5450002826861167,0.060406845062971115,0.8802613019943237,-5.357476234436035,1.6876275539398193,5.177953720092773,0.038706064,-0.23557416,-0.07420685
112,3.773,0.14925415813922882,0.060972437262535095,-0.8716968297958374,0.12294109910726547,0.12525112926959991,-0.13536228239536285,-0.011166966305541206,0.03542670456196827,1.5448921583458592,0.06538226455450058,0.5034559965133667,-5.680078506469727,1.346116065979004,5.129110336303711,0.02148188,-0.24236235,-0.057437208
113,3.807,0.15357688069343567,0.06481891870498657,-0.8768324851989746,0.12690705060958862,0.11448690295219421,-0.12912386655807495,-0.008481952730361106,0.03873640210212388,1.5447756450481684,0.0704210102558136,0.11532989144325256,-5.894286632537842,0.9918226003646851,5.074357986450195,0.0048228847,-0.24648827,-0.041476205
114,3.8413,0.15923072397708893,0.06894779205322266,-0.8828878402709961,0.13043245673179626,0.09955010563135147,-0.11842978745698929,-0.004526885953700624,0.04272649152771351,1.5446522075316431,0.07656917721033096,-0.36028385162353516,-6.065179824829102,0.5331834554672241,5.004197120666504,-0.014767618,-0.2486047,-0.021854572
115,3.8762,0.1639222353696823,0.07167741656303406,-0.8873398303985596,0.13215582072734833,0.08638648688793182,-0.10801903903484344,-0.0012940752266020871,0.0452818736562394,1.544549675829675,0.08121763169765472,-0.7353796362876892,-6.118607044219971,0.15595784783363342,4.951077461242676,-0.029822618,-0.24813426,-0.0063247215
116,3.9104,0.1687212437391281,0.07388458400964737,-0.8913884162902832,0.13303393125534058,0.07250197976827621,-0.09595488011837006,0.0015732221024439034,0.04702923190408923,1.5444561988754133,0.08553764969110489,-1.1044633388519287,-6.0994696617126465,-0.23115672171115875,4.905271530151367,-0.04451351,-0.2458287,0.009316377
117,3.944,0.17354653775691986,0.07553284615278244,-0.8950127363204956,0.1328117400407791,0.05804884433746338,-0.08295544981956482,0.005591368086162109,0.048764947144548376,1.5443358239941418,0.08944928646087646,-1.4589866399765015,-6.037827014923096,-0.6219748854637146,4.866502285003662,-0.05842805,-0.2417969,0.024908232
118,3.9782,0.1783449351787567,0.07664661109447479,-0.8981283903121948,0.1316169947385788,0.043220601975917816,-0.06924790889024734,0.00872385826320547,0.04950062458973675,1.5442226396478134,0.09288806468248367,-1.798638105392456,-5.908133029937744,-1.0106823444366455,4.840620040893555,-0.07185351,-0.23602307,0.04037559
119,4.0119,0.18307019770145416,0.07725588977336884,-0.9006772041320801,0.12931902706623077,0.02811136469244957,-0.05474850907921791,0.01246283240394664,0.04963560108392253,1.5441055937179045,0.09581013023853302,-2.120372772216797,-5.740523815155029,-1.3907496929168701,4.826028823852539,-0.08446826,-0.22868246,0.055402618
120,4.046,0.18887993693351746,0.07725601643323898,-0.9031128883361816,0.12527115643024445,0.009287692606449127,-0.036007605493068695,0.01494561426444345,0.04922843288157384,1.544036484687617,0.09870163351297379,-2.486008405685425,-5.443173885345459,-1.8406041860580444,4.832080841064453,-0.0992706,-0.2173553,0.073498495
121,4.0801,0.19774344563484192,0.07552774250507355,-0.9053679704666138,0.1162017211318016,-0.020371759310364723,-0.005566657055169344,0.018254161235784366,0.04808219170364692,1.5438977339948237,0.10157112032175064,-2.755584478378296,-5.170764446258545,-2.1740314960479736,4.849068641662598,-0.1102319,-0.20684657,0.08696798
122,4.1139,0.19774344563484192,0.07552774250507355,-0.9053679704666138,0.1162017211318016,-0.020371759310364723,-0.005566657055169344,0.02068924130384973,0.04667627983586967,1.5437836175421138,0.10157112032175064,-3.0073328018188477,-4.86326265335083,-2.4798457622528076,4.876292705535889,-0.1206296,-0.19507433,0.09947114
123,4.1474,0.2058980017900467,0.07165613770484924,-0.9055185317993164,0.10415557026863098,-0.04857036471366882,0.02587909623980522,0.022676616944942957,0.04510977935436064,1.5436768247824018,0.10216652601957321,-3.223555088043213,-4.50604772567749,-2.754214286804199,4.917903900146484,-0.13025092,-0.18207128,0.11128674
124,4.1812,0.2096191793680191,0.06903921812772751,-0.9047859907150269,0.09717181324958801,-0.06171576306223869,0.04106792062520981,0.025264733068336206,0.0424262492431315,1.543518633013651,0.10166420042514801,-3.5642905235290527,-3.691168785095215,-3.17411732673645,5.023235321044922,-0.14768592,-0.15294309,0.13151914
125,4.2151,0.21386657655239105,0.06522093713283539,-0.9030463695526123,0.08768486976623535,-0.07711697369813919,0.05984967574477196,0.02711959355865737,0.039937608428236515,1.543418498156664,0.10028830170631409,-3.591841220855713,-3.7010605335235596,-3.184839963912964,5.017050743103027,-0.1481404,-0.15264499,0.13135421
126,4.2492,0.21690493822097778,0.06175176426768303,-0.9010065793991089,0.07949839532375336,-0.08850078284740448,0.07517066597938538,0.02858082427570261,0.037503420935255244,1.5433299480504188,0.0986056998372078,-3.8421483039855957,-2.677316427230835,-3.4561448097229004,5.14783239364624,-0.16503423,-0.11500047,0.14845398
127,4.283,0.21959678828716278,0.057935938239097595,-0.8984179496765137,0.07074324041604996,-0.09889024496078491,0.08914973586797714,0.030482595932506604,0.03361723016228694,1.5431937273606613,0.0964379832148552,-3.944606304168701,-2.205488920211792,-3.5185582637786865,5.196493148803711,-0.1721781,-0.09626738,0.15358153
128,4.317,0.22192418575286865,0.0538305900990963,-0.8953295946121216,0.06154710054397583,-0.10828378796577454,0.10320406407117844,0.03184013189520148,0.03023040706084371,1.5430862688106766,0.0938560888171196,-4.018801212310791,-1.730844497680664,-3.5470917224884033,5.244235992431641,-0.17836602,-0.07681988,0.15743019
129,4.351,0.22384929656982422,0.049483176320791245,-0.8918168544769287,0.051837943494319916,-0.11644630134105682,0.1161390021443367,0.033315604282294846,0.025575927602901168,1.543001047655794,0.09092605859041214,-4.070016384124756,-1.265955924987793,-3.539557933807373,5.287257194519043,-0.18365139,-0.057123743,0.1597155
130,4.3845,0.225361168384552,0.0449257455766201,-0.8879561424255371,0.041749075055122375,-0.12354224920272827,0.12738491594791412,0.03417884714369802,0.022118765839760822,1.542929408622471,0.0877203419804573,-4.115321636199951,-0.8091995716094971,-3.5038082599639893,5.323610305786133,-0.18825455,-0.037016667,0.16028099
131,4.4185,0.2266477346420288,0.03895283490419388,-0.8825565576553345,0.028618548065423965,-0.13066868484020233,0.13949555158615112,0.0349922805703383,0.018078323944217285,1.5428645606499276,0.08332003653049469,-4.147520065307617,-0.7919319868087769,-3.5183842182159424,5.320050239562988,-0.18865432,-0.036021862,0.16003741
132,4.4521,0.22724691033363342,0.03401679918169975,-0.8778382539749146,0.017945367842912674,-0.13487590849399567,0.1474504917860031,0.03570288268938789,0.012931312608313301,1.5428063705801094,0.07963719218969345,-4.126079082489014,0.13145270943641663,-3.285379648208618,5.393648147583008,-0.195514,0.006228878,0.1556775
133,4.4862,0.22745400667190552,0.029005141928792,-0.8727811574935913,0.00705370120704174,-0.13784101605415344,0.15403787791728973,0.03601627433185217,0.00939921615000085,1.5427614963157414,0.07589678466320038,-4.092062473297119,0.5012834072113037,-3.1280643939971924,5.419112205505371,-0.19768262,0.024216399,0.15111303
134,4.5197,0.22732089459896088,0.023993337526917458,-0.8675321340560913,-0.003771804040297866,-0.13945555686950684,0.15906113386154175,0.0361017409968977,0.0045105387219156615,1.54274312050422,0.07229188829660416,-4.047177791595459,0.8502473831176758,-2.942509174346924,5.439558982849121,-0.19934784,0.041879795,0.14493628
135,4.554,0.22680960595607758,0.019038178026676178,-0.8621554374694824,-0.014687824994325638,-0.13986632227897644,0.16200071573257446,0.03600255489104906,0.0005810223621675215,1.5427407236592388,0.06888505071401596,-3.971588134765625,1.1682250499725342,-2.718531847000122,5.454230308532715,-0.2004782,0.058969773,0.13722631
136,4.5881,0.22587887942790985,0.0141685726121068,-0.8567547798156738,-0.025559086352586746,-0.138966903090477,0.16329149901866913,0.03576286207056352,-0.002834109504481155,1.5427483136683455,0.06572183966636658,-3.8646862506866455,1.4622806310653687,-2.463224172592163,5.463407516479492,-0.20084368,0.07599319,0.12801117
137,4.622,0.22411176562309265,0.008248879574239254,-0.8499761819839478,-0.038923781365156174,-0.13591675460338593,0.16289450228214264,0.035199682562606624,-0.007574093078172053,1.5427741463309192,0.062165357172489166,-3.6933395862579346,1.8090296983718872,-2.1026487350463867,5.467060089111328,-0.1999025,0.09791398,0.11380615
138,4.6562,0.22222642600536346,0.0036900974810123444,-0.8445805311203003,-0.04952603951096535,-0.13214685022830963,0.1610289365053177,0.03460054205755525,-0.011191160499866194,1.5428070363703819,0.0597095750272274,-3.5205469131469727,2.071382522583008,-1.7812011241912842,5.464640140533447,-0.19750917,0.11620838,0.09992867
139,4.6901,0.21994157135486603,-0.0006803000578656793,-0.8392786979675293,-0.06009620428085327,-0.12719139456748962,0.15698929131031036,0.033952114346985994,-0.014177856131092629,1.5428344669296097,0.057657718658447266,-3.314113140106201,2.319333553314209,-1.4242472648620605,5.457267761230469,-0.1931982,0.13520694,0.08302735
140,4.7238,0.21722820401191711,-0.004797029308974743,-0.8340851068496704,-0.07038132101297379,-0.1211979016661644,0.1511571705341339,0.032810005229937905,-0.01824322771115283,1.5428922575252644,0.055991481989622116,-3.0829615592956543,2.5645852088928223,-1.0419657230377197,5.4471211433410645,-0.18601815,0.15474063,0.06286959
141,4.7579,0.214084193110466,-0.008623367175459862,-0.8290606737136841,-0.08044068515300751,-0.11401480436325073,0.14328423142433167,0.03174005945605256,-0.02130486844052438,1.5429416591634852,0.05469643697142601,-2.813856840133667,2.7876994609832764,-0.6262991428375244,5.435067653656006,-0.17542088,0.17379019,0.03904461
142,4.7921,0.21056976914405823,-0.012122086249291897,-0.824289083480835,-0.09015030413866043,-0.1058153361082077,0.13369688391685486,0.03014866674072969,-0.024871059602573648,1.543032739272766,0.053779929876327515,-2.51261568069458,2.9896042346954346,-0.18778422474861145,5.422641754150391,-0.16066298,0.19116282,0.012007397
143,4.8259,0.2056114375591278,-0.015931254252791405,-0.8188357353210449,-0.10181642323732376,-0.0941760241985321,0.11835170537233353,0.028887243845656847,-0.027198125601895683,1.5430898640781483,0.05296264961361885,-2.0949556827545166,3.2153310775756836,0.38737407326698303,5.405562400817871,-0.13578553,0.20840319,-0.02510783
144,4.8597,0.20118175446987152,-0.018521301448345184,-0.8149462938308716,-0.11078209429979324,-0.08380911499261856,0.10358750075101852,0.026816041048064173,-0.030273302679745397,1.543166429959488,0.05245361104607582,-1.7238268852233887,3.3690590858459473,0.8636819124221802,5.3910980224609375,-0.11102088,0.21697997,-0.055624332
145,4.8932,0.1964074969291687,-0.02069433033466339,-0.8116352558135986,-0.11916987597942352,-0.07244127988815308,0.08439899981021881,0.024781113417350824,-0.032536561003824814,1.5432379358347565,0.051966674625873566,-1.3296122550964355,3.5063650608062744,1.364715337753296,5.373873710632324,-0.08329645,0.21966386,-0.08549556
146,4.9269,0.1913023293018341,-0.022443462163209915,-0.8089733123779297,-0.12702132761478424,-0.06020309776067734,0.0633118599653244,0.02271528687620875,-0.03435305741028663,1.5433228906735301,0.05139213055372238,-0.9096051454544067,3.599757432937622,1.8578789234161377,5.354228973388672,-0.05477188,0.21675943,-0.111872196
147,4.9611,0.18590480089187622,-0.023772668093442917,-0.8070193529129028,-0.13422638177871704,-0.04737124219536781,0.04034199193120003,0.019229104979564943,-0.03654096283967902,1.5434262213238252,0.05065976455807686,-0.4689352810382843,3.6770968437194824,2.324152946472168,5.336550712585449,-0.0267949,0.21010883,-0.13280179
148,4.995,0.18027356266975403,-0.024646274745464325,-0.8058648109436035,-0.14033758640289307,-0.03379436582326889,0.015884190797805786,0.01595666776783252,-0.03783175540814839,1.5435085130015087,0.049673814326524734,-0.020224202424287796,3.705127000808716,2.7536542415618896,5.31529426574707,-0.0010952408,0.20065099,-0.14912403
149,5.03,0.172975555062294,-0.025049973279237747,-0.8056401014328003,-0.14639627933502197,-0.01632128842175007,-0.014945046976208687,0.012750180203485085,-0.0385640206781901,1.5435845462506304,0.047979578375816345,0.5393694043159485,3.6650454998016357,3.1986474990844727,5.281490325927734,0.02755052,0.18720734,-0.16338414
150,5.064,0.16702459752559662,-0.02479040063917637,-0.806396484375,-0.1497095376253128,-0.0021538406144827604,-0.038153067231178284,0.00776776574681291,-0.03890671125383445,1.543703056919139,0.046298783272504807,0.9963045716285706,3.609853982925415,3.4645612239837646,5.258254051208496,0.048822645,0.17689632,-0.16977644
151,5.0974,0.16098231077194214,-0.023972608149051666,-0.8079156875610352,-0.15150904655456543,0.011999882757663727,-0.060362670570611954,0.003557636277196041,-0.038528596474502845,1.543786547019313,0.04441634193062782,1.448914647102356,3.496098279953003,3.6626265048980713,5.226716041564941,0.06877869,0.16595669,-0.17386164
152,5.1319,0.15488922595977783,-0.022596092894673347,-0.810247540473938,-0.15189167857170105,0.025950264185667038,-0.08081167936325073,-0.0018544707689448483,-0.037258064736264085,1.5438653765875794,0.04241343215107918,1.9007253646850586,3.3300423622131348,3.783412218093872,5.18648624420166,0.088214405,0.15455031,-0.17559162
153,5.1659,0.14879202842712402,-0.020701691508293152,-0.813298225402832,-0.15097567439079285,0.039464425295591354,-0.0990431010723114,-0.005649172725830389,-0.03588582105033032,1.5439318224567768,0.040569085627794266,2.369777202606201,3.1348092555999756,3.835411787033081,5.144219875335693,0.10788981,0.14271973,-0.17461635
154,5.1998,0.1427137404680252,-0.01829838566482067,-0.8170069456100464,-0.1486225724220276,0.05240625888109207,-0.11494748294353485,-0.010952566233330314,-0.03340227353102011,1.5440162446633323,0.03918441757559776,2.8432958126068115,2.8931190967559814,3.8228237628936768,5.093017578125,0.12752704,0.1297617,-0.17146066
155,5.234,0.13523538410663605,-0.014686091803014278,-0.8222986459732056,-0.14365682005882263,0.06738962978124619,-0.13116353750228882,-0.014973660679673347,-0.0310324513126347,1.5440198399308038,0.03872707486152649,3.412062883377075,2.515784978866577,3.7228705883026123,5.009171962738037,0.15119281,0.111477606,-0.1649651
156,5.2681,0.1294097900390625,-0.01135056372731924,-0.8269555568695068,-0.138290673494339,0.07834960520267487,-0.14117880165576935,-0.018339476017423976,-0.02872429999883603,1.5440288946785101,0.03966528922319412,3.8612966537475586,2.177914619445801,3.5862081050872803,4.934667587280273,0.16929309,0.09548759,-0.15723222
157,5.3022,0.12382270395755768,-0.007660316303372383,-0.8318933248519897,-0.13175733387470245,0.08840250968933105,-0.1488976627588272,-0.022848540638064387,-0.025190060528083907,1.544027296781856,0.04180252552032471,4.303988933563232,1.8209781646728516,3.4117960929870605,4.858524322509766,0.18595776,0.07867702,-0.14740975
158,5.3364,0.11856836825609207,-0.00367025681771338,-0.8370167016983032,-0.12410414963960648,0.09719615429639816,-0.15406079590320587,-0.026172367496159633,-0.022140185561184543,1.5439982683259743,0.04498732089996338,4.704683780670166,1.4364961385726929,3.1915669441223145,4.775106430053711,0.2005831,0.061244678,-0.13607171
159,5.37,0.11367607116699219,0.0005970829515717924,-0.8422820568084717,-0.11536434292793274,0.10502391308546066,-0.1570001095533371,-0.028930214365964196,-0.0193623795473666,1.5439637803898578,0.04901270195841789,5.061217308044434,1.030251145362854,2.931976795196533,4.688133239746094,0.21304372,0.043366745,-0.1234168
160,5.4039,0.10926377773284912,0.005105938296765089,-0.8476369380950928,-0.1057276800274849,0.11175578087568283,-0.15750205516815186,-0.03258230079554693,-0.015192322849925664,1.5438809560799562,0.05357556417584419,5.381436347961426,0.6167798042297363,2.6415605545043945,4.6066813468933105,0.22324233,0.02558636,-0.10958192
161,5.438,0.10443548858165741,0.01098815817385912,-0.8542734384536743,-0.09218613058328629,0.11868918687105179,-0.15490002930164337,-0.03519751874422093,-0.011783448566597118,1.5437925391317657,0.059746503829956055,5.684324741363525,0.07261250913143158,2.22900652885437,4.50837516784668,0.2327288,0.0029729162,-0.09126045
162,5.4719,0.10111226886510849,0.015810934826731682,-0.8594555854797363,-0.08037778735160828,0.1228257492184639,-0.15083274245262146,-0.038048016572230434,-0.007435511953838956,1.5436603131836433,0.06486651301383972,5.881747722625732,-0.36242803931236267,1.8875348567962646,4.446520805358887,0.23763414,-0.014642803,-0.07626011
163,5.5062,0.09824030101299286,0.02065330743789673,-0.8644899129867554,-0.06798970699310303,0.12576697766780853,-0.14468009769916534,-0.03969250190059755,-0.004362974890464377,1.5435354109285184,0.0700271874666214,6.017210960388184,-0.8050168752670288,1.520090937614441,4.3962273597717285,0.24037156,-0.03215828,-0.060723588
164,5.5404,0.09589101374149323,0.025490600615739822,-0.8692548274993896,-0.0550488717854023,0.12750114500522614,-0.13691160082817078,-0.04124409284119134,-0.0008749832016100663,1.5433933312843628,0.07502827793359756,6.105610370635986,-1.2472362518310547,1.1520931720733643,4.364537239074707,0.24086002,-0.04920218,-0.045448884
165,5.5742,0.09405171126127243,0.030315617099404335,-0.8736181259155273,-0.04169214144349098,0.12805287539958954,-0.12737031280994415,-0.04262720555332399,0.003445279747444795,1.5431861373515545,0.07976098358631134,6.154331684112549,-1.6935455799102783,0.7951697111129761,4.352732181549072,0.23919146,-0.065820575,-0.030904705
166,5.6083,0.09273425489664078,0.035063859075307846,-0.8775436878204346,-0.027935603633522987,0.12750700116157532,-0.11621611565351486,-0.043243365322216655,0.006455387529500333,1.543048052449034,0.08412386476993561,6.147819519042969,-2.1340065002441406,0.4455571472644806,4.358866214752197,0.23562457,-0.08178906,-0.017076658
167,5.6421,0.09191147983074188,0.04082595556974411,-0.8817586898803711,-0.010560489259660244,0.12529608607292175,-0.10114138573408127,-0.04357097990937764,0.010599721315732733,1.5428235479691403,0.0888664722442627,6.083253383636475,-2.67199969291687,0.04931086301803589,4.3902411460876465,0.22888666,-0.100535855,-0.0018553557
168,5.676,0.09192398190498352,0.04529077559709549,-0.8845512866973877,0.0034610091242939234,0.12234757095575333,-0.08846494555473328,-0.04339358841364314,0.013778046991849882,1.5426521735529937,0.09204071015119553,5.985438823699951,-3.088228464126587,-0.2307988554239273,4.431495666503906,0.22204043,-0.11456329,0.0085618915
169,5.71,0.09250295162200928,0.04956410452723503,-0.886757493019104,0.017523160204291344,0.11836361140012741,-0.0751236230134964,-0.04290383308917757,0.016465310730091637,1.542492916519807,0.09461271017789841,5.848109722137451,-3.4804084300994873,-0.4750988483428955,4.4857025146484375,0.21431145,-0.12754402,0.017410604
170,5.7441,0.09363258630037308,0.053608380258083344,-0.8884598016738892,0.03130175545811653,0.11330028623342514,-0.061758626252412796,-0.04170336329355391,0.02004960202487774,1.5422855894289442,0.09660660475492477,5.68311882019043,-3.8589677810668945,-0.679097592830658,4.549173355102539,0.20582227,-0.13975804,0.02459449
171,5.778,0.09541147947311401,0.057383470237255096,-0.8896636962890625,0.04499685391783714,0.10736328363418579,-0.04849860817193985,-0.04032845228534086,0.022728446637064022,1.542074933386719,0.09793531149625778,5.4713945388793945,-4.2010908126831055,-0.8501181602478027,4.620890140533447,0.1968015,-0.15110973,0.030578041
172,5.812,0.09772180020809174,0.06084684655070305,-0.8903560638427734,0.05838911235332489,0.10044697672128677,-0.035773418843746185,-0.038173792677087835,0.025759924986495823,1.5418265936150692,0.09865820407867432,5.226083278656006,-4.518131732940674,-0.9809843301773071,4.697912693023682,0.1872433,-0.16187838,0.035147306
173,5.8465,0.1013462096452713,0.06466023623943329,-0.8906034231185913,0.0745084211230278,0.09063783288002014,-0.021109774708747864,-0.03640748437360641,0.02768497641629739,1.5416311175910573,0.09873007982969284,4.860707759857178,-4.819499492645264,-1.103135108947754,4.797367572784424,0.17526618,-0.1737803,0.039776567
174,5.88,0.1087675392627716,0.06945227831602097,-0.8897393941879272,0.09839406609535217,0.07231728732585907,-0.0004732814559247345,-0.03352569648338308,0.030109790830598337,1.5414205947068866,0.09702879935503006,4.150054454803467,-5.13124418258667,-1.2078831195831299,4.955070495605469,0.15464348,-0.19120555,0.045009345
175,5.9141,0.1087675392627716,0.06945227831602097,-0.8897393941879272,0.09839406609535217,0.07231728732585907,-0.0004732814559247345,-0.031036123562106565,0.03178166510630124,1.5412066097132986,0.09702879935503006,4.151953220367432,-5.186049461364746,-1.201828956604004,4.953601360321045,0.15374953,-0.1920428,0.04450451
176,5.9477,0.11777333915233612,0.07243392616510391,-0.8875548839569092,0.11915480345487595,0.05162137374281883,0.016725406050682068,-0.028646928927385424,0.03305796009158649,1.5410275121299908,0.09339558333158493,3.300306558609009,-5.258635520935059,-1.2141965627670288,5.098634719848633,0.13042422,-0.20781505,0.047983613
177,5.982,0.12268169224262238,0.0731894001364708,-0.8860293626785278,0.12807759642601013,0.0403314083814621,0.02397863008081913,-0.02500251156950428,0.03466883549475897,1.5407671881334357,0.09096790105104446,2.8325138092041016,-5.251430511474609,-1.1856374740600586,5.161786079406738,0.11640554,-0.21581382,0.048725188
178,6.0163,0.12918856739997864,0.07342442870140076,-0.8836501836776733,0.13791514933109283,0.02572927623987198,0.03183702751994133,-0.0220060267406772,0.03571359775158626,1.540577837379931,0.0873415544629097,2.825829267501831,-5.310519695281982,-1.1835331916809082,5.157802581787109,0.11522936,-0.21654804,0.04826115
179,6.05,0.1346447467803955,0.07304507493972778,-0.8814488649368286,0.14461086690425873,0.013620014302432537,0.03704678267240524,-0.019274151933284713,0.03645121431094334,1.5403900845230805,0.08405015617609024,1.6909070014953613,-4.959107875823975,-1.0351835489273071,5.292788982391357,0.07915132,-0.23213573,0.04845692
180,6.0842,0.14027056097984314,0.07219940423965454,-0.8790848255157471,0.15035603940486908,0.0012814622605219483,0.04141627624630928,-0.015318692964541827,0.037261868063195855,1.5401398805386675,0.08053893595933914,1.1500219106674194,-4.758539199829102,-0.9395123720169067,5.342036724090576,0.057675622,-0.23864911,0.047118198
181,6.1179,0.14601123332977295,0.0708642527461052,-0.8765236139297485,0.1551508605480194,-0.011224597692489624,0.04500194266438484,-0.012104586262763242,0.03769017926788626,1.539923631858153,0.07682174444198608,0.6048845648765564,-4.483687877655029,-0.8267028331756592,5.3898115158081055,0.032879774,-0.24372028,0.04493717
182,6.1519,0.1518358439207077,0.06904918700456619,-0.8738774061203003,0.15878596901893616,-0.02386884018778801,0.047752466052770615,-0.007930782414444785,0.03799082518782098,1.5396780884056478,0.0730033740401268,0.057284194976091385,-4.1698079109191895,-0.7067267894744873,5.43134069442749,0.003385861,-0.24646221,0.041772056
183,6.186,0.15773122012615204,0.06677298247814178,-0.8712021112442017,0.16130881011486053,-0.03677074983716011,0.04957486316561699,-0.0048865224522265565,0.03806695830548362,1.5394894034424156,0.06917715817689896,-0.47593924403190613,-3.778881311416626,-0.5820258259773254,5.471738338470459,-0.03088149,-0.24519408,0.037764955
184,6.2198,0.165156751871109,0.06322964280843735,-0.8678126335144043,0.16287590563297272,-0.052781425416469574,0.050342291593551636,-0.0003840876787935135,0.03795673672586797,1.539253846843998,0.0644427090883255,-1.1239993572235107,-3.2341911792755127,-0.41909682750701904,5.514437198638916,-0.08146118,-0.23439607,0.030373791
185,6.2544,0.17116747796535492,0.059915684163570404,-0.8651291131973267,0.16280239820480347,-0.06539655476808548,0.04999995231628418,0.0034476240574121755,0.037660626502164785,1.5390593029263677,0.060906149446964264,-1.622367024421692,-2.762382745742798,-0.29163676500320435,5.541712760925293,-0.12608497,-0.2146832,0.02266504
186,6.2881,0.17713482677936554,0.05617876350879669,-0.8624982833862305,0.16150303184986115,-0.0778937041759491,0.048531051725149155,0.0069780157285229205,0.03720056126266439,1.5389032416864892,0.05771931633353233,-2.0889201164245605,-2.2556746006011963,-0.16738158464431763,5.563318252563477,-0.16961536,-0.18315542,0.013590988
187,6.3235,0.1829812079668045,0.052024610340595245,-0.8599199056625366,0.1588713824748993,-0.09026593714952469,0.045857030898332596,0.012519424577110824,0.036097159527584924,1.5386940503828634,0.0549837127327919,-2.5342607498168945,-1.76084303855896,-0.05275118350982666,5.572643280029297,-0.20527683,-0.14262947,0.0042728814
188,6.3579,0.18863943219184875,0.04751034080982208,-0.8574284315109253,0.1547221541404724,-0.10208676010370255,0.0418955534696579,0.017428123567047444,0.034647332549551185,1.538530665449987,0.05284372344613075,-2.9319748878479004,-1.2520532608032227,0.055678367614746094,5.575128555297852,-0.22987898,-0.09816616,-0.004365415
189,6.3914,0.1940614879131317,0.0426570400595665,-0.8549909591674805,0.14887164533138275,-0.11338680982589722,0.03720567747950554,0.02390522470195898,0.031953422351854534,1.5382921793743705,0.05137215927243233,-3.2771785259246826,-0.7444462776184082,0.1531628966331482,5.571006774902344,-0.24353634,-0.05532189,-0.011381965
190,6.4258,0.20038822293281555,0.036073461174964905,-0.8522841930389404,0.13920506834983826,-0.12641805410385132,0.03004932776093483,0.028515096211642697,0.029414639207060406,1.5381189407454607,0.05051834136247635,-3.6482276916503906,-0.13840565085411072,0.2401147186756134,5.552973747253418,-0.24928172,-0.009457194,-0.016406927
191,6.4603,0.20499472320079803,0.03044053353369236,-0.85041344165802,0.12940235435962677,-0.13571546971797943,0.023966995999217033,0.03487261517182587,0.02473735643228406,1.5378417056759837,0.05059242993593216,-3.8853046894073486,0.32570669054985046,0.2791019380092621,5.532544136047363,-0.2484903,0.020831045,-0.01785037
192,6.4942,0.20916037261486053,0.02457752637565136,-0.8488377332687378,0.11794783174991608,-0.14355705678462982,0.017469316720962524,0.03953440583919852,0.020123151044045162,1.537573658512267,0.0513128899037838,-4.089598178863525,0.7552207708358765,0.2890167534351349,5.505755424499512,-0.24525167,0.045290306,-0.017332226
193,6.5281,0.21283015608787537,0.018560023978352547,-0.8475903272628784,0.1049799695611,-0.14974935352802277,0.011331033892929554,0.043144924069235396,0.0155317895442348,1.53733930033634,0.05257033556699753,-4.217516899108887,1.1709644794464111,0.28867092728614807,5.4826884269714355,-0.24036567,0.06673587,-0.016451998
194,6.5623,0.21594972908496857,0.012418271042406559,-0.8466091156005859,0.09077510982751846,-0.15412116050720215,0.00609594164416194,0.04726378565590876,0.008429840597522869,1.5370138620511324,0.05420180410146713,-4.3192009925842285,1.5571295022964478,0.2577577531337738,5.457512855529785,-0.23481363,0.08465344,-0.014013016
195,6.5963,0.21847625076770782,0.006230182945728302,-0.8458689451217651,0.07562022656202316,-0.15666639804840088,0.001994952093809843,0.049602798429433326,0.002604215504346292,1.5367510080515416,0.056068357080221176,-4.352380275726318,1.9259288311004639,0.22545894980430603,5.437487602233887,-0.22836149,0.10104998,-0.011829421
196,6.6302,0.22076837718486786,-0.0014333892613649368,-0.8452374935150146,0.055667150765657425,-0.15686146914958954,-0.001794936484657228,0.05093056316397356,-0.0024351778560116424,1.536546610437878,0.058544132858514786,-4.308536529541016,2.3505024909973145,0.1920349895954132,5.4178056716918945,-0.2192977,0.11963687,-0.009774278
197,6.6639,0.22188541293144226,-0.0073891873471438885,-0.8449009656906128,0.03939884528517723,-0.1547570675611496,-0.003910146187990904,0.051781526356037944,-0.009252888971965906,1.5362885501282493,0.06048456206917763,-4.252510070800781,2.6677136421203613,0.14806219935417175,5.402080059051514,-0.21168576,0.13279615,-0.00737039
198,6.6981,0.22235499322414398,-0.013148576952517033,-0.8446224927902222,0.022927751764655113,-0.1510671228170395,-0.0050366539508104324,0.05162484926015722,-0.014266316771769894,1.5361431415327311,0.06227854639291763,-4.140525817871094,2.964083194732666,0.11290571093559265,5.3927788734436035,-0.20323087,0.14548713,-0.0055417903
199,6.7319,0.2221621870994568,-0.01864679716527462,-0.8444737195968628,0.006568234413862228,-0.14570248126983643,-0.0055554090067744255,0.05050265975582508,-0.019932331390751783,1.5360225003353505,0.06383562833070755,-3.986133098602295,3.238406181335449,0.077726811170578,5.389281749725342,-0.19401407,0.15762052,-0.003783139
200,6.7654,0.22134006023406982,-0.02382458932697773,-0.8444298505783081,-0.009639809839427471,-0.13889789581298828,-0.005465732887387276,0.0492192907488943,-0.023473143459850437,1.5359877460831248,0.06511521339416504,-3.801661252975464,3.5043625831604004,0.031006425619125366,5.391758918762207,-0.1838147,0.16943997,-0.0014991964
201,6.7993,0.21990978717803955,-0.02862563170492649,-0.8445156812667847,-0.025171972811222076,-0.13063141703605652,-0.005163581110537052,0.046799563388394326,-0.027903403479359722,1.5360003960983029,0.06607268005609512,-3.580638885498047,3.7454659938812256,-0.01276060938835144,5.400598526000977,-0.17275523,0.18070765,0.0006156616
202,6.8332,0.21733935177326202,-0.034032195806503296,-0.8447117805480957,-0.04373982548713684,-0.11877129226922989,-0.004093596711754799,0.04444851645569396,-0.030915278466455014,1.536069105654427,0.06679487973451614,-3.2619171142578125,4.023631572723389,-0.07153919339179993,5.419981956481934,-0.15742129,0.1941819,0.0034525073
203,6.867,0.21469023823738098,-0.037833258509635925,-0.844893217086792,-0.057735443115234375,-0.10811445862054825,-0.002928635338321328,0.042156729018437075,-0.03319515449961761,1.5361360841558422,0.06696050614118576,-2.9781200885772705,4.222596645355225,-0.1149534285068512,5.439850807189941,-0.14405324,0.20424923,0.005560358
204,6.9009,0.21160249412059784,-0.04119245707988739,-0.8450825214385986,-0.07075668126344681,-0.09676071256399155,-0.0015120195457711816,0.03852595828054798,-0.03590454224055574,1.5363185106905128,0.06682407110929489,-2.667975664138794,4.4188408851623535,-0.15724042057991028,5.466316223144531,-0.12915723,0.21391696,0.00761204
205,6.9345,0.20809975266456604,-0.044058337807655334,-0.8452548980712891,-0.08299520611763,-0.08451823145151138,0.0001794556446839124,0.0353542499355613,-0.03770145609062706,1.5364643187601945,0.0663556382060051,-2.3396947383880615,4.586997032165527,-0.1928030550479889,5.493389129638672,-0.11351454,0.22254649,0.00935419
206,6.9699,0.20425352454185486,-0.046401649713516235,-0.8454147577285767,-0.09402063488960266,-0.07187182456254959,0.0019063150975853205,0.03244421381243172,-0.039007249746174144,1.5366439489757204,0.06557288765907288,-2.0003914833068848,4.72844123840332,-0.2205735743045807,5.520380973815918,-0.09731598,0.23003143,0.010730566
207,7.004,0.20012906193733215,-0.04820854216814041,-0.8455928564071655,-0.10391189903020859,-0.05867122486233711,0.00365034444257617,0.028115765609158322,-0.040475529517729696,1.536882168735228,0.06449707597494125,-1.643141746520996,4.857234477996826,-0.24277964234352112,5.550415992736816,-0.08002242,0.23655151,0.011823578
208,7.0384,0.19466078281402588,-0.04970062896609306,-0.8457953929901123,-0.1147354394197464,-0.0416455939412117,0.005999376997351646,0.024523015657019316,-0.0413132018714789,1.537116260595046,0.06275884062051773,-1.2014323472976685,4.9545416831970215,-0.25946488976478577,5.578041076660156,-0.0588392,0.24264476,0.012707087
209,7.0719,0.19007334113121033,-0.05027405172586441,-0.8458691835403442,-0.1220097616314888,-0.027685077860951424,0.007679340895265341,0.019979573371776266,-0.04200286488645775,1.5373679293180584,0.06105560436844826,-0.8323289752006531,5.011602878570557,-0.25479093194007874,5.600408554077148,-0.040907644,0.2463123,0.012522569
210,7.106,0.18532833456993103,-0.050281692296266556,-0.8458050489425659,-0.12797045707702637,-0.013578842394053936,0.009225664660334587,0.016774580714650097,-0.04223044448517262,1.537566467977324,0.0590728260576725,-0.4731566905975342,5.016795635223389,-0.22918012738227844,5.6110382080078125,-0.023450214,0.24863844,0.011358443
211,7.1398,0.1804618239402771,-0.04978193715214729,-0.845645546913147,-0.13275791704654694,0.0004726015031337738,0.01074671559035778,0.01215780059059169,-0.042256714072612736,1.537807217739867,0.056890103965997696,-0.10063214600086212,5.000288486480713,-0.18593570590019226,5.619556427001953,-0.0050268257,0.24977684,0.009287951
212,7.1744,0.17549848556518555,-0.04881489276885986,-0.8453916311264038,-0.13628701865673065,0.014625930227339268,0.011969669722020626,0.008459315340946781,-0.042009048413613775,1.5379993648125163,0.05457554757595062,0.2639959454536438,4.93569278717041,-0.12022837996482849,5.6146626472473145,0.013348742,0.24956933,0.0060792514
213,7.208,0.17048907279968262,-0.0473392978310585,-0.8450148105621338,-0.13877910375595093,0.028677217662334442,0.012802749872207642,0.005263611498419566,-0.04160028647580023,1.5381584886876485,0.052132099866867065,0.6239170432090759,4.8237504959106445,-0.028681188821792603,5.595347881317139,0.03206799,0.2479304,0.0014741514
214,7.242,0.16423149406909943,-0.044797223061323166,-0.844383716583252,-0.1400085687637329,0.04594862833619118,0.013197173364460468,0.000731013532314507,-0.040753809045696955,1.5383670142010017,0.04898499697446823,1.0735292434692383,4.627198219299316,0.12836632132530212,5.554913520812988,0.056479756,0.24344286,-0.0067535173
215,7.2776,0.15923647582530975,-0.042218632996082306,-0.8438074588775635,-0.13964436948299408,0.059475377202034,0.012680715881288052,-0.0028059590595211764,-0.03984958263183099,1.5385244070214255,0.04647713899612427,1.4327726364135742,4.417116641998291,0.2880360782146454,5.50654411315918,0.07698768,0.2373465,-0.015477145
216,7.3112,0.15432818233966827,-0.03915467858314514,-0.8432499170303345,-0.13814343512058258,0.07264738529920578,0.011266222223639488,-0.00712132760483146,-0.038396208240001485,1.538692319328155,0.04405615106225014,1.7865878343582153,4.153197765350342,0.4723854959011078,5.442307472229004,0.098255344,0.22840963,-0.025979355
217,7.345,0.14954006671905518,-0.03561980277299881,-0.8426880836486816,-0.13553711771965027,0.08566510677337646,0.008797237649559975,-0.010101436593697803,-0.0371943028341027,1.5387901904982153,0.041815679520368576,2.151540756225586,3.8483803272247314,0.6890435218811035,5.370054244995117,0.120534405,0.21559536,-0.03860185
218,7.379,0.14494359493255615,-0.03162195533514023,-0.842208743095398,-0.1317676156759262,0.0981474369764328,0.005044551100581884,-0.01343799461016039,-0.035627923027080566,1.538883667452477,0.03984367102384567,2.5045180320739746,3.4835708141326904,0.9222136735916138,5.284224510192871,0.1426772,0.19845182,-0.052536603
219,7.4131,0.14060507714748383,-0.027167117223143578,-0.8419152498245239,-0.12692981958389282,0.11026211827993393,-0.00014676226419396698,-0.017489696683687918,-0.033321107455016145,1.5389393275192598,0.03822039067745209,2.8587236404418945,3.0713367462158203,1.16539466381073,5.193812370300293,0.16411653,0.17632243,-0.066904165
220,7.4469,0.1355956643819809,-0.020975610241293907,-0.8417950868606567,-0.1190539076924324,0.12475030869245529,-0.008544367738068104,-0.02026590896204102,-0.031456570119202824,1.538949447531402,0.036836910992860794,3.2598185539245605,2.4581668376922607,1.455681562423706,5.068113327026367,0.18801524,0.1417787,-0.08395876
221,7.4811,0.12876805663108826,-0.009603997692465782,-0.8424792289733887,-0.10303253680467606,0.14581754803657532,-0.025653157383203506,-0.02408861455192996,-0.02835490499147983,1.5389012443156715,0.03647314012050629,3.8212647438049316,1.29286527633667,1.8253004550933838,4.873016834259033,0.21575484,0.07299728,-0.10305943
222,7.5152,0.12596923112869263,-0.003287435043603182,-0.8433003425598145,-0.09338586777448654,0.1551899015903473,-0.03665841743350029,-0.027029934495489568,-0.025474968830451944,1.538843187403908,0.037348002195358276,3.8618998527526855,1.319897174835205,1.8479018211364746,4.883584976196289,0.21550384,0.073653616,-0.10311762
223,7.5489,0.1236678883433342,0.0033812883775681257,-0.8445321321487427,-0.08269171416759491,0.16366223990917206,-0.048832640051841736,-0.029547999079240723,-0.02246138983637792,1.5387566346684802,0.038966115564107895,4.253052234649658,-0.05684596300125122,2.050218105316162,4.720023155212402,0.22518332,-0.0030097826,-0.108551435
224,7.5831,0.12186607718467712,0.010332436300814152,-0.846245527267456,-0.07095397263765335,0.17093513906002045,-0.0599248968064785,-0.033011248662185425,-0.01723288993230672,1.5385515712645441,0.04135842248797417,4.407472610473633,-0.7866532802581787,2.0716395378112793,4.671730995178223,0.2233583,-0.039865375,-0.10498486
225,7.6169,0.12029305100440979,0.019294986501336098,-0.8489208221435547,-0.05531138926744461,0.17773808538913727,-0.0722803920507431,-0.03544520104797671,-0.012534049076565641,1.5383287978393592,0.04539984464645386,4.488379955291748,-1.7392219305038452,1.9943211078643799,4.63705587387085,0.2153588,-0.08345032,-0.09569033
226,7.6509,0.1196032464504242,0.026575807482004166,-0.8514281511306763,-0.04206578806042671,0.18144084513187408,-0.08020462840795517,-0.03720884619036806,-0.007979212935135446,1.5381168102165887,0.04933103173971176,4.488857269287109,-2.511664390563965,1.875241994857788,4.637417316436768,0.20497337,-0.114689395,-0.08562862
227,7.685,0.11939699947834015,0.03386424109339714,-0.8541094064712524,-0.02852528542280197,0.1832483410835266,-0.08537609875202179,-0.0391022288897383,-0.0007231291840902326,1.5377867113994734,0.05374063923954964,4.459110260009766,-3.279508352279663,1.7260699272155762,4.6658711433410645,0.19226547,-0.14140403,-0.07442373
228,7.7194,0.11973585933446884,0.04110810533165932,-0.8569347858428955,-0.014553009532392025,0.1829327642917633,-0.08814240247011185,-0.04002174767392621,0.007154907361404377,1.5373757856432742,0.0584566704928875,4.355723857879639,-4.0204854011535645,1.5451865196228027,4.715080738067627,0.17776425,-0.16408262,-0.0630616
229,7.754,0.12064403295516968,0.04821629077196121,-0.8598299026489258,-0.0005673030973412097,0.18057410418987274,-0.08857931941747665,-0.04004760530363519,0.013522727865608843,1.5370568721027373,0.06332340836524963,4.189896106719971,-4.70859432220459,1.348091959953308,4.7783122062683105,0.16251446,-0.18263333,-0.052288752
230,7.7881,0.12211353331804276,0.05511126667261124,-0.8626971244812012,0.013326052576303482,0.17625047266483307,-0.08690281212329865,-0.039506276200184556,0.01892324717015315,1.5367996107414357,0.06821534782648087,3.99314546585083,-5.347769260406494,1.1557111740112305,4.851864814758301,0.14738244,-0.19738005,-0.04265598
231,7.8219,0.12473432719707489,0.06330422312021255,-0.8661458492279053,0.02996056340634823,0.16795359551906586,-0.08252090215682983,-0.03797941520702568,0.02617865505304574,1.5364153165961372,0.0741863027215004,3.662929058074951,-6.010544300079346,0.9143890142440796,4.934142112731934,0.12901503,-0.21170232,-0.032206446
232,7.8559,0.1274106353521347,0.06943629682064056,-0.8687427043914795,0.04280015453696251,0.1593376249074936,-0.07754217833280563,-0.036140810402327,0.031444261321539616,1.536144473113276,0.0787557065486908,3.348909378051758,-6.438973903656006,0.7305834293365479,4.987267017364502,0.11477558,-0.2206799,-0.025038939
233,7.8899,0.13055537641048431,0.07511547952890396,-0.8711496591567993,0.05486458167433739,0.149000346660614,-0.07123968005180359,-0.034157196476273514,0.03560940573512611,1.5359267596941621,0.08305788785219193,2.9956464767456055,-6.771210193634033,0.5523720979690552,5.024405479431152,0.10086564,-0.22799167,-0.018598778
234,7.9238,0.13418355584144592,0.08028198778629303,-0.8732517957687378,0.06625509262084961,0.13730931282043457,-0.06421080976724625,-0.030742745159115313,0.04075101272655237,1.5356484593602489,0.08698064088821411,2.614675521850586,-7.043114185333252,0.39425334334373474,5.049415588378906,0.08688794,-0.2340488,-0.013101381
235,7.9582,0.13818100094795227,0.08488596230745316,-0.8750910758972168,0.07667029649019241,0.12433768808841705,-0.056922927498817444,-0.027646805827735987,0.04417639548774751,1.5354275501478267,0.09052378684282303,2.203640937805176,-7.23045015335083,0.24780544638633728,5.059958457946777,0.07284417,-0.23901176,-0.008191526
236,7.9929,0.14251708984375,0.08881933242082596,-0.8767029047012329,0.08604718744754791,0.11039744317531586,-0.05000252649188042,-0.0247757038713866,0.046639062159635813,1.5352738857529291,0.09360098093748093,1.7737077474594116,-7.346585750579834,0.11582481861114502,5.05952262878418,0.05866556,-0.24298905,-0.0038309172
237,8.0271,0.14828787744045258,0.09278485924005508,-0.8783061504364014,0.09624048322439194,0.09159780293703079,-0.04132271930575371,-0.020477303615349864,0.04932264636632459,1.5350713523520287,0.09676537662744522,1.225493311882019,-7.416887283325195,-0.031034350395202637,5.048954486846924,0.04075461,-0.2466536,0.0010320683
238,8.0611,0.1531032770872116,0.09517447650432587,-0.8793191909790039,0.10299576818943024,0.07584003359079361,-0.03464982658624649,-0.016064287563898844,0.05109860446756836,1.534903972677517,0.09875596314668655,0.7829234004020691,-7.423682689666748,-0.13923604786396027,5.033283710479736,0.026215762,-0.24857795,0.0046622427
239,8.095,0.1580502986907959,0.09685107320547104,-0.8801473379135132,0.1086525246500969,0.05953207612037659,-0.028314560651779175,-0.012497625147172304,0.05195691215857647,1.5347658877749966,0.10026863217353821,0.3419884741306305,-7.37033748626709,-0.24420712888240814,5.01608419418335,0.011581354,-0.24959461,0.008270013
240,8.1299,0.16304171085357666,0.09778416156768799,-0.8807333707809448,0.11302400380373001,0.042992301285266876,-0.022291747853159904,-0.009366287619538241,0.052263288036044075,1.5346507060578507,0.10125374048948288,-0.09016098082065582,-7.2639241218566895,-0.34517425298690796,4.999861717224121,-0.003099304,-0.24969903,0.011865443
241,8.1639,0.16805152595043182,0.09802109748125076,-0.8810548782348633,0.11624228954315186,0.026365328580141068,-0.01652557961642742,-0.004961586664412612,0.05217460893293364,1.5344789321675405,0.10174226760864258,-0.5222757458686829,-7.122790813446045,-0.4430587887763977,4.982855796813965,-0.018246988,-0.24885222,0.0154793495
242,8.1977,0.1730479896068573,0.09759917110204697,-0.8811094760894775,0.11814703792333603,0.009718455374240875,-0.01099444180727005,-0.0015296008761748966,0.05164549291979454,1.5343349883106217,0.10176678001880646,-0.9394569396972656,-6.92714262008667,-0.5384007692337036,4.971884250640869,-0.033498153,-0.24700065,0.01919772
243,8.2351,0.17927192151546478,0.09624089300632477,-0.8808532953262329,0.11892686784267426,-0.011138305068016052,-0.004417577758431435,0.002617428320363908,0.05051743197749661,1.5341688070586008,0.10126105695962906,-1.446700930595398,-6.617278099060059,-0.6573928594589233,4.965916633605957,-0.053145327,-0.24308923,0.024149677
244,8.2701,0.1842615008354187,0.09442970901727676,-0.8803610801696777,0.11837869882583618,-0.027447234839200974,0.000511554186232388,0.005376556576368746,0.049440919847048535,1.534042573222931,0.10038568079471588,-1.8382384777069092,-6.3090739250183105,-0.7469315528869629,4.970877647399902,-0.06948568,-0.2384839,0.02823412
245,8.3039,0.18926405906677246,0.09201230853796005,-0.8796355724334717,0.11688271164894104,-0.04338633641600609,0.005438652820885181,0.009137870581496208,0.04754757875957033,1.5338714651228935,0.09916593134403229,-2.22880220413208,-5.956845760345459,-0.8385263681411743,4.980551719665527,-0.0868564,-0.23213823,0.032677364
246,8.338,0.19421017169952393,0.08900822699069977,-0.8786280155181885,0.11449244618415833,-0.05883323401212692,0.010244490578770638,0.012047026613109304,0.045782643648525974,1.5337437665486242,0.09761741012334824,-2.593973159790039,-5.543680191040039,-0.9196853637695312,5.002506256103516,-0.10477723,-0.22392347,0.037148453
247,8.3719,0.1990354061126709,0.08546503633260727,-0.8773648738861084,0.11113603413105011,-0.07360807806253433,0.01506185345351696,0.01554535502103739,0.04325524135620273,1.5335998226917054,0.09580507129430771,-2.942662239074707,-5.083311557769775,-0.99700927734375,5.030589580535889,-0.123482935,-0.213311,0.041837502
248,8.406,0.20367394387722015,0.08140379935503006,-0.8758888244628906,0.10697638988494873,-0.08767131716012955,0.01980545185506344,0.01791565681647848,0.04131470406078127,1.5335020846796994,0.09377016127109528,-3.2527048587799072,-4.560550212860107,-1.0609256029129028,5.069881439208984,-0.14263117,-0.19998023,0.04652161
249,8.44,0.20908336341381073,0.07569658011198044,-0.8738478422164917,0.10040190070867538,-0.10433071106672287,0.025625867769122124,0.02121467674513856,0.03831692510211198,1.5333437597528943,0.09101784974336624,-3.599860429763794,-3.8441338539123535,-1.1374207735061646,5.122650623321533,-0.1670327,-0.17836693,0.052776065
250,8.4734,0.21303094923496246,0.07063055783510208,-0.8721218109130859,0.09405356645584106,-0.1167043074965477,0.030182193964719772,0.023728230599793395,0.0357237635368098,1.533215794862516,0.08866535872220993,-3.8394546508789062,-3.2249722480773926,-1.1958801746368408,5.165331840515137,-0.18620765,-0.15640621,0.05799835
251,8.507,0.21664443612098694,0.065179742872715,-0.8703217506408691,0.08686815947294235,-0.12815502285957336,0.03478575497865677,0.025900953930377727,0.033264442461040905,1.5331225842243632,0.08625397831201553,-4.042987823486328,-2.5779080390930176,-1.2493116855621338,5.2066240310668945,-0.20398477,-0.13006568,0.06303273
252,8.5409,0.21992582082748413,0.05933152139186859,-0.8684437274932861,0.07897760719060898,-0.13881641626358032,0.039547260850667953,0.028993017114014228,0.029487464179306463,1.532985431428224,0.0838070958852768,-4.2281341552734375,-1.9208935499191284,-1.3067749738693237,5.242071628570557,-0.21910259,-0.099541016,0.06771729
253,8.575,0.22287379205226898,0.05316963419318199,-0.8664906024932861,0.0704752579331398,-0.14828115701675415,0.04414039105176926,0.03140250378788501,0.02611236938963259,1.5328894244709268,0.08142271637916565,-4.3741841316223145,-1.2683734893798828,-1.3508893251419067,5.275390625,-0.23019643,-0.0667496,0.07109209
254,8.61,0.22548799216747284,0.046716514974832535,-0.864431619644165,0.061057545244693756,-0.15677869319915771,0.048955462872982025,0.0334554139977402,0.022895006557302464,1.5327883575075583,0.07915125787258148,-4.480800151824951,-0.6374490261077881,-1.387103796005249,5.306393623352051,-0.23664337,-0.033665434,0.07325676
255,8.6442,0.22822298109531403,0.03830026090145111,-0.861681342124939,0.04838890582323074,-0.1658189445734024,0.054691459983587265,0.03619158107179584,0.017909254826889282,1.5326508052372556,0.07652514427900314,-4.569453716278076,0.09573695063591003,-1.4152624607086182,5.341443061828613,-0.23876026,0.005002388,0.07394942
256,8.6781,0.22994840145111084,0.0314294658601284,-0.8593823909759521,0.03752611204981804,-0.17143388092517853,0.05906607210636139,0.038151829920473085,0.013539858441261318,1.53254361300338,0.07469413429498672,-4.598029613494873,0.6222777366638184,-1.4209142923355103,5.366703033447266,-0.23688295,0.03205873,0.073203176
257,8.7122,0.23120437562465668,0.024533400312066078,-0.8570539951324463,0.02598566934466362,-0.1755647212266922,0.0629056990146637,0.04016435578911075,0.007674838069525959,1.5324076586297315,0.07312113046646118,-4.597581386566162,1.0985441207885742,-1.416255235671997,5.386554718017578,-0.23292547,0.055655114,0.071751185
258,8.7459,0.23201550543308258,0.0176407303661108,-0.854642391204834,0.013947369530797005,-0.17815452814102173,0.06594153493642807,0.041216083876664276,0.003356518720921921,1.5323270980067565,0.07182850688695908,-4.545002460479736,1.5296218395233154,-1.3762550354003906,5.403484344482422,-0.22774777,0.07664857,0.06896344
259,8.7801,0.23223121464252472,0.0040220473892986774,-0.8498861789703369,-0.011242167092859745,-0.17842355370521545,0.07004974037408829,0.042151864588258474,-0.002950173133663845,1.5321918094233804,0.07008202373981476,-4.314411640167236,2.2896676063537598,-1.2266110181808472,5.423325538635254,-0.21417849,0.113664985,0.060892124
260,8.814,0.23223121464252472,0.0040220473892986774,-0.8498861789703369,-0.011242167092859745,-0.17842355370521545,0.07004974037408829,0.04238696761705283,-0.007981058942695737,1.532110316694024,0.07008202373981476,-4.350186824798584,2.306424617767334,-1.2500014305114746,5.419123649597168,-0.21408473,0.113505535,0.061516028
261,8.8482,0.23036982119083405,-0.010803007520735264,-0.8447470664978027,-0.03987076133489609,-0.17098203301429749,0.0707535594701767,0.04216747320895986,-0.012250474435337244,1.5320827529767418,0.06947247684001923,-4.143925666809082,2.739655017852783,-1.1211453676223755,5.4249982833862305,-0.20342791,0.13449138,0.05503773
262,8.8824,0.2288302332162857,-0.01697855070233345,-0.842473030090332,-0.05238914489746094,-0.16506034135818481,0.06982246041297913,0.041279155021417914,-0.018102173800135703,1.5320475992503526,0.06954404711723328,-3.729449987411499,3.3580596446990967,-0.8617467880249023,5.437424659729004,-0.18310514,0.16487096,0.04230926
263,8.9158,0.2268516570329666,-0.022854827344417572,-0.8403081893920898,-0.06458824872970581,-0.15776509046554565,0.06794224679470062,0.040109860855305,-0.022384195615468453,1.5320578524205495,0.0697450190782547,-3.495262861251831,3.6439919471740723,-0.7241668701171875,5.449469566345215,-0.17130363,0.17859288,0.035491586
264,8.9499,0.2244507223367691,-0.02836587280035019,-0.8383215665817261,-0.07633883506059647,-0.14898379147052765,0.06461624056100845,0.03877541325090434,-0.025893072638026777,1.5320840845572867,0.07000617682933807,-3.2388410568237305,3.9075498580932617,-0.5758754014968872,5.466039180755615,-0.15852109,0.19125022,0.028185513
265,8.9843,0.2216806560754776,-0.03348670154809952,-0.8365789651870728,-0.08737572282552719,-0.13892430067062378,0.06062012538313866,0.03629618504598711,-0.03048322011088709,1.532154924642283,0.07029511034488678,-2.9673213958740234,4.164529800415039,-0.434840589761734,5.488719940185547,-0.14455003,0.20287082,0.021182815
266,9.0179,0.21774615347385406,-0.03924085572361946,-0.8347666263580322,-0.10007300972938538,-0.12481316924095154,0.054477814584970474,0.03395398896272206,-0.03379462373861604,1.5322354852652578,0.07057970017194748,-2.605386734008789,4.442586421966553,-0.254362016916275,5.5199127197265625,-0.12631609,0.2153884,0.012332147
267,9.0517,0.2142256200313568,-0.04326524958014488,-0.8336983919143677,-0.10923636704683304,-0.11243206262588501,0.04912912845611572,0.030630700978628633,-0.037370562486373916,1.532380094912449,0.07062363624572754,-2.301621198654175,4.655881404876709,-0.12757781147956848,5.549256801605225,-0.11075533,0.22404368,0.0061391178
268,9.0861,0.21049697697162628,-0.04677242413163185,-0.8329734802246094,-0.11753181368112564,-0.09917448461055756,0.04325186833739281,0.02808915688479815,-0.03949996367616323,1.5325007361098297,0.07052624225616455,-1.996288776397705,4.832652568817139,-0.007717996835708618,5.575567245483398,-0.09544782,0.23106185,0.00036901777
269,9.1201,0.20661164820194244,-0.04971640557050705,-0.8325046300888062,-0.12465827167034149,-0.08518851548433304,0.037310097366571426,0.02423188845738702,-0.04198062333016638,1.5326928831824789,0.0702410340309143,-1.6928277015686035,4.984367847442627,0.10287758708000183,5.6006269454956055,-0.08038126,0.23667486,-0.00488498
270,9.1539,0.20258112251758575,-0.05206881836056709,-0.8322988748550415,-0.13058872520923615,-0.07043871283531189,0.031304631382226944,0.021017417651553152,-0.043513959133725515,1.5328758423493674,0.06969814747571945,-1.3897782564163208,5.112178325653076,0.20489928126335144,5.624371528625488,-0.06553478,0.24106398,-0.009661994
271,9.1875,0.19836097955703735,-0.05385765805840492,-0.8323564529418945,-0.1355862021446228,-0.055411290377378464,0.025193819776177406,0.018114844621259597,-0.04454610050369935,1.5330388278080802,0.068854421377182,-1.0922775268554688,5.198988437652588,0.29955706000328064,5.640807628631592,-0.051319867,0.24427071,-0.014074472
272,9.2209,0.1928870677947998,-0.05529361963272095,-0.8327344655990601,-0.14023378491401672,-0.03613677993416786,0.017951881512999535,0.013983254997110795,-0.04544297409624318,1.533269191242372,0.06738075613975525,-0.7205253839492798,5.266803741455078,0.4073995053768158,5.656079292297363,-0.03378656,0.24696866,-0.0191036
273,9.255,0.18839912116527557,-0.055812351405620575,-0.8332185745239258,-0.14270079135894775,-0.020593561232089996,0.012427987530827522,0.010709967862483608,-0.045743620016177905,1.5334484219837343,0.06588629633188248,-0.4266672730445862,5.284007549285889,0.4911983907222748,5.6616129875183105,-0.020035416,0.24812609,-0.023065664
274,9.2902,0.18386876583099365,-0.05578242614865303,-0.833861231803894,-0.144134521484375,-0.005074155051261187,0.006924666464328766,0.00789401622723948,-0.04570668113962067,1.5336043500655585,0.06412956118583679,-0.14048023521900177,5.263927459716797,0.5761892795562744,5.658130645751953,-0.0066298894,0.24842823,-0.027192943
275,9.3239,0.17933975160121918,-0.055223315954208374,-0.8347421884536743,-0.14451834559440613,0.010344489477574825,0.0014648588839918375,0.003927697594973413,-0.04524782680617842,1.533805551885914,0.06212392821907997,0.1508399397134781,5.221041679382324,0.6571102142333984,5.651294708251953,0.0071632178,0.24794134,-0.03120542
276,9.3579,0.17485621571540833,-0.05409650504589081,-0.8358299732208252,-0.14381763339042664,0.025467844679951668,-0.00362215843051672,0.000833492114101635,-0.044582078145550645,1.5339549552230674,0.05984440818428993,0.4289166331291199,5.135212421417236,0.7327988147735596,5.632534980773926,0.02060143,0.24665101,-0.03519729
277,9.3919,0.17042352259159088,-0.05236024409532547,-0.8371058702468872,-0.14206907153129578,0.040465109050273895,-0.008494009263813496,-0.00285499399294361,-0.04336639920338911,1.5341030269796758,0.05725414678454399,0.7092002630233765,5.01324987411499,0.8092665672302246,5.605498313903809,0.03457873,0.2444328,-0.039457697
278,9.4262,0.165047287940979,-0.04939423128962517,-0.838830828666687,-0.13859893381595612,0.0587768591940403,-0.014196393080055714,-0.005282817467187161,-0.04231745495141256,1.53419450656312,0.0536777600646019,1.03135347366333,4.784289836883545,0.9067003726959229,5.547028064727783,0.05180107,0.24029718,-0.045540206
279,9.4599,0.16092917323112488,-0.04637470468878746,-0.8402742147445679,-0.1348409503698349,0.07290291786193848,-0.018780812621116638,-0.008498284357686556,-0.04056524059576253,1.5342973045811972,0.05055566132068634,1.2978649139404297,4.5592145919799805,0.9965767860412598,5.492118835449219,0.06698351,0.23530355,-0.051433872
280,9.4941,0.15696501731872559,-0.04283556714653969,-0.8417779207229614,-0.13026586174964905,0.0865904912352562,-0.023452160879969597,-0.01094300590113585,-0.038936626043016606,1.5343352546267308,0.047285232692956924,1.5548564195632935,4.279844760894775,1.0903347730636597,5.422774314880371,0.08301862,0.22851422,-0.058216367
281,9.5282,0.15317796170711517,-0.03886384889483452,-0.8433742523193359,-0.12509314715862274,0.09975553303956985,-0.028283340856432915,-0.013015059661920587,-0.03738997859519628,1.5343520325415982,0.04400433599948883,1.8069841861724854,3.9507551193237305,1.1804815530776978,5.342455863952637,0.10034542,0.21939327,-0.065554485
282,9.5619,0.14955216646194458,-0.034431759268045425,-0.8450295925140381,-0.11900255084037781,0.11236666142940521,-0.03337640315294266,-0.015785885280850082,-0.034962985798347425,1.5343612204473591,0.04077491536736488,2.0690178871154785,3.5733401775360107,1.2754945755004883,5.256773948669434,0.11968968,0.20671254,-0.07378551
283,9.5959,0.1460975706577301,-0.029589757323265076,-0.8467248678207397,-0.1123356893658638,0.1241745799779892,-0.03890872746706009,-0.017887550064005137,-0.03287181761495757,1.534327398301515,0.037772368639707565,2.3235321044921875,3.1389968395233154,1.362634539604187,5.162313461303711,0.14043584,0.18972307,-0.08235855
284,9.63,0.14211352169513702,-0.023053672164678574,-0.8490859270095825,-0.10316957533359528,0.1378440409898758,-0.04645846039056778,-0.019729523351363843,-0.030893348999353896,1.5342973045811972,0.03467677906155586,2.6199676990509033,2.5190000534057617,1.4362716674804688,5.036635398864746,0.16760282,0.1611438,-0.09188021
285,9.6639,0.1392427384853363,-0.017492562532424927,-0.8511765003204346,-0.09511163085699081,0.1479073166847229,-0.052658021450042725,-0.022272446879415205,-0.027809429262988152,1.5342463050463222,0.03301030769944191,2.8617794513702393,1.9726085662841797,1.472510814666748,4.940361976623535,0.18953094,0.13064261,-0.09752196
286,9.6981,0.13664528727531433,-0.011636078357696533,-0.8534694910049438,-0.0864655077457428,0.1570882946252823,-0.05948631465435028,-0.0242991062271817,-0.02511220675868572,1.5342080886846794,0.032323502004146576,3.0786590576171875,1.3717892169952393,1.475139856338501,4.8440656661987305,0.20919758,0.09321428,-0.10023705
287,9.7317,0.13432641327381134,-0.005528146866708994,-0.8559929132461548,-0.07719051092863083,0.1651555299758911,-0.06671689450740814,-0.02695314599052742,-0.02126875347942938,1.5341324549097213,0.03283419460058212,3.2688779830932617,0.7271591424942017,1.4395074844360352,4.753138542175293,0.22419883,0.04987284,-0.09872987
288,9.7661,0.13229702413082123,0.000812937505543232,-0.8587701320648193,-0.06739231944084167,0.17216233909130096,-0.073500856757164,-0.028835934302186186,-0.018163337039639658,1.5340471005967842,0.034620292484760284,3.4521737098693848,0.04625481367111206,1.3683924674987793,4.6742730140686035,0.23238967,0.0031137313,-0.09211595
289,9.7999,0.13057547807693481,0.007332003675401211,-0.8617753982543945,-0.05704382807016373,0.1781461238861084,-0.07944011688232422,-0.03154369293755124,-0.013148466347479442,1.5338954335727042,0.037593722343444824,3.6063406467437744,-0.6666156053543091,1.255202293395996,4.608326435089111,0.23258989,-0.04299318,-0.0809539
290,9.8341,0.12894999980926514,0.015710733830928802,-0.8657629489898682,-0.043076932430267334,0.18360772728919983,-0.08504649996757507,-0.03362168471532902,-0.008609678872508877,1.5337343123267544,0.042607005685567856,3.7036821842193604,-1.5836437940597534,1.043761968612671,4.546985149383545,0.22251901,-0.09514608,-0.06270972
291,9.868,0.1281062364578247,0.02249620109796524,-0.8690448999404907,-0.03134438768029213,0.18641264736652374,-0.08733472228050232,-0.035231161958929204,-0.0041922012460089975,1.5335546821112285,0.04733990132808685,3.732475519180298,-2.316936731338501,0.8426065444946289,4.521771430969238,0.2086019,-0.12948976,-0.04709189
292,9.9016,0.1277121901512146,0.029260359704494476,-0.8723726272583008,-0.019158480688929558,0.18742823600769043,-0.08705722540616989,-0.03704293541564533,0.0028066968903817774,1.5332960891693819,0.05245912820100784,3.736928939819336,-3.033740758895874,0.628746509552002,4.522056579589844,0.19245736,-0.15624213,-0.032381374
293,9.9361,0.12776966392993927,0.03592856600880623,-0.8756444454193115,-0.006692944094538689,0.18655207753181458,-0.08422919362783432,-0.03790174661054704,0.008896838898384524,1.5330602662548554,0.05775247514247894,3.675544023513794,-3.7131385803222656,0.39463797211647034,4.542517185211182,0.17537539,-0.17716917,-0.018829808
294,9.9703,0.12830767035484314,0.04238945618271828,-0.8788121938705444,0.005966817494481802,0.1838012933731079,-0.07928153872489929,-0.038129991999534436,0.01435153896694973,1.5328380254618883,0.06302701681852341,3.555027484893799,-4.334827899932861,0.15523380041122437,4.580485820770264,0.15847164,-0.19323263,-0.0069198217
295,10.004,0.12930501997470856,0.04856838285923004,-0.8817765712738037,0.018618354573845863,0.1789538860321045,-0.07238370925188065,-0.03754271920609073,0.02201902629574815,1.5325264356143489,0.06812915205955505,3.412909984588623,-4.907688617706299,-0.067298024892807,4.634182929992676,0.1427251,-0.20523553,0.0028143483
296,10.038,0.13121752440929413,0.05583695322275162,-0.8850719928741455,0.034039728343486786,0.17004944384098053,-0.061877377331256866,-0.036337555589045806,0.027807519277143863,1.5322733021527368,0.07408251613378525,3.139052152633667,-5.488694667816162,-0.3428211808204651,4.705103397369385,0.12393184,-0.21669728,0.013534806
297,10.0718,0.13321563601493835,0.06127228960394859,-0.8873244524002075,0.04575228691101074,0.16102847456932068,-0.05281069874763489,-0.0340445988576228,0.034308524363433464,1.5320253618552506,0.07846378535032272,2.902278184890747,-5.8976149559021,-0.5306839346885681,4.762499809265137,0.11002738,-0.22358268,0.020118596
298,10.1062,0.13561002910137177,0.0662795752286911,-0.8892066478729248,0.05695191025733948,0.150408536195755,-0.04317696765065193,-0.031977278449556765,0.03826813931989309,1.5318589142871206,0.08241557329893112,2.6150007247924805,-6.205552577972412,-0.7092760801315308,4.811925411224365,0.09654755,-0.2291131,0.026186941
299,10.1401,0.13837933540344238,0.0708099752664566,-0.890723705291748,0.06742766499519348,0.13819096982479095,-0.033381372690200806,-0.028531485055319692,0.04302330083120284,1.5316445298193693,0.08590207248926163,2.309013605117798,-6.458716869354248,-0.8645071983337402,4.8538007736206055,0.08349877,-0.23356074,0.03126239
300,10.174,0.1414867788553238,0.07478157430887222,-0.8918523788452148,0.0770052969455719,0.1247592493891716,-0.02379126474261284,-0.025472913202985538,0.04605198078089545,1.5314836748895284,0.08885205537080765,1.9726861715316772,-6.6247172355651855,-1.0051159858703613,4.886126518249512,0.07060553,-0.237109,0.035974674
301,10.2081,0.14487716555595398,0.07818137854337692,-0.8925930261611938,0.08568643033504486,0.11025884747505188,-0.014768362045288086,-0.022619535832047392,0.0481622155332146,1.5313703573851456,0.09126505255699158,1.6179172992706299,-6.720136642456055,-1.126616358757019,4.911408424377441,0.05775498,-0.23988947,0.040216953
302,10.2421,0.14949104189872742,0.08151604235172272,-0.8930182456970215,0.09508857876062393,0.0908074751496315,-0.004166964441537857,-0.018441023598145458,0.05031752844817254,1.531202977710634,0.09346369653940201,1.1544781923294067,-6.758983135223389,-1.2561229467391968,4.935127258300781,0.04140303,-0.24239728,0.04504831
303,10.2763,0.15348683297634125,0.08341383934020996,-0.8929151296615601,0.1014004647731781,0.07454200834035873,0.003985961899161339,-0.01504577616916025,0.051367991534208284,1.5310796733521634,0.09451932460069656,0.7667348980903625,-6.72421407699585,-1.34348464012146,4.950793266296387,0.027780866,-0.24363634,0.04867806
304,10.31,0.15770702064037323,0.08460790663957596,-0.8923813104629517,0.1068689227104187,0.05783381685614586,0.01186888013035059,-0.012057257937062792,0.051851783874545594,1.530968353218598,0.09493233263492584,0.36752036213874817,-6.626986026763916,-1.4136929512023926,4.967290878295898,0.013539544,-0.24413985,0.05208081
305,10.3444,0.16207221150398254,0.08520017564296722,-0.8916341066360474,0.11115340888500214,0.04095548391342163,0.01895344816148281,-0.007822352226781128,0.051890869924731714,1.5308061667082122,0.09492212533950806,-0.0435681976377964,-6.495055675506592,-1.4770077466964722,4.9795122146606445,-0.0016351922,-0.24377103,0.055434737
306,10.3782,0.1665189415216446,0.08517491817474365,-0.8906464576721191,0.11427616328001022,0.02409210614860058,0.025571076199412346,-0.004516130319907527,0.05143751668341616,1.5306587607418765,0.09447237849235535,-0.4491483271121979,-6.301665782928467,-1.5339475870132446,4.994412899017334,-0.017271722,-0.24232668,0.05898701
307,10.4119,0.17104217410087585,0.08454934507608414,-0.8894213438034058,0.116289883852005,0.007446789648383856,0.031661175191402435,-0.0004726741304255953,0.05038064536600742,1.5304823263196585,0.09361231327056885,-0.8588090538978577,-6.0674333572387695,-1.5837706327438354,5.008977890014648,-0.033922132,-0.23965779,0.062557414
308,10.4455,0.17674309015274048,0.0828862115740776,-0.8876107931137085,0.11738495528697968,-0.013052055612206459,0.03884981572628021,0.0022927822215507935,0.04935791244482213,1.530379661459636,0.0919797345995903,-1.3409407138824463,-5.673176288604736,-1.6344714164733887,5.039515018463135,-0.05537142,-0.23426227,0.06749217
309,10.479,0.18129846453666687,0.08091957867145538,-0.8859552145004272,0.11722671240568161,-0.029118677601218224,0.04414193704724312,0.005379375782053947,0.047950602417472586,1.5302307907547006,0.09031569957733154,-1.7214860916137695,-5.308403968811035,-1.6687440872192383,5.066413879394531,-0.073887065,-0.22783941,0.07162335
310,10.513,0.18576766550540924,0.07840685546398163,-0.8841004371643066,0.11597921699285507,-0.04479299113154411,0.049208756536245346,0.009069957893104585,0.04585925114175778,1.530044103162286,0.08835245668888092,-2.08843731880188,-4.898449420928955,-1.6986490488052368,5.095999717712402,-0.09341004,-0.21909411,0.07597588
311,10.547,0.1900865137577057,0.07538888603448868,-0.8820745944976807,0.11389365792274475,-0.05979791656136513,0.05427113547921181,0.011621729149699356,0.044197538490089214,1.5299154724816353,0.08614304661750793,-2.4176025390625,-4.430158615112305,-1.7172293663024902,5.1344146728515625,-0.11337388,-0.20775305,0.080529764
312,10.581,0.19803673028945923,0.0680452436208725,-0.8773047924041748,0.10670264065265656,-0.08778690546751022,0.06398693472146988,0.015289916260606759,0.04151318030220863,1.5297586122934297,0.08106648921966553,-2.962775468826294,-3.368090867996216,-1.7053896188735962,5.2246294021606445,-0.15434329,-0.17545785,0.088840835
313,10.6153,0.20248158276081085,0.06257803738117218,-0.8739303350448608,0.10040239244699478,-0.10366620123386383,0.07009781897068024,0.018174711650326737,0.039161600737290254,1.5296373053057766,0.07754220068454742,-2.9989700317382812,-3.398700475692749,-1.7203058004379272,5.214424133300781,-0.15464546,-0.17525804,0.088709615
314,10.649,0.20572441816329956,0.05773313343524933,-0.8710687160491943,0.09422161430120468,-0.11541913449764252,0.07511650770902634,0.020691219949315876,0.0368917635730805,1.5295263846463747,0.07460746169090271,-3.4393386840820312,-2.0613596439361572,-1.6505131721496582,5.321678161621094,-0.19829318,-0.11884656,0.09515943
315,10.6834,0.20864513516426086,0.05247711390256882,-0.8680768013000488,0.08721879124641418,-0.1264023780822754,0.0796487107872963,0.024377438533338257,0.03329729504980055,1.5293744513061855,0.07160758972167969,-3.616356134414673,-1.4733741283416748,-1.6183314323425293,5.356327056884766,-0.21388236,-0.08713985,0.09571307
316,10.7172,0.2111993283033371,0.04686334729194641,-0.864920973777771,0.07906997203826904,-0.13652627170085907,0.08406326919794083,0.02732586162686781,0.03005060415596593,1.529250614315497,0.06859509646892548,-3.746572971343994,-0.8856852054595947,-1.5730788707733154,5.389576435089111,-0.22521824,-0.053241313,0.0945627
317,10.7509,0.21336030960083008,0.040942348539829254,-0.8615691661834717,0.07019121944904327,-0.14541451632976532,0.08797290176153183,0.029909606421003047,0.026818090433746774,1.5291363647047325,0.06563916057348251,-3.836334228515625,-0.31996163725852966,-1.5055233240127563,5.420264720916748,-0.2320228,-0.01935139,0.091054566
318,10.785,0.21509239077568054,0.03477434813976288,-0.8580431938171387,0.06022464483976364,-0.15306979417800903,0.09113471955060959,0.03353849214018306,0.021584864459037983,1.5289599302825148,0.06283046305179596,-3.906337261199951,0.20673760771751404,-1.4278807640075684,5.442392349243164,-0.23451573,0.012411427,0.08572237
319,10.819,0.21666307747364044,0.026796873658895493,-0.8535152673721313,0.04660671204328537,-0.16066813468933105,0.09319077432155609,0.03686193200768241,0.015669347016023898,1.5287929500821669,0.05972801148891449,-3.9115657806396484,0.822907567024231,-1.28220534324646,5.468070983886719,-0.232953,0.049008194,0.07636164
320,10.8527,0.2174190878868103,0.02029089443385601,-0.8499100208282471,0.03467300534248352,-0.16484278440475464,0.0932980626821518,0.039107218155592996,0.010541322146157038,1.5286308967298354,0.057697784155607224,-3.896167278289795,1.2740600109100342,-1.155208945274353,5.477287292480469,-0.22870971,0.07478886,0.06781216
321,10.8862,0.2176869809627533,0.013704556040465832,-0.846412181854248,0.022084185853600502,-0.16741213202476501,0.09214460104703903,0.040726170427008976,0.005834669697984164,1.5284688433775042,0.0561043806374073,-3.8176519870758057,1.7015459537506104,-0.9996579885482788,5.484200477600098,-0.22208242,0.098983206,0.05815262
322,10.92,0.21741141378879547,0.007077720947563648,-0.8430471420288086,0.008771803230047226,-0.16811278462409973,0.08952391892671585,0.042364946603789234,-0.001068156397509372,1.5282672420829853,0.05493425205349922,-3.7143330574035645,2.1134350299835205,-0.8356826305389404,5.482649803161621,-0.21324924,0.12133764,0.047978647
323,10.9543,0.21658365428447723,0.00050259631825611,-0.8398795127868652,-0.004786598961800337,-0.16715796291828156,0.08565028011798859,0.043038801260984944,-0.006561085896452057,1.5281434050922966,0.05419539287686348,-3.5526697635650635,2.5089070796966553,-0.6490414142608643,5.480748653411865,-0.20197451,0.14263506,0.036898963
324,10.9882,0.21519878506660461,-0.0059149968437850475,-0.8370164632797241,-0.01863582618534565,-0.16431237757205963,0.08072630316019058,0.04315972958042056,-0.01127195102854457,1.5280231633690795,0.053842030465602875,-3.3427317142486572,2.883397340774536,-0.45577993988990784,5.480098247528076,-0.18830301,0.16242775,0.025675029
325,11.0218,0.2127191722393036,-0.013584857806563377,-0.8338102102279663,-0.03564020246267319,-0.15831220149993896,0.07328110933303833,0.042551621712636184,-0.01766659507850183,1.5278860105729404,0.05385939031839371,-3.033867835998535,3.324967622756958,-0.21432164311408997,5.485610008239746,-0.16831689,0.1844669,0.011890416
326,11.0561,0.2101798802614212,-0.01932300254702568,-0.8315931558609009,-0.049092307686805725,-0.15136396884918213,0.06597167253494263,0.041481613520912786,-0.02241022177334017,1.5278231599712144,0.05413973331451416,-2.749241352081299,3.6492726802825928,-0.020094305276870728,5.49632453918457,-0.15042846,0.19967489,0.0010994871
327,11.0901,0.20720358192920685,-0.024680139496922493,-0.8297634124755859,-0.062004055827856064,-0.1429201364517212,0.05737033858895302,0.04011052664557752,-0.026306334901963626,1.5278109094302001,0.05457856133580208,-2.4352927207946777,3.947179079055786,0.17170915007591248,5.513282775878906,-0.13117912,0.21261817,-0.00924926
328,11.1243,0.20380744338035583,-0.02961355447769165,-0.8283065557479858,-0.07412777096033096,-0.13296326994895935,0.04803083464503288,0.03745006616729119,-0.031394245907911164,1.527822227864833,0.05508359149098396,-2.103720188140869,4.233669281005859,0.34737226366996765,5.536966323852539,-0.11094914,0.22328158,-0.018320238
329,11.1583,0.19999553263187408,-0.03403199464082718,-0.8272579908370972,-0.08564841747283936,-0.12160513550043106,0.03834997117519379,0.03475893148279311,-0.03505073279507633,1.527871895819163,0.05551828816533089,-1.7462923526763916,4.483734607696533,0.510514497756958,5.563598155975342,-0.09022333,0.23165505,-0.026376061
330,11.192,0.19582758843898773,-0.03789270669221878,-0.8266069889068604,-0.0961684063076973,-0.10910411179065704,0.0289497971534729,0.0308670981372652,-0.03897438883503609,1.5279896075393444,0.05583060160279274,-1.374207854270935,4.711503505706787,0.6473872661590576,5.594397068023682,-0.06939974,0.2379386,-0.03269411
331,11.2259,0.19018831849098206,-0.04192894324660301,-0.826288104057312,-0.10766740888357162,-0.09192092716693878,0.017276862636208534,0.027862840207006453,-0.04124063073177424,1.5280994629343103,0.05602829530835152,-0.9050330519676208,4.915021896362305,0.8066509962081909,5.624279975891113,-0.04469447,0.24272515,-0.039835934
332,11.26,0.18542294204235077,-0.04449161887168884,-0.8264027833938599,-0.11546935886144638,-0.07731109857559204,0.008495750837028027,0.02326386893244065,-0.043809378600020966,1.5282555241741889,0.05601323023438454,-0.5235869884490967,5.05692195892334,0.9061107635498047,5.650878429412842,-0.025347583,0.24481271,-0.043866098
333,11.294,0.18049179017543793,-0.04647921770811081,-0.8268311023712158,-0.12208954989910126,-0.062140174210071564,-0.00016652015619911253,0.019339551263397575,-0.0452982729028894,1.5284027969824703,0.05585772544145584,-0.14803020656108856,5.149075984954834,0.9963409900665283,5.669434547424316,-0.007053525,0.24534951,-0.04747488
334,11.3278,0.17544391751289368,-0.047927480190992355,-0.8274937868118286,-0.12719818949699402,-0.046538591384887695,-0.008082965388894081,0.01576555579099761,-0.046230042228091676,1.5285468739974435,0.05561612546443939,0.2183293253183365,5.197590351104736,1.0768895149230957,5.680788993835449,0.010274385,0.24459401,-0.050677467
335,11.3623,0.1703033596277237,-0.04883720353245735,-0.8283950090408325,-0.13098600506782532,-0.03071098029613495,-0.015540615655481815,0.010568871299277147,-0.04690849916054617,1.5287781695381168,0.05528837442398071,0.5891503095626831,5.22343635559082,1.1464080810546875,5.691197395324707,0.027376289,0.24271955,-0.053270612
336,11.3962,0.16509945690631866,-0.04917508736252785,-0.829452633857727,-0.13342945277690887,-0.014784879982471466,-0.02223242074251175,0.006401437711480213,-0.046954022570429715,1.52895180764119,0.05487210676074028,0.9492216110229492,5.19978666305542,1.2147846221923828,5.689406394958496,0.043754917,0.23968716,-0.0559962
337,11.4304,0.15854892134666443,-0.04874272644519806,-0.8311623334884644,-0.13455402851104736,0.004827185999602079,-0.029785459861159325,0.0028194280487491173,-0.046653613838279574,1.5290878951728932,0.05416419729590416,1.3824435472488403,5.103717803955078,1.28676438331604,5.668072700500488,0.063508615,0.2344617,-0.059113175
338,11.464,0.15328647196292877,-0.047729186713695526,-0.8327902555465698,-0.13395392894744873,0.02031879685819149,-0.035162393003702164,-0.0020975015133572047,-0.045721707193833595,1.5293036112211895,0.05351639539003372,1.741859793663025,5.000616550445557,1.3347318172454834,5.648284435272217,0.07974191,0.22892699,-0.061103694
339,11.498,0.14806577563285828,-0.04614301770925522,-0.8345338106155396,-0.13199159502983093,0.035562898963689804,-0.03999891132116318,-0.0058135194135613515,-0.04458358033485302,1.5294311766374042,0.05287802591919899,2.091188669204712,4.847263813018799,1.386075496673584,5.61301326751709,0.09578472,0.22202387,-0.063487746
340,11.532,0.14291466772556305,-0.04401933401823044,-0.8364254236221313,-0.12902648746967316,0.05027315765619278,-0.04437645897269249,-0.010194441252985015,-0.04272054934953127,1.5295928305155722,0.052318818867206573,2.448061227798462,4.659870624542236,1.4340863227844238,5.570464611053467,0.11218031,0.21353458,-0.065715775
341,11.5661,0.13787691295146942,-0.04136776551604271,-0.838465690612793,-0.12482178211212158,0.06440762430429459,-0.04835674911737442,-0.013106499714067377,-0.041180272682381114,1.5296544826948075,0.051890380680561066,2.7915024757385254,4.422394275665283,1.4759923219680786,5.512424945831299,0.12842706,0.20345856,-0.067905135
342,11.5999,0.1329776793718338,-0.0382317379117012,-0.8406460285186768,-0.11949480324983597,0.07795393466949463,-0.05199648439884186,-0.017001069041496425,-0.038648655105394975,1.5297363748983275,0.05168315768241882,3.1440141201019287,4.150827407836914,1.5147441625595093,5.449614524841309,0.14493959,0.19135384,-0.06982996
343,11.634,0.1271408498287201,-0.03367560729384422,-0.8435249328613281,-0.11154147982597351,0.09381847083568573,-0.056380465626716614,-0.019863336793167315,-0.03638220514919667,1.5297841786398942,0.05181027576327324,3.548929214477539,3.7364392280578613,1.5438605546951294,5.3476338386535645,0.16492736,0.1736414,-0.07174695
344,11.6681,0.1227620467543602,-0.02952558547258377,-0.8459272384643555,-0.10428425669670105,0.10573869198560715,-0.05933854356408119,-0.022206290212867356,-0.03423756568454506,1.5298142723602122,0.05223950371146202,3.8860924243927,3.3676764965057373,1.562278389930725,5.265586853027344,0.18077023,0.15665495,-0.07267285
345,11.7019,0.11869090050458908,-0.02491995133459568,-0.848373293876648,-0.09620785713195801,0.11674288660287857,-0.06227952241897583,-0.025303975163117443,-0.030942186796437825,1.5298138728860486,0.05295978859066963,4.2087578773498535,2.9521095752716064,1.573945164680481,5.175900459289551,0.19570446,0.13727115,-0.07318741
346,11.736,0.11496510356664658,-0.01989978551864624,-0.8508251905441284,-0.08731860667467117,0.12692029774188995,-0.06492040306329727,-0.02762699440593932,-0.028095429877522046,1.5298001576064348,0.05399143323302269,4.502605438232422,2.4875118732452393,1.5708951950073242,5.078888416290283,0.20928499,0.1156217,-0.07301656
347,11.77,0.11165954917669296,-0.014507729560136795,-0.8532745838165283,-0.07767689228057861,0.136127769947052,-0.06724737584590912,-0.029525493287434954,-0.025425140670337642,1.5297459622782517,0.05530459061264992,4.76153039932251,1.9781744480133057,1.5498712062835693,4.979007720947266,0.22109635,0.09185432,-0.07196654
348,11.804,0.10878843814134598,-0.008761994540691376,-0.855731725692749,-0.06727628409862518,0.14448106288909912,-0.06924761831760406,-0.03206155917567936,-0.0213454982919049,1.5296600753330967,0.05690504610538483,4.99779748916626,1.424971103668213,1.5171449184417725,4.882848739624023,0.2307857,0.065801576,-0.07005793
349,11.8382,0.10584084689617157,-0.0011313491268083453,-0.858863353729248,-0.05335495248436928,0.15350553393363953,-0.07112886756658554,-0.033939285400672384,-0.017818230893662818,1.5295418309806972,0.05932627245783806,5.213481426239014,0.6686221361160278,1.424937129020691,4.766880512237549,0.23933032,0.0306938,-0.06541323
350,11.872,0.10395389795303345,0.005257347133010626,-0.8614091873168945,-0.041579972952604294,0.15934909880161285,-0.07223029434680939,-0.035927994702905246,-0.013117289677671402,1.5293551433882826,0.06165951117873192,5.353488445281982,0.019932538270950317,1.3280456066131592,4.68917179107666,0.24264377,0.0009034308,-0.0601929
351,11.9059,0.10248458385467529,0.011842288076877594,-0.863945484161377,-0.02942417748272419,0.16414235532283783,-0.07280027121305466,-0.03710981820970914,-0.009695373187082572,1.529215460589108,0.06432826071977615,5.4330315589904785,-0.6623599529266357,1.195314645767212,4.625504493713379,0.24244817,-0.029557707,-0.053340726
352,11.9399,0.10147060453891754,0.018553707748651505,-0.8664976358413696,-0.016909025609493256,0.16761016845703125,-0.07274997234344482,-0.03843605578781179,-0.004475399559688826,1.5289589981761333,0.06728167086839676,5.478354454040527,-1.3706140518188477,1.0449553728103638,4.583686828613281,0.23847663,-0.0596638,-0.045487646
353,11.974,0.10089088976383209,0.02535998262465,-0.8690090179443359,-0.004209833685308695,0.169692724943161,-0.07157837599515915,-0.03917969358794598,-6.10668169478836e-05,1.5287707126870647,0.07048957049846649,5.467562198638916,-2.0879838466644287,0.867495059967041,4.563936710357666,0.23102537,-0.08822528,-0.036654975
354,12.0081,0.10076919943094254,0.03222639113664627,-0.8714165687561035,0.008600120432674885,0.1704292744398117,-0.06942185759544373,-0.03953314499886994,0.003976094306001799,1.5285828266721595,0.07387269288301468,5.406505107879639,-2.803861618041992,0.6795617341995239,4.567519187927246,0.22056165,-0.11438523,-0.027723134
355,12.0426,0.10127982497215271,0.04081713408231735,-0.8741956949234009,0.024768834933638573,0.1693113148212433,-0.06538385897874832,-0.03949786227561559,0.010399056288784467,1.5282988005419027,0.07823532074689865,5.2783942222595215,-3.6864330768585205,0.45615634322166443,4.606573581695557,0.20444937,-0.14278755,-0.017668419
356,12.0761,0.10220853239297867,0.04763359576463699,-0.8761539459228516,0.037598516792058945,0.16688358783721924,-0.060886383056640625,-0.03905705085855863,0.014539981540910756,1.5281114471592157,0.08175226300954819,5.122799396514893,-4.353631496429443,0.2867099344730377,4.661157131195068,0.19032556,-0.16174893,-0.010652033
357,12.1108,0.10360226035118103,0.05438748374581337,-0.8779004812240601,0.05021815747022629,0.16302494704723358,-0.05549614131450653,-0.03828606988416989,0.018665900504472827,1.5279246264087465,0.08527573198080063,4.9299726486206055,-4.9794769287109375,0.1314588487148285,4.731124401092529,0.17586043,-0.17762634,-0.0046893586
358,12.145,0.10540272295475006,0.061041779816150665,-0.8794032335281372,0.06241603195667267,0.1577632874250412,-0.049565389752388,-0.03653017287607499,0.024395583398859024,1.5276712266310255,0.08880043774843216,4.716464519500732,-5.5701375007629395,5.301833152770996e-05,4.810042858123779,0.16155085,-0.19079131,-1.8160121e-06
359,12.1791,0.11016087234020233,0.07367093861103058,-0.8817143440246582,0.08545496314764023,0.14321063458919525,-0.0367303304374218,-0.03412112728825975,0.029742738572763567,1.527459239008255,0.09559545665979385,4.462814807891846,-6.076797008514404,-0.11843322217464447,4.88635778427124,0.14796272,-0.20147362,0.003926603
360,12.2131,0.11016087234020233,0.07367093861103058,-0.8817143440246582,0.08545496314764023,0.14321063458919525,-0.0367303304374218,-0.03175929455314457,0.033637563813328615,1.5273158277835543,0.09559545665979385,4.186649799346924,-6.514235019683838,-0.21850621700286865,4.953384876251221,0.13511111,-0.21022668,0.007051609
361,12.2471,0.1138591468334198,0.08093206584453583,-0.8826837539672852,0.09825193881988525,0.13131695985794067,-0.02902381494641304,-0.02946482731004079,0.03671637777054197,1.5272082360755153,0.09952285885810852,3.7953710556030273,-6.915574550628662,-0.32808440923690796,5.016087055206299,0.12017636,-0.21897426,0.010388441
362,12.2806,0.12106776237487793,0.09113359451293945,-0.8836284875869751,0.11586612462997437,0.10895761847496033,-0.017510322853922844,-0.0258781214852195,0.04052513089303242,1.5270444516684754,0.10489615797996521,3.0902152061462402,-7.340397357940674,-0.46187618374824524,5.075112342834473,0.09683879,-0.23002772,0.014473921
363,12.3141,0.12106776237487793,0.09113359451293945,-0.8836284875869751,0.11586612462997437,0.10895761847496033,-0.017510322853922844,-0.02285350285618926,0.04301006408834731,1.5269612278844102,0.10489615797996521,3.093618631362915,-7.3776936531066895,-0.4551176130771637,5.073464393615723,0.0965189,-0.23017925,0.014199374
364,12.3478,0.1297464370727539,0.09934316575527191,-0.883758544921875,0.12989160418510437,0.08294178545475006,-0.007084385957568884,-0.02007101758511226,0.044815025678337714,1.5268833304225256,0.1089276522397995,2.7039074897766113,-7.517449378967285,-0.5013619661331177,5.086477279663086,0.08444795,-0.23478362,0.015658448
365,12.382,0.1345362663269043,0.10264220833778381,-0.8836435079574585,0.1354404240846634,0.0689658597111702,-0.002808277728036046,-0.01601347632283527,0.04681840109191743,1.5267815976688845,0.11046941578388214,1.8821430206298828,-7.657088756561279,-0.5668013691902161,5.091236114501953,0.059521094,-0.24214861,0.017924588
366,12.4159,0.1408051997423172,0.10598086565732956,-0.8832647800445557,0.14106985926628113,0.050918664783239365,0.002097929362207651,-0.012806916977974082,0.04789346096733357,1.5266978412526016,0.11193422228097916,1.3505771160125732,-7.678246021270752,-0.590521514415741,5.082672119140625,0.043185547,-0.24551672,0.018882295
367,12.4499,0.14596399664878845,0.10799705982208252,-0.8827974796295166,0.14430363476276398,0.03604958951473236,0.005656358320266008,-0.010036279652856032,0.04850734872692126,1.5266044974563941,0.11273044347763062,0.9263749122619629,-7.6580939292907715,-0.6048699617385864,5.071724891662598,0.029930953,-0.2474312,0.019543204
368,12.4844,0.1511993110179901,0.10940393805503845,-0.8823155164718628,0.14655232429504395,0.02112448588013649,0.008868132717907429,-0.006064350697246685,0.04887543087908384,1.5264954410097555,0.1132132038474083,0.49866408109664917,-7.613203048706055,-0.6234031915664673,5.054892539978027,0.016285688,-0.24863681,0.020359498
369,12.5181,0.15645164251327515,0.11017294228076935,-0.8818012475967407,0.14777398109436035,0.005909024737775326,0.011591557413339615,-0.0028666458428613572,0.048822055305173764,1.5263958387849865,0.11334492266178131,0.08080185949802399,-7.524547100067139,-0.6465843915939331,5.038727760314941,0.0026745987,-0.24906783,0.0214024
370,12.5518,0.1616901457309723,0.110259048640728,-0.8812141418457031,0.14799551665782928,-0.009227541275322437,0.013857249170541763,0.0010572944583358479,0.04835671783895286,1.5262684065268262,0.11306065320968628,-0.3354632258415222,-7.4032511711120605,-0.6732982397079468,5.021174430847168,-0.01127021,-0.24871935,0.022620102
371,12.5857,0.16683904826641083,0.1096804216504097,-0.8805438280105591,0.1471864879131317,-0.02404986321926117,0.015911012887954712,0.0036971461269444373,0.047753982066429876,1.5261793237883632,0.1123654842376709,-0.7312523126602173,-7.235689640045166,-0.703323245048523,5.0096845626831055,-0.025020689,-0.24757794,0.024065062
372,12.6201,0.17311105132102966,0.10799765586853027,-0.879716157913208,0.14485488831996918,-0.042424093931913376,0.01823808066546917,0.007309241187615022,0.04656999474124029,1.5260235288645934,0.1109229028224945,-1.2119989395141602,-6.96843957901001,-0.7584323883056641,4.999598503112793,-0.042594425,-0.24489847,0.026654307
373,12.6541,0.17795147001743317,0.10593394190073013,-0.879083514213562,0.141900897026062,-0.056917667388916016,0.020061584189534187,0.010039038521297786,0.04538820868513922,1.5258930339711796,0.10935250669717789,-1.5780924558639526,-6.703881740570068,-0.8195264339447021,4.997725486755371,-0.056882896,-0.24164377,0.029540118
374,12.6882,0.1826336830854416,0.10327348113059998,-0.8784514665603638,0.1381271779537201,-0.070942223072052,0.021865513175725937,0.0123249638832646,0.04418753499124461,1.5257671996096733,0.10743925720453262,-1.924038290977478,-6.39099645614624,-0.8913630247116089,5.003723621368408,-0.071434304,-0.2372803,0.03309388
375,12.722,0.1871775984764099,0.10002623498439789,-0.8777997493743896,0.133589968085289,-0.0845448300242424,0.024042652919888496,0.015454164640242796,0.042262206842361025,1.5256098067892496,0.10519548505544662,-2.2627696990966797,-6.032675266265869,-0.9803519248962402,5.013952255249023,-0.08679941,-0.23141228,0.037606113
376,12.7558,0.19154708087444305,0.09625528007745743,-0.8770674467086792,0.12848713994026184,-0.0976816937327385,0.026287315413355827,0.01785472244238071,0.04050233173738782,1.5254920950690682,0.10266295075416565,-2.576328992843628,-5.615251064300537,-1.0718501806259155,5.034844398498535,-0.10271859,-0.22388083,0.042734813
377,12.7901,0.19568955898284912,0.0920322984457016,-0.8761123418807983,0.12257466465234756,-0.11015298962593079,0.029027340933680534,0.019852498975887454,0.03883994497306832,1.5253862344157374,0.09985524415969849,-2.8593504428863525,-5.144981861114502,-1.1591517925262451,5.064631462097168,-0.119155556,-0.21440296,0.04830446
378,12.8259,0.200460746884346,0.08615140616893768,-0.8747329711914062,0.11421874910593033,-0.12492531538009644,0.03271184489130974,0.022557355181783246,0.03631143996560622,1.5252353663399845,0.09601587057113647,-3.177213191986084,-4.484669208526611,-1.2679206132888794,5.108030319213867,-0.14082293,-0.19877303,0.05619777
379,12.8598,0.20392651855945587,0.08099603652954102,-0.8734613656997681,0.10669517517089844,-0.13580942153930664,0.03633302077651024,0.025120393898443113,0.03357463831019709,1.525099411966336,0.0927015170454979,-3.403930425643921,-3.906773328781128,-1.356914758682251,5.143922805786133,-0.15887262,-0.18234196,0.06333167
380,12.894,0.20699003338813782,0.07545143365859985,-0.8720172643661499,0.09849447011947632,-0.14609545469284058,0.04037085175514221,0.027092739324134203,0.031207256629279374,1.524995548683823,0.08914387971162796,-3.5896997451782227,-3.279989719390869,-1.437535047531128,5.182539939880371,-0.17698665,-0.1617167,0.07087626
381,12.928,0.20968124270439148,0.06955571472644806,-0.8704434633255005,0.0897124633193016,-0.1553703099489212,0.044938549399375916,0.02879309069814954,0.029005583905408038,1.5249131238480849,0.08541367202997208,-3.7392356395721436,-2.6243202686309814,-1.5112121105194092,5.220139026641846,-0.19427727,-0.13635026,0.07851716
382,12.9619,0.21206432580947876,0.06336437910795212,-0.8687522411346436,0.08041804283857346,-0.16392751038074493,0.049934130162000656,0.03118319455271159,0.025574117485597753,1.5248026026628467,0.08161722123622894,-3.872037410736084,-1.9572203159332275,-1.5859321355819702,5.25291109085083,-0.20955448,-0.105924666,0.08583057
383,12.9959,0.2140996903181076,0.05693558603525162,-0.8669722080230713,0.07066500186920166,-0.17147709429264069,0.05534537881612778,0.033057668808342267,0.022584240625225436,1.5247330941583956,0.07781705260276794,-3.964876413345337,-1.2959630489349365,-1.6505457162857056,5.285560131072998,-0.22095904,-0.072222866,0.091983445
384,13.03,0.21614882349967957,0.048619404435157776,-0.8645716905593872,0.057729315012693405,-0.17953723669052124,0.06252611428499222,0.034648397813987215,0.019702238433758137,1.5246551966965107,0.07313532382249832,-4.0196099281311035,-0.5043522119522095,-1.7098076343536377,5.328340530395508,-0.22853409,-0.02867484,0.09721076
385,13.0659,0.21740832924842834,0.04185110703110695,-0.8624873161315918,0.046910881996154785,-0.18474186956882477,0.06840083748102188,0.036835820545432024,0.015158551678649398,1.524580495027934,0.06957124918699265,-4.046816349029541,0.07695749402046204,-1.74959397315979,5.3591790199279785,-0.22943717,0.0043631606,0.09919449
386,13.0998,0.21823136508464813,0.03502809256315231,-0.8602344989776611,0.035577595233917236,-0.18855427205562592,0.07415939122438431,0.038774510272847236,0.01011716380829148,1.5244799606967836,0.06615721434354782,-4.036184787750244,0.6092846393585205,-1.7681349515914917,5.38918399810791,-0.2268332,0.03424174,0.09936901
387,13.134,0.21860766410827637,0.028204690665006638,-0.8577808141708374,0.023803800344467163,-0.19103151559829712,0.07974272221326828,0.040059452209296846,0.005601273276911792,1.5244181753594936,0.06294005364179611,-3.9770727157592773,1.0951616764068604,-1.7557629346847534,5.418699264526367,-0.22177586,0.061070148,0.09790765
388,13.168,0.2185373157262802,0.02141307108104229,-0.8551408052444458,0.011714013293385506,-0.1920679211616516,0.08447273075580597,0.04094447889617902,0.0014406893966548923,1.524349066329206,0.05998030677437782,-3.875181198120117,1.5402660369873047,-1.706502914428711,5.444389820098877,-0.21501407,0.08546152,0.09468516
389,13.2021,0.21804918348789215,0.014672628603875637,-0.8524123430252075,-0.0005350364954210818,-0.19149595499038696,0.08832177519798279,0.04163256065926063,-0.004679398739486197,1.5242850173049898,0.05738264322280884,-3.7537503242492676,1.9618867635726929,-1.6367723941802979,5.463265895843506,-0.20666891,0.10801491,0.090115204
390,13.2361,0.21689243614673615,0.006378119811415672,-0.8488109111785889,-0.016197530552744865,-0.18868567049503326,0.09172041714191437,0.04173117252099923,-0.009602609876769148,1.5242511951591458,0.054767049849033356,-3.530704975128174,2.4459946155548096,-1.4911160469055176,5.483083724975586,-0.19413692,0.13449378,0.08198948
391,13.2699,0.21553173661231995,-4.1128761949948967e-05,-0.845848798751831,-0.028707874938845634,-0.18463261425495148,0.09324153512716293,0.04144747512468933,-0.01385565108989587,1.5242334851378967,0.053251300007104874,-3.3220839500427246,2.807448625564575,-1.3458671569824219,5.495785713195801,-0.18241374,0.1541554,0.073900804
392,13.3054,0.21373076736927032,-0.006153931841254234,-0.8428752422332764,-0.041074588894844055,-0.17881153523921967,0.09351867437362671,0.0404609445495723,-0.01970412345246721,1.5242120466911215,0.05219182372093201,-3.0956239700317383,3.1520650386810303,-1.1851528882980347,5.507604598999023,-0.16919065,0.17227542,0.06477427
393,13.3391,0.21148133277893066,-0.011915761977434158,-0.8399568796157837,-0.05315478891134262,-0.17144304513931274,0.09248243272304535,0.03881366706324981,-0.02515463632439665,1.5242529262138542,0.051531173288822174,-2.8319785594940186,3.4654200077056885,-1.0016236305236816,5.523160934448242,-0.15437773,0.18890809,0.054600827
394,13.373,0.20880362391471863,-0.017293069511651993,-0.8371267318725586,-0.06492263078689575,-0.16257916390895844,0.0900106206536293,0.03701796411923663,-0.029206463233600273,1.5242978004782222,0.051216863095760345,-2.54498291015625,3.7640819549560547,-0.806159496307373,5.542888641357422,-0.1378747,0.2039195,0.04367377
395,13.407,0.20574338734149933,-0.022277524694800377,-0.8344820737838745,-0.07613635063171387,-0.15239755809307098,0.08616263419389725,0.035147909046539805,-0.03247349610085498,1.52436278160882,0.051206059753894806,-2.2295026779174805,4.0275373458862305,-0.5952980518341064,5.566136360168457,-0.120078005,0.21691772,0.03206195
396,13.4411,0.2014251947402954,-0.02789628878235817,-0.8313744068145752,-0.08905986696481705,-0.13785907626152039,0.08015839755535126,0.03208541319278699,-0.036631993014689286,1.5244567911952998,0.05151798203587532,-1.8123295307159424,4.325880527496338,-0.3218584358692169,5.599311828613281,-0.096375704,0.23004083,0.017115725
397,13.475,0.19758187234401703,-0.03186443820595741,-0.829094648361206,-0.09856130182743073,-0.12504132091999054,0.07398403435945511,0.029264674109364522,-0.03947679001349034,1.52456677974832,0.05191241204738617,-1.460693359375,4.535258769989014,-0.092630535364151,5.626262664794922,-0.07662722,0.23791733,0.00485935
398,13.51,0.19345465302467346,-0.035342030227184296,-0.8270117044448853,-0.1071678027510643,-0.11119680106639862,0.06662875413894653,0.02662168230335343,-0.041660752716112644,1.524661588283127,0.052387963980436325,-1.1036512851715088,4.707752227783203,0.14686617255210876,5.649173736572266,-0.057034854,0.24328876,-0.007589798
399,13.5456,0.18904344737529755,-0.038236889988183975,-0.8251930475234985,-0.11470207571983337,-0.09650865197181702,0.05828583613038063,0.022496560207523778,-0.044206168796496755,1.524816983732733,0.05279305577278137,-0.7385153770446777,4.858418941497803,0.386709064245224,5.6711626052856445,-0.037454475,0.24639912,-0.019612301
400,13.5792,0.17952540516853333,-0.042228877544403076,-0.8226437568664551,-0.12695881724357605,-0.06487168371677399,0.03924687206745148,0.018057397323714145,-0.04606509268807489,1.5249972797385314,0.05311618372797966,-0.3741076588630676,4.957377910614014,0.6249388456344604,5.683518409729004,-0.018665817,0.2473446,-0.031180847
401,13.6131,0.17952540516853333,-0.042228877544403076,-0.8226437568664551,-0.12695881724357605,-0.06487168371677399,0.03924687206745148,0.014368168119303214,-0.047050799347729676,1.52514801465623,0.05311618372797966,-0.006565261632204056,5.0246148109436035,0.8591850996017456,5.691138744354248,-0.00032198135,0.24642313,-0.042137176
402,13.647,0.17325112223625183,-0.043469104915857315,-0.8217532634735107,-0.132101908326149,-0.04431511089205742,0.026335405185818672,0.011066407007255493,-0.04754398349209872,1.5252452200360178,0.05291600525379181,0.4314238429069519,5.018864154815674,1.1535240411758423,5.677987098693848,0.020870931,0.2427969,-0.055803873
403,13.6811,0.16309097409248352,-0.043383486568927765,-0.8215551376342773,-0.13623623549938202,-0.01079617440700531,0.005074484273791313,0.006365892313157411,-0.047658516063728944,1.5254141976071833,0.05182826891541481,1.1062098741531372,4.859476566314697,1.6056654453277588,5.619305610656738,0.052816853,0.2320195,-0.07666375
404,13.7149,0.16309097409248352,-0.043383486568927765,-0.8215551376342773,-0.13623623549938202,-0.01079617440700531,0.005074484273791313,0.0026057697085137056,-0.047205221079062235,1.5255120687772437,0.05182826891541481,1.1328738927841187,4.893050193786621,1.602940559387207,5.634137153625488,0.053720508,0.23202683,-0.07601091
405,13.7491,0.15317286550998688,-0.04086912050843239,-0.822991132736206,-0.1351429522037506,0.02230849862098694,-0.01934010721743107,-0.0006798122447817134,-0.04649531803979878,1.5256002194093254,0.04984014108777046,1.7700002193450928,4.552708625793457,2.03906512260437,5.526089668273926,0.08359802,0.21502675,-0.096306086
406,13.7838,0.14837546646595,-0.03873591125011444,-0.8243008852005005,-0.13281942903995514,0.038259394466876984,-0.030799491330981255,-0.005381432969966304,-0.0449418129521715,1.5257038163757295,0.0485895574092865,2.108083724975586,4.348206043243408,2.220553159713745,5.472561836242676,0.09910022,0.20440751,-0.10438736
407,13.8181,0.14258530735969543,-0.03525935858488083,-0.8264757394790649,-0.1281793713569641,0.05732746049761772,-0.04567169025540352,-0.008941857764077172,-0.04325065156451154,1.5257774527798702,0.04689772427082062,2.509324312210083,4.015337944030762,2.4190080165863037,5.385561466217041,0.11798433,0.18879464,-0.11373781
408,13.8519,0.13820718228816986,-0.03188308700919151,-0.828632116317749,-0.12318883091211319,0.07201455533504486,-0.0575365386903286,-0.013210009295498192,-0.04064497730327519,1.5258152696673493,0.04555734992027283,2.83819580078125,3.7105939388275146,2.5513057708740234,5.3136444091796875,0.13330176,0.17427576,-0.119827375
409,13.886,0.13408395648002625,-0.027997998520731926,-0.8311547040939331,-0.11701095849275589,0.08596116304397583,-0.06879585236310959,-0.01609082242715066,-0.038491911430487004,1.5258288517889087,0.0443415492773056,3.1468493938446045,3.352769613265991,2.6426076889038086,5.231319427490234,0.14833835,0.15804516,-0.12456906
410,13.9199,0.1302698850631714,-0.023617461323738098,-0.834014892578125,-0.10999033600091934,0.09888254851102829,-0.07930011302232742,-0.01992497648883504,-0.03501032764791279,1.5258068807099154,0.043362464755773544,3.4586541652679443,2.9560482501983643,2.696338415145874,5.147886276245117,0.16349146,0.13973315,-0.1274566
411,13.9541,0.12677080929279327,-0.018795479089021683,-0.8371962308883667,-0.101851686835289,0.1107727512717247,-0.08894703537225723,-0.022774581741760443,-0.031907389196293594,1.5257822464698323,0.042799822986125946,3.744805335998535,2.5087852478027344,2.702970504760742,5.05759334564209,0.17812668,0.11933374,-0.12857041
412,13.9882,0.12362100183963776,-0.013609160669147968,-0.840653657913208,-0.09292659908533096,0.12149742990732193,-0.09760718047618866,-0.025101834994596624,-0.028992139103092344,1.5257340432541018,0.04281621798872948,4.004223823547363,2.016941785812378,2.660784959793091,4.963528633117676,0.19200854,0.09671538,-0.12758863
413,14.0223,0.12016302347183228,-0.006750991567969322,-0.8453022241592407,-0.08059758692979813,0.13316351175308228,-0.10677345097064972,-0.028103727288793325,-0.02459864110959916,1.5256502868378188,0.0438731387257576,4.294223308563232,1.3511359691619873,2.5450310707092285,4.84861421585083,0.20759588,0.06531804,-0.12303458
414,14.0559,0.11781031638383865,-0.0010255991946905851,-0.8492567539215088,-0.07014351338148117,0.1410578042268753,-0.11268454790115356,-0.03019673679840562,-0.020915951214021133,1.5255727888500976,0.04558220133185387,4.487215042114258,0.7784795761108398,2.3978183269500732,4.759976387023926,0.21795684,0.037812974,-0.11646888
415,14.0914,0.11586111038923264,0.004846788011491299,-0.8534116744995117,-0.05901671573519707,0.14759111404418945,-0.11714498698711395,-0.03256896418415051,-0.016020388058101867,1.5254275134126336,0.048013441264629364,4.6311869621276855,0.1782141625881195,2.199803113937378,4.678666114807129,0.22568329,0.0086845895,-0.10719904
416,14.1249,0.11435630172491074,0.010810489766299725,-0.8577286005020142,-0.04738788306713104,0.15281173586845398,-0.11975325644016266,-0.03403555035170034,-0.012390552547486208,1.5253140627501964,0.051059648394584656,4.743810176849365,-0.44449982047080994,1.9627082347869873,4.611692428588867,0.23014744,-0.021565048,-0.0952214
417,14.159,0.11332707107067108,0.01683386042714119,-0.8620513677597046,-0.03526836261153221,0.15653091669082642,-0.12061899900436401,-0.03552367275397158,-0.00804835525493663,1.5251645262549884,0.05455736070871353,4.7926106452941895,-1.0807344913482666,1.6876418590545654,4.559668064117432,0.23064765,-0.052011084,-0.08121891
418,14.1931,0.11276692897081375,0.022886045277118683,-0.8662512302398682,-0.022839941084384918,0.1587192565202713,-0.11958791315555573,-0.03707515550364608,-0.002451098045754622,1.5249621260121424,0.05836278945207596,4.8023858070373535,-1.7238656282424927,1.3983309268951416,4.52814245223999,0.22693212,-0.08145961,-0.066076785
419,14.2275,0.11267150938510895,0.030395111069083214,-0.8713774681091309,-0.0070485458709299564,0.15949086844921112,-0.1155029833316803,-0.03784899521501745,0.001586601756141137,1.5248077958269723,0.06345070898532867,4.716751575469971,-2.5075790882110596,0.9976179599761963,4.5119853019714355,0.21699233,-0.11536021,-0.04589503
420,14.2613,0.11310245841741562,0.036283984780311584,-0.8752709627151489,0.0057210600934922695,0.15828675031661987,-0.1102747693657875,-0.03854015625810947,0.007434347861159348,1.5245721060705002,0.06759484857320786,4.623950958251953,-3.1156060695648193,0.6897425651550293,4.523030757904053,0.20575932,-0.13864009,-0.030692574
421,14.2952,0.1139863133430481,0.042007919400930405,-0.8788702487945557,0.018513480201363564,0.1555936485528946,-0.10282624512910843,-0.038630362517657495,0.012141325402238726,1.524364379505474,0.07165080308914185,4.476824760437012,-3.6837422847747803,0.3837123215198517,4.551153659820557,0.19262575,-0.15850154,-0.01651011
422,14.3299,0.11534526944160461,0.04749630391597748,-0.8821641206741333,0.03127289190888405,0.15144772827625275,-0.09347624331712723,-0.038352228631312345,0.016253379283375575,1.5241851487641118,0.07550878077745438,4.282281875610352,-4.20116662979126,0.0886664092540741,4.59414005279541,0.17843932,-0.1750593,-0.0036946596
423,14.364,0.11715660989284515,0.052696965634822845,-0.885086178779602,0.043742794543504715,0.14581426978111267,-0.08275778591632843,-0.03732637481822462,0.022048504160063966,1.5239422684726964,0.07908009737730026,4.066068649291992,-4.68234395980835,-0.17721731960773468,4.649665832519531,0.16385068,-0.18868478,0.00714134
424,14.398,0.11937233060598373,0.05758780613541603,-0.8876148462295532,0.055781539529561996,0.1387355923652649,-0.07118411362171173,-0.03594347848793054,0.026452538284619773,1.5237414661265045,0.08233673125505447,3.804934024810791,-5.094716548919678,-0.42477625608444214,4.709887981414795,0.14926183,-0.19985805,0.016663333
425,14.4319,0.1226910725235939,0.06318538635969162,-0.8902058601379395,0.07013976573944092,0.12787145376205444,-0.056515466421842575,-0.033620326087054155,0.031503924452335796,1.5234971210964898,0.08587930351495743,3.4215645790100098,-5.496692180633545,-0.7029578685760498,4.7848076820373535,0.1313426,-0.21099994,0.02698424
426,14.4663,0.12577790021896362,0.06719636172056198,-0.8918006420135498,0.08110187202692032,0.11780059337615967,-0.044695187360048294,-0.03165165083024033,0.03464709328117199,1.5233475846012818,0.08822678029537201,3.094536304473877,-5.777068614959717,-0.8865324258804321,4.843372821807861,0.116980374,-0.21838607,0.0335129
427,14.4999,0.12924310564994812,0.07070056349039078,-0.8929569721221924,0.09133262187242508,0.10668057203292847,-0.03343531861901283,-0.028417761834989504,0.0385100958273052,1.5231506438386704,0.09006257355213165,2.733626365661621,-5.989630699157715,-1.0428521633148193,4.895010471343994,0.10252081,-0.22463267,0.0391107
428,14.5341,0.13309958577156067,0.07366205751895905,-0.8937335014343262,0.10078556835651398,0.09439869225025177,-0.022044513374567032,-0.02551124607792587,0.04109141880932414,1.522966086775128,0.09138710796833038,2.3370771408081055,-6.118671894073486,-1.1873176097869873,4.939955711364746,0.08777345,-0.22979856,0.044592008
429,14.5681,0.1372694969177246,0.0761004239320755,-0.8941391706466675,0.10904912650585175,0.08134889602661133,-0.011396449990570545,-0.022794784315342216,0.042956805027734926,1.5228282681887164,0.0922512486577034,1.9197559356689453,-6.180655002593994,-1.3124338388442993,4.977365493774414,0.07267763,-0.23398566,0.049685784
430,14.602,0.1417170912027359,0.07794646173715591,-0.8941527605056763,0.11652867496013641,0.06741682440042496,-0.0013257833197712898,-0.01870404404530441,0.04499715260738551,1.5226264005780883,0.09260498732328415,1.4811270236968994,-6.19945764541626,-1.4145299196243286,5.008569717407227,0.05671335,-0.23738141,0.054163303
431,14.6359,0.14757895469665527,0.07939111441373825,-0.893662691116333,0.12454862147569656,0.04922483488917351,0.010180125944316387,-0.015325034616887579,0.046107432788217946,1.522479127769807,0.09236057847738266,0.9155396223068237,-6.104822635650635,-1.518710970878601,5.044628143310547,0.036004238,-0.24007642,0.059724372
432,14.67,0.1524459421634674,0.07991012185811996,-0.8928669691085815,0.12966018915176392,0.03429575636982918,0.018649104982614517,-0.012339381363556556,0.046738460486133816,1.522341974973668,0.09168203175067902,0.45752471685409546,-5.971049785614014,-1.581106424331665,5.070559978485107,0.018467164,-0.24101071,0.06381852
433,14.7044,0.15742498636245728,0.07984554022550583,-0.8916661739349365,0.1336217075586319,0.019154123961925507,0.02661869116127491,-0.008011181271189405,0.04705528927087998,1.5221551542231988,0.090552918612957,-0.0074921585619449615,-5.800875186920166,-1.6234854459762573,5.093224048614502,-0.00031094093,-0.24074899,0.06737819
434,14.7391,0.16251808404922485,0.07921436429023743,-0.8901444673538208,0.13660916686058044,0.003989673685282469,0.03416730836033821,-0.0037033278335801886,0.04687118161577144,1.5219668687341303,0.08905209600925446,-0.467659592628479,-5.562528133392334,-1.6500886678695679,5.119060516357422,-0.020085264,-0.23890208,0.07086878
435,14.7731,0.167698934674263,0.07803202420473099,-0.8882945775985718,0.13858062028884888,-0.011234745383262634,0.04125930741429329,-0.00022231063917807478,0.04633862846035045,1.5218226585611025,0.08721714466810226,-0.9292827248573303,-5.281618595123291,-1.6609878540039062,5.144683837890625,-0.041381758,-0.23519503,0.073965214
436,14.807,0.1729339212179184,0.0762985572218895,-0.8861199617385864,0.13942861557006836,-0.02632948011159897,0.04777952656149864,0.0027800145649875705,0.04562389428042203,1.521689633664653,0.08508458733558655,-1.3694533109664917,-4.92820405960083,-1.6512916088104248,5.177273750305176,-0.06369689,-0.2292238,0.076805934
437,14.8409,0.17942042648792267,0.07345512509346008,-0.8831881284713745,0.13894692063331604,-0.04462749511003494,0.05502103269100189,0.007046665987700818,0.0442666849710796,1.521536901376137,0.0822506695985794,-1.8932969570159912,-4.431759834289551,-1.6256946325302124,5.219481468200684,-0.09306314,-0.21783878,0.079909414
438,14.8745,0.1844768226146698,0.07063876837491989,-0.8806368112564087,0.13718952238559723,-0.05881083384156227,0.060294829308986664,0.0104306074656208,0.04287565767708237,1.521404009637742,0.07985227555036545,-2.279489040374756,-3.9869606494903564,-1.594245195388794,5.25592565536499,-0.11722307,-0.20503005,0.0819843
439,14.91,0.18939262628555298,0.06740118563175201,-0.8778396844863892,0.13439296185970306,-0.07247207313776016,0.0653076097369194,0.013428880565507973,0.04146106972981634,1.521300945303556,0.07738876342773438,-2.6311349868774414,-3.5052762031555176,-1.546519160270691,5.295727729797363,-0.14152743,-0.18854704,0.083186485
440,14.9442,0.1941078007221222,0.06380333751440048,-0.8749047517776489,0.1305873543024063,-0.08552214503288269,0.06994198262691498,0.01773116217077404,0.039066654883239724,1.521151142492239,0.07497834414243698,-2.9634125232696533,-3.018550157546997,-1.4950459003448486,5.330852508544922,-0.16512968,-0.1682021,0.08330816
441,14.9782,0.19859500229358673,0.05989615619182587,-0.8718259334564209,0.1255311518907547,-0.09790315479040146,0.07394131273031235,0.021182419206434978,0.03684221213204821,1.5210562007993778,0.0726805254817009,-3.2523066997528076,-2.509970188140869,-1.4302738904953003,5.365878105163574,-0.18691105,-0.14424874,0.08219827
442,15.012,0.202835351228714,0.05570394918322563,-0.8686041831970215,0.11932816356420517,-0.10944144427776337,0.07738206535577774,0.02546958633221754,0.03363294697390761,1.5209404864500138,0.0705403983592987,-3.5179331302642822,-2.009445905685425,-1.3594239950180054,5.39387321472168,-0.20580515,-0.11755605,0.079528645
443,15.046,0.20781056582927704,0.05007236823439598,-0.8644688129425049,0.11002830415964127,-0.12263766676187515,0.08071789890527725,0.02843061574843834,0.031077831161490727,1.520867915310309,0.06820213794708252,-3.7781219482421875,-1.365707516670227,-1.2485686540603638,5.428507328033447,-0.2245176,-0.081158146,0.07419708
444,15.0798,0.21482528746128082,0.0402606837451458,-0.8577907085418701,0.09195601940155029,-0.14033208787441254,0.08358940482139587,0.03250639030150666,0.026997202581216816,1.5207752373043744,0.06540875136852264,-4.080377578735352,-0.3916066586971283,-1.0476710796356201,5.464513778686523,-0.24110618,-0.023139719,0.061906032
445,15.1141,0.21482528746128082,0.0402606837451458,-0.8577907085418701,0.09195601940155029,-0.14033208787441254,0.08358940482139587,0.03555983764933701,0.02335537348302009,1.5206846898273116,0.06540875136852264,-4.126679420471191,-0.4126468598842621,-1.0706628561019897,5.455296516418457,-0.24086243,-0.024085013,0.062491518
446,15.1479,0.2202983945608139,0.029600964859128,-0.8513109683990479,0.0698697492480278,-0.15352699160575867,0.08105753362178802,0.03812082073853047,0.019730669758989336,1.5206029307818463,0.06375286728143692,-4.238755702972412,0.039332956075668335,-0.9655288457870483,5.461087226867676,-0.24374618,0.0022618095,0.055521946
447,15.1822,0.2223803550004959,0.024095406755805016,-0.8483401536941528,0.05741235986351967,-0.15781019628047943,0.0787934735417366,0.04138639302837484,0.013960805381359269,1.52047443325925,0.06335660815238953,-4.334059238433838,0.856315016746521,-0.73014235496521,5.459562301635742,-0.24197626,0.0478092,0.040764812
448,15.2158,0.2242874652147293,0.017099451273679733,-0.8449076414108276,0.04089796543121338,-0.16119574010372162,0.07475827634334564,0.043535206165797306,0.00921224039523397,1.5203704368186823,0.06313049048185349,-4.329723834991455,1.31001877784729,-0.5882464647293091,5.448460102081299,-0.23728912,0.07179516,0.03223866
449,15.2501,0.22517573833465576,0.01144134346395731,-0.8424214124679565,0.026841439306735992,-0.1621200442314148,0.06972656399011612,0.04499107727114877,0.005024544936909117,1.5202830851349276,0.06304071843624115,-4.28661584854126,1.6535139083862305,-0.46358683705329895,5.433547496795654,-0.23207013,0.08951845,0.025097808
450,15.2839,0.22551020979881287,0.005833619739860296,-0.8402161598205566,0.01239521149545908,-0.16129380464553833,0.06379096210002899,0.04636270926226965,-0.0011587628464253057,1.5201726971077438,0.06300534307956696,-4.225139141082764,1.9840641021728516,-0.3452790677547455,5.413409233093262,-0.22567546,0.10597393,0.018442236
451,15.3179,0.22526107728481293,0.0003765886358451098,-0.8383641242980957,-0.0023225853219628334,-0.15890106558799744,0.05773166939616203,0.0468296363027662,-0.00612454385951763,1.5200874759528613,0.06293242424726486,-4.114773750305176,2.2984414100646973,-0.22853854298591614,5.394299507141113,-0.21800211,0.12177221,0.01210805
452,15.3522,0.22443616390228271,-0.00492862006649375,-0.8368725776672363,-0.017123546451330185,-0.15494199097156525,0.051329176872968674,0.046619250737839145,-0.012103576134084155,1.5199950642630355,0.06276513636112213,-3.9637441635131836,2.5982401371002197,-0.11615511775016785,5.377068519592285,-0.20902099,0.13701357,0.006125233
453,15.386,0.22296366095542908,-0.010039959102869034,-0.8357793092727661,-0.03178058937191963,-0.1494228094816208,0.044909462332725525,0.04600514659641289,-0.01597408650583732,1.5199473936795231,0.06237802281975746,-3.7838847637176514,2.8937721252441406,-0.02630046010017395,5.363371849060059,-0.19858104,0.15186727,0.0013802673
454,15.4199,0.22027963399887085,-0.016076724976301193,-0.8348791599273682,-0.049731723964214325,-0.14060740172863007,0.036963604390621185,0.04453910138345949,-0.021040329159306242,1.5199074462631719,0.061594221740961075,-3.495278835296631,3.237142324447632,0.07477244734764099,5.356075763702393,-0.18339735,0.16985293,-0.003923312
455,15.4542,0.2174866497516632,-0.020545583218336105,-0.8345180749893188,-0.06343614310026169,-0.13208699226379395,0.030689051374793053,0.04288526586295267,-0.024672643698389736,1.519924623652203,0.06070549041032791,-3.224174737930298,3.494112491607666,0.14069077372550964,5.3583760261535645,-0.16946292,0.18365087,-0.00739472
456,15.488,0.2141290158033371,-0.024635417386889458,-0.8344634771347046,-0.0765921026468277,-0.12248080223798752,0.024557102471590042,0.04111507100875541,-0.027541361293325663,1.5199384720898714,0.05955575406551361,-2.915494203567505,3.7314913272857666,0.19285795092582703,5.367240905761719,-0.15379226,0.19683608,-0.010173253
457,15.5222,0.2102634459733963,-0.02836195006966591,-0.8346288204193115,-0.08905532211065292,-0.11192623525857925,0.018800148740410805,0.038104458942583304,-0.031187636622186057,1.520025557457517,0.05821308493614197,-2.5726962089538574,3.967595100402832,0.22812727093696594,5.384696960449219,-0.13585706,0.20951787,-0.012046779
458,15.5559,0.2059618979692459,-0.03166364133358002,-0.8350163698196411,-0.10078537464141846,-0.10053907334804535,0.01361004263162613,0.035317735500302795,-0.03372539403384159,1.520096397542513,0.056713830679655075,-2.1978297233581543,4.176571369171143,0.2511458694934845,5.406611442565918,-0.11625695,0.22092496,-0.013284675
459,15.5902,0.20127390325069427,-0.03451421484351158,-0.8355737924575806,-0.11152934283018112,-0.08844059705734253,0.008786018937826157,0.03268084191706906,-0.03570188816516832,1.520170300262763,0.055098362267017365,-1.7996454238891602,4.357576847076416,0.2659047544002533,5.430731296539307,-0.0952785,0.23070288,-0.014077776
460,15.624,0.1950514018535614,-0.037427786737680435,-0.8364527225494385,-0.12322399765253067,-0.0724373534321785,0.003498111618682742,0.02857076876199296,-0.03808909999323411,1.5202865472443448,0.053059760481119156,-1.2807414531707764,4.550323963165283,0.27317067980766296,5.4640655517578125,-0.06762077,0.24024867,-0.014422905
461,15.6583,0.1897633969783783,-0.039162419736385345,-0.8373541831970215,-0.13135212659835815,-0.05897951498627663,5.1771683502011e-05,0.025037525896055016,-0.039678312245414474,1.5203941389523838,0.05135289207100868,-0.8502853512763977,4.6662983894348145,0.2647577226161957,5.489518165588379,-0.044746976,0.24556786,-0.013933097
462,15.6921,0.18420186638832092,-0.04032598063349724,-0.8384805917739868,-0.1382375955581665,-0.04510538652539253,-0.0030275124590843916,0.020327962696034468,-0.04125589813496096,1.5205343543837766,0.049575306475162506,-0.4034319221973419,4.7560343742370605,0.24344167113304138,5.515106201171875,-0.021103006,0.24878204,-0.012734121
463,15.7259,0.1784326285123825,-0.04098328948020935,-0.8397089242935181,-0.14388704299926758,-0.030900662764906883,-0.0056295753456652164,0.016843707429991767,-0.04210723583405363,1.52066631401579,0.047878164798021317,0.0420653335750103,4.7901291847229,0.22060629725456238,5.530041694641113,0.0021930088,0.2497257,-0.011500956
464,15.76,0.1724947988986969,-0.041062407195568085,-0.8410255908966064,-0.1483612358570099,-0.016393646597862244,-0.007663286756724119,0.011651746928314293,-0.042923831764488385,1.5208033336538747,0.04627302289009094,0.5009676814079285,4.797089576721191,0.19472238421440125,5.5425519943237305,0.02594555,0.24844542,-0.0100848405
465,15.794,0.16640251874923706,-0.04060233011841774,-0.8424159288406372,-0.1515105813741684,-0.0017486232100054622,-0.00902323704212904,0.007425057486114444,-0.0432457288776841,1.5209113248360773,0.044881533831357956,0.955782949924469,4.746838092803955,0.16900989413261414,5.540841579437256,0.049317446,0.2449321,-0.008720742
466,15.8279,0.15867388248443604,-0.039294928312301636,-0.8441855907440186,-0.15353283286094666,0.016572073101997375,-0.010020675137639046,0.003684154634177569,-0.04323207601590824,1.5210087965319743,0.04362448304891586,1.5126004219055176,4.6013312339782715,0.14582225680351257,5.514608383178711,0.07803718,0.23738915,-0.007523175
467,15.8617,0.15249280631542206,-0.03774922341108322,-0.8455874919891357,-0.1535475254058838,0.03095945157110691,-0.010428491048514843,-0.0016291791741059414,-0.042760147225989385,1.521122380352466,0.04318392649292946,1.9677015542984009,4.463158130645752,0.1395685374736786,5.490723609924316,0.10081135,0.2286612,-0.0071505215
468,15.8962,0.14633809030056,-0.035745106637477875,-0.8470021486282349,-0.15222735702991486,0.04504440352320671,-0.010698518715798855,-0.005836400232544065,-0.04198855455678777,1.5212111967748203,0.043292466551065445,2.412266254425049,4.269288539886475,0.14473137259483337,5.449474334716797,0.1229295,0.21756366,-0.007375535
469,15.9311,0.14030800759792328,-0.0333198681473732,-0.8483737707138062,-0.1496131420135498,0.058757632970809937,-0.010687784291803837,-0.011069054563886061,-0.04055212036620469,1.5213297074433287,0.043973010033369064,2.845594882965088,4.02770471572876,0.16319218277931213,5.394430160522461,0.14417677,0.20407033,-0.008268402
470,15.9651,0.13447469472885132,-0.03043115697801113,-0.8497493267059326,-0.1456265151500702,0.07219262421131134,-0.010626268573105335,-0.014687292840192268,-0.03923536613829624,1.5213892290936921,0.04514414444565773,3.279751777648926,3.755044460296631,0.19947203993797302,5.334557056427002,0.16432671,0.1881405,-0.009994227
471,15.9991,0.12886501848697662,-0.027087824419140816,-0.8511955738067627,-0.1401684284210205,0.08491901308298111,-0.010475381277501583,-0.01969001077928439,-0.03688993681102028,1.5214595365464703,0.04678082466125488,3.6934900283813477,3.4286539554595947,0.2392643392086029,5.261200428009033,0.18301734,0.16989437,-0.011855866
472,16.033,0.12232181429862976,-0.022271225228905678,-0.8529834747314453,-0.131609708070755,0.0997575968503952,-0.010643637739121914,-0.023455683109953607,-0.03468915250104383,1.521470854981103,0.04929409921169281,4.183099269866943,2.9569454193115234,0.3058025538921356,5.1571245193481445,0.20378327,0.14405014,-0.014897434
473,16.0672,0.11747483909130096,-0.017989180982112885,-0.8543938398361206,-0.12341270595788956,0.11084793508052826,-0.011192446574568748,-0.02659590789742851,-0.03247745963357107,1.5214712544552664,0.051652856171131134,4.545098304748535,2.528670072555542,0.3678005635738373,5.0653276443481445,0.2179213,0.12124074,-0.017634729
474,16.1007,0.11306598782539368,-0.013321707025170326,-0.8557920455932617,-0.11405379325151443,0.12112880498170853,-0.0119939548894763,-0.030743877002578596,-0.028937883437665783,1.5214323723033514,0.05418747290968895,4.887165069580078,2.0700631141662598,0.43975767493247986,4.975334644317627,0.22941482,0.09717354,-0.020643242
475,16.135,0.10910738259553909,-0.008308084681630135,-0.85713791847229,-0.10367849469184875,0.130451500415802,-0.012872191146016121,-0.0337899611261138,-0.02573843244426104,1.5213550074736846,0.056853216141462326,5.182714462280273,1.5670456886291504,0.5041505098342896,4.882315635681152,0.23826991,0.07204329,-0.023177795
476,16.1684,0.10569062829017639,-0.0029451658483594656,-0.8584661483764648,-0.09215210378170013,0.13882526755332947,-0.014202543534338474,-0.036240179600500584,-0.02268438172399622,1.5212685878963115,0.05954812839627266,5.42469596862793,1.0245414972305298,0.5595877170562744,4.792064189910889,0.24440467,0.046159774,-0.025211709
477,16.202,0.10282370448112488,0.0027156046126037836,-0.8597540855407715,-0.0796428844332695,0.14610625803470612,-0.01590057648718357,-0.03929284048357152,-0.01792577058683698,1.521120249823594,0.06225547939538956,5.6301069259643555,0.452913761138916,0.6141964197158813,4.713892936706543,0.24773464,0.019929003,-0.027025726
478,16.2361,0.10001633316278458,0.010057689622044563,-0.8613226413726807,-0.06295497715473175,0.15340544283390045,-0.018052436411380768,-0.04129413530254961,-0.013862422385026857,1.520961924896789,0.06564802676439285,5.787500858306885,-0.29889822006225586,0.638595700263977,4.633666038513184,0.24816513,-0.012816605,-0.027382663
479,16.27,0.09835156798362732,0.016061751171946526,-0.8625785112380981,-0.04886272922158241,0.15767890214920044,-0.019778383895754814,-0.042717657323035015,-0.01012304148804107,1.5208138531401805,0.06839216500520706,5.857447147369385,-0.9144755601882935,0.6349555253982544,4.592332363128662,0.24560316,-0.038344022,-0.026623728
480,16.304,0.09722765535116196,0.02218090184032917,-0.8638391494750977,-0.034288190305233,0.160581573843956,-0.021449677646160126,-0.04417860091802523,-0.004569223973249079,1.5205704402165472,0.07113011181354523,5.8901543617248535,-1.5486985445022583,0.6196892261505127,4.573267936706543,0.24054025,-0.06324526,-0.025306672
481,16.338,0.09666872769594193,0.028322793543338776,-0.8651288747787476,-0.019429096952080727,0.16195285320281982,-0.02286691404879093,-0.04482745098929861,-3.0770896969465496e-06,1.5203372804631108,0.07382237166166306,5.861173152923584,-2.1827690601348877,0.576838493347168,4.575493335723877,0.23329096,-0.08688027,-0.022959772
482,16.3719,0.09668634086847305,0.034409306943416595,-0.8664350509643555,-0.0043044546619057655,0.1617976576089859,-0.0237883310765028,-0.04494490055456031,0.005786743201335745,1.5200390064210219,0.07642336934804916,5.790566444396973,-2.8178131580352783,0.5232174396514893,4.600531578063965,0.22405852,-0.10903166,-0.020245226
483,16.4064,0.09723266214132309,0.04042313992977142,-0.8676773309707642,0.010774007998406887,0.16010454297065735,-0.024209968745708466,-0.04460473582076233,0.009874580001606986,1.5198230240566164,0.07893625646829605,5.663949489593506,-3.424133777618408,0.45665064454078674,4.644711494445801,0.21343528,-0.12903203,-0.01720802
484,16.44,0.09869054704904556,0.04775957018136978,-0.8691649436950684,0.029323570430278778,0.1559646874666214,-0.024247074499726295,-0.04349722699193925,0.015490142282094084,1.5195363347652695,0.08189566433429718,5.451034069061279,-4.150410175323486,0.37452200055122375,4.722799301147461,0.19860992,-0.15122133,-0.013645812
485,16.4741,0.10047799348831177,0.053424540907144547,-0.8702877759933472,0.043850839138031006,0.15117740631103516,-0.02371879480779171,-0.0420965623837473,0.0198026042367459,1.5193086344920677,0.08408309519290924,5.233799457550049,-4.690575122833252,0.3103695809841156,4.798174858093262,0.18599284,-0.16668835,-0.011029563
486,16.5081,0.1028207540512085,0.058857034891843796,-0.8712865114212036,0.0579766184091568,0.1449321210384369,-0.022776121273636818,-0.040535013717390135,0.023417495876635393,1.5191062342492216,0.0860624760389328,4.972344398498535,-5.1721343994140625,0.25144949555397034,4.8787007331848145,0.17315526,-0.18011269,-0.008756394
487,16.5419,0.10571746528148651,0.06400202214717865,-0.8722251653671265,0.07139694690704346,0.13741472363471985,-0.02138025499880314,-0.03780335529183622,0.028245134900892727,1.518846842359048,0.08783008903265,4.677318096160889,-5.616664409637451,0.19745221734046936,4.958374500274658,0.15992244,-0.19203967,-0.006751099
488,16.576,0.10911097377538681,0.06879273802042007,-0.8730878829956055,0.08420388400554657,0.12856163084506989,-0.019833145663142204,-0.03527914879282107,0.03166831847359394,1.518632324733242,0.08938116580247879,4.335909366607666,-5.976617336273193,0.1448163092136383,5.029861927032471,0.14677717,-0.20231764,-0.004902254
489,16.6099,0.1129230186343193,0.07318336516618729,-0.8739001750946045,0.09610739350318909,0.11855249106884003,-0.017965329810976982,-0.03284856905087902,0.03439638163167626,1.5184810571833256,0.09074103832244873,3.9587254524230957,-6.261017799377441,0.09121876955032349,5.08970308303833,0.13359421,-0.21128915,-0.0030783392
490,16.6435,0.11815430223941803,0.07802405208349228,-0.8747409582138062,0.10966988652944565,0.10480961203575134,-0.015474325977265835,-0.02908383298778053,0.03778206248668319,1.5182622784997755,0.09212994575500488,3.4477603435516357,-6.53500509262085,0.03301060199737549,5.147947311401367,0.11665488,-0.22111171,-0.0011169128
491,16.678,0.12265252321958542,0.0813484936952591,-0.875307559967041,0.11927511543035507,0.09276442974805832,-0.01353931613266468,-0.025894468717004467,0.04006087117481515,1.5180944993511005,0.09299576282501221,3.0121846199035645,-6.68571138381958,-0.009935438632965088,5.180543422698975,0.102693535,-0.22793402,0.00033872604
492,16.712,0.12740258872509003,0.08413108438253403,-0.875764012336731,0.12784773111343384,0.08003118634223938,-0.011353197507560253,-0.021713466011364386,0.042377184661235995,1.5178984906948707,0.09359243512153625,2.554029703140259,-6.793301105499268,-0.05083015561103821,5.201735496520996,0.08797623,-0.2340024,0.0017508981
493,16.746,0.13241498172283173,0.0863584354519844,-0.8761271238327026,0.13532011210918427,0.06665288656949997,-0.009346126578748226,-0.0187328540387531,0.04363604842494884,1.5177794473941442,0.09390448033809662,2.077324390411377,-6.829089641571045,-0.08899322152137756,5.2146735191345215,0.072749674,-0.23916055,0.0031166186
494,16.7799,0.14301037788391113,0.08914920687675476,-0.8765442371368408,0.14700080454349518,0.03843853622674942,-0.005532610695809126,-0.01447703523183321,0.04493077747840449,1.5176080729779975,0.09373743832111359,1.096342921257019,-6.72791051864624,-0.15939784049987793,5.224026679992676,0.040197276,-0.24667798,0.0058443015
495,16.8145,0.14301037788391113,0.08914920687675476,-0.8765442371368408,0.14700080454349518,0.03843853622674942,-0.005532610695809126,-0.0110460494293759,0.04561004168156441,1.5174978181088683,0.09373743832111359,1.0815508365631104,-6.772482395172119,-0.16150720417499542,5.217001914978027,0.039413966,-0.24680337,0.0058856593
496,16.848,0.1555021107196808,0.08944303542375565,-0.8767468929290771,0.15476581454277039,0.0052530840039253235,-0.0015491737285628915,-0.008054148150456202,0.04594249573176878,1.5173912916652652,0.09229440242052078,-0.025744173675775528,-6.382741451263428,-0.2575678825378418,5.213652610778809,-0.0010075228,-0.24979466,0.010080164
497,16.8823,0.16118496656417847,0.08859610557556152,-0.8767790794372559,0.1564178764820099,-0.009623226709663868,0.0003459537401795387,-0.003729115243221372,0.04599178501788126,1.5172442851730927,0.09126175194978714,-0.5289912223815918,-6.157736301422119,-0.31801313161849976,5.203860282897949,-0.021369608,-0.24875349,0.0128467465
498,16.9158,0.1668805181980133,0.08721701055765152,-0.8768095970153809,0.15697120130062103,-0.02431221306324005,0.0023513922933489084,-0.00028833318864734784,0.045713771806023,1.5171259076626387,0.09009133279323578,-1.0165178775787354,-5.869796276092529,-0.391139954328537,5.197646141052246,-0.042567804,-0.24580419,0.016379416
499,16.95,0.17249682545661926,0.08524568378925323,-0.8768965005874634,0.15638092160224915,-0.03887936845421791,0.004437360446900129,0.0027955090130601925,0.0453115845471506,1.5169990080366964,0.08876229077577591,-1.4806914329528809,-5.519599437713623,-0.4829205870628357,5.195937156677246,-0.06454489,-0.2406051,0.021051012
500,16.9841,0.1779947280883789,0.08269564807415009,-0.8770589828491211,0.15455354750156403,-0.053245335817337036,0.006597619503736496,0.007332177142354679,0.044359912253989185,1.5168521347025785,0.08730526268482208,-1.929774522781372,-5.130722999572754,-0.6002793312072754,5.19394588470459,-0.087487854,-0.23260538,0.027214138
501,17.018,0.18466632068157196,0.07866759598255157,-0.8771464824676514,0.15083526074886322,-0.07076391577720642,0.009960544295608997,0.010936778681493188,0.043304651316802105,1.5167273656055082,0.08521675318479538,-2.43634033203125,-4.5332722663879395,-0.7620439529418945,5.2087297439575195,-0.11707326,-0.21783696,0.036618438
502,17.0519,0.18983255326747894,0.07480354607105255,-0.877058744430542,0.14638741314411163,-0.08439560234546661,0.013240136206150055,0.015425520054064931,0.04163284778131566,1.5165534611863263,0.08336450159549713,-2.8177356719970703,-4.0137038230896,-0.9079368114471436,5.222833633422852,-0.14124373,-0.20119363,0.045511857
503,17.0863,0.19477339088916779,0.07042241096496582,-0.8767766952514648,0.14099423587322235,-0.09752950817346573,0.0175094585865736,0.018517246181375967,0.04017296528957227,1.516442940001088,0.08138666301965714,-3.151442289352417,-3.428086996078491,-1.0563008785247803,5.248463153839111,-0.16500235,-0.17948684,0.05530551
504,17.1203,0.19944436848163605,0.06557200849056244,-0.8763427734375,0.13445726037025452,-0.10994690656661987,0.022510824725031853,0.022081331781688394,0.03821837565821144,1.516313776688219,0.07935404032468796,-3.448838233947754,-2.8159003257751465,-1.2105600833892822,5.276098251342773,-0.18686707,-0.15257284,0.06559131
505,17.1539,0.20383259654045105,0.060275524854660034,-0.8757368326187134,0.12688882648944855,-0.12163427472114563,0.028355827555060387,0.026478106711679134,0.035295760260120435,1.516142801746236,0.07730552554130554,-3.715550661087036,-2.1908652782440186,-1.3697752952575684,5.303522109985352,-0.20524964,-0.121024944,0.07566736
506,17.1882,0.2079494446516037,0.05461231246590614,-0.8749295473098755,0.11832377314567566,-0.13247345387935638,0.03498193249106407,0.02948081043777047,0.0328888992966369,1.5160325468771068,0.07533599436283112,-3.928821086883545,-1.5475044250488281,-1.5176787376403809,5.336104393005371,-0.21889703,-0.086220294,0.08455854
507,17.2219,0.21263615787029266,0.04706679284572601,-0.8735325336456299,0.10625330358743668,-0.14451150596141815,0.043843891471624374,0.03361286715540733,0.028881628320827062,1.5158459924427465,0.07299677282571793,-4.143844127655029,-0.7728456258773804,-1.6806291341781616,5.374792575836182,-0.22828689,-0.042576537,0.09258688
508,17.2559,0.21601629257202148,0.04072705656290054,-0.8721349239349365,0.09558826684951782,-0.15272176265716553,0.05143872648477554,0.036702966257739895,0.02520533625364903,1.5157041791147,0.0713348537683487,-4.270650386810303,-0.19190022349357605,-1.790506362915039,5.405019760131836,-0.23035881,-0.010351094,0.09657988
509,17.2901,0.21899180114269257,0.03417786955833435,-0.8705357313156128,0.0840551033616066,-0.1597405970096588,0.05938315764069557,0.039190292136846654,0.021572370488455228,1.5155655615799613,0.06990022212266922,-4.349517822265625,0.347751647233963,-1.8810985088348389,5.435329914093018,-0.22884457,0.018296529,0.0989717
510,17.3241,0.22156564891338348,0.027491996064782143,-0.8686351776123047,0.07193724066019058,-0.16518397629261017,0.06706560403108597,0.04230743896900034,0.015737910930525827,1.515369686081786,0.06871742755174637,-4.409609794616699,0.8332329988479614,-1.9475785493850708,5.4596052169799805,-0.22534643,0.04258111,0.09952805
511,17.358,0.22372108697891235,0.020723866298794746,-0.8664631843566895,0.05901152640581131,-0.1690809279680252,0.07392723858356476,0.04429316261797987,0.010594968197365323,1.5152088311519452,0.06782856583595276,-4.4210286140441895,1.2748568058013916,-1.97268545627594,5.480767250061035,-0.22077677,0.06366364,0.09851172
512,17.3919,0.22541815042495728,0.01390365231782198,-0.8640608787536621,0.04556318745017052,-0.17129895091056824,0.07977650314569473,0.04606372781801622,0.003951894910190305,1.5150445141126874,0.0672365054488182,-4.407261371612549,1.6800800561904907,-1.9667737483978271,5.494320392608643,-0.21560821,0.082191415,0.0962168
513,17.4261,0.2267884463071823,0.005414747167378664,-0.8608940839767456,0.02822439931333065,-0.17168684303760529,0.08552969247102737,0.04679941774677221,-0.0007020197963550579,1.5149265360763968,0.06687955558300018,-4.3076701164245605,2.136650562286377,-1.8984718322753906,5.506253242492676,-0.20831454,0.103326246,0.09180816
514,17.4599,0.22729243338108063,-0.0012510474771261215,-0.8581869602203369,0.014101777225732803,-0.1701328456401825,0.08903807401657104,0.0470913085246233,-0.007140365045436323,1.5148004353987816,0.06686967611312866,-4.210026264190674,2.48335862159729,-1.820487380027771,5.5069580078125,-0.20178828,0.11902839,0.0872567
515,17.4941,0.22724691033363342,-0.007761444430798292,-0.8552863597869873,6.742434197803959e-05,-0.16690295934677124,0.09140460938215256,0.04675485973278382,-0.012076772874128727,1.5147303942621124,0.06703796237707138,-4.070733070373535,2.8072054386138916,-1.7020316123962402,5.505934715270996,-0.19460249,0.13419922,0.081366085
516,17.5279,0.22669395804405212,-0.014060466550290585,-0.8523313999176025,-0.013953115791082382,-0.16199257969856262,0.09261327981948853,0.04606419387120699,-0.01613268190994074,1.5147221384627332,0.06740964949131012,-3.8990936279296875,3.1099116802215576,-1.5579733848571777,5.504968643188477,-0.18655561,0.1487965,0.07454263
517,17.562,0.22563360631465912,-0.02007058449089527,-0.8493643999099731,-0.027584007009863853,-0.15565048158168793,0.09279163181781769,0.04451665592889716,-0.02143711727518743,1.5147425116450723,0.06791886687278748,-3.7077488899230957,3.403442859649658,-1.401597499847412,5.506619930267334,-0.17742155,0.16286004,0.06706862
518,17.5965,0.22407113015651703,-0.025718441233038902,-0.846401572227478,-0.040885549038648605,-0.14780627191066742,0.0917217954993248,0.04288717584879696,-0.025253008917756052,1.5147899159124758,0.06848538666963577,-3.4867610931396484,3.6705682277679443,-1.2238413095474243,5.513151168823242,-0.16735952,0.176182,0.058742624
519,17.631,0.22142304480075836,-0.03217411786317825,-0.8427319526672363,-0.05688214674592018,-0.1362358033657074,0.08906419575214386,0.040404493856841035,-0.02947709657640657,1.5148695444290692,0.06914934515953064,-3.175400733947754,3.9671614170074463,-0.9795823097229004,5.528133392333984,-0.15339959,0.19164854,0.047322378
520,17.665,0.21875599026679993,-0.036814089864492416,-0.8399009704589844,-0.06891243159770966,-0.12582042813301086,0.08585216850042343,0.03842219070538657,-0.032056001907498424,1.514962222435004,0.06955976039171219,-2.902667999267578,4.201049327850342,-0.7784098386764526,5.546815872192383,-0.14048912,0.20333077,0.03767503
521,17.6992,0.2156326025724411,-0.04099774360656738,-0.8371883630752563,-0.08008603751659393,-0.11434030532836914,0.08119393140077591,0.03531344531423424,-0.03521740922861247,1.515103369972778,0.06983951479196548,-2.609243392944336,4.411520481109619,-0.5594428777694702,5.567899703979492,-0.12651893,0.21390909,0.027126683
522,17.733,0.21212555468082428,-0.04473540931940079,-0.8346290588378906,-0.09067205339670181,-0.10206088423728943,0.07545182853937149,0.03262451189882468,-0.037390998086551074,1.515255303312967,0.0700104832649231,-2.2946529388427734,4.6142425537109375,-0.3340151607990265,5.592243194580078,-0.11108614,0.22337948,0.016169963
523,17.767,0.20824120938777924,-0.047982070595026016,-0.8322887420654297,-0.10031083226203918,-0.08922170102596283,0.06916604191064835,0.030099052881859354,-0.03898312317117371,1.5153782081972742,0.07000412791967392,-1.9673274755477905,4.786108493804932,-0.10690656304359436,5.615368843078613,-0.09502576,0.23117839,0.005163796
524,17.8015,0.20401372015476227,-0.05070062354207039,-0.8302332162857056,-0.10898156464099884,-0.07563353329896927,0.062105171382427216,0.02631466352215393,-0.040855570927662406,1.5155747494857221,0.06977257132530212,-1.623450756072998,4.944876194000244,0.11661538481712341,5.6397600173950195,-0.07796264,0.23746675,-0.0056001963
525,17.8358,0.19831891357898712,-0.05333603918552399,-0.828059196472168,-0.11857413500547409,-0.05793260410428047,0.05202336236834526,0.023154737584396245,-0.042010854369727985,1.5157204243973494,0.06914863735437393,-1.1940221786499023,5.0840888023376465,0.3976108729839325,5.659369468688965,-0.056993548,0.24267578,-0.018978924
526,17.8703,0.19347940385341644,-0.05479656904935837,-0.8266140222549438,-0.1251123547554016,-0.04331689327955246,0.04319767281413078,0.02026876561842905,-0.04275514131537788,1.5158696945764483,0.06835225224494934,-0.844639003276825,5.160031795501709,0.6230587959289551,5.669218063354492,-0.04010102,0.2449834,-0.029581033
527,17.9043,0.1884220689535141,-0.0556839220225811,-0.8254578113555908,-0.1304166316986084,-0.028463762253522873,0.0340442918241024,0.016071125438057082,-0.04342994056252272,1.516075956402875,0.06728900223970413,-0.48440423607826233,5.2115654945373535,0.8450418710708618,5.676983833312988,-0.022841467,0.24574475,-0.03984688
528,17.938,0.18319086730480194,-0.0559854730963707,-0.8246086835861206,-0.13463927805423737,-0.01351049542427063,0.02430313266813755,0.012635314736718604,-0.04363346016526442,1.516231085536372,0.06595512479543686,-0.12822799384593964,5.216672420501709,1.0688667297363281,5.673617362976074,-0.006018294,0.24484098,-0.050166536
529,17.9719,0.1778634786605835,-0.05565512925386429,-0.8240602016448975,-0.1376754343509674,0.0016808111686259508,0.014195368625223637,0.008269693069846635,-0.04348235490172685,1.516393804678976,0.0643332228064537,0.23302899301052094,5.185712814331055,1.295417308807373,5.663094520568848,0.0108889155,0.24231657,-0.060531907
530,18.0059,0.17249435186386108,-0.054751038551330566,-0.8237756490707397,-0.1396080106496811,0.016735682263970375,0.003904422279447317,0.005218274301752869,-0.04308610982103668,1.5164843521560387,0.06250185519456863,0.5839572548866272,5.102355480194092,1.525607943534851,5.637594699859619,0.02724966,0.23809525,-0.07119065
531,18.04,0.1657155603170395,-0.05279957130551338,-0.8238077163696289,-0.1404554694890976,0.03538265451788902,-0.008879183791577816,0.0009221708271005825,-0.04214478224423455,1.5165944738671133,0.059922073036432266,1.0247756242752075,4.936117172241211,1.8114702701568604,5.590043544769287,0.047824647,0.23036072,-0.08453843
532,18.0744,0.16026705503463745,-0.05058795213699341,-0.8241831064224243,-0.13997414708137512,0.05000938102602959,-0.01908431202173233,-0.0024165045194620635,-0.04108698714282268,1.5166650476360004,0.05766623467206955,1.396538496017456,4.766124725341797,2.032360792160034,5.546448707580566,0.06506106,0.22204123,-0.09468235
533,18.1083,0.15482032299041748,-0.04784863814711571,-0.8248401880264282,-0.13857409358024597,0.06428325176239014,-0.02981165237724781,-0.005267246297188603,-0.039914913302322,1.516710055058423,0.05535806342959404,1.7655516862869263,4.543064594268799,2.248225450515747,5.487752437591553,0.0822319,0.21159667,-0.1047128
534,18.142,0.14944076538085938,-0.044630926102399826,-0.8259103298187256,-0.13612772524356842,0.07798273116350174,-0.040747594088315964,-0.00920901235270955,-0.03789351161711381,1.5167614540674614,0.05307075381278992,2.1500957012176514,4.287996292114258,2.441166639328003,5.425868034362793,0.09986888,0.19917132,-0.11338871
535,18.176,0.14417672157287598,-0.040965866297483444,-0.8274097442626953,-0.13249313831329346,0.09123622626066208,-0.05155161768198013,-0.012250525409904983,-0.035978012197128297,1.516793811474706,0.05090795084834099,2.529223918914795,3.9855594635009766,2.6002485752105713,5.3539814949035645,0.11732942,0.1848881,-0.12062422
536,18.21,0.1391042023897171,-0.03688858076930046,-0.8292810916900635,-0.1277986466884613,0.1036255732178688,-0.06223810091614723,-0.014816900360008557,-0.03410980261184311,1.5168137851828813,0.04899699240922928,2.9018466472625732,3.6422924995422363,2.7224538326263428,5.275245666503906,0.13448603,0.16880198,-0.12617208
537,18.2439,0.13313809037208557,-0.03133384883403778,-0.832282543182373,-0.12067394703626633,0.11812585592269897,-0.07546018064022064,-0.018383045748976593,-0.031098764023777672,1.5168115214959548,0.0471431165933609,3.3622169494628906,3.1651437282562256,2.8132073879241943,5.171285152435303,0.15545368,0.1463419,-0.13006997
538,18.2782,0.12872226536273956,-0.02652817964553833,-0.8351023197174072,-0.11379431933164597,0.1286628097295761,-0.08530210703611374,-0.021111019441491033,-0.0284402988357143,1.5167843572528361,0.04621421545743942,3.7132203578948975,2.7442145347595215,2.8355159759521484,5.083955764770508,0.17132513,0.12661594,-0.13082853
539,18.312,0.12472034245729446,-0.021432790905237198,-0.838202953338623,-0.10608144849538803,0.1382872313261032,-0.09459900856018066,-0.02431307741993161,-0.024790053732354003,1.5166986034657355,0.04584066942334175,4.034903526306152,2.2865350246429443,2.817598342895508,4.9917144775390625,0.18588682,0.10534,-0.12980592
540,18.3461,0.12119203805923462,-0.01605924405157566,-0.8416321277618408,-0.09741920232772827,0.14678461849689484,-0.10301445424556732,-0.02646477010028272,-0.022009911210798434,1.5166167112622155,0.046031661331653595,4.33516788482666,1.8021674156188965,2.7603862285614014,4.901454448699951,0.19899923,0.08272573,-0.1267113
541,18.38,0.11545749753713608,-0.004636092577129602,-0.8494681119918823,-0.07766234129667282,0.16039924323558807,-0.1163712590932846,-0.029368410475606913,-0.0178105222906638,1.5164798247821856,0.04844587296247482,4.768457889556885,0.7337968349456787,2.4726312160491943,4.712907791137695,0.21989435,0.033838566,-0.11402379
542,18.4142,0.11545749753713608,-0.004636092577129602,-0.8494681119918823,-0.07766234129667282,0.16039924323558807,-0.1163712590932846,-0.031508403972513095,-0.014224436483033797,1.516347865150172,0.04844587296247482,4.808816432952881,0.741423487663269,2.4932830333709717,4.720770835876465,0.2198917,0.03390291,-0.114009805
543,18.4479,0.11110527068376541,0.008862776681780815,-0.8592524528503418,-0.05248526856303215,0.16990932822227478,-0.12369953840970993,-0.03320733221982092,-0.010925064933886043,1.5162213649983933,0.05438921973109245,5.0534138679504395,-0.5706722736358643,1.9336676597595215,4.5412492752075195,0.2322022,-0.026222145,-0.0888512
544,18.482,0.10994964838027954,0.015006947331130505,-0.863726019859314,-0.040328290313482285,0.17222259938716888,-0.12402760237455368,-0.03541505739338838,-0.005956750146680428,1.516010975272277,0.05784766003489494,5.11313009262085,-1.178891658782959,1.6444079875946045,4.491166114807129,0.23246126,-0.05359665,-0.07476069
545,18.5161,0.10923843830823898,0.021173175424337387,-0.8681516647338867,-0.027934100478887558,0.17302440106868744,-0.12139515578746796,-0.03692042584431248,-0.001760710853817246,1.5158121702969025,0.06167164817452431,5.157125949859619,-1.1823786497116089,1.667682409286499,4.496669292449951,0.23240623,-0.053283975,-0.07515422
546,18.5497,0.10904677957296371,0.02734876051545143,-0.8724443912506104,-0.015171550214290619,0.1725458949804306,-0.11641868948936462,-0.03797738870788369,0.0021025236786140385,1.5156320074491587,0.06567483395338058,5.0591301918029785,-2.4086110591888428,0.9653407335281372,4.446793556213379,0.22244664,-0.10590505,-0.0424454
547,18.5841,0.10933809727430344,0.03348306193947792,-0.8765852451324463,-0.002194353612139821,0.1707419902086258,-0.11094076931476593,-0.03909064830018566,0.007861884044360643,1.51536595765626,0.0697973296046257,4.975074768066406,-3.0152244567871094,0.6352267265319824,4.454681873321533,0.21253565,-0.12881066,-0.027136944
548,18.6182,0.11038221418857574,0.0409652478992939,-0.881256103515625,0.01402967143803835,0.1664677858352661,-0.10043111443519592,-0.039533606890871494,0.012306651529878403,1.515153037927108,0.07482843101024628,4.782116889953613,-3.72076153755188,0.21984484791755676,4.490137577056885,0.19718155,-0.15341857,-0.009064887
549,18.6518,0.1118072122335434,0.046715378761291504,-0.8845095634460449,0.02696036733686924,0.16155561804771423,-0.08957697451114655,-0.03943893151411918,0.01788271476215096,1.5148771344381757,0.07857237756252289,4.5978288650512695,-4.255552291870117,-0.07977370917797089,4.540378570556641,0.18345904,-0.16980179,0.0031830694
550,18.6861,0.11377719789743423,0.052217815071344376,-0.8873547315597534,0.039801809936761856,0.15507756173610687,-0.07738029956817627,-0.03889392391941287,0.021819765670155977,1.5146841884171995,0.08200592547655106,4.354166507720947,-4.729332447052002,-0.3622419834136963,4.6022138595581055,0.16906291,-0.1836298,0.014065077
551,18.7197,0.11624731868505478,0.05745164677500725,-0.8896605968475342,0.05231396481394768,0.14730533957481384,-0.06463313102722168,-0.03745966186959388,0.02723904673652043,1.5143988307063976,0.08505374938249588,4.084217548370361,-5.17117977142334,-0.5993974208831787,4.673417091369629,0.15431388,-0.19538254,0.022647016
552,18.7539,0.11921750009059906,0.06232602149248123,-0.8915009498596191,0.06448109447956085,0.13829107582569122,-0.051978401839733124,-0.03576445580602836,0.03122338955982037,1.5142053520532033,0.08768875151872635,3.7625107765197754,-5.541266918182373,-0.807433009147644,4.745118141174316,0.13942637,-0.20534125,0.02992083
553,18.788,0.12260083109140396,0.06681275367736816,-0.892900824546814,0.07596128433942795,0.12801137566566467,-0.039397723972797394,-0.0339368739915291,0.034423647823930544,1.5140349097434382,0.08994275331497192,3.4048333168029785,-5.839848518371582,-0.9897072315216064,4.812421798706055,0.12459136,-0.21369465,0.03621586
554,18.822,0.12745651602745056,0.07184495776891708,-0.8939847946166992,0.08936354517936707,0.11381702125072479,-0.024745719507336617,-0.030828992047136447,0.038394493830049746,1.5138203921176323,0.09215444326400757,2.9107589721679688,-6.137046813964844,-1.1673027276992798,4.886680603027344,0.10558604,-0.2226177,0.042343207
555,18.8563,0.13186778128147125,0.07537849247455597,-0.894362211227417,0.0992245078086853,0.1014903113245964,-0.01369177084416151,-0.028027302887886456,0.04110390653812309,1.5136349029477083,0.09344776719808578,2.4744210243225098,-6.3085246086120605,-1.27772057056427,4.936071395874023,0.08970683,-0.22870713,0.046322055
556,18.89,0.13670216500759125,0.07845964282751083,-0.8943032026290894,0.10834654420614243,0.08837654441595078,-0.003361348994076252,-0.02538286090743803,0.04304055312163951,1.5135022775254223,0.09434817731380463,2.0039749145507812,-6.416471481323242,-1.3612687587738037,4.976758003234863,0.07304631,-0.23388495,0.049619213
557,18.9238,0.1419464647769928,0.08107723295688629,-0.8938831090927124,0.11641794443130493,0.07462333887815475,0.006200709380209446,-0.02126165657124324,0.045277808174387826,1.5133255767870957,0.09492301940917969,1.5060796737670898,-6.4922194480896,-1.4188787937164307,5.0064167976379395,0.05525692,-0.23819461,0.05205759
558,18.9579,0.14753642678260803,0.08314789086580276,-0.893114447593689,0.12355562299489975,0.060361042618751526,0.014665001071989536,-0.017797953418675388,0.04658457138701927,1.5131696487052715,0.09516002237796783,0.9856052398681641,-6.498319625854492,-1.4541234970092773,5.0287885665893555,0.036603834,-0.2413374,0.05400387
559,18.9924,0.15339234471321106,0.0846879705786705,-0.8919910192489624,0.12959855794906616,0.045725781470537186,0.022429103031754494,-0.013314826530636127,0.04766485355488549,1.51299960586967,0.09511366486549377,0.4507882297039032,-6.4647040367126465,-1.467374563217163,5.043213844299316,0.016961066,-0.24323677,0.055210486
560,19.026,0.16098816692829132,0.08587343990802765,-0.890223503112793,0.13541023433208466,0.027109196409583092,0.030730249360203743,-0.010135062123351956,0.04807074427214879,1.5128785651981258,0.09478849172592163,-0.21082976460456848,-6.318403720855713,-1.4621509313583374,5.060029983520508,-0.00812283,-0.24343488,0.056333616
561,19.0598,0.16723808646202087,0.08623214811086655,-0.8885833024978638,0.13888968527317047,0.012081105262041092,0.03630100190639496,-0.005552091661569944,0.048177083462237806,1.5127199739552115,0.09438467770814896,-0.7461791038513184,-6.172642707824707,-1.4419182538986206,5.065993309020996,-0.029227138,-0.24177665,0.05647859
562,19.0941,0.17358316481113434,0.08602479100227356,-0.886771559715271,0.1411134898662567,-0.002941698534414172,0.041191466152668,-0.0018179052290814375,0.047910763192040684,1.5126061238186108,0.09385936707258224,-1.2650089263916016,-5.966420650482178,-1.4140362739562988,5.074347496032715,-0.050512876,-0.23824422,0.056463663
563,19.1278,0.17991720139980316,0.08525937795639038,-0.8847929239273071,0.1421915739774704,-0.01793867163360119,0.045433394610881805,0.001499523280465164,0.04742552275786063,1.5125093179129863,0.09323298186063766,-1.7591233253479004,-5.707738399505615,-1.3783814907073975,5.087141036987305,-0.07174637,-0.23279181,0.0562177
564,19.1619,0.1861865073442459,0.08401957154273987,-0.8826625347137451,0.14205607771873474,-0.03257543593645096,0.04896389693021774,0.006252072345178247,0.04636555967687388,1.5123750945940464,0.0925908163189888,-2.233057737350464,-5.4301886558532715,-1.336324691772461,5.098970413208008,-0.09271084,-0.22544754,0.05548078
565,19.1961,0.19229498505592346,0.08229096978902817,-0.8804417848587036,0.14059029519557953,-0.04689756780862808,0.051753535866737366,0.010027335176663649,0.0451888877223036,1.512291471335818,0.09193114191293716,-2.6641807556152344,-5.104489803314209,-1.2908474206924438,5.118807792663574,-0.11287287,-0.216261,0.054689102
566,19.2302,0.1995648890733719,0.07947725802659988,-0.877548098564148,0.13700996339321136,-0.06405945122241974,0.054596323519945145,0.013323086491204575,0.043947376117568306,1.5122153049286415,0.09106063097715378,-3.1335012912750244,-4.637163162231445,-1.2294970750808716,5.156032562255859,-0.1367129,-0.20231682,0.053642265
567,19.2645,0.2050304114818573,0.07669027149677277,-0.8751709461212158,0.13253532350063324,-0.0772734135389328,0.05629866570234299,0.017899931682479404,0.0418191317383775,1.512116102178036,0.09028895199298859,-3.4765660762786865,-4.2486572265625,-1.1892074346542358,5.183780193328857,-0.15473135,-0.18909478,0.052927997
568,19.2982,0.21017234027385712,0.07347982376813889,-0.8728336095809937,0.1268085539340973,-0.08982710540294647,0.05744374170899391,0.021448136104197633,0.039842878956024556,1.5120384710322603,0.08950597047805786,-3.774181842803955,-3.820824384689331,-1.152717113494873,5.216549396514893,-0.17177561,-0.17389846,0.052464
569,19.3319,0.21492807567119598,0.0698169395327568,-0.8704217672348022,0.12004823982715607,-0.10172506421804428,0.058190569281578064,0.025694207325408912,0.03701773109264125,1.5119390019655459,0.08860310912132263,-4.042698383331299,-3.3707191944122314,-1.1186603307724,5.248132705688477,-0.18781829,-0.15659904,0.051971443
570,19.366,0.21929077804088593,0.06571067124605179,-0.8679580688476562,0.11204589903354645,-0.11275020986795425,0.058727819472551346,0.02853049677288392,0.03477375363873508,1.5118541802848269,0.08758524805307388,-4.264683246612549,-2.8818037509918213,-1.0809253454208374,5.281675338745117,-0.2027193,-0.1369849,0.05138117
571,19.4,0.22318631410598755,0.06118813157081604,-0.8654434680938721,0.10289972275495529,-0.12315733730792999,0.05908172205090523,0.032289126290826635,0.031289429713070534,1.5117351369841003,0.08642254769802094,-4.46226167678833,-2.3786463737487793,-1.0518399477005005,5.307827949523926,-0.21599008,-0.11513535,0.050912973
572,19.4341,0.2273910790681839,0.055098023265600204,-0.8623642921447754,0.09020599722862244,-0.13480088114738464,0.059018924832344055,0.03501338196078797,0.028262703441708843,1.511646320561746,0.0848831832408905,-4.644328594207764,-1.7257596254348755,-1.0093871355056763,5.3350019454956055,-0.22962753,-0.085325986,0.049906693
573,19.4682,0.23019035160541534,0.04990393668413162,-0.8599686622619629,0.0791306123137474,-0.14310048520565033,0.05897602066397667,0.0371567730686786,0.025424262659415758,1.511554042029975,0.08356336504220963,-4.75396203994751,-1.2056586742401123,-0.9840123653411865,5.347670555114746,-0.23759335,-0.06025637,0.049178936
574,19.5021,0.2324846386909485,0.044448163360357285,-0.8576213121414185,0.06727775186300278,-0.15021611750125885,0.05876612663269043,0.039936817802287895,0.02108853445563128,1.5114223487140706,0.08216477185487747,-4.842448711395264,-0.7017532587051392,-0.9677069187164307,5.351169109344482,-0.24271429,-0.03517343,0.04850362
575,19.5362,0.23426511883735657,0.038751374930143356,-0.8553791046142578,0.05478778854012489,-0.15612156689167023,0.058215219527482986,0.04178917533730331,0.0173459619265266,1.5113274070212093,0.08069933950901031,-4.889698028564453,-0.2114361822605133,-0.9475888013839722,5.351345062255859,-0.24521291,-0.010603289,0.047520522
576,19.57,0.23558121919631958,0.03289205953478813,-0.8531839847564697,0.04170137271285057,-0.16084779798984528,0.05757591500878334,0.04317290806662725,0.013888195750654479,1.511250707981815,0.07923780381679535,-4.900390148162842,0.25175514817237854,-0.9218374490737915,5.349740028381348,-0.24537808,0.012606179,0.046159327
577,19.604,0.23633122444152832,0.026874342933297157,-0.8510105609893799,0.02825450524687767,-0.16424714028835297,0.0568474605679512,0.044688854260506006,0.008717049517371655,1.5111287352038894,0.07769132405519485,-4.88753080368042,0.6908631324768066,-0.8960580825805664,5.346001625061035,-0.24355875,0.03442756,0.044652972
578,19.6383,0.2364477515220642,0.019213687628507614,-0.8484305143356323,0.010722748935222626,-0.16663724184036255,0.055817071348428726,0.045502691322499005,0.004422593028402299,1.5110597593316561,0.07566218823194504,-4.797002792358398,1.1995760202407837,-0.8429621458053589,5.342537879943848,-0.23908247,0.05978683,0.042013206
579,19.6719,0.23592790961265564,0.013022070750594139,-0.8464345932006836,-0.0036646933294832706,-0.16696861386299133,0.054730840027332306,0.0459534105310489,-0.000948071564128973,1.5109596244746692,0.07402054220438004,-4.694980144500732,1.5906693935394287,-0.7956893444061279,5.337296962738037,-0.23378691,0.07920751,0.039621413
580,19.7059,0.23481985926628113,0.0068280380219221115,-0.8444584608078003,-0.017989739775657654,-0.16595245897769928,0.053638000041246414,0.04588125134907536,-0.004666333645685297,1.5109070270431402,0.07234097272157669,-4.53981351852417,1.96138334274292,-0.7238402366638184,5.333232879638672,-0.22707754,0.0981067,0.03620586
581,19.7399,0.23310913145542145,0.0007141092210076749,-0.842553973197937,-0.03237523138523102,-0.16372257471084595,0.052459344267845154,0.045257297672805015,-0.009835587578177943,1.5108417795964333,0.07062913477420807,-4.350401401519775,2.3294503688812256,-0.6482477188110352,5.329071044921875,-0.21851633,0.117005974,0.032560837
582,19.7734,0.23082560300827026,-0.005286100786179304,-0.8406846523284912,-0.04668156057596207,-0.16006803512573242,0.05087948590517044,0.044319964837638,-0.013846887625433828,1.5108194090432765,0.06892608106136322,-4.11221981048584,2.6812336444854736,-0.5523183345794678,5.328009605407715,-0.20810477,0.13568766,0.02795086
583,19.807,0.22798451781272888,-0.011164912022650242,-0.8388522863388062,-0.06056965887546539,-0.15513548254966736,0.04889651760458946,0.04318869145727517,-0.01720652255692033,1.510815014827478,0.06727045029401779,-3.8306922912597656,3.0201690196990967,-0.44140568375587463,5.333337306976318,-0.19552305,0.15415299,0.022529867
584,19.841,0.223692387342453,-0.018251989036798477,-0.8367114067077637,-0.07739530503749847,-0.14724913239479065,0.045964572578668594,0.04111078914506527,-0.021710904799409788,1.5108455080219594,0.06533166766166687,-3.42434024810791,3.4328019618988037,-0.299814373254776,5.352581024169922,-0.17622185,0.1766573,0.015428912
585,19.875,0.21967940032482147,-0.023642871528863907,-0.8351218700408936,-0.09015056490898132,-0.13965560495853424,0.043119002133607864,0.03909103529078156,-0.025071377170223445,1.510883724383602,0.06390749663114548,-3.055345058441162,3.7497177124023438,-0.1822727620601654,5.379561424255371,-0.15780683,0.19367078,0.0094142845
586,19.9099,0.21518051624298096,-0.028705865144729614,-0.833649754524231,-0.10232558101415634,-0.13102759420871735,0.03960707411170006,0.03705716668272044,-0.02786679541734414,1.5109230060096805,0.06261350959539413,-2.649177074432373,4.0495219230651855,-0.05950477719306946,5.415154457092285,-0.13685311,0.20919316,0.0030739412
587,19.9439,0.2102125883102417,-0.03335338458418846,-0.8323246240615845,-0.11379764974117279,-0.12122343480587006,0.035666272044181824,0.03374625199472287,-0.03157532837846894,1.5109969087299304,0.061429962515830994,-2.2101340293884277,4.3443684577941895,0.05869057774543762,5.4601311683654785,-0.11334963,0.22280665,-0.0030100234
588,19.978,0.2048553079366684,-0.03751910477876663,-0.8311971426010132,-0.12442716956138611,-0.11035705357789993,0.03144095838069916,0.030769815775477046,-0.03431551724188952,1.5110550987997486,0.0603741779923439,-1.74725341796875,4.605434894561768,0.1736433207988739,5.508312702178955,-0.08862468,0.23359816,-0.008807585
589,20.012,0.1991579383611679,-0.04118046909570694,-0.8302831649780273,-0.13405711948871613,-0.0986088439822197,0.02674623765051365,0.02660667289389731,-0.03740287828172635,1.5111415183771217,0.05945560708642006,-1.265781044960022,4.847570419311523,0.2799740731716156,5.561046600341797,-0.063063025,0.24151291,-0.01394871
590,20.0473,0.18529322743415833,-0.04720620810985565,-0.8289781808853149,-0.15168480575084686,-0.06888177990913391,0.014847392216324806,0.02342465312206498,-0.039273840493669485,1.5112162200456984,0.05768571048974991,-0.6646440625190735,5.0630412101745605,0.4144307076931,5.61528205871582,-0.032432612,0.24706104,-0.02022296
591,20.0811,0.17880603671073914,-0.048915572464466095,-0.8286411762237549,-0.15745113790035248,-0.05447768047451973,0.009629083797335625,0.018552245943764492,-0.04158379152179856,1.5113047701519435,0.057116229087114334,0.28167158365249634,5.251078128814697,0.6191478967666626,5.67647647857666,0.013299065,0.24792856,-0.029232938
592,20.115,0.17880603671073914,-0.048915572464466095,-0.8286411762237549,-0.15745113790035248,-0.05447768047451973,0.009629083797335625,0.014424220378168276,-0.043003489409406175,1.5113927876259707,0.057116229087114334,0.30037999153137207,5.294825553894043,0.607988715171814,5.69219970703125,0.014067802,0.24797443,-0.02847415
593,20.1489,0.1654779613018036,-0.050491344183683395,-0.828432559967041,-0.16504797339439392,-0.02451712265610695,-0.002056640572845936,0.010572228338666868,-0.043944417512044795,1.5114654919237298,0.056411486119031906,1.2007951736450195,5.27393102645874,0.8401405811309814,5.701780796051025,0.05484321,0.24087314,-0.038371246
594,20.1832,0.1588316559791565,-0.050362713634967804,-0.8285762071609497,-0.16651996970176697,-0.009012496098876,-0.007430755067616701,0.00472915043774889,-0.04475297818612807,1.511541924647015,0.056299928575754166,1.6467738151550293,5.228110313415527,0.9541139602661133,5.701181411743164,0.07399565,0.23491837,-0.042871874
595,20.2169,0.1506536304950714,-0.04929416999220848,-0.8289821147918701,-0.16614249348640442,0.010295087471604347,-0.014498370699584484,6.645162334192211e-05,-0.0448922448663824,1.5116182242122458,0.0563146136701107,2.173288345336914,5.078736782073975,1.121722936630249,5.668220043182373,0.09638612,0.2252438,-0.049748816
596,20.2511,0.14424318075180054,-0.04770442098379135,-0.8294875621795654,-0.16413776576519012,0.025794897228479385,-0.020263254642486572,-0.005732977515937869,-0.04442905873497957,1.5116717537501565,0.05643252655863762,2.586045026779175,4.907101631164551,1.2701940536499023,5.625859260559082,0.11361435,0.2155868,-0.055804238
597,20.2847,0.13800561428070068,-0.04548502713441849,-0.8301273584365845,-0.16054828464984894,0.041118137538433075,-0.02597089111804962,-0.009761856506982879,-0.04366292970720183,1.5117144974856522,0.0566658191382885,3.0002667903900146,4.701746463775635,1.4295389652252197,5.577341556549072,0.13027096,0.20414886,-0.062070284
598,20.319,0.13200156390666962,-0.042673204094171524,-0.8309749364852905,-0.1556180715560913,0.05581469461321831,-0.031945571303367615,-0.01415107367708322,-0.04240259288251103,1.5117140980114887,0.057017769664525986,3.400813579559326,4.442110538482666,1.5935637950897217,5.512336730957031,0.14615875,0.19091119,-0.068487525
599,20.3529,0.12628646194934845,-0.03932894393801689,-0.8320226669311523,-0.1491060107946396,0.07018306106328964,-0.03782394155859947,-0.01926349096654599,-0.04021124406905295,1.5116865342942063,0.0575207881629467,3.7972817420959473,4.144327640533447,1.7584640979766846,5.441986083984375,0.1611868,0.17591818,-0.07464319
600,20.387,0.12091728299856186,-0.03538407012820244,-0.8332604169845581,-0.14136677980422974,0.08389498293399811,-0.04395469278097153,-0.022598775659112384,-0.038336769813422274,1.511663231634668,0.05810283124446869,4.171682834625244,3.7889244556427,1.91817307472229,5.356292724609375,0.1751923,0.15911813,-0.08055482
601,20.4209,0.1147630363702774,-0.02969280630350113,-0.8352173566818237,-0.13011133670806885,0.09994138032197952,-0.05168025195598602,-0.026875190271993754,-0.03524818538395969,1.5115636294098993,0.058972008526325226,4.619124412536621,3.2879278659820557,2.0884666442871094,5.242074012756348,0.19111855,0.13603964,-0.08641134
602,20.4549,0.11027859151363373,-0.024651747196912766,-0.8370949029922485,-0.11982680857181549,0.11179210245609283,-0.05786975100636482,-0.02993110104383243,-0.032382176723195086,1.511456570334078,0.059900373220443726,4.9516706466674805,2.84501314163208,2.1944730281829834,5.146465301513672,0.20234314,0.1162575,-0.08967409
603,20.4902,0.10621751099824905,-0.019236216321587563,-0.8392690420150757,-0.10868340730667114,0.1223798468708992,-0.06399489939212799,-0.03232749661646979,-0.02964490277281138,1.5113475138874393,0.06106645241379738,5.249831676483154,2.3704192638397217,2.261225461959839,5.047974586486816,0.21209335,0.09576501,-0.09135358
604,20.524,0.10264939069747925,-0.013496823608875275,-0.8417043685913086,-0.09676054865121841,0.1320020705461502,-0.06981805711984634,-0.035346880469482346,-0.02538315427127686,1.5111562989211715,0.06245050206780434,5.521963596343994,1.866095781326294,2.2965176105499268,4.952219009399414,0.22035486,0.074466854,-0.09164291
605,20.558,0.09954973310232162,-0.007498171180486679,-0.8443695306777954,-0.08427026867866516,0.1402595341205597,-0.07510479539632797,-0.03741738002609967,-0.021673593496418855,1.5109923813560773,0.06410758942365646,5.7447309494018555,1.3328652381896973,2.2844772338867188,4.857022285461426,0.2270881,0.052687902,-0.09030494
606,20.5918,0.0969059020280838,-0.001279745134525001,-0.8472641706466675,-0.07118841260671616,0.147225484251976,-0.07972775399684906,-0.03952784364382499,-0.016779047751259785,1.5107803937333069,0.06606540828943253,5.918919086456299,0.7720431089401245,2.2248449325561523,4.7670979499816895,0.23228897,0.030298961,-0.08731441
607,20.626,0.0942433625459671,0.006706492975354195,-0.851036548614502,-0.05433335155248642,0.15414047241210938,-0.08429791778326035,-0.0406995512996758,-0.013270702320622177,1.5106259303900824,0.06892570108175278,6.077022552490234,0.03308785706758499,2.0965683460235596,4.67080020904541,0.2363276,0.0012867443,-0.08153285
608,20.6599,0.09263892471790314,0.013214722275733948,-0.8541725873947144,-0.04050881788134575,0.15815383195877075,-0.0868605226278305,-0.041926357261766814,-0.00815326975787219,1.5103953006396815,0.0715077593922615,6.157533168792725,-0.5902925729751587,1.9529719352722168,4.6118645668029785,0.23731242,-0.02274998,-0.07526788
609,20.6939,0.09151154011487961,0.019779780879616737,-0.8574306964874268,-0.0265519917011261,0.16078555583953857,-0.08801717311143875,-0.04255544168432476,-0.003964342847617499,1.5102211299043902,0.07431647926568985,6.182292938232422,-1.2323063611984253,1.7617461681365967,4.5710272789001465,0.23612897,-0.047067203,-0.06728884
610,20.7279,0.09090550988912582,0.02631184086203575,-0.8606935739517212,-0.012573836371302605,0.16196563839912415,-0.0882669985294342,-0.04284593430260356,-0.00024016014153863718,1.5100723923575095,0.07724126428365707,6.154937744140625,-1.8800230026245117,1.5439362525939941,4.551420211791992,0.23249802,-0.071016416,-0.058321
611,20.7642,0.0908263623714447,0.0327383428812027,-0.863906741142273,0.001313908607698977,0.1617741584777832,-0.08709566295146942,-0.04284856833536922,0.005078054189022343,1.5098345720721653,0.0802045613527298,6.092811107635498,-2.5365421772003174,1.3132916688919067,4.554656982421875,0.2263597,-0.09423744,-0.04879132
612,20.7981,0.09132292121648788,0.03898569568991661,-0.8670374155044556,0.015168252401053905,0.16015313565731049,-0.08452507853507996,-0.04253756937669681,0.009321285398602407,1.509663863446291,0.08308801800012589,5.977705478668213,-3.167593002319336,1.0713590383529663,4.578084468841553,0.21818322,-0.11561554,-0.039104063
613,20.8319,0.09274842590093613,0.04643959924578667,-0.8707026243209839,0.03240238130092621,0.1558772772550583,-0.07983078062534332,-0.04167086856706574,0.014510075074107006,1.5094018083950274,0.08644548058509827,5.773966312408447,-3.9047155380249023,0.7800190448760986,4.632111549377441,0.20580624,-0.13917899,-0.027802862
614,20.866,0.09455176442861557,0.052036087960004807,-0.873396635055542,0.0459757037460804,0.15100975334644318,-0.07477759569883347,-0.040765893139143194,0.01803404264931091,1.509239488726587,0.08882398158311844,5.56223726272583,-4.4360032081604,0.5601921081542969,4.6894426345825195,0.1948502,-0.1553972,-0.019624036
615,20.8999,0.09686014801263809,0.05727873742580414,-0.8758366107940674,0.05897117406129837,0.1447458565235138,-0.06908655166625977,-0.03907295076250424,0.022817749918554946,1.5089766347269962,0.09093272686004639,5.3252129554748535,-4.925765037536621,0.36268511414527893,4.754281997680664,0.18329687,-0.16954765,-0.01248383
616,20.9342,0.09968560189008713,0.06209416314959526,-0.877977728843689,0.07157427072525024,0.13728685677051544,-0.06233258545398712,-0.03732952483845148,0.02645780010836728,1.5087970045114705,0.09267643094062805,5.046158313751221,-5.33985710144043,0.17988422513008118,4.82132625579834,0.17165767,-0.18164855,-0.0061192107
617,20.9682,0.10297581553459167,0.0664878711104393,-0.8798233270645142,0.08368828147649765,0.12865690886974335,-0.055044110864400864,-0.03551565830356612,0.02945021113296438,1.508616175873454,0.0940740779042244,4.7296528816223145,-5.682041645050049,0.01419934630393982,4.886384963989258,0.15993838,-0.19214444,-0.0004801664
618,21.0029,0.10670346766710281,0.07041775435209274,-0.8814212083816528,0.09501060843467712,0.11896151304244995,-0.047768477350473404,-0.0325981466040329,0.03332911150244859,1.508398728770449,0.09511984139680862,4.38390588760376,-5.9760823249816895,-0.13230891525745392,4.946030616760254,0.14784907,-0.2015459,0.0044621737
619,21.037,0.11191483587026596,0.07464218884706497,-0.8830716609954834,0.10804077982902527,0.10531839728355408,-0.03857552260160446,-0.030002652692182292,0.0360458978377901,1.5082317485701011,0.09593057632446289,3.8980965614318848,-6.21985387802124,-0.30215319991111755,5.008690357208252,0.13264906,-0.21165657,0.010282028
620,21.0713,0.11649225652217865,0.07739940285682678,-0.8841139078140259,0.1175040751695633,0.09325727075338364,-0.03134594112634659,-0.026497502014555478,0.03891016087968394,1.5080234893728568,0.09613833576440811,3.473750114440918,-6.344590663909912,-0.42400580644607544,5.050215721130371,0.11985514,-0.21890804,0.014629514
621,21.105,0.12139240652322769,0.0796031802892685,-0.8849568367004395,0.1260208785533905,0.08060632646083832,-0.024543186649680138,-0.0239630173782083,0.04057522744985033,1.5078762165645756,0.09599050879478455,3.019688129425049,-6.428935527801514,-0.5334864854812622,5.083165168762207,0.10598664,-0.22564624,0.018724596
622,21.139,0.12661288678646088,0.08124158531427383,-0.8855297565460205,0.1336577981710434,0.06714297831058502,-0.018193960189819336,-0.020964443632401193,0.04210096492192433,1.5077278784918582,0.0954507365822792,2.5329408645629883,-6.44035005569458,-0.6309884190559387,5.110113143920898,0.09112285,-0.23169236,0.022699883
623,21.1732,0.13205644488334656,0.08234453946352005,-0.8858398199081421,0.1403793841600418,0.053243134170770645,-0.012014429084956646,-0.01710853279296763,0.04348855507363968,1.5075419898477707,0.0945904478430748,2.020373582839966,-6.409418106079102,-0.7179110050201416,5.130792140960693,0.07473403,-0.23708569,0.026555676
624,21.2071,0.1376902163028717,0.08285068720579147,-0.8858804702758789,0.14603674411773682,0.03902822360396385,-0.005947636440396309,-0.014359983060140424,0.04416583855073887,1.5074228133889895,0.09337213635444641,1.4942660331726074,-6.301905632019043,-0.7960785627365112,5.149212837219238,0.05724823,-0.24143824,0.030499315
625,21.2426,0.1449446678161621,0.08265870809555054,-0.8855741024017334,0.15173925459384918,0.020768925547599792,0.0012989105889573693,-0.010393845439604699,0.04473353294898129,1.5072393215898832,0.09139641374349594,0.8212199211120605,-6.076113224029541,-0.881576418876648,5.170475959777832,0.033143584,-0.24522561,0.035579506
626,21.277,0.15086275339126587,0.08181940764188766,-0.8849925994873047,0.1551770120859146,0.0060133724473416805,0.00686045503243804,-0.007217303873358442,0.04485318378333151,1.5071048319548341,0.08943520486354828,0.2696259617805481,-5.84455680847168,-0.9382834434509277,5.184625148773193,0.011375602,-0.24658366,0.03958647
627,21.3111,0.1567869633436203,0.08037484437227249,-0.8840426206588745,0.15756945312023163,-0.008957797661423683,0.012331399135291576,-0.0031694714457156103,0.044629956788523224,1.5069362538578321,0.08713485300540924,-0.2679632604122162,-5.5280537605285645,-0.9803804159164429,5.204730987548828,-0.011918578,-0.24587901,0.043605756
628,21.3451,0.1626773625612259,0.07836240530014038,-0.8828611373901367,0.158868670463562,-0.023748505860567093,0.017487626522779465,-0.0002825475426995901,0.044261978666090725,1.5068226700373402,0.08461076766252518,-0.7984524369239807,-5.169795513153076,-1.0159668922424316,5.224018096923828,-0.03745904,-0.24253865,0.047663633
629,21.379,0.17422886192798615,0.07258516550064087,-0.8798826932907104,0.1580291986465454,-0.05283477157354355,0.027326233685016632,0.003903408993668375,0.04344708466204011,1.5066614156333358,0.07897932827472687,-1.2990334033966064,-4.737706661224365,-1.0458483695983887,5.249538421630859,-0.06465859,-0.23581645,0.05205646
630,21.4135,0.17422886192798615,0.07258516550064087,-0.8798826932907104,0.1580291986465454,-0.05283477157354355,0.027326233685016632,0.007360206912827763,0.0425312776586215,1.5065342496912846,0.07897932827472687,-1.7820415496826172,-4.257819175720215,-1.0738130807876587,5.276601791381836,-0.0940101,-0.22461766,0.0566481
631,21.447,0.18120506405830383,0.06797061115503311,-0.8777515888214111,0.1553831547498703,-0.07027038186788559,0.033212386071681976,0.010422245555916872,0.04152610495587392,1.5064120105972498,0.07538468390703201,-2.317061424255371,-3.5641353130340576,-1.102630376815796,5.322091579437256,-0.13189797,-0.20288725,0.06276688
632,21.4822,0.18657246232032776,0.06374642252922058,-0.8758997917175293,0.1520056575536728,-0.08388460427522659,0.03770736977458,0.014000694541061611,0.04014814379597489,1.5062668683178406,0.072541244328022,-2.710691452026367,-2.9819304943084717,-1.1263068914413452,5.35713529586792,-0.16195628,-0.17816205,0.0672937
633,21.516,0.1965302675962448,0.053971387445926666,-0.8717702627182007,0.14181169867515564,-0.10933686047792435,0.04670427367091179,0.018590749427462153,0.03797609873923068,1.506092298108386,0.06714726984500885,-3.340010166168213,-1.7263751029968262,-1.1554434299468994,5.434021949768066,-0.21228893,-0.10972731,0.073439255
634,21.55,0.20112013816833496,0.04849293455481529,-0.869507908821106,0.13490603864192963,-0.12107032537460327,0.05115963891148567,0.021954987674504753,0.036125343262058525,1.5059783148137305,0.06478496640920639,-3.5984573364257812,-1.1162431240081787,-1.1677438020706177,5.464970588684082,-0.22807214,-0.07074808,0.07401222
635,21.584,0.20544540882110596,0.04265245422720909,-0.8670573234558105,0.12678265571594238,-0.1320594698190689,0.055666182190179825,0.02695049739359955,0.03276377441788981,1.5057964209112782,0.06275083124637604,-3.832977294921875,-0.5430395603179932,-1.180036187171936,5.487700939178467,-0.23677254,-0.033544905,0.07289377
636,21.6179,0.2103736847639084,0.03488866612315178,-0.8639187812805176,0.11494496464729309,-0.14422984421253204,0.060418035835027695,0.031129434068800216,0.02918537224612361,1.5056317043978567,0.060834839940071106,-4.041837692260742,0.15034177899360657,-1.176045298576355,5.514680862426758,-0.2398921,0.00892312,0.06980091
637,21.6518,0.21388640999794006,0.028388768434524536,-0.8613162040710449,0.10426691919565201,-0.1523936241865158,0.0634222999215126,0.03628522031243655,0.023596751585132945,1.505405069389091,0.05987890064716339,-4.189217567443848,0.6420251131057739,-1.170183539390564,5.524806022644043,-0.23820177,0.036505986,0.06653743
638,21.6861,0.2169904261827469,0.021735863760113716,-0.8587034940719604,0.09226734191179276,-0.15902464091777802,0.06536995619535446,0.039624645388260174,0.019046231117055168,1.5052419507723236,0.059518102556467056,-4.271194934844971,1.1005797386169434,-1.139465570449829,5.533031940460205,-0.23439667,0.06039814,0.062532134
639,21.7206,0.21964307129383087,0.014933585189282894,-0.8560503721237183,0.07923857867717743,-0.16385860741138458,0.06647731363773346,0.04368990253561728,0.011940345165208314,1.5050066604900152,0.05970485135912895,-4.318457126617432,1.519184947013855,-1.0925313234329224,5.534290313720703,-0.22939065,0.08069707,0.058033798
640,21.7549,0.22180160880088806,0.008042143657803535,-0.8533879518508911,0.06523378193378448,-0.16685715317726135,0.06662847101688385,0.04620435104595082,0.006061937207508801,1.504784686013157,0.06039807200431824,-4.3365092277526855,1.9080909490585327,-1.0312529802322388,5.527612686157227,-0.2235927,0.098382175,0.053171948
641,21.7893,0.22344711422920227,0.0011707550147548318,-0.8507125377655029,0.05062483623623848,-0.16780614852905273,0.06615743041038513,0.04779561892559758,0.000933487051101655,1.5046202358158447,0.061535291373729706,-4.291071891784668,2.2714579105377197,-0.9339014291763306,5.519582748413086,-0.21697558,0.11485496,0.04722219
642,21.8229,0.22473332285881042,-0.007274711038917303,-0.8474446535110474,0.03181580826640129,-0.16609659790992737,0.06470758467912674,0.049143444753286684,-0.006192389968882001,1.5044211645243613,0.0634155422449112,-4.1894402503967285,2.6938815116882324,-0.7915014028549194,5.504237174987793,-0.20767353,0.13353762,0.039235286
643,21.857,0.22511708736419678,-0.013840815052390099,-0.8448820114135742,0.016588028520345688,-0.1626938134431839,0.06274178624153137,0.04946847108076325,-0.011500752976587906,1.5043188991385021,0.0651322528719902,-4.0667805671691895,3.0104446411132812,-0.6578941345214844,5.49250602722168,-0.19925891,0.14750192,0.032234658
644,21.8911,0.22495533525943756,-0.02014956623315811,-0.842430591583252,0.0013812705874443054,-0.15741375088691711,0.05979657545685768,0.04893077053429784,-0.01760371950964074,1.504242466415217,0.06694505363702774,-3.9096405506134033,3.3044822216033936,-0.508408784866333,5.484218597412109,-0.19000028,0.16059087,0.024707595
645,21.9254,0.22421352565288544,-0.02613910287618637,-0.8400976657867432,-0.013608495704829693,-0.15057483315467834,0.056121934205293655,0.04805025873770119,-0.021505560515202467,1.5042386048316363,0.06870905309915543,-3.730860710144043,3.587704658508301,-0.35881951451301575,5.480730056762695,-0.17976864,0.17287077,0.017289441
646,21.9597,0.22294659912586212,-0.03177265077829361,-0.837874174118042,-0.028072694316506386,-0.14239709079265594,0.052044641226530075,0.04617139026627188,-0.02645404879630055,1.5043046512266702,0.07038190960884094,-3.5184013843536377,3.8479907512664795,-0.19956734776496887,5.485174179077148,-0.1685751,0.18436652,0.009561753
647,21.994,0.22114606201648712,-0.03699193149805069,-0.8357528448104858,-0.04198428988456726,-0.13286855816841125,0.04734475910663605,0.04418641563134893,-0.029893891689976977,1.5043904050137709,0.07186433672904968,-3.280951499938965,4.098191261291504,-0.03607526421546936,5.496334075927734,-0.15623972,0.19515687,0.001717913
648,22.0279,0.21820184588432312,-0.04291611909866333,-0.83341383934021,-0.05839402601122856,-0.11929868906736374,0.04085298627614975,0.04219604393402937,-0.03251678287154178,1.5044773572233618,0.0733918622136116,-2.950556755065918,4.369670391082764,0.17266198992729187,5.515365123748779,-0.13982679,0.20707853,-0.008182446
649,22.0619,0.21533221006393433,-0.04712037369608879,-0.831751823425293,-0.07071655988693237,-0.10734254121780396,0.03525203466415405,0.03897113894626835,-0.035677682527573015,1.5046419405787288,0.07430116087198257,-2.662346124649048,4.584052562713623,0.332231730222702,5.536548614501953,-0.12531053,0.21576084,-0.015637387
650,22.0961,0.21204985678195953,-0.05083681270480156,-0.8302500247955322,-0.08201266825199127,-0.09478775411844254,0.028984375298023224,0.036132159289973445,-0.037735881608905536,1.5048134481529298,0.07492364943027496,-2.359581470489502,4.773417949676514,0.4971162974834442,5.55821418762207,-0.11030366,0.22314359,-0.02323876
651,22.1298,0.2083905041217804,-0.05408031865954399,-0.8289699554443359,-0.09235446155071259,-0.08166263997554779,0.022152824327349663,0.03346846140648699,-0.03924102951680187,1.504956459903467,0.07526092231273651,-2.045754909515381,4.939594745635986,0.6597776412963867,5.579134941101074,-0.09493903,0.22923583,-0.030618843
652,22.164,0.20443548262119293,-0.05676935613155365,-0.8279614448547363,-0.10176456719636917,-0.06793240457773209,0.014959275722503662,0.0293837652637669,-0.04096633762306369,1.5051949459790837,0.07526905834674835,-1.7182068824768066,5.092173099517822,0.812373161315918,5.601753234863281,-0.07903009,0.23421796,-0.037365656
653,22.1981,0.20021067559719086,-0.05890896916389465,-0.8272073268890381,-0.10990475863218307,-0.05374816805124283,0.007656316738575697,0.0259790490487497,-0.041948532239030924,1.5053998762249654,0.07494504004716873,-1.3920581340789795,5.2074971199035645,0.9595125913619995,5.619541168212891,-0.063563354,0.23778172,-0.043812707
654,22.232,0.19461967051029205,-0.06085234135389328,-0.8266173601150513,-0.11850645393133163,-0.03569004312157631,-0.0011770654236897826,0.02160582853024395,-0.042747917490921036,1.5056414249358354,0.0741209089756012,-0.9801231026649475,5.3111891746521,1.1287943124771118,5.637781143188477,-0.044409204,0.24064904,-0.05114547
655,22.266,0.18998463451862335,-0.06175388768315315,-0.8264821767807007,-0.12397290766239166,-0.021062185987830162,-0.008290021680295467,0.01852809648222344,-0.04303457765394365,1.5058102693489466,0.07307823747396469,-0.6577416062355042,5.353062152862549,1.2556711435317993,5.644894599914551,-0.02969454,0.24167047,-0.056688793
656,22.2998,0.18527929484844208,-0.06208368018269539,-0.8266451358795166,-0.12824749946594238,-0.006409602705389261,-0.015215985476970673,0.014131321552232698,-0.04304443134997694,1.506057410698106,0.07171426713466644,-0.3294818103313446,5.372697353363037,1.3718949556350708,5.65083122253418,-0.014828524,0.24180143,-0.061742943
657,22.334,0.18053984642028809,-0.0618402361869812,-0.8270655870437622,-0.1314357966184616,0.008249105885624886,-0.022485772147774696,0.01061388184259139,-0.042745632998048455,1.5062209287890367,0.07003512233495712,-0.013151872903108597,5.350424289703369,1.4901249408721924,5.645451545715332,-0.00059199263,0.2408335,-0.06707356
658,22.368,0.1757720410823822,-0.06099777668714523,-0.8277226686477661,-0.13332444429397583,0.022598562762141228,-0.02936372719705105,0.007582652644363135,-0.042284173760164974,1.5063600789559934,0.0680164247751236,0.296066552400589,5.2903971672058105,1.6035493612289429,5.631049156188965,0.013370051,0.23890872,-0.072414584
659,22.402,0.17100325226783752,-0.05957499518990517,-0.8286106586456299,-0.13411502540111542,0.03695978596806526,-0.03606897220015526,0.0033669328771260263,-0.04130817099373217,1.5065345160073935,0.06568600982427597,0.6142908334732056,5.202333927154541,1.7160248756408691,5.611996650695801,0.027859583,0.2359385,-0.077825904
660,22.4355,0.16505172848701477,-0.057046595960855484,-0.8300846815109253,-0.13363514840602875,0.05421637371182442,-0.044011663645505905,0.00011546779890365041,-0.04028869212250382,1.506646901405395,0.0624161958694458,0.9971931576728821,5.031139850616455,1.8436963558197021,5.569341659545898,0.045740124,0.23077272,-0.08456827
661,22.47,0.16039305925369263,-0.05454223230481148,-0.8315384387969971,-0.13200350105762482,0.06759782135486603,-0.050374750047922134,-0.0025795266486547666,-0.039228766492219895,1.506715610961519,0.05967291444540024,1.3019335269927979,4.858658313751221,1.9383771419525146,5.5264410972595215,0.06037946,0.22532885,-0.08989566
662,22.5039,0.15586981177330017,-0.05154791474342346,-0.8332407474517822,-0.12942257523536682,0.08046428859233856,-0.05684777349233627,-0.006257129230357495,-0.03744600484662882,1.5067977694811479,0.05678850784897804,1.6142103672027588,4.656118869781494,2.0258567333221436,5.478243827819824,0.075739674,0.21846777,-0.09505436
663,22.538,0.15146706998348236,-0.04805013909935951,-0.8352233171463013,-0.12580342590808868,0.09283533692359924,-0.06312049180269241,-0.009080384792950626,-0.035813886572573755,1.5068455732227148,0.053797345608472824,1.918043613433838,4.407524585723877,2.095721483230591,5.417750835418701,0.09144377,0.21013112,-0.09991466
664,22.5719,0.1472146213054657,-0.04413892328739166,-0.8374605178833008,-0.1213514432311058,0.10456586629152298,-0.06956150382757187,-0.012394764711257196,-0.033569472193801256,1.5068848548487934,0.05086493864655495,2.2279038429260254,4.123141288757324,2.150832176208496,5.351125717163086,0.10801346,0.19989856,-0.10427686
665,22.6062,0.143144428730011,-0.039835959672927856,-0.8398517370223999,-0.11611546576023102,0.11564090847969055,-0.07560117542743683,-0.014622867228352968,-0.03185563648617279,1.506888982748483,0.048110585659742355,2.5245590209960938,3.790358543395996,2.1838371753692627,5.2730865478515625,0.12496136,0.18761627,-0.10809621
666,22.6399,0.13832005858421326,-0.033933937549591064,-0.843154788017273,-0.10846050083637238,0.12838023900985718,-0.0829433724284172,-0.0176406833533332,-0.02922140606402914,1.5068779306299593,0.04512340575456619,2.8947439193725586,3.316286325454712,2.190666913986206,5.167708396911621,0.14718212,0.16861528,-0.1113836
667,22.6737,0.13473597168922424,-0.028801357373595238,-0.8460149765014648,-0.10146080702543259,0.13774757087230682,-0.08852063864469528,-0.019892979024456657,-0.026949290648730608,1.5068462390129873,0.043262600898742676,3.1802923679351807,2.883665084838867,2.1659562587738037,5.076301574707031,0.16534929,0.14992708,-0.112612076
668,22.708,0.13148194551467896,-0.023312395438551903,-0.849036693572998,-0.09380502998828888,0.14637282490730286,-0.09381706267595291,-0.021811705446669286,-0.024871042957816836,1.506796437900603,0.04199732467532158,3.443967819213867,2.399959087371826,2.1109979152679443,4.978696823120117,0.18324359,0.12769489,-0.1123201
669,22.7419,0.12855041027069092,-0.01753825880587101,-0.8521723747253418,-0.08553619682788849,0.1543302983045578,-0.09860888123512268,-0.024530160418881293,-0.02164435906167143,1.506713746748756,0.04151339828968048,3.7006499767303467,1.8727163076400757,2.033517599105835,4.882114410400391,0.200286,0.10135486,-0.11005773
670,22.776,0.12592262029647827,-0.011467735283076763,-0.8554770946502686,-0.07657676190137863,0.16146647930145264,-0.1029629111289978,-0.026675846422617517,-0.018814088774378925,1.506630522964691,0.041943278163671494,3.9244539737701416,1.293046236038208,1.9173228740692139,4.783657073974609,0.21538532,0.070966095,-0.10522819
671,22.8104,0.12358557432889938,-0.005131246522068977,-0.858913779258728,-0.06700102984905243,0.16769975423812866,-0.1065373569726944,-0.02848049592341768,-0.01617060698833915,1.5065409075940097,0.043371688574552536,4.114375591278076,0.6646020412445068,1.760920763015747,4.688326835632324,0.22734132,0.036722828,-0.09730032
672,22.8441,0.12117685377597809,0.0031448963563889265,-0.8633102178573608,-0.05429462715983391,0.17405490577220917,-0.10975310951471329,-0.030966307129654456,-0.012047665355652002,1.5063845800380222,0.046428993344306946,4.303731441497803,-0.1796126365661621,1.5204558372497559,4.583210468292236,0.23553963,-0.009830049,-0.08321328
673,22.8784,0.11967260390520096,0.00996006652712822,-0.8668264150619507,-0.043591924011707306,0.17805400490760803,-0.11084426939487457,-0.03285723680798938,-0.008403734856907638,1.5062349103847597,0.049757979810237885,4.406732082366943,-0.8915867805480957,1.294777274131775,4.516259670257568,0.23546547,-0.047640268,-0.069184
674,22.912,0.11862286925315857,0.01693199947476387,-0.8702301979064941,-0.03230321407318115,0.18077345192432404,-0.11038774251937866,-0.035020406048163054,-0.003345283249998824,1.5060185285461907,0.05362609028816223,4.4702630043029785,-1.6229819059371948,1.0575683116912842,4.472369194030762,0.22938837,-0.083282165,-0.054268368
675,22.9461,0.1180126741528511,0.02402365580201149,-0.8734966516494751,-0.02058955281972885,0.18231606483459473,-0.10796604305505753,-0.036317236502166346,0.0005303714244161481,1.5058496841330797,0.0579228475689888,4.464799880981445,-2.3652467727661133,0.7966738939285278,4.450262546539307,0.21821968,-0.115602806,-0.038937896
676,22.9799,0.11791425198316574,0.03833555057644844,-0.8794759511947632,0.003667935263365507,0.1813533455133438,-0.09692539274692535,-0.03774081261811139,0.0065427324513224775,1.5055476816654647,0.06743523478507996,4.283312797546387,-3.7943294048309326,0.2512999475002289,4.477423667907715,0.18695518,-0.16561235,-0.010968572
677,23.014,0.11791425198316574,0.03833555057644844,-0.8794759511947632,0.003667935263365507,0.1813533455133438,-0.09692539274692535,-0.038341621760033265,0.011669161505129888,1.505308396641521,0.06743523478507996,4.35300874710083,-3.824195384979248,0.2856188714504242,4.4845757484436035,0.18758862,-0.16479993,-0.012308463
678,23.0478,0.11960342526435852,0.054080020636320114,-0.8848874568939209,0.03139203041791916,0.17301252484321594,-0.0757373496890068,-0.038433026442071826,0.01627345494068665,1.5050904169062982,0.07846512645483017,3.9564030170440674,-5.219419479370117,-0.26286691427230835,4.614632606506348,0.15089864,-0.19907054,0.010025839
679,23.082,0.12104161083698273,0.060688361525535583,-0.886750340461731,0.04360503330826759,0.1666666716337204,-0.06513233482837677,-0.03768932206291039,0.022933406011270044,1.5048003986635885,0.08307535946369171,3.768109083175659,-5.759593486785889,-0.43859177827835083,4.692713737487793,0.1365918,-0.20878197,0.0158987
680,23.1162,0.12293936312198639,0.0669492557644844,-0.888197660446167,0.055230047553777695,0.15880034863948822,-0.053341515362262726,-0.03638676165137422,0.028051466913589722,1.5045548552110832,0.08732656389474869,3.5333662033081055,-6.211669445037842,-0.599265456199646,4.766359329223633,0.123176016,-0.21654384,0.02089088
681,23.1506,0.12528692185878754,0.07277794927358627,-0.8891822099685669,0.06639587134122849,0.14934122562408447,-0.041675180196762085,-0.034727262752361786,0.03230666986450753,1.504361909190107,0.0911221131682396,3.261767625808716,-6.573796272277832,-0.7299923896789551,4.830722808837891,0.11057227,-0.22284836,0.024746371
682,23.185,0.12802448868751526,0.07811078429222107,-0.8897069692611694,0.07675278931856155,0.13831491768360138,-0.03092290833592415,-0.031688017543282126,0.037809667815857546,1.5041171646859286,0.09442943334579468,2.976940631866455,-6.873275279998779,-0.8198206424713135,4.883810997009277,0.098770455,-0.22804503,0.027200427
683,23.2188,0.13193929195404053,0.08402024209499359,-0.8898259401321411,0.0886395275592804,0.12271842360496521,-0.01870262622833252,-0.028858756344371406,0.04159547614108128,1.5039552444916517,0.09789076447486877,2.5742390155792236,-7.119868755340576,-0.9053835868835449,4.932209491729736,0.08440249,-0.23344167,0.029685132
684,23.2529,0.13544423878192902,0.08813576400279999,-0.8895629644393921,0.096978098154068,0.10897225886583328,-0.010077372193336487,-0.024959642998332407,0.04542195592957757,1.503762697944839,0.10014954954385757,2.2369279861450195,-7.270949840545654,-0.9447574615478516,4.9587812423706055,0.0729524,-0.23712575,0.03081115
685,23.287,0.13924458622932434,0.09161464124917984,-0.8889678716659546,0.10427449643611908,0.09440065175294876,-0.0022303371224552393,-0.022105499968580862,0.04751605775135572,1.5036453856988212,0.1018776148557663,1.879726767539978,-7.352367877960205,-0.9702790975570679,4.978398323059082,0.061423928,-0.2402537,0.03170586
686,23.3209,0.14327822625637054,0.09441681951284409,-0.8881391286849976,0.11047817021608353,0.07898949831724167,0.004582681693136692,-0.017927765877059937,0.04972988114770054,1.503505836057701,0.10309586673974991,1.5105732679367065,-7.398166179656982,-0.9804238080978394,4.990607738494873,0.04959729,-0.24290712,0.03219067
687,23.3545,0.14753583073616028,0.09649074077606201,-0.8870888948440552,0.11573489755392075,0.06310944259166718,0.010442058555781841,-0.014598350541864726,0.05085449246414897,1.5034023722493515,0.10376092791557312,1.1290178298950195,-7.386984348297119,-0.980636477470398,5.000240325927734,0.03745,-0.24502942,0.03252813
688,23.388,0.1520187258720398,0.09784014523029327,-0.8858333826065063,0.12002470344305038,0.046802815049886703,0.015341813676059246,-0.011722230191336221,0.05141314043706353,1.5033283363710472,0.10388410836458206,0.7361665964126587,-7.325252056121826,-0.9706615209579468,5.008772373199463,0.024783874,-0.24661283,0.03267841
689,23.4219,0.15788836777210236,0.09848970919847488,-0.8840547800064087,0.12398918718099594,0.02613033354282379,0.02073584496974945,-0.007717313408318121,0.051612099376438465,1.503209426228375,0.10331036150455475,0.22841589152812958,-7.18534517288208,-0.9534357786178589,5.0175275802612305,0.007874321,-0.2477048,0.032868374
690,23.4561,0.16270844638347626,0.09819897264242172,-0.8825051784515381,0.1260259598493576,0.009531534276902676,0.024162789806723595,-0.004631432191391697,0.05131712099619856,1.5030979729367553,0.10231994092464447,-0.18430215120315552,-7.017014503479004,-0.9364504814147949,5.0251078605651855,-0.0065063518,-0.24771911,0.033059172
691,23.4901,0.1675674170255661,0.09722196310758591,-0.8808785676956177,0.1270330399274826,-0.006933680269867182,0.027290400117635727,-0.0019877532690134197,0.05077317450473908,1.5030115533593822,0.1009124368429184,-0.5932812690734863,-6.794113636016846,-0.9220808744430542,5.035767555236816,-0.021551859,-0.24680667,0.03349601
692,23.5238,0.1724165976047516,0.09564448148012161,-0.8791773319244385,0.12716059386730194,-0.02325998991727829,0.029901735484600067,0.0016937907390877614,0.049584730545912815,1.5028830558367858,0.0991751104593277,-1.007751226425171,-6.529932498931885,-0.9107049703598022,5.0460968017578125,-0.037773456,-0.24476092,0.034135878
693,23.5579,0.177249476313591,0.09344027936458588,-0.8774003982543945,0.12633083760738373,-0.039182815700769424,0.03202374652028084,0.0045723729531786375,0.04837347494787434,1.50277053728073,0.09709645807743073,-1.407889723777771,-6.204911231994629,-0.8977200984954834,5.063070297241211,-0.05477616,-0.2414118,0.034927208
694,23.5923,0.1820196509361267,0.09062206745147705,-0.8755769729614258,0.12465588748455048,-0.05469921976327896,0.033731233328580856,0.008080150381490002,0.04653298096327739,1.5026582850407832,0.09471184760332108,-1.8032300472259521,-5.826903343200684,-0.8891689777374268,5.082892417907715,-0.07313539,-0.2363275,0.036062907
695,23.6259,0.18785300850868225,0.08632462471723557,-0.8732675313949585,0.12150146812200546,-0.0732773095369339,0.035672497004270554,0.01048415989007201,0.04506972374709017,1.5025887765363322,0.0914214551448822,-2.2522051334381104,-5.25457239151001,-0.8765569925308228,5.122462272644043,-0.09735122,-0.22712809,0.03788904
696,23.6594,0.19236373901367188,0.082309290766716,-0.8714112043380737,0.11794185638427734,-0.08740292489528656,0.037072405219078064,0.013801117665089993,0.04277955917362254,1.5024925032629257,0.0886043831706047,-2.593812942504883,-4.739448070526123,-0.8752506971359253,5.155900478363037,-0.11847715,-0.21648295,0.039978676
697,23.6931,0.1967037171125412,0.07781164348125458,-0.8695806264877319,0.11347514390945435,-0.10082574933767319,0.03847234696149826,0.0164478451787083,0.04073769275991277,1.5024090131627519,0.0856843888759613,-2.9180569648742676,-4.176690101623535,-0.8857505321502686,5.189121246337891,-0.14106451,-0.20190926,0.04281889
698,23.7268,0.20079903304576874,0.07286198437213898,-0.8677449226379395,0.10825864970684052,-0.1135731190443039,0.03966735675930977,0.018776444576251734,0.03881086658291602,1.502348293089898,0.08268214762210846,-3.2017054557800293,-3.555799961090088,-0.8934389352798462,5.226689338684082,-0.16444194,-0.1826285,0.04588768
699,23.761,0.20463041961193085,0.06750652194023132,-0.865958571434021,0.1022544577717781,-0.12557362020015717,0.04114305227994919,0.022142725967193126,0.03585151204534953,1.5022719935246673,0.0796780213713646,-3.467113494873047,-2.909454584121704,-0.9173711538314819,5.258973121643066,-0.18768924,-0.15750085,0.049661107
700,23.7949,0.2081720232963562,0.06181211769580841,-0.8642480373382568,0.09523743391036987,-0.13667219877243042,0.042698901146650314,0.024891975820103777,0.033248034892012494,1.5021930307983464,0.07675623148679733,-3.690340995788574,-2.241135835647583,-0.9474983215332031,5.288784027099609,-0.20871548,-0.12675245,0.053587884
701,23.83,0.21217560768127441,0.054202452301979065,-0.8621069192886353,0.0856383815407753,-0.14922404289245605,0.04505542665719986,0.027354696587451724,0.030722024517477735,1.5021613391813744,0.07323307543992996,-3.9092936515808105,-1.3943405151367188,-0.9822511672973633,5.325006008148193,-0.22914116,-0.081728525,0.057574127
702,23.8638,0.21503712236881256,0.04773340001702309,-0.8603527545928955,0.07690688222646713,-0.1581755429506302,0.04722149670124054,0.030905399803286503,0.026690023594232986,1.5021072770112458,0.07058724015951157,-4.065644264221191,-0.7475275993347168,-1.022220492362976,5.345775604248047,-0.2386889,-0.043886412,0.06001329
703,23.8982,0.21756039559841156,0.04097917675971985,-0.8585488796234131,0.06725912541151047,-0.1659339815378189,0.049460794776678085,0.033715172072563804,0.023028680599267628,1.5020397658776123,0.06817782670259476,-4.173315048217773,-0.12971386313438416,-1.0526034832000732,5.366835594177246,-0.24229832,-0.0075310515,0.06111306
704,23.932,0.2196950912475586,0.03402727097272873,-0.8567094802856445,0.0569530613720417,-0.17257608473300934,0.0518420934677124,0.03710352233044463,0.017782941928624667,1.5019299104826467,0.06608260422945023,-4.253604412078857,0.4407508075237274,-1.0839385986328125,5.385263919830322,-0.24104582,0.024976732,0.061425287
705,23.966,0.22137999534606934,0.026937110349535942,-0.8548200130462646,0.04568120464682579,-0.1776614934206009,0.054002534598112106,0.039264323853961655,0.013669398341753056,1.5018448224858185,0.06432296335697174,-4.2708964347839355,0.9649349451065063,-1.0917129516601562,5.404367446899414,-0.23660989,0.0534579,0.06048147
706,23.9998,0.22256320714950562,0.01975402422249317,-0.852873682975769,0.033601053059101105,-0.1812453716993332,0.05613401159644127,0.04186338598555405,0.00729868477075503,1.5016923565134115,0.06290276348590851,-4.260944843292236,1.4460718631744385,-1.0949753522872925,5.417801380157471,-0.23002516,0.07806553,0.059111744
707,24.034,0.22328248620033264,0.010759365744888783,-0.8503443002700806,0.01771501451730728,-0.18331101536750793,0.05821676179766655,0.04340107023183058,0.0020147332494728216,1.501568253206614,0.061611633747816086,-4.154272079467773,1.994924783706665,-1.0477138757705688,5.4330058097839355,-0.21975464,0.10552847,0.05542246
708,24.0679,0.22322559356689453,0.0036339566577225924,-0.8482917547225952,0.004370040725916624,-0.1830572485923767,0.05929319187998772,0.04427805333998288,-0.002681174618065777,1.5014488104317238,0.060961488634347916,-4.022095680236816,2.4027531147003174,-0.9878134727478027,5.440178871154785,-0.21000318,0.12545346,0.051576093
709,24.102,0.22255975008010864,-0.0033711027354002,-0.8462474346160889,-0.009300178848206997,-0.1809486746788025,0.0597970075905323,0.044809574520481454,-0.009315170531068232,1.501272109693397,0.060592036694288254,-3.861464500427246,2.7930471897125244,-0.9190391302108765,5.444231986999512,-0.19890021,0.14386709,0.047338795
710,24.1363,0.22133950889110565,-0.010182442143559456,-0.8442871570587158,-0.02313489466905594,-0.17707130312919617,0.05958237126469612,0.0445982901386865,-0.014414178388323536,1.5011514684960163,0.06052393838763237,-3.6497035026550293,3.158461093902588,-0.8312985897064209,5.45224666595459,-0.18629755,0.1612223,0.04243328
711,24.1701,0.21958424150943756,-0.01674363575875759,-0.8423733711242676,-0.0368066132068634,-0.17173099517822266,0.058725714683532715,0.043949015626114384,-0.01871216460603455,1.5010918136875986,0.06071702390909195,-3.3980460166931152,3.5013017654418945,-0.7304767370223999,5.466926574707031,-0.17219244,0.17742482,0.037016146
712,24.204,0.21734283864498138,-0.023020997643470764,-0.8404824733734131,-0.050301965326070786,-0.16470196843147278,0.0570867657661438,0.04232629331728026,-0.02439591213280608,1.501037218885252,0.06115952134132385,-3.1223666667938232,3.8334858417510986,-0.624170184135437,5.488450050354004,-0.15663806,0.19231239,0.031312406
713,24.2382,0.21388264000415802,-0.030425535514950752,-0.8382142782211304,-0.06645755469799042,-0.15395432710647583,0.054251350462436676,0.04048248286488832,-0.028556500044215023,1.5010105872743513,0.06199491024017334,-2.7248246669769287,4.208669185638428,-0.4713890850543976,5.527317047119141,-0.13527137,0.20893545,0.02340167
714,24.2718,0.2106218934059143,-0.03597158566117287,-0.8365119695663452,-0.07862536609172821,-0.1439463496208191,0.05159655585885048,0.037641697252479206,-0.0331679964982826,1.5010346888822164,0.06284873187541962,-2.3809475898742676,4.504229545593262,-0.3530859053134918,5.568036079406738,-0.11655266,0.220492,0.017284337
715,24.3059,0.20697851479053497,-0.04109279438853264,-0.8349530696868896,-0.09006060659885406,-0.13273517787456512,0.04812437295913696,0.03530285508771198,-0.03602543310928852,1.5010714405052596,0.06379875540733337,-2.0166361331939697,4.766966342926025,-0.2258003056049347,5.611417770385742,-0.097311,0.23002577,0.010895795
716,24.3398,0.20299914479255676,-0.0457400307059288,-0.8335646390914917,-0.10050759464502335,-0.12046881765127182,0.0441778190433979,0.031534122202383774,-0.03956645115725274,1.5011528000765615,0.06478185951709747,-1.639243245124817,5.017838001251221,-0.10441973805427551,5.659584999084473,-0.077618025,0.23759419,0.0049442654
717,24.3743,0.19869360327720642,-0.049842771142721176,-0.8323116302490234,-0.10986049473285675,-0.10728112608194351,0.039620980620384216,0.028180977685757037,-0.04194716320778306,1.5012405512344795,0.06569904834032059,-1.2578215599060059,5.2291646003723145,0.02137628197669983,5.705517292022705,-0.058466803,0.2430651,-0.0009936249
718,24.4081,0.19410355389118195,-0.05338900536298752,-0.8311684131622314,-0.1182551458477974,-0.09333053231239319,0.034929752349853516,0.02504047825979472,-0.04368990253561728,1.5013509392616633,0.06652162969112396,-0.8769711852073669,5.4017767906188965,0.14608916640281677,5.7478837966918945,-0.04004836,0.24668121,-0.0066714073
719,24.4419,0.1880718171596527,-0.0569896325469017,-0.8299782276153564,-0.1268695592880249,-0.07486364990472794,0.028784869238734245,0.020366703367516715,-0.045662031579469804,1.501495149434691,0.06734953075647354,-0.4105929434299469,5.568345069885254,0.2978660762310028,5.795469284057617,-0.018358229,0.2489691,-0.01331804
720,24.476,0.18310031294822693,-0.059155046939849854,-0.82927405834198,-0.13230445981025696,-0.05944543331861496,0.02365322783589363,0.016485913818134225,-0.046776847456533786,1.5016046053554934,0.06778043508529663,-0.051990170031785965,5.6555352210998535,0.41637226939201355,5.825385093688965,-0.002291899,0.24931473,-0.01835507
721,24.51,0.1780908852815628,-0.06065098196268082,-0.8288841247558594,-0.13657942414283752,-0.04351574555039406,0.01822664961218834,0.013036420086398163,-0.04738726894551517,1.5017208523370753,0.06793635338544846,0.2876000702381134,5.696898460388184,0.5316904783248901,5.843726634979248,0.012550451,0.2486044,-0.023202201
722,24.544,0.1730385720729828,-0.061476320028305054,-0.8286529779434204,-0.13935133814811707,-0.027346782386302948,0.012797958217561245,0.008074250335348445,-0.04773168641467887,1.5018854356924423,0.06780709326267242,0.6230865120887756,5.710021495819092,0.6515634059906006,5.857557773590088,0.026946593,0.24694103,-0.028178131
723,24.578,0.16800782084465027,-0.061635442078113556,-0.8285825252532959,-0.14071586728096008,-0.01128772459924221,0.007416493259370327,0.004190081380184267,-0.04754814052011277,1.50200953899924,0.06738345324993134,0.9391226172447205,5.676346302032471,0.7813519239425659,5.856951713562012,0.04043535,0.24440372,-0.033642296
724,24.612,0.16304118931293488,-0.061207327991724014,-0.8286874294281006,-0.14087072014808655,0.004750736523419619,0.001942426897585392,-0.0004754170368056399,-0.04680882619556075,1.5021462923212154,0.0667242705821991,1.2511913776397705,5.61250114440918,0.9203734397888184,5.848216533660889,0.053713363,0.2409434,-0.039511424
725,24.6475,0.15252725780010223,-0.05800141766667366,-0.8294358253479004,-0.13631168007850647,0.04014557972550392,-0.010457170195877552,-0.003562415923144623,-0.045994543886323014,1.5022070123940694,0.06422034651041031,1.6028649806976318,5.4643425941467285,1.1155916452407837,5.810329437255859,0.06905539,0.2354174,-0.048062447
726,24.6812,0.14825011789798737,-0.055573273450136185,-0.8299500942230225,-0.13237668573856354,0.05525387078523636,-0.015937380492687225,-0.007669745294089832,-0.04440571446354935,1.502302886193312,0.06260734796524048,2.1177523136138916,5.097310543060303,1.473883032798767,5.705657482147217,0.09267051,0.2230527,-0.0644955
727,24.7151,0.1442580223083496,-0.052546124905347824,-0.8306294679641724,-0.12746012210845947,0.06990831345319748,-0.022225258871912956,-0.01070612916544361,-0.04283248950028787,1.5023468283512984,0.06067440286278725,2.144702672958374,5.114538669586182,1.4769477844238281,5.7175092697143555,0.09342169,0.22278559,-0.06433477
728,24.7489,0.14056292176246643,-0.04895181581377983,-0.8314956426620483,-0.12155191600322723,0.08411457389593124,-0.02961326576769352,-0.013202409923715758,-0.04124631491622588,1.502385843661268,0.058450594544410706,2.6049506664276123,4.579171657562256,1.8842661380767822,5.560963153839111,0.116394475,0.20460667,-0.08419283
729,24.7831,0.13719059526920319,-0.04480236396193504,-0.8325066566467285,-0.11471208930015564,0.0976841002702713,-0.03658058121800423,-0.01653573365587012,-0.03866301536933539,1.5023734599621992,0.05596650764346123,2.8424386978149414,4.258328437805176,2.0882818698883057,5.479050159454346,0.12851588,0.19253287,-0.09441801
730,24.8169,0.13343870639801025,-0.03895916789770126,-0.8340498208999634,-0.10481808334589005,0.11357606947422028,-0.04725853353738785,-0.018956403525724634,-0.03637802731523661,1.502345629928808,0.05264396220445633,3.103827953338623,3.7898409366607666,2.333984136581421,5.362659454345703,0.14300075,0.174607,-0.10753221
731,24.8513,0.13086335361003876,-0.03380174934864044,-0.835558295249939,-0.09607558697462082,0.12547656893730164,-0.05666714906692505,-0.02168371975034496,-0.033187770469376446,1.5022917009167338,0.049877360463142395,3.2963852882385254,3.365464448928833,2.506401300430298,5.266515731811523,0.15443633,0.15767272,-0.11742543
732,24.8855,0.12872403860092163,-0.02823484130203724,-0.8373086452484131,-0.08655618876218796,0.1362731009721756,-0.06654220074415207,-0.023466704019558412,-0.030752879735419823,1.5022224587283919,0.04707760363817215,3.4773290157318115,2.8996658325195312,2.6508426666259766,5.173289775848389,0.1656943,0.13816871,-0.12631232
733,24.9198,0.12703447043895721,-0.02228374406695366,-0.839429497718811,-0.07659075409173965,0.14614219963550568,-0.0764656737446785,-0.025759594171954163,-0.026959300389359023,1.5021328433577106,0.04435388371348381,3.6334362030029297,2.381326675415039,2.7430684566497803,5.0796074867248535,0.17679918,0.11587285,-0.13347483
734,24.9539,0.12575438618659973,-0.016001857817173004,-0.8419688940048218,-0.06612618267536163,0.15490104258060455,-0.08642784506082535,-0.027371659675238767,-0.023697396187797322,1.5020134005828205,0.04194754734635353,3.7510910034179688,1.8098552227020264,2.770545244216919,4.986043930053711,0.18747139,0.09045264,-0.13846585
735,24.9881,0.12489870190620422,-0.009429735131561756,-0.8449680805206299,-0.055082790553569794,0.16241367161273956,-0.09626694023609161,-0.028663569523009216,-0.020692035542399713,1.501889297276023,0.040114626288414,3.8258209228515625,1.1862164735794067,2.7290873527526855,4.896327972412109,0.19733551,0.061184943,-0.14076608
736,25.0221,0.12441425770521164,-0.0009076965507119894,-0.84920334815979,-0.040924396365880966,0.17031729221343994,-0.10748913139104843,-0.030239567918874662,-0.016153606449849277,1.5017055391608074,0.039093852043151855,3.86864972114563,0.3264506459236145,2.588524103164673,4.795652389526367,0.20726956,0.017490154,-0.13868463
737,25.0561,0.1244983822107315,0.006148288957774639,-0.8529678583145142,-0.02929186262190342,0.17509077489376068,-0.11559315770864487,-0.0312874677123612,-0.01234578959492956,1.501539491066841,0.03958626836538315,3.8492512702941895,-0.41876038908958435,2.4063451290130615,4.728290557861328,0.21108939,-0.022964433,-0.13196175
738,25.0901,0.12493225187063217,0.013342592865228653,-0.8570802211761475,-0.017512887716293335,0.17861562967300415,-0.12234512716531754,-0.032105160116151006,-0.008812902510668491,1.5013778371886732,0.041472963988780975,3.7793195247650146,-1.201593041419983,2.162170648574829,4.675228118896484,0.20917825,-0.066505924,-0.11967209
739,25.1241,0.1256859302520752,0.020623357966542244,-0.8614184856414795,-0.005704338662326336,0.18085364997386932,-0.12725208699703217,-0.03308354516340267,-0.00332289579201102,1.5011429463805281,0.04470354691147804,3.6873464584350586,-2.014012098312378,1.8805406093597412,4.642009258270264,0.20026113,-0.109381735,-0.10213285
740,25.158,0.1267734318971634,0.027976766228675842,-0.8659536838531494,0.006149559281766415,0.1816074699163437,-0.12958405911922455,-0.03366844191781132,0.0015659597869869335,1.5009168440039804,0.04909523203969002,3.5414645671844482,-2.8257787227630615,1.556687593460083,4.6270647048950195,0.1848115,-0.1474634,-0.08123582
741,25.1919,0.12821368873119354,0.03530430048704147,-0.8706108331680298,0.01781473122537136,0.18087156116962433,-0.12926584482192993,-0.03405411757792524,0.008256623814856532,1.5006437368341927,0.05435847491025925,3.372781991958618,-3.6236913204193115,1.2167320251464844,4.632452487945557,0.16540486,-0.17770973,-0.05966985
742,25.2259,0.13052846491336823,0.044273704290390015,-0.8763818740844727,0.032099608331918716,0.1776227056980133,-0.12487141788005829,-0.0339628814240494,0.013202510832553938,1.5004569160837238,0.061655133962631226,3.064152240753174,-4.519250869750977,0.7681081295013428,4.656882286071777,0.13892955,-0.20490414,-0.034826245
743,25.2598,0.13282988965511322,0.05121173709630966,-0.8807429075241089,0.04321996495127678,0.17290282249450684,-0.11814337968826294,-0.03324464144221725,0.020357161760673665,1.5001854068105902,0.06768296658992767,2.80975079536438,-5.1746745109558105,0.4311598241329193,4.693936824798584,0.11897548,-0.2191153,-0.018256938
744,25.2939,0.13552391529083252,0.05787164345383644,-0.8846678733825684,0.05393987521529198,0.16669951379299164,-0.10791312903165817,-0.03208359059191596,0.02604298988204682,1.500000450272884,0.07360026240348816,2.5080325603485107,-5.735415935516357,0.10312554240226746,4.734643459320068,0.10015049,-0.22902602,-0.0041179983
745,25.328,0.1386897712945938,0.06416544318199158,-0.888247013092041,0.06412328034639359,0.1587163805961609,-0.09604600816965103,-0.030567259488035903,0.03085930006869831,1.4998375979722258,0.0792987272143364,2.164761543273926,-6.190446376800537,-0.20726564526557922,4.769429683685303,0.08248207,-0.23586932,0.007897267
746,25.3638,0.14230066537857056,0.07001621276140213,-0.8914303779602051,0.07383932173252106,0.1489933431148529,-0.08294260501861572,-0.027706377412369695,0.037231087746659425,1.4996241456108559,0.08466751873493195,1.808624267578125,-6.567408561706543,-0.48607251048088074,4.797402858734131,0.06620904,-0.24041577,0.017793853
747,25.398,0.1462858021259308,0.07538164407014847,-0.894176721572876,0.08277317136526108,0.1377207338809967,-0.06927355378866196,-0.024935146077492882,0.041679964926664044,1.4994816664925368,0.08964607119560242,1.4205868244171143,-6.835716724395752,-0.74501633644104,4.812512397766113,0.050580572,-0.24338847,0.02652661
748,25.4319,0.15181989967823029,0.0813199058175087,-0.896908164024353,0.09261876344680786,0.12149413675069809,-0.05259377881884575,-0.021039719545087966,0.04627816638122725,1.4993354589486914,0.09518132358789444,0.910342276096344,-7.0526556968688965,-1.0257476568222046,4.817756652832031,0.031676136,-0.24540319,0.035691768
749,25.466,0.15664245188236237,0.08540570735931396,-0.8985534906387329,0.09931853413581848,0.10738427937030792,-0.03969009220600128,-0.018140641913725136,0.048832387537965434,1.499239185675285,0.09904120862483978,0.48759183287620544,-7.141595363616943,-1.2220193147659302,4.814229965209961,0.016786234,-0.2458624,0.042070236
750,25.5001,0.16172392666339874,0.0888490155339241,-0.8998000621795654,0.10505266487598419,0.09216401726007462,-0.02758203074336052,-0.013803982643856431,0.05153780966559286,1.4991116202590702,0.10241254419088364,0.060953181236982346,-7.183029651641846,-1.3935072422027588,4.804698944091797,0.0020825295,-0.24541575,0.047610637
751,25.5342,0.1669730693101883,0.09163674712181091,-0.9006209373474121,0.10980943590402603,0.0763779804110527,-0.01569698378443718,-0.010241783102550377,0.05297805550548612,1.4990337227971855,0.10527288168668747,-0.36626124382019043,-7.159725666046143,-1.5522468090057373,4.794788837432861,-0.012482986,-0.24401915,0.052903973
752,25.5678,0.17237448692321777,0.09376770257949829,-0.9009943008422852,0.11334380507469177,0.06005851924419403,-0.004639276769012213,-0.007107607643879699,0.05372602510358089,1.4989835222106374,0.10761252045631409,-0.789559543132782,-7.084217071533203,-1.69290292263031,4.786050796508789,-0.026942447,-0.24173748,0.05776758
753,25.6014,0.1778823286294937,0.0952242910861969,-0.9008963108062744,0.11580049246549606,0.04342218488454819,0.005753503181040287,-0.0026584989977256482,0.05401093756713814,1.498885118408359,0.1094106063246727,-1.2094752788543701,-6.969542026519775,-1.8138110637664795,4.778943061828613,-0.041405912,-0.23859954,0.062095113
754,25.635,0.18479762971401215,0.09608282148838043,-0.9003371000289917,0.11738409847021103,0.02257993072271347,0.017681870609521866,0.0008066196093571232,0.05371452357662311,1.498803226204839,0.11100597679615021,-1.719536304473877,-6.769472599029541,-1.950515866279602,4.775465488433838,-0.0592805,-0.23337553,0.06724345
755,25.6685,0.19030635058879852,0.09604279696941376,-0.8995054960250854,0.11721952259540558,0.00583399785682559,0.026446394622325897,0.003769373188316853,0.053070650287636814,1.4987255950590632,0.11177849769592285,-2.107069969177246,-6.564513683319092,-2.047837257385254,4.780354976654053,-0.073242575,-0.22818506,0.07118362
756,25.7029,0.19578400254249573,0.09532315284013748,-0.8983298540115356,0.11605122685432434,-0.01057115476578474,0.03448016941547394,0.007829951598563561,0.051636034536735556,1.498601358594211,0.112086720764637,-2.486802577972412,-6.3320770263671875,-2.1311533451080322,4.788989067077637,-0.08720851,-0.22205663,0.07473641
757,25.737,0.20123107731342316,0.09394560009241104,-0.8969297409057617,0.11398254334926605,-0.026583626866340637,0.042043473571538925,0.010938469164607008,0.050094692605149364,1.4985060174271863,0.11202973127365112,-2.8431878089904785,-6.054688453674316,-2.2061879634857178,4.809017181396484,-0.100915976,-0.21490483,0.07830633
758,25.771,0.2065621167421341,0.09194681793451309,-0.895262598991394,0.11116120964288712,-0.04206535965204239,0.04908951744437218,0.013568799512169914,0.048504764628426046,1.498416135740396,0.11161024868488312,-3.173008918762207,-5.736973762512207,-2.2660319805145264,4.84019136428833,-0.11435829,-0.20676604,0.08166997
759,25.8052,0.21169482171535492,0.08934422582387924,-0.8933428525924683,0.10730776935815811,-0.05714667961001396,0.05556568130850792,0.017460383186345633,0.0456241065010714,1.498314402986755,0.11083656549453735,-3.487670421600342,-5.386210918426514,-2.317919969558716,4.876436233520508,-0.12779844,-0.1973665,0.08493536
760,25.8423,0.21769341826438904,0.08530859649181366,-0.8906232118606567,0.10108423233032227,-0.07518205791711807,0.06314913183450699,0.0204738914402032,0.04294792088878599,1.4982165318166947,0.10939948260784149,-3.8131303787231445,-4.8728766441345215,-2.357167959213257,4.941572189331055,-0.14397292,-0.1839859,0.08899993
761,25.8761,0.22214339673519135,0.08148930966854095,-0.8882098197937012,0.09516984224319458,-0.08876946568489075,0.06857144832611084,0.02295696666453884,0.04040104839218074,1.4981089401086554,0.10791483521461487,-4.056421756744385,-4.420664310455322,-2.376800775527954,4.995554447174072,-0.1571435,-0.17125405,0.09207592
762,25.9102,0.22625106573104858,0.077232226729393,-0.8856455087661743,0.08836431056261063,-0.10147757083177567,0.07364451885223389,0.024984674631984553,0.03801007484907521,1.498033040017588,0.10621845722198486,-4.2614216804504395,-3.92204213142395,-2.379908800125122,5.054725170135498,-0.17014442,-0.15659413,0.09502186
763,25.9439,0.2299986034631729,0.07253383845090866,-0.8829090595245361,0.08092407882213593,-0.11340668052434921,0.07849343121051788,0.02766196295940882,0.0344394769876597,1.4979705888900259,0.10430222749710083,-4.450965404510498,-3.385451078414917,-2.374680519104004,5.111701965332031,-0.18315277,-0.13930793,0.09771573
764,25.9783,0.23330913484096527,0.0674223080277443,-0.8799550533294678,0.07273173332214355,-0.12431693077087402,0.08309092372655869,0.029645849443355122,0.03143709783432622,1.497892691428141,0.1021362766623497,-4.606573581695557,-2.8145501613616943,-2.349534273147583,5.166729927062988,-0.19560859,-0.11951403,0.0997681
765,26.0121,0.23615041375160217,0.06197694316506386,-0.8767828941345215,0.06372404843568802,-0.13426414132118225,0.08728766441345215,0.03190967368916618,0.02747953226354919,1.4978085355376944,0.09976565837860107,-4.730992317199707,-2.22513747215271,-2.305760383605957,5.215398788452148,-0.20699045,-0.09735425,0.10088166
766,26.0462,0.23898884654045105,0.05478600040078163,-0.8725961446762085,0.05177539214491844,-0.14522190392017365,0.09223506599664688,0.03336272142764323,0.02457833866747651,1.497741823352388,0.09657749533653259,-4.851162433624268,-1.4873099327087402,-2.235459089279175,5.264509201049805,-0.21873167,-0.06706058,0.10079352
767,26.0802,0.2419508993625641,0.042628150433301926,-0.8655643463134766,0.03096920996904373,-0.159051775932312,0.09859845042228699,0.03524674977368457,0.02025761987314815,1.4976954843494206,0.09125592559576035,-4.929270267486572,-0.37781068682670593,-2.071483850479126,5.321432590484619,-0.22990242,-0.017621187,0.09661453
768,26.1143,0.2419508993625641,0.042628150433301926,-0.8655643463134766,0.03096920996904373,-0.159051775932312,0.09859845042228699,0.036578301190399766,0.016604947756185057,1.4976378269118205,0.09125592559576035,-4.957334518432617,-0.3723061978816986,-2.0883631706237793,5.317512512207031,-0.2298413,-0.017261563,0.09682464
769,26.1478,0.2429112195968628,0.029970543459057808,-0.8582347631454468,0.008350634016096592,-0.1679389327764511,0.1021224781870842,0.03763857636057677,0.013157791572483923,1.4975940179118885,0.08589982986450195,-4.901350498199463,0.5817161798477173,-1.8583498001098633,5.355343341827393,-0.23233545,0.027574703,0.088090114
770,26.182,0.24261122941970825,0.023587020114064217,-0.8545937538146973,-0.003484607907012105,-0.1704249083995819,0.1030234694480896,0.038964252178136975,0.007870250115253774,1.4975258409879826,0.08329727500677109,-4.847721099853516,1.0055575370788574,-1.7400693893432617,5.365778923034668,-0.2309407,0.04790378,0.08289521
771,26.2161,0.2414662092924118,0.015706196427345276,-0.8500510454177856,-0.01889902725815773,-0.17142289876937866,0.10227791965007782,0.03973116350948493,0.003557152799025489,1.4974777709303067,0.08012771606445312,-4.878837585449219,1.0186656713485718,-1.7599979639053345,5.362282752990723,-0.23075767,0.048180517,0.08324381
772,26.2503,0.23989073932170868,0.00954838190227747,-0.8464373350143433,-0.03134705871343613,-0.17056728899478912,0.10065329819917679,0.04017610698742072,-0.00031914000025565936,1.4974222440215785,0.07763002067804337,-4.563438892364502,1.8369579315185547,-1.3674261569976807,5.3734846115112305,-0.22344366,0.08994458,0.066954486
773,26.2842,0.23777295649051666,0.0036161362659186125,-0.8428630828857422,-0.04388095438480377,-0.16805623471736908,0.09856782108545303,0.040388448311273306,-0.0058501285158742335,1.49736818185145,0.07521440833806992,-4.38885498046875,2.17635178565979,-1.176548719406128,5.36878776550293,-0.21778165,0.10799388,0.05838213
774,26.3181,0.2350720763206482,-0.0020276030991226435,-0.839335560798645,-0.056363146752119064,-0.16412296891212463,0.09492632746696472,0.04018735884302631,-0.010078047589483642,1.4973037333530699,0.07282920181751251,-4.167879581451416,2.4955387115478516,-0.9519838094711304,5.362124919891357,-0.21048734,0.12603034,0.048077334
775,26.352,0.23181739449501038,-0.007387576624751091,-0.8359078168869019,-0.06876887381076813,-0.15871481597423553,0.09030992537736893,0.039472562245259836,-0.015200437168872,1.497252733818195,0.0704929307103157,-3.9138762950897217,2.8063695430755615,-0.7141211032867432,5.355944633483887,-0.20097189,0.14410302,0.036669087
776,26.3862,0.22800995409488678,-0.012410780414938927,-0.8326473236083984,-0.08127248287200928,-0.15185144543647766,0.08468371629714966,0.03867615640483925,-0.018608977516766986,1.4972211753592775,0.06818651407957077,-3.609511137008667,3.0938446521759033,-0.4584033191204071,5.353652000427246,-0.18893841,0.16194606,0.023994938
777,26.4197,0.22261223196983337,-0.0181603841483593,-0.8288662433624268,-0.09618785232305527,-0.14162147045135498,0.07630041986703873,0.03707267959607015,-0.023168737905470575,1.4971830921556895,0.06543916463851929,-3.182857036590576,3.434248685836792,-0.12972119450569153,5.358861923217773,-0.16987295,0.18329003,0.006923378
778,26.454,0.2178262323141098,-0.02233998477458954,-0.8261429071426392,-0.10768111050128937,-0.13210541009902954,0.06828951090574265,0.03538389840863445,-0.026513605816772052,1.4971644500280588,0.06336072087287903,-2.8014304637908936,3.6891565322875977,0.13972076773643494,5.3693132400512695,-0.15112242,0.19901057,-0.0075371996
779,26.488,0.21267816424369812,-0.02618667669594288,-0.8237406015396118,-0.11823558062314987,-0.12164763361215591,0.05889688804745674,0.033661411588652435,-0.029223024766629205,1.4971810947848718,0.06143077835440636,-2.38958740234375,3.925175905227661,0.41623541712760925,5.3845624923706055,-0.1294706,0.21267056,-0.022552116
780,26.5219,0.20721210539340973,-0.029678137972950935,-0.8216798305511475,-0.12807905673980713,-0.11016227304935455,0.048306308686733246,0.030768927361582155,-0.032790763891062086,1.497197739541685,0.05966755002737045,-1.9529005289077759,4.1548752784729,0.6882597208023071,5.40480899810791,-0.10516987,0.22375317,-0.037064962
781,26.5563,0.20144520699977875,-0.03280099108815193,-0.8200279474258423,-0.13716840744018555,-0.09779338538646698,0.036837056279182434,0.028014613341411147,-0.03537090717594191,1.497240350119126,0.058052703738212585,-1.4917104244232178,4.353205680847168,0.9536978006362915,5.425917625427246,-0.07935503,0.23157898,-0.05073419
782,26.59,0.19538606703281403,-0.035511236637830734,-0.8188533782958984,-0.14522747695446014,-0.0846770629286766,0.02464183233678341,0.025325201389243216,-0.037401758921830675,1.497284425435167,0.056539833545684814,-1.0158833265304565,4.515850067138672,1.2031317949295044,5.445721626281738,-0.05310403,0.23606043,-0.06289221
783,26.6238,0.1875370740890503,-0.03831375017762184,-0.8180975914001465,-0.15370723605155945,-0.06754565984010696,0.008982683531939983,0.02109746644825605,-0.039897219925829785,1.497372176593085,0.05485476180911064,-0.4137590527534485,4.675527095794678,1.4757342338562012,5.469331741333008,-0.02102298,0.2375622,-0.07498163
784,26.6579,0.1811763048171997,-0.0400359071791172,-0.8180105686187744,-0.15905220806598663,-0.053196776658296585,-0.0038315574638545513,0.017369484088795264,-0.04145906403662038,1.4974628572282023,0.05371319502592087,0.059833358973264694,4.755320072174072,1.669618844985962,5.4822587966918945,0.002967768,0.23586655,-0.08281403
785,26.6923,0.17480194568634033,-0.04128572717308998,-0.8183286190032959,-0.16295446455478668,-0.038638945668935776,-0.016738593578338623,0.012357427400833747,-0.04290166927079188,1.4975788378936752,0.052773259580135345,0.525309145450592,4.804596424102783,1.8412516117095947,5.49271297454834,0.025391633,0.23223762,-0.08899975
786,26.726,0.16847126185894012,-0.04203656688332558,-0.8190757036209106,-0.16552448272705078,-0.023697905242443085,-0.029253430664539337,0.008596020289097863,-0.04351537393805462,1.4976584664102686,0.051996391266584396,0.9703207015991211,4.794017314910889,1.992901086807251,5.489321231842041,0.045928903,0.22691874,-0.09433145
787,26.7597,0.16220776736736298,-0.04224333539605141,-0.8202781677246094,-0.16650544106960297,-0.00876587349921465,-0.04080430418252945,0.003029370967174678,-0.04384130324358829,1.4977981492094432,0.05131848528981209,1.403342843055725,4.74902868270874,2.1110126972198486,5.480576515197754,0.065172136,0.22054791,-0.09803677
788,26.7935,0.1559731811285019,-0.041911572217941284,-0.8219351768493652,-0.16592270135879517,0.006187307648360729,-0.051403630524873734,-0.0014084647573534457,-0.043599321769040966,1.4979013467016837,0.05075465142726898,1.8337000608444214,4.674439430236816,2.197098731994629,5.467983245849609,0.08364072,0.21321559,-0.10021645
789,26.8279,0.1482885181903839,-0.040789734572172165,-0.8246409893035889,-0.16311386227607727,0.02439308911561966,-0.06333287060260773,-0.005227035165471659,-0.04302033390330093,1.4979964215525996,0.050314344465732574,2.3428955078125,4.5062713623046875,2.2615983486175537,5.429286956787109,0.10535135,0.20263037,-0.10169572
790,26.8619,0.14223648607730865,-0.03936058655381203,-0.8272556066513062,-0.1592734009027481,0.0384901687502861,-0.0716523677110672,-0.010462945107216548,-0.04171022093336087,1.4981040132606387,0.05029098317027092,2.7569756507873535,4.355200290679932,2.2751500606536865,5.399670600891113,0.122330666,0.193246,-0.100951426
791,26.896,0.13627250492572784,-0.037482619285583496,-0.8302109241485596,-0.15414322912693024,0.052102673798799515,-0.07890034466981888,-0.01434811950972196,-0.0402524107138407,1.498130511713485,0.050668735057115555,3.1608238220214844,4.161918640136719,2.2604987621307373,5.358009338378906,0.13877743,0.18273097,-0.099248245
792,26.9301,0.13044533133506775,-0.03518567606806755,-0.8334981203079224,-0.14799493551254272,0.06494605541229248,-0.08514145016670227,-0.017583749962654348,-0.03870327487487682,1.4981528822666417,0.05150981619954109,3.556760311126709,3.9364542961120605,2.2131621837615967,5.307882308959961,0.15468433,0.17119731,-0.09625094
793,26.964,0.12485722452402115,-0.032477714121341705,-0.8370219469070435,-0.14072097837924957,0.07712997496128082,-0.08999194949865341,-0.021910492078354413,-0.036096472931366384,1.4981636680690564,0.05280523747205734,3.951188802719116,3.6896426677703857,2.141160726547241,5.256911277770996,0.16988134,0.15863617,-0.092059195
794,26.9982,0.11952224373817444,-0.029364347457885742,-0.8407363891601562,-0.1324874609708786,0.08845626562833786,-0.09357527643442154,-0.02511458903950458,-0.03373008785526285,1.4981475559444615,0.05454988777637482,4.325028419494629,3.4079668521881104,2.0422487258911133,5.196358680725098,0.18410973,0.14507185,-0.086935356
795,27.032,0.1133439764380455,-0.024939481168985367,-0.8455244302749634,-0.12094727158546448,0.10146365314722061,-0.0963488444685936,-0.028752510781039454,-0.03053914233258955,1.4980986869384585,0.057245608419179916,4.760326862335205,3.016263723373413,1.8916547298431396,5.112552165985107,0.20019926,0.12685132,-0.07955501
796,27.066,0.10888855159282684,-0.02100357599556446,-0.8493926525115967,-0.1105256900191307,0.11080209165811539,-0.09725941717624664,-0.031041682910882103,-0.028141754316327212,1.4980656637409415,0.059684816747903824,5.0674519538879395,2.673116445541382,1.7533810138702393,5.0398478507995605,0.21144074,0.11153647,-0.073160276
797,27.0998,0.10493945330381393,-0.016744473949074745,-0.853232741355896,-0.09932196885347366,0.1192697286605835,-0.09710293263196945,-0.03395079941119777,-0.02459978335603545,1.4979888315434928,0.062251850962638855,5.346266746520996,2.3075339794158936,1.6093918085098267,4.967158317565918,0.22123791,0.095489815,-0.06659946
798,27.1339,0.10148204118013382,-0.012211381457746029,-0.8570795059204102,-0.08748328685760498,0.12664484977722168,-0.09553021192550659,-0.03597910658988875,-0.021594368615178203,1.4978724514038564,0.06493181735277176,5.577495098114014,1.9165153503417969,1.439706802368164,4.891444206237793,0.2296865,0.07892391,-0.059288483
799,27.168,0.0985504612326622,-0.007442341186106205,-0.8608684539794922,-0.07496871799230576,0.1330532282590866,-0.09297651797533035,-0.03756440732421806,-0.01887677917032047,1.4977808386623577,0.06764860451221466,5.760196685791016,1.5010943412780762,1.254171371459961,4.816570281982422,0.23672314,0.06168952,-0.051541883
800,27.2024,0.09610094130039215,-0.0024433129001408815,-0.8645830154418945,-0.062015876173973083,0.13863787055015564,-0.08970492333173752,-0.03946528432534335,-0.014874120872742431,1.4975719136748409,0.07040747255086899,5.912991046905518,1.0540034770965576,1.0636755228042603,4.745964050292969,0.2423494,0.043199304,-0.043595724
801,27.236,0.09367602318525314,0.004071617033332586,-0.8689512014389038,-0.045384522527456284,0.14389070868492126,-0.08426102250814438,-0.04066522564993819,-0.011617645982793669,1.4974251734987776,0.07386663556098938,6.028848171234131,0.45981302857398987,0.8004293441772461,4.6664628982543945,0.24712005,0.01884755,-0.032809276
802,27.2707,0.0922124907374382,0.009463569149374962,-0.8722411394119263,-0.031834255903959274,0.14708098769187927,-0.07898963242769241,-0.041492220392191866,-0.00871395619334769,1.4972735064746976,0.07664811611175537,6.08009672164917,-0.050175607204437256,0.5811171531677246,4.614688873291016,0.2488575,-0.0020536806,-0.023785044
803,27.305,0.09118153154850006,0.014930506236851215,-0.8753794431686401,-0.018118323758244514,0.14918115735054016,-0.07337085902690887,-0.04224986891637339,-0.004538815562997688,1.4970488688367494,0.07941839843988419,6.101503849029541,-0.5872155427932739,0.362062007188797,4.576947212219238,0.24841721,-0.02390795,-0.014741028
804,27.339,0.0905919149518013,0.020425017923116684,-0.8782739639282227,-0.004384673200547695,0.15025164186954498,-0.06683636456727982,-0.04260720271682398,-0.0003123152923601341,1.4968154427672038,0.08210237324237823,6.076442241668701,-1.136625051498413,0.1346099078655243,4.555066108703613,0.24567962,-0.045955446,-0.005442479
805,27.3732,0.09045284241437912,0.02592712640762329,-0.880887508392334,0.009287595748901367,0.15019842982292175,-0.05970797687768936,-0.04255299074388405,0.003119497904053519,1.4966444678252209,0.0846494510769844,6.020171165466309,-1.7019827365875244,-0.08265233039855957,4.549393653869629,0.24054976,-0.06800663,0.0033025637
806,27.407,0.0907915011048317,0.031389325857162476,-0.8831956386566162,0.02276809886097908,0.14919351041316986,-0.05198347568511963,-0.04229357804776432,0.006176106195232387,1.4964774876248728,0.08699680864810944,5.917423725128174,-2.258035659790039,-0.29457852244377136,4.559500217437744,0.23332004,-0.08903283,0.011615033
807,27.4421,0.09193766862154007,0.0380629226565361,-0.8856505155563354,0.03964873030781746,0.14636026322841644,-0.04196358844637871,-0.04156837431580052,0.010567126720703686,1.4962290146951684,0.08955830335617065,5.732677936553955,-2.9273927211761475,-0.5329602360725403,4.594543933868408,0.22189096,-0.113308646,0.020628938
808,27.476,0.09343762695789337,0.04321225360035896,-0.8872509002685547,0.05287046730518341,0.14282862842082977,-0.03364166244864464,-0.0406253989080739,0.013996978599103111,1.4960354028839198,0.09126097708940506,5.55436897277832,-3.4535367488861084,-0.6914889812469482,4.638030529022217,0.21113056,-0.13127452,0.026284616
809,27.5099,0.09543322771787643,0.048152849078178406,-0.8884742259979248,0.06582135707139969,0.13815051317214966,-0.025341520085930824,-0.039548158569515254,0.01699902381700303,1.4958628300452825,0.09262238442897797,5.332851886749268,-3.930938243865967,-0.8271300792694092,4.693716526031494,0.19968724,-0.14719296,0.030971669
810,27.5441,0.09794197231531143,0.052853163331747055,-0.8894026279449463,0.07845882326364517,0.13253895938396454,-0.017075151205062866,-0.03763271324498939,0.021193702270959586,1.495590255507713,0.09365405887365341,5.082309246063232,-4.392322063446045,-0.9340603351593018,4.758575916290283,0.18734694,-0.16191225,0.034431856
811,27.5783,0.10093677788972855,0.057316020131111145,-0.8899960517883301,0.09052197635173798,0.12592962384223938,-0.00913003459572792,-0.035753274690639235,0.024403712281967572,1.495413554769386,0.09436215460300446,4.790698528289795,-4.800801753997803,-1.0202528238296509,4.828472137451172,0.1746256,-0.17499387,0.037189204
812,27.6121,0.10441499948501587,0.061544761061668396,-0.8902069330215454,0.10197345912456512,0.11819925904273987,-0.001640225644223392,-0.033030758397764856,0.028173481303407383,1.4952022329368884,0.09473974257707596,4.45999813079834,-5.156961917877197,-1.0815857648849487,4.900121212005615,0.1615167,-0.1867569,0.03916911
813,27.6467,0.10936649143695831,0.06650082021951675,-0.890122652053833,0.11521441489458084,0.10741213709115982,0.006968347821384668,-0.030871221875765617,0.030610021948883088,1.4950779964720362,0.0949212983250618,3.999586343765259,-5.5486979484558105,-1.1316665410995483,4.984735488891602,0.1442244,-0.2000851,0.0408077
814,27.6804,0.11868208646774292,0.0734173059463501,-0.8890829086303711,0.13431493937969208,0.08745071291923523,0.018673064187169075,-0.02823572437150958,0.03314670785431878,1.4949268620801741,0.09443603456020355,3.588033676147461,-5.80525541305542,-1.1510404348373413,5.045919418334961,0.12960728,-0.20969796,0.041577987
815,27.7141,0.11868208646774292,0.0734173059463501,-0.8890829086303711,0.13431493937969208,0.08745071291923523,0.018673064187169075,-0.024711923243873803,0.03594218019689912,1.4947598818798262,0.09443603456020355,3.1394991874694824,-6.018434047698975,-1.1457382440567017,5.098691940307617,0.11401283,-0.21856311,0.041608185
816,27.7478,0.12951235473155975,0.07872913032770157,-0.8871171474456787,0.1500435769557953,0.06459907442331314,0.027880245819687843,-0.022098109696555894,0.03764929974515354,1.4946722638799625,0.09310929477214813,2.1421451568603516,-6.19065523147583,-1.1053351163864136,5.181591033935547,0.08061178,-0.23296262,0.041595235
817,27.782,0.13538867235183716,0.08069780468940735,-0.8857920169830322,0.15637905895709991,0.05245896801352501,0.03160880506038666,-0.018177872073526603,0.039725745641142306,1.4945205968558826,0.09217403829097748,1.6085485219955444,-6.243112087249756,-1.0544813871383667,5.207098484039307,0.06155783,-0.23891877,0.040354136
818,27.8158,0.14304693043231964,0.0824437215924263,-0.883957028388977,0.16299927234649658,0.036562226712703705,0.035391952842473984,-0.014907294913368032,0.0411000657604885,1.4944031514518101,0.09084419161081314,0.9200629591941833,-6.200682163238525,-0.9809153079986572,5.231746673583984,0.03625233,-0.24431935,0.038650036
819,27.8502,0.1493271142244339,0.0832318440079689,-0.8824305534362793,0.16704195737838745,0.02332253009080887,0.03752002865076065,-0.011881855489767447,0.0421255076158451,1.4943104734458754,0.08970055729150772,0.36448222398757935,-6.108586311340332,-0.916718602180481,5.244040489196777,0.014725998,-0.24680226,0.037037738
820,27.8845,0.15571638941764832,0.08352677524089813,-0.8809210062026978,0.16992318630218506,0.009983285330235958,0.03883199393749237,-0.0073103111333889075,0.04325804183653651,1.4941730543336273,0.08857608586549759,-0.19298690557479858,-5.990488529205322,-0.8519467115402222,5.247236251831055,-0.007969604,-0.24738373,0.035182063
821,27.9185,0.1621817946434021,0.08329396694898605,-0.8794093132019043,0.1715368628501892,-0.0036987895146012306,0.03970940038561821,-0.0034830521622143105,0.04387549157408218,1.4940932926589794,0.08745033293962479,-0.2069297432899475,-6.047139644622803,-0.8511556386947632,5.237086296081543,-0.008466497,-0.24741775,0.034824897
822,27.953,0.16866396367549896,0.08250058442354202,-0.8779392242431641,0.17189395427703857,-0.01745256409049034,0.04003342613577843,0.001366912422341429,0.04427850690960603,1.493993823592265,0.08632874488830566,-1.2724072933197021,-5.582315921783447,-0.744762659072876,5.248334884643555,-0.055094697,-0.24171191,0.03224791
823,27.987,0.1751050502061844,0.08113554865121841,-0.8766113519668579,0.1709500551223755,-0.03115716762840748,0.0400724783539772,0.0047336757310074236,0.04427605180797611,1.4939372314191008,0.08525072038173676,-1.7748754024505615,-5.2845282554626465,-0.7149009704589844,5.252179145812988,-0.078949645,-0.23506531,0.03180008
824,28.0208,0.18298783898353577,0.07869963347911835,-0.8750944137573242,0.168158158659935,-0.04820624738931656,0.03951071947813034,0.009397443483400266,0.04382884464311376,1.4938428223584574,0.08400258421897888,-2.3620710372924805,-4.851161479949951,-0.7000052332878113,5.259795188903809,-0.10853353,-0.22290342,0.032164164
825,28.0549,0.18908540904521942,0.07612428069114685,-0.8740360736846924,0.16447967290878296,-0.06162557750940323,0.038951776921749115,0.013125255234103721,0.04314099590662753,1.4937682538479353,0.08304727077484131,-2.790090560913086,-4.449921131134033,-0.713697075843811,5.270373344421387,-0.13159454,-0.20988041,0.033661503
826,28.09,0.19498580694198608,0.07302109897136688,-0.873121976852417,0.15965697169303894,-0.07460251450538635,0.03855486959218979,0.016427577066396578,0.04226583539934626,1.493692353756868,0.0821593627333641,-3.178725004196167,-3.9996960163116455,-0.7501263618469238,5.286243438720703,-0.15389547,-0.19364212,0.036316775
827,28.1235,0.20066148042678833,0.06944844126701355,-0.8722653388977051,0.15358512103557587,-0.08729352056980133,0.03836126625537872,0.02121372799400022,0.04052656650330754,1.4935951483770802,0.08135560154914856,-3.54001522064209,-3.530799150466919,-0.8091962337493896,5.3005218505859375,-0.17473328,-0.17427838,0.039941497
828,28.1581,0.20608429610729218,0.06542181223630905,-0.8714841604232788,0.14632026851177216,-0.09948283433914185,0.03826050087809563,0.025038395584598493,0.03871619952854211,1.4935093945899796,0.08065473288297653,-3.8576292991638184,-3.0169379711151123,-0.8823721408843994,5.319093704223633,-0.19380698,-0.15157071,0.044330303
829,28.1919,0.21118009090423584,0.06097890064120293,-0.870840311050415,0.13800951838493347,-0.11096816509962082,0.03867676854133606,0.029653807717706333,0.035941198156247155,1.4934014034077767,0.08007809519767761,-4.143849849700928,-2.4894320964813232,-0.9811388254165649,5.33465051651001,-0.21001992,-0.12617019,0.04972639
830,28.2259,0.2170676290988922,0.05488089099526405,-0.8701013326644897,0.12591178715229034,-0.12408964335918427,0.03989120200276375,0.03268170120263953,0.03365997805897191,1.4933277670036362,0.07950882613658905,-4.421820163726807,-1.7851206064224243,-1.1117795705795288,5.357778549194336,-0.22576672,-0.09114365,0.056764595
831,28.2598,0.2213483601808548,0.04959975928068161,-0.8694887161254883,0.11525750160217285,-0.13345488905906677,0.04162537306547165,0.0367763571517176,0.029932145502322444,1.4932111205478906,0.07914923131465912,-4.618831157684326,-1.240105390548706,-1.2323675155639648,5.368566513061523,-0.23381077,-0.06277562,0.06238392
832,28.2942,0.2252490371465683,0.04402853548526764,-0.868681788444519,0.1036595031619072,-0.14188310503959656,0.044220924377441406,0.03974232798011725,0.02650334640479144,1.4931104530586856,0.07886317372322083,-4.768165588378906,-0.6998789310455322,-1.3431147336959839,5.379929542541504,-0.23826921,-0.034973536,0.067116566
833,28.3278,0.2287617176771164,0.03815603628754616,-0.867768406867981,0.0913052037358284,-0.14913974702358246,0.04744642600417137,0.04210541739437181,0.023149948055623305,1.493018307684969,0.0786794051527977,-4.876350402832031,-0.18018218874931335,-1.4462817907333374,5.390904426574707,-0.23953003,-0.008850685,0.071042456
834,28.3623,0.23183219134807587,0.03204652667045593,-0.866743803024292,0.07824060320854187,-0.15517139434814453,0.05111449956893921,0.04504240970116004,0.01788111270430771,1.492857719071237,0.07859140634536743,-4.961488246917725,0.30459704995155334,-1.5486199855804443,5.398694038391113,-0.23823649,0.01462588,0.07436031
835,28.3965,0.23444965481758118,0.025747044011950493,-0.8656718730926514,0.06467989087104797,-0.15969814360141754,0.05502266064286232,0.04692181496599657,0.01337278981564278,1.4927505268373615,0.07862930744886398,-5.0011115074157715,0.7533766031265259,-1.6338627338409424,5.407708168029785,-0.23523998,0.035436984,0.07685289
836,28.4301,0.23701567947864532,0.017703810706734657,-0.8641310930252075,0.04700955003499985,-0.16331753134727478,0.05998916178941727,0.04816188263807834,0.009277148705020848,1.4926425356551587,0.07877244055271149,-4.986351490020752,1.2581923007965088,-1.703140139579773,5.41876745223999,-0.23011123,0.058063332,0.07859688
837,28.4641,0.23850661516189575,0.011156141757965088,-0.8626950979232788,0.032548535615205765,-0.16464029252529144,0.06389004737138748,0.04926156843119931,0.003345856973960222,1.492534544472956,0.07895298302173615,-4.955071449279785,1.6334044933319092,-1.7414544820785522,5.42275333404541,-0.22521785,0.07424148,0.07915257
838,28.4981,0.23942415416240692,0.004587274510413408,-0.861129879951477,0.017952309921383858,-0.1644570678472519,0.06745640188455582,0.049573919776362774,-0.0012967812999558248,1.4924571796432893,0.07913900911808014,-4.879496097564697,1.981956124305725,-1.7475491762161255,5.42436408996582,-0.21983616,0.08929316,0.07873241
839,28.5319,0.23979416489601135,-0.001938824076205492,-0.8594604730606079,0.003328110324218869,-0.1628701388835907,0.0706808939576149,0.049299926273274855,-0.006985877255225158,1.4924155011722295,0.07934918254613876,-4.776695728302002,2.31787109375,-1.733823537826538,5.42196798324585,-0.21380688,0.10374887,0.07760666
840,28.566,0.23963432013988495,-0.00832037627696991,-0.8576231002807617,-0.011099664494395256,-0.15985062718391418,0.07333610206842422,0.048697090632211,-0.010739213740501342,1.4923929974610184,0.07956055551767349,-4.63513708114624,2.62868332862854,-1.6846284866333008,5.418323040008545,-0.20734787,0.11759132,0.075360045
841,28.6002,0.23893074691295624,-0.014519141055643559,-0.8555949926376343,-0.02529013901948929,-0.15546835958957672,0.07565528154373169,0.04729390850455108,-0.01572694931786717,1.4924465269989289,0.0797271579504013,-4.469771385192871,2.933199644088745,-1.6154398918151855,5.414631366729736,-0.2000795,0.13129824,0.07231162
842,28.6344,0.23728913068771362,-0.0219352375715971,-0.8528338670730591,-0.042412228882312775,-0.1481759399175644,0.07768454402685165,0.045810436231214474,-0.01936231504893395,1.4924762212450833,0.0798366591334343,-4.217482566833496,3.27846622467041,-1.489951252937317,5.415313243865967,-0.19012193,0.14779156,0.06716623
843,28.6683,0.23541422188282013,-0.027536625042557716,-0.8505504131317139,-0.05573920160531998,-0.14108270406723022,0.07864594459533691,0.04427005553433423,-0.022282889383720757,1.4925390718468092,0.0798589438199997,-3.9883928298950195,3.539935350418091,-1.375196933746338,5.421633720397949,-0.18105257,0.1606949,0.062426884
844,28.7021,0.23308147490024567,-0.032776881009340286,-0.8482974767684937,-0.06834015995264053,-0.13290612399578094,0.07876551151275635,0.04174146314189886,-0.026020515299160076,1.492687276761472,0.07981245219707489,-3.7391204833984375,3.79569935798645,-1.2523318529129028,5.434789657592773,-0.17079005,0.17337437,0.05720217
845,28.7361,0.23033885657787323,-0.03768983110785484,-0.8459872007369995,-0.08027783036231995,-0.12377454340457916,0.07801055908203125,0.03948938593320857,-0.0286681593147004,1.4928175053387769,0.07971782237291336,-3.4684858322143555,4.032748222351074,-1.1106163263320923,5.453929901123047,-0.1595772,0.18553765,0.05109695
846,28.7702,0.22715850174427032,-0.04219570383429527,-0.8436020612716675,-0.09142784029245377,-0.11377567052841187,0.07659747451543808,0.037377574090181394,-0.030734576744709335,1.4929282928401242,0.07949221879243851,-3.177766799926758,4.253619194030762,-0.9516223669052124,5.478170394897461,-0.14727786,0.19713968,0.04410421
847,28.8039,0.223581001162529,-0.046211764216423035,-0.841161847114563,-0.1018417552113533,-0.10280320793390274,0.07433300465345383,0.03414038111070319,-0.033387913267079704,1.4931088551620317,0.07910286635160446,-2.86657977104187,4.469751834869385,-0.7764798402786255,5.507474899291992,-0.1335415,0.20822631,0.036172822
848,28.838,0.21866625547409058,-0.050565943121910095,-0.8383069038391113,-0.11364996433258057,-0.08836697787046432,0.07027626037597656,0.03137737020509739,-0.035210713875184436,1.4932438774292986,0.07844381779432297,-2.4644393920898438,4.7028374671936035,-0.5473541021347046,5.543656826019287,-0.11542873,0.2202702,0.02563682
849,28.8719,0.21442659199237823,-0.0534607470035553,-0.836193323135376,-0.1221274808049202,-0.07608736306428909,0.06627147644758224,0.02783033091635607,-0.037131959897459633,1.4934320297603128,0.07772989571094513,-2.1327319145202637,4.867609977722168,-0.3606521189212799,5.572192668914795,-0.10009893,0.22845936,0.016927065
850,28.9063,0.20989269018173218,-0.05580111965537071,-0.8342643976211548,-0.1296795904636383,-0.06326203048229218,0.06143631041049957,0.025237616678893234,-0.03823713846032889,1.493540953048897,0.07677501440048218,-1.7860701084136963,5.0197601318359375,-0.1719748079776764,5.601662635803223,-0.08376155,0.23541231,0.008065124
851,28.9399,0.2051222324371338,-0.05757013335824013,-0.8325048685073853,-0.13640132546424866,-0.0498473234474659,0.05576328933238983,0.02144243527498918,-0.03953910798299819,1.4937176537872237,0.07557796686887741,-1.4342732429504395,5.142566204071045,0.021795004606246948,5.626976013183594,-0.067161754,0.2408075,-0.0010205801
852,28.9741,0.2001257687807083,-0.05878819525241852,-0.8308902978897095,-0.14202594757080078,-0.03617904707789421,0.04935937747359276,0.018267063002909038,-0.04032072911817963,1.4938412244618033,0.07414612174034119,-1.083550214767456,5.2273688316345215,0.22345826029777527,5.645163059234619,-0.05069797,0.24458212,-0.0104553355
853,29.008,0.1949644833803177,-0.059462904930114746,-0.8293910026550293,-0.14671871066093445,-0.022337164729833603,0.04253504425287247,0.015446398820892233,-0.04083652100348993,1.4939356335224467,0.0725141167640686,-0.7342296242713928,5.274293422698975,0.43304821848869324,5.655313491821289,-0.034356464,0.24679755,-0.020263422
854,29.0419,0.18834003806114197,-0.059505265206098557,-0.8277784585952759,-0.15102240443229675,-0.0046454137191176414,0.03340280428528786,0.011408517097005993,-0.041231288862012945,1.4940498831332112,0.07016031444072723,-0.2961474061012268,5.282557964324951,0.7060645818710327,5.657118797302246,-0.013870405,0.24741468,-0.033069346
855,29.0763,0.182942196726799,-0.058926962316036224,-0.8267486095428467,-0.1532750129699707,0.009610546752810478,0.025446109473705292,0.008125199415804373,-0.04128200127483294,1.4941401642941647,0.06805156171321869,0.053967755287885666,5.24545955657959,0.9339587688446045,5.6474738121032715,0.0025321613,0.2461164,-0.043821245
856,29.1099,0.17746543884277344,-0.05783408507704735,-0.826004147529602,-0.15457916259765625,0.023840991780161858,0.016925504431128502,0.0052741616734957525,-0.041115478805297326,1.4942080749019617,0.06576376408338547,0.40395036339759827,5.165846347808838,1.1674542427062988,5.62579345703125,0.019012988,0.24314415,-0.054949306
857,29.1435,0.171977236866951,-0.05625533685088158,-0.8255825042724609,-0.15480034053325653,0.03778465837240219,0.007937781512737274,0.0011915912482727113,-0.04053803474075169,1.4943046144914771,0.06334201991558075,0.7649020552635193,5.059398174285889,1.4010896682739258,5.599205017089844,0.036044605,0.23841485,-0.06602378
858,29.1777,0.1665235012769699,-0.054205574095249176,-0.8255020380020142,-0.1540049910545349,0.051694225519895554,-0.0015229289419949055,-0.0019980933040348427,-0.039800676175125206,1.4943492224397361,0.060816697776317596,1.119821310043335,4.905637264251709,1.6347956657409668,5.558459281921387,0.0529143,0.23180337,-0.077248104
859,29.2116,0.1611880660057068,-0.051696766167879105,-0.8257495164871216,-0.1520979404449463,0.0652708038687706,-0.01134631596505642,-0.005892124277610721,-0.038473090371720704,1.4943761203667458,0.058226194232702255,1.468730092048645,4.7099928855896,1.8634059429168701,5.506555557250977,0.069623254,0.22327113,-0.088332355
860,29.2452,0.15466439723968506,-0.04795197397470474,-0.8267307281494141,-0.14835664629936218,0.08165601640939713,-0.024121470749378204,-0.008538300433659598,-0.03734016499924418,1.4944000888165565,0.054911814630031586,1.9099006652832031,4.418003559112549,2.1163721084594727,5.432371139526367,0.090811014,0.21006505,-0.10062822
861,29.2793,0.14464318752288818,-0.040559615939855576,-0.8297857046127319,-0.13924892246723175,0.10617713630199432,-0.04518885165452957,-0.012205532551644856,-0.03541196146862116,1.4944217935794406,0.04973096027970314,2.261836290359497,4.141899585723877,2.285834550857544,5.364997863769531,0.10783612,0.1974707,-0.10898027
862,29.313,0.14464318752288818,-0.040559615939855576,-0.8297857046127319,-0.13924892246723175,0.10617713630199432,-0.04518885165452957,-0.01497384481229559,-0.03360080178731251,1.4944010209229381,0.04973096027970314,2.625427007675171,3.8300416469573975,2.424058198928833,5.292926788330078,0.12530331,0.18279576,-0.11569262
863,29.3469,0.13982407748699188,-0.036249034106731415,-0.8318926095962524,-0.13340383768081665,0.11746160686016083,-0.05622858181595802,-0.017350611015163928,-0.03180948473671956,1.4943777182634,0.04747944697737694,2.979893207550049,3.470292329788208,2.5305588245391846,5.210410118103027,0.14251131,0.1659643,-0.1210222
864,29.3813,0.13058985769748688,-0.026408357545733452,-0.8371959924697876,-0.11941957473754883,0.1381334811449051,-0.07728476822376251,-0.02066860596659082,-0.028930353765802504,1.494333909263468,0.044495049864053726,3.677380084991455,2.6066911220550537,2.613229274749756,5.021842002868652,0.17644857,0.12507463,-0.12538834
865,29.4149,0.12529629468917847,-0.019499508664011955,-0.841194748878479,-0.10902278870344162,0.1495070904493332,-0.08907470852136612,-0.02322672823820705,-0.026337446033041716,1.4942695939231427,0.04413134232163429,3.711118698120117,2.6218812465667725,2.628175735473633,5.0317511558532715,0.17674729,0.124870814,-0.1251706
866,29.449,0.1215016320347786,-0.013661401346325874,-0.8446999788284302,-0.09991174191236496,0.15747010707855225,-0.09746509045362473,-0.02540237480420667,-0.023870661864436798,1.4942172628077226,0.04480832815170288,4.401187419891357,1.437723159790039,2.493645429611206,4.7950968742370605,0.20922667,0.06834747,-0.11854462
867,29.4832,0.11813046038150787,-0.00762209901586175,-0.8484607934951782,-0.09004733711481094,0.16426719725131989,-0.10458503663539886,-0.028503465687819616,-0.019907025118612226,1.494101148984195,0.04636864364147186,4.679947376251221,0.8748804330825806,2.3716866970062256,4.700549125671387,0.2199619,0.041120198,-0.11147149
868,29.517,0.11524908989667892,-0.0014845696277916431,-0.852424144744873,-0.07937002927064896,0.16974547505378723,-0.10973227769136429,-0.030905911629558504,-0.016437107229969317,1.493975847254907,0.04870981723070145,4.897697448730469,0.29234084486961365,2.1947295665740967,4.612493991851807,0.22780336,0.013597456,-0.102082
869,29.5509,0.11288733035326004,0.004684128798544407,-0.8565596342086792,-0.06794539839029312,0.17383058369159698,-0.11323072016239166,-0.03292508291735375,-0.013071259643002365,1.4938452192034386,0.051687777042388916,5.05435037612915,-0.30039477348327637,1.9720585346221924,4.536330699920654,0.23254403,-0.013820769,-0.09073182
870,29.5849,0.11102186888456345,0.010885895229876041,-0.8607909679412842,-0.055911242961883545,0.17658887803554535,-0.11439018696546555,-0.03568092825515155,-0.0078285908896941,1.4936322994742868,0.055178359150886536,5.174559116363525,-0.8985916376113892,1.716970682144165,4.479498863220215,0.23412035,-0.040656332,-0.077683486
871,29.6191,0.10945606976747513,0.01857668347656727,-0.8661613464355469,-0.04011039808392525,0.17790506780147552,-0.11295081675052643,-0.038036356920082934,-0.002239970488777761,1.4933799649610018,0.059994932264089584,5.217381000518799,-1.6469063758850098,1.33693265914917,4.431417465209961,0.23159055,-0.07310334,-0.059344135
872,29.6525,0.10882333666086197,0.024617260321974754,-0.8703988790512085,-0.0268812645226717,0.17720423638820648,-0.10939844697713852,-0.039556684846192715,0.0023885800790906866,1.4931595883807975,0.06401947885751724,5.209930896759033,-2.2320291996002197,1.0218082666397095,4.419604301452637,0.22615334,-0.09688821,-0.04435478
873,29.6865,0.10874000936746597,0.030460458248853683,-0.8745065927505493,-0.01341662835329771,0.17493881285190582,-0.10354486852884293,-0.04054774279516287,0.006502885943809468,1.4929551907671341,0.06803692132234573,5.133383750915527,-2.7890589237213135,0.685636043548584,4.42586612701416,0.21817353,-0.118537575,-0.029140163
874,29.72,0.1092008575797081,0.036037955433130264,-0.8783671855926514,0.00024222761567216367,0.17125487327575684,-0.09590158611536026,-0.04134029121319205,0.012358364708701778,1.4926562509347727,0.07189086824655533,5.025688171386719,-3.317560911178589,0.36524179577827454,4.452260971069336,0.20825808,-0.13747548,-0.015135151
875,29.754,0.11020693928003311,0.041336726397275925,-0.881915807723999,0.013989909552037716,0.16596396267414093,-0.08669750392436981,-0.04144169939407522,0.016921884731850505,1.4924055143181416,0.07547836005687714,4.860287666320801,-3.79642653465271,0.052958518266677856,4.49350118637085,0.19701207,-0.15388839,-0.0021466769
876,29.7881,0.11176063120365143,0.046336084604263306,-0.8851441144943237,0.027590952813625336,0.15907609462738037,-0.07643017172813416,-0.04111578257210916,0.020767224070113218,1.492194991433971,0.07874111831188202,4.645753383636475,-4.220126628875732,-0.24394193291664124,4.546192646026611,0.18491052,-0.1679697,0.00970939
877,29.8218,0.11449494957923889,0.05208470672369003,-0.8885844945907593,0.04408075660467148,0.14866161346435547,-0.0629832074046135,-0.04003858384544255,0.025940025416401634,1.4919181558386572,0.08218894898891449,4.321584224700928,-4.68124532699585,-0.5718117952346802,4.623867034912109,0.16890033,-0.18295695,0.0223481
878,29.8559,0.11726093292236328,0.05630407854914665,-0.8907849788665771,0.057005636394023895,0.1390613168478012,-0.051332440227270126,-0.03863760298687115,0.02964935940644806,1.4916795366049862,0.08442731201648712,4.011401653289795,-4.995238780975342,-0.8041397929191589,4.692827224731445,0.15531671,-0.19340971,0.031135337
879,29.8902,0.12058904767036438,0.06011928990483284,-0.8923913240432739,0.06938718259334564,0.12844601273536682,-0.03939274325966835,-0.03705098731675361,0.032569101503394225,1.49149458006728,0.08607371151447296,3.651092290878296,-5.248700141906738,-1.0041749477386475,4.763689041137695,0.14103262,-0.20274425,0.038788784
880,29.9243,0.12442969530820847,0.06350129842758179,-0.8935062885284424,0.08115683495998383,0.11667032539844513,-0.027361173182725906,-0.03426068109056911,0.03632077767417831,1.4912343892287794,0.08720235526561737,3.2537293434143066,-5.464357852935791,-1.1723989248275757,4.833198547363281,0.12578444,-0.21124412,0.045323238
881,29.9584,0.12868690490722656,0.06641887128353119,-0.894099235534668,0.09220387786626816,0.10411655902862549,-0.01582392305135727,-0.031636121272133805,0.038872144255123066,1.4910499653232914,0.08782842010259628,2.813551187515259,-5.608097553253174,-1.3118172883987427,4.89764928817749,0.109733425,-0.21872564,0.051163174
882,29.992,0.1333092600107193,0.06887976825237274,-0.8941668272018433,0.10236809402704239,0.0909777581691742,-0.004837539047002792,-0.027986550281424438,0.04145681283326142,1.490836113487758,0.08798717707395554,2.3422560691833496,-5.7123332023620605,-1.4165247678756714,4.955244541168213,0.09244326,-0.22545215,0.05590685
