step,t_s,north_m,east_m,down_m,vn_m_s,ve_m_s,vd_m_s,roll_rad,pitch_rad,yaw_rad,pos_error_m,raw_action_0,raw_action_1,raw_action_2,raw_action_3,cmd_vn_m_s,cmd_ve_m_s,cmd_vd_m_s
1,0.0,0.029029736295342445,0.0051358891651034355,-0.8968973159790039,0.016775185242295265,0.018750358372926712,-0.03785555064678192,-0.0019424078800054795,0.0005402576297400917,1.6747448304628694,0.042414624243974686,-0.5207555890083313,0.9759566783905029,-1.410368800163269,5.220060348510742,-0.072632484,0.13612173,0.19671145
2,0.0343,0.029663624241948128,0.005530958995223045,-0.8986215591430664,0.01747383177280426,0.018469173461198807,-0.03665923699736595,-0.001741873670442789,0.0005793383809118318,1.6747458957273054,0.04423315078020096,-0.5868285298347473,0.946745753288269,-1.5605725049972534,5.219913482666016,-0.07651713,0.123447075,0.20348452
3,0.0687,0.030541015788912773,0.005987113807350397,-0.9006801843643188,0.018242884427309036,0.018220972269773483,-0.026645531877875328,-0.0013118962995879759,0.00033408692685514774,1.6747373736118172,0.04642072319984436,-0.6660622954368591,0.9063313007354736,-1.8308131694793701,5.236382007598877,-0.07749562,0.10545065,0.21301311
4,0.1023,0.03127583488821983,0.006294639315456152,-0.9015730619430542,0.01881791278719902,0.01791580207645893,0.006608748808503151,-0.0003460815872428031,-0.0008951008609246604,1.674736840979599,0.047436751425266266,-0.7171991467475891,0.8557465076446533,-2.254122018814087,5.297461986541748,-0.071277976,0.08504734,0.22402321
5,0.1363,0.03200475499033928,0.006569425575435162,-0.9012521505355835,0.019276613369584084,0.017835648730397224,0.045904215425252914,0.0010158727456536644,-0.0026892299001402913,1.6747521541558672,0.04727739840745926,-0.7578446269035339,0.7956591844558716,-2.6284117698669434,5.367752552032471,-0.06650442,0.06982282,0.23065545
6,0.17,0.03267684206366539,0.006836546119302511,-0.8996791839599609,0.01914925128221512,0.018323231488466263,0.08320550620555878,0.003249419333580329,-0.00538425945773261,1.6747524204719761,0.04591558128595352,-0.8015456795692444,0.7157998085021973,-2.884079933166504,5.424717426300049,-0.065107346,0.058142442,0.23426585
7,0.204,0.03325451910495758,0.0071162511594593525,-0.8968641757965088,0.018322646617889404,0.019279921427369118,0.11681489646434784,0.005031625720487095,-0.0071761455509491085,1.6747577467941563,0.04337906837463379,-0.8196043372154236,0.6257901191711426,-3.005816698074341,5.468766212463379,-0.06447928,0.049231675,0.23647128
8,0.2381,0.033683259040117264,0.007424454670399427,-0.8928427696228027,0.016963684931397438,0.02075260691344738,0.14649707078933716,0.006439345104824508,-0.00833160012192067,1.6747580131102653,0.03972946107387543,-0.8154090046882629,0.5237400531768799,-3.003343105316162,5.499326705932617,-0.06459544,0.041489877,0.2379202
9,0.2723,0.03409503772854805,0.007932683452963829,-0.8862619400024414,0.014368453063070774,0.023434795439243317,0.1779703050851822,0.008103996076219219,-0.009253448651913744,1.6747759894476233,0.03388245776295662,-0.7914438247680664,0.3644014894962311,-2.8414084911346436,5.516200065612793,-0.06657505,0.030652901,0.23901497
10,0.3062,0.03437366336584091,0.008456694893538952,-0.8799388408660889,0.011910314671695232,0.02570737712085247,0.19889628887176514,0.009155655504150893,-0.009447481783569333,1.6747918352561093,0.02855856902897358,-0.7584022879600525,0.21969708800315857,-2.5974180698394775,5.518054962158203,-0.06984016,0.020231586,0.23919246
11,0.3401,0.03460166975855827,0.009091400541365147,-0.8728309869766235,0.008943476714193821,0.02820996567606926,0.21655014157295227,0.010130562837525942,-0.009081535361765324,1.6748554848061623,0.023189745843410492,-0.7083980441093445,0.053338974714279175,-2.2630090713500977,5.51228141784668,-0.07466585,0.0056219804,0.23852338
12,0.3742,0.034781329333782196,0.009830575436353683,-0.8651058673858643,0.005895742680877447,0.030489545315504074,0.23143810033798218,0.01067084228100006,-0.008545618925170813,1.674901424334966,0.01874661073088646,-0.6439452171325684,-0.11830243468284607,-1.8532428741455078,5.507314682006836,-0.081906244,-0.0150474105,0.23572217
13,0.4079,0.03484230488538742,0.011519229039549828,-0.8481928110122681,-0.0007074443274177611,0.03470783680677414,0.25382816791534424,0.01125500562581164,-0.007352416126341981,1.6749526901859502,0.018972089514136314,-0.4612303376197815,-0.4828193485736847,-0.8423807621002197,5.517045021057129,-0.10727084,-0.11229191,0.19591706
14,0.4418,0.03484230488538742,0.011519229039549828,-0.8481928110122681,-0.0007074443274177611,0.03470783680677414,0.25382816791534424,0.011667009130014509,-0.006048533496936486,1.674998097082536,0.018972089514136314,-0.4489971995353699,-0.4998109042644501,-0.8345351219177246,5.516788482666016,-0.10477062,-0.11662767,0.19473343
15,0.4762,0.034118037670850754,0.013612162321805954,-0.8278533220291138,-0.008833076804876328,0.0375790074467659,0.26203423738479614,0.012083684609395325,-0.004521852995359295,1.675045900824103,0.03351132199168205,-0.1530965268611908,-0.9021008014678955,0.5549681186676025,5.588869571685791,-0.03576531,-0.21074231,-0.12964766
16,0.51,0.03339496999979019,0.014584922231733799,-0.8188179731369019,-0.01303606666624546,0.03793569281697273,0.2525624632835388,0.012939553843530335,-0.0012553435276840602,1.6751425735716727,0.04153929278254509,0.027429889887571335,-1.086485743522644,1.2809247970581055,5.64019775390625,0.004082138,-0.16169168,-0.19062826
17,0.5439,0.03238673135638237,0.01561012864112854,-0.81084144115448,-0.01797955296933651,0.037113066762685776,0.19958652555942535,0.013571421061367961,0.0022904618384213316,1.6752407110578422,0.04895414412021637,0.19250993430614471,-1.1869707107543945,2.277808427810669,5.670334339141846,0.018685007,-0.11520734,-0.22108401
18,0.5781,0.031113896518945694,0.01663781702518463,-0.8049303293228149,-0.023132415488362312,0.03489523380994797,0.13592422008514404,0.013518043406863287,0.00612091790327565,1.6753734696381826,0.05461536720395088,0.3480965793132782,-1.1927530765533447,3.1057143211364746,5.679895877838135,0.026015878,-0.08914341,-0.2321134
19,0.612,0.02958841249346733,0.017594601958990097,-0.8012562990188599,-0.028000392019748688,0.031039664521813393,0.0750185176730156,0.012262863335892616,0.011559191677461032,1.675549504586237,0.05823810398578644,0.5258436799049377,-1.1208882331848145,3.6926066875457764,5.665774345397949,0.03375429,-0.07195064,-0.23703112
20,0.6458,0.02737990953028202,0.01859036460518837,-0.7996920347213745,-0.03283688798546791,0.024203840643167496,0.007646793499588966,0.010428834799020216,0.014955340003908742,1.6756857252759945,0.05993927642703056,0.7172968983650208,-0.9396272897720337,4.163822174072266,5.6116533279418945,0.04142992,-0.054271366,-0.2404957
21,0.6792,0.02547730691730976,0.019173653796315193,-0.8006705045700073,-0.035662829875946045,0.01797126606106758,-0.037639081478118896,0.007471831333353563,0.017502823155029566,1.675838857038674,0.05921556055545807,0.870408833026886,-0.7583256959915161,4.394534587860107,5.552196025848389,0.047891673,-0.04172463,-0.24179627
22,0.7132,0.02353987656533718,0.019559739157557487,-0.8032362461090088,-0.0375308096408844,0.011316422373056412,-0.07548896223306656,0.005219239697648022,0.018251928757776825,1.6759164881844497,0.05703349411487579,1.02400803565979,-0.544614315032959,4.536154747009277,5.487399578094482,0.054676954,-0.029079704,-0.24220817
23,0.7477,0.021563639864325523,0.01974681206047535,-0.8071967363357544,-0.03840263560414314,0.004704972729086876,-0.10674110054969788,0.0019305376976917242,0.018086702498678026,1.6760419230717924,0.05361539497971535,1.1596707105636597,-0.33680519461631775,4.595893859863281,5.4188232421875,0.06101095,-0.017719517,-0.24179265
24,0.782,0.01958499848842621,0.019723787903785706,-0.8122782707214355,-0.038472730666399,-0.0015117900911718607,-0.13207821547985077,-0.0006164290758564088,0.017175313637895966,1.676146718460687,0.04927345737814903,1.2868249416351318,-0.11972042918205261,4.59035062789917,5.35087776184082,0.067460455,-0.0062762187,-0.24064434
25,0.8156,0.017605088651180267,0.019500523805618286,-0.8182697296142578,-0.037664785981178284,-0.007051651366055012,-0.15260784327983856,-0.0027043212330088487,0.01598044064175068,1.6762445896307476,0.044305093586444855,1.4013863801956177,0.06556037068367004,4.518667697906494,5.28448486328125,0.074046485,0.0034640802,-0.23875745
26,0.85,0.015249522402882576,0.018977802246809006,-0.8268208503723145,-0.03561708331108093,-0.01324016135185957,-0.17287863790988922,-0.005478404803010164,0.013810959917852979,1.6764023819253346,0.03766419738531113,1.522552490234375,0.2947690188884735,4.346790313720703,5.205251216888428,0.08247573,0.015967455,-0.23546295
27,0.884,0.013543417677283287,0.018354211002588272,-0.8342962265014648,-0.03317655622959137,-0.017373790964484215,-0.1852872669696808,-0.007495968831475658,0.011798114677943968,1.67652581944186,0.03250117227435112,1.5943012237548828,0.47000840306282043,4.140729904174805,5.146642684936523,0.08932906,0.026334677,-0.23200604
28,0.9187,0.012005790136754513,0.01758628524839878,-0.8421372175216675,-0.03024207055568695,-0.020691173151135445,-0.19485831260681152,-0.00972698158027045,0.00914062736934336,1.6766874733200277,0.028141621500253677,1.6461244821548462,0.6303552389144897,3.871715784072876,5.093540191650391,0.096737824,0.037044097,-0.22752918
29,0.9522,0.010562759824097157,0.01668703556060791,-0.8501821756362915,-0.026850715279579163,-0.02335957996547222,-0.20192596316337585,-0.01115265285497933,0.0072320308420973905,1.6768095792560078,0.02541990578174591,1.6775609254837036,0.8063802719116211,3.5400593280792236,5.049409866333008,0.1048591,0.050404314,-0.22127806
30,0.9885,0.00922849215567112,0.015733735635876656,-0.8582974672317505,-0.022938396781682968,-0.025213250890374184,-0.2065720409154892,-0.013011003542744719,0.004483065510498512,1.6769563194320711,0.02510817162692547,1.6953058242797852,0.9631519317626953,3.1397314071655273,5.015316009521484,0.11467493,0.06515013,-0.21237966
31,1.0222,0.00801234133541584,0.014734849333763123,-0.8664038181304932,-0.01874629594385624,-0.026319419965147972,-0.20943383872509003,-0.01434600458530941,0.0022822078595623623,1.6770559216568401,0.02730933576822281,1.693925142288208,1.1263706684112549,2.6716744899749756,4.992928504943848,0.12611243,0.083858095,-0.19890569
32,1.0566,0.006738508120179176,0.01343510765582323,-0.8764544725418091,-0.013196068815886974,-0.0266394205391407,-0.21026791632175446,-0.015400384390682706,0.0003965780733542965,1.6771454038694669,0.03267070651054382,1.6789101362228394,1.2989553213119507,1.9929485321044922,4.981159210205078,0.14415315,0.1115298,-0.17111684
33,1.09,0.005903053563088179,0.012387375347316265,-0.8843491077423096,-0.008505874313414097,-0.026243479922413826,-0.20896053314208984,-0.016836534580102668,-0.0022647490701114817,1.6772231681732972,0.03819650039076805,1.6399517059326172,1.4569562673568726,1.3794550895690918,4.98931360244751,0.15821445,0.14055996,-0.13308302
34,1.1241,0.005183829460293055,0.011358363553881645,-0.8920310735702515,-0.003585171652957797,-0.025026824325323105,-0.20486612617969513,-0.017960895184901602,-0.004443543575743355,1.677266977173229,0.044261135160923004,1.5947680473327637,1.598013162612915,0.7149430513381958,5.011970520019531,0.16835679,0.16869937,-0.07547525
35,1.158,0.004572171717882156,0.010392975993454456,-0.8993721008300781,0.0012200770433992147,-0.023154987022280693,-0.19637784361839294,-0.018980715273644616,-0.00643585022604243,1.6772709719148642,0.05047265812754631,1.5473963022232056,1.7220443487167358,0.0035758614540100098,5.05034065246582,0.16709515,0.18595448,-0.0003861384
36,1.1923,0.004055073019117117,0.009579421021044254,-0.9061571359634399,0.006221342831850052,-0.020439131185412407,-0.18165120482444763,-0.020619895085777593,-0.009557527552941151,1.6772455387264538,0.05647549778223038,1.4877300262451172,1.8372387886047363,-0.7425635457038879,5.107989311218262,0.15009746,0.18535948,0.07491742
37,1.2262,0.0036515865940600634,0.008939739316701889,-0.9121623039245605,0.01133802905678749,-0.017136109992861748,-0.15890976786613464,-0.02199807262751519,-0.012308600006722825,1.6771736333770217,0.06193248927593231,1.4287848472595215,1.9120362997055054,-1.4954590797424316,5.182575702667236,0.12681447,0.16970634,0.13273226
38,1.2599,0.0033428266178816557,0.008359275758266449,-0.9182156324386597,0.017923442646861076,-0.011804338544607162,-0.12010551989078522,-0.02362096346451205,-0.015898507866636012,1.677052459547423,0.06751498579978943,1.3484976291656494,1.9505467414855957,-2.377702236175537,5.293135166168213,0.1003927,0.14521393,0.17701472
39,1.2942,0.0032731343526393175,0.008129484951496124,-0.92155921459198,0.023258652538061142,-0.006799607537686825,-0.08105820417404175,-0.02442314295495214,-0.01825232199015653,1.6769599146995429,0.07061726599931717,1.283186674118042,1.9215227365493774,-2.9950249195098877,5.388526916503906,0.08480576,0.12699336,0.19794108
40,1.328,0.0034535343293100595,0.008158036507666111,-0.9233590364456177,0.02894578129053116,-0.001044244971126318,-0.0389195941388607,-0.02474071451197108,-0.02095140038484361,1.6768216966389677,0.0722537413239479,1.1967220306396484,1.8429086208343506,-3.4886231422424316,5.478571891784668,0.072564185,0.111746214,0.21153541
41,1.362,0.003858896205201745,0.008486705832183361,-0.9234954118728638,0.03453454375267029,0.00538901099935174,0.004780016373842955,-0.02417693787336352,-0.022306450036989552,1.6767232928366893,0.07231251150369644,1.110788106918335,1.6963229179382324,-3.846174716949463,5.556297302246094,0.06386891,0.09753642,0.22115017
42,1.3961,0.004498067311942577,0.009113982319831848,-0.9219616651535034,0.04015614837408066,0.012281232513487339,0.04562186449766159,-0.023125586373432885,-0.022831190559681438,1.6766589774963638,0.07078677415847778,1.0192745923995972,1.5004185438156128,-4.0493903160095215,5.615338325500488,0.057429273,0.0845385,0.22815593
43,1.4301,0.0053833117708563805,0.010025524534285069,-0.9188796281814575,0.045360952615737915,0.01954798586666584,0.0824606642127037,-0.020962227799150464,-0.022681289960418207,1.676610907438688,0.06780532002449036,0.9193041920661926,1.2473934888839722,-4.113666534423828,5.651266574859619,0.052282684,0.07094178,0.2339525
44,1.464,0.006847144104540348,0.011606018990278244,-0.9131314754486084,0.05151527747511864,0.028823215514421463,0.12271610647439957,-0.018854556339380518,-0.02188497358556549,1.6766386043140247,0.062367022037506104,0.7891631722450256,0.8868380784988403,-4.016137599945068,5.671370506286621,0.047109563,0.052940324,0.2397457
45,1.4983,0.0082662058994174,0.013270268216729164,-0.9071646928787231,0.055778034031391144,0.03604970499873161,0.1506638079881668,-0.016851284955530885,-0.020746998609990824,1.6767037186026772,0.056909918785095215,0.6824586391448975,0.5442544221878052,-3.808314800262451,5.6652960777282715,0.043668143,0.034824938,0.24368076
46,1.5353,0.009868327528238297,0.015198579989373684,-0.9002870321273804,0.059532612562179565,0.042897358536720276,0.17457276582717896,-0.0138923215697495,-0.01856790865992552,1.6769095809549404,0.05089288949966431,0.5783610343933105,0.14439845085144043,-3.4932491779327393,5.640589714050293,0.040801518,0.010186848,0.24643755
47,1.5693,0.011647607199847698,0.017390122637152672,-0.8925707340240479,0.06280854344367981,0.04927606135606766,0.19535298645496368,-0.010979756483881643,-0.01587149238603122,1.6772423429331458,0.044627055525779724,0.480377197265625,-0.29393133521080017,-3.079427719116211,5.607342720031738,0.038362652,-0.023473192,0.24592137
48,1.6031,0.013668359257280827,0.019775941967964172,-0.8841508626937866,0.06557019799947739,0.055054549127817154,0.2130553424358368,-0.008737893954388029,-0.013375740098787885,1.6775580606803746,0.03860587626695633,0.3820146322250366,-0.7463853359222412,-2.5801281929016113,5.577395439147949,0.035202906,-0.068779916,0.23776056
49,1.6381,0.015845930203795433,0.02232048474252224,-0.8751308917999268,0.0678250640630722,0.06008044257760048,0.22797653079032898,-0.006880443123787842,-0.010938163317200569,1.6778862952847269,0.03364086523652077,0.290864497423172,-1.210918664932251,-2.0081698894500732,5.562005043029785,0.030773064,-0.12811354,0.21246162
50,1.672,0.0187235064804554,0.025672931224107742,-0.8632999658584595,0.06987513601779938,0.06512158364057541,0.24248170852661133,-0.004356184349833325,-0.006888786308140355,1.6783599384845975,0.0306999534368515,0.19901888072490692,-1.8147714138031006,-1.2134513854980469,5.577270030975342,0.022696896,-0.20696366,0.13838677
51,1.7062,0.021121075376868248,0.028456514701247215,-0.8533763885498047,0.07101898640394211,0.06823789328336716,0.24930140376091003,-0.0024655157861209033,-0.0030155409947833557,1.6787690000280338,0.03206394985318184,0.13931043446063995,-2.2979366779327393,-0.5100009441375732,5.624852180480957,0.014770168,-0.24363509,0.05407204
52,1.7403,0.023598110303282738,0.03134237974882126,-0.8432831764221191,0.07182483375072479,0.06998517364263535,0.2500104308128357,-0.00014071968299994995,0.0028435223745332285,1.6792619511458073,0.036722373217344284,0.07431893050670624,-2.7527332305908203,0.23303982615470886,5.7030158042907715,0.006723068,-0.24901883,-0.02108134
53,1.774,0.026071088388562202,0.03419208526611328,-0.8333379030227661,0.07204430550336838,0.07025666534900665,0.2380949854850769,0.0014766948664589783,0.0076653687633453154,1.6795784678413632,0.04350121319293976,0.018348198384046555,-3.1845171451568604,1.0393725633621216,5.801645278930664,0.0013693123,-0.23765813,-0.0775676
54,1.808,0.030996255576610565,0.039623185992240906,-0.8159784078598022,0.07152605056762695,0.06504778563976288,0.17717526853084564,0.003803601050108176,0.015131676638180215,1.6799899262297804,0.05855945870280266,-0.2538576126098633,-3.7193098068237305,2.470883846282959,5.983476161956787,-0.014190017,-0.20790029,-0.13811634
55,1.842,0.030996255576610565,0.039623185992240906,-0.8159784078598022,0.07152605056762695,0.06504778563976288,0.17717526853084564,0.0056327771202209385,0.020904399752792915,1.6802896650104688,0.05855945870280266,-0.21986015141010284,-3.7647364139556885,2.478125810623169,5.988056659698486,-0.01218061,-0.2085725,-0.13729219
56,1.8761,0.03631921857595444,0.044671252369880676,-0.8029683828353882,0.06855025887489319,0.04834059625864029,0.08219906687736511,0.0071468627423771965,0.02539009305427328,1.6805028510557298,0.07191834598779678,-0.6337299346923828,-3.9471943378448486,3.460658311843872,6.061573028564453,-0.029963344,-0.18662705,-0.16362317
57,1.9103,0.03857056051492691,0.0463351234793663,-0.7998189926147461,0.06650715321302414,0.03816524147987366,0.04229753464460373,0.009116416530261557,0.0302839345181597,1.6806803507423835,0.0756920576095581,-0.795170783996582,-3.955861806869507,3.712183713912964,6.052294731140137,-0.0362573,-0.18037494,-0.16926397
58,1.9438,0.04080520197749138,0.047556597739458084,-0.7982233762741089,0.06420490145683289,0.0268850177526474,0.005768106319010258,0.010535013783324915,0.03291511270802277,1.6807069823532843,0.07807588577270508,-0.968666136264801,-3.8872292041778564,3.887042284011841,6.021265983581543,-0.043384,-0.17409874,-0.17409037
59,1.9781,0.042999666184186935,0.04826715588569641,-0.7980369329452515,0.06168003007769585,0.014766021631658077,-0.026432743296027184,0.011663983945463747,0.034267515843835444,1.6806317480524895,0.07913455367088318,-1.1413118839263916,-3.7528913021087646,4.003705978393555,5.975430488586426,-0.05090563,-0.16738921,-0.17857623
60,2.012,0.04506480693817139,0.048466723412275314,-0.7991125583648682,0.058735016733407974,0.0024245588574558496,-0.05424785241484642,0.01315035864826962,0.03486684568299556,1.6804192277975012,0.07897686958312988,-1.3043534755706787,-3.577500104904175,4.072197437286377,5.917969226837158,-0.058489293,-0.16042082,-0.18260384
61,2.046,0.04747720807790756,0.048007573932409286,-0.802016019821167,0.05445767566561699,-0.013029028661549091,-0.08336708694696426,0.014180065722559554,0.0344752049581588,1.6801960548981527,0.07727742940187454,-1.4922490119934082,-3.278081178665161,4.107452869415283,5.832376956939697,-0.068289556,-0.15001431,-0.18796872
62,2.0803,0.04927079379558563,0.04706459492444992,-0.8053820133209229,0.05084972083568573,-0.024909352883696556,-0.10279791802167892,0.015300953814968377,0.03312609956478969,1.6798158886525438,0.07489859312772751,-1.6413263082504272,-2.9935481548309326,4.098618030548096,5.752732276916504,-0.07692432,-0.14029913,-0.19209062
63,2.1144,0.05093364790081978,0.04564112797379494,-0.8095029592514038,0.046918343752622604,-0.03649258613586426,-0.11947943270206451,0.015989569250565307,0.03178342945052342,1.6795327946286684,0.07179681211709976,-1.7761814594268799,-2.661186933517456,4.064228534698486,5.665325164794922,-0.085847445,-0.12862206,-0.19643469
64,2.1481,0.052456047385931015,0.04375931993126869,-0.8142342567443848,0.04274886101484299,-0.04752134904265404,-0.13388508558273315,0.016921018164198928,0.02935038628457304,1.6791093520153457,0.06812987476587296,-1.9061834812164307,-2.291241407394409,4.002801418304443,5.5701003074646,-0.09548936,-0.11477865,-0.20051844
65,2.1822,0.05385887250304222,0.04147478565573692,-0.8195189237594604,0.03833575174212456,-0.0577290803194046,-0.14642059803009033,0.017580595781238287,0.027059695320671207,1.6788670043561487,0.06404656916856766,-2.0374064445495605,-1.8921468257904053,3.909973382949829,5.468245506286621,-0.106162995,-0.098593965,-0.20373671
66,2.2162,0.05502967908978462,0.03875093534588814,-0.8253194093704224,0.03371009603142738,-0.06745035946369171,-0.15759727358818054,0.018112102397574655,0.02487596980583348,1.678630915125513,0.059583630412817,-2.1469202041625977,-1.4619038105010986,3.787684679031372,5.365473747253418,-0.11686565,-0.07957741,-0.20617917
67,2.2501,0.05614898353815079,0.0347430557012558,-0.8332221508026123,0.02733924798667431,-0.07831601798534393,-0.1694309562444687,0.018852092915372196,0.021502293981677915,1.6783516826852183,0.05369316041469574,-2.2684149742126465,-0.8978039026260376,3.574991226196289,5.239466667175293,-0.13102879,-0.05185919,-0.2064996
68,2.284,0.05675876513123512,0.03117487020790577,-0.8398784399032593,0.021910151466727257,-0.08586860448122025,-0.17749781906604767,0.01938883014653705,0.018600126667331674,1.6781155934545826,0.049096379429101944,-2.3499622344970703,-0.44345125555992126,3.3524320125579834,5.149109840393066,-0.1426647,-0.02692164,-0.203524
69,2.3181,0.05710579827427864,0.027277156710624695,-0.8468326330184937,0.016198499128222466,-0.09260843694210052,-0.18435204029083252,0.019851400421937795,0.015869927778890798,1.6779644590627207,0.04483956843614578,-2.4134044647216797,0.01263466477394104,3.072084665298462,5.073513984680176,-0.15443969,0.0008085233,-0.19659026
70,2.3521,0.057185351848602295,0.02309464104473591,-0.854106068611145,0.010213211178779602,-0.09829014539718628,-0.18966473639011383,0.02055060088257049,0.011633326384008812,1.6776936155798596,0.041290897876024246,-2.477093458175659,0.46847549080848694,2.7091071605682373,5.014462471008301,-0.1673423,0.03164829,-0.18301621
71,2.3862,0.05702284723520279,0.01867881789803505,-0.8615239858627319,0.003931331913918257,-0.10295624285936356,-0.19315968453884125,0.021123066084234438,0.007911912461705351,1.6774790979540537,0.03893810883164406,-2.514590263366699,0.9147542715072632,2.2665297985076904,4.98000955581665,-0.1792693,0.06521434,-0.16158466
72,2.42,0.05656559765338898,0.014076351188123226,-0.8690205812454224,-0.0026792443823069334,-0.10670631378889084,-0.194737046957016,0.021815442194573802,0.0029058980805412777,1.6771374143861966,0.03812732174992561,-2.536928176879883,1.3595553636550903,1.7315852642059326,4.969897270202637,-0.18881655,0.101187944,-0.1288771
73,2.4537,0.05551127344369888,0.00815486442297697,-0.8783978223800659,-0.011491227895021439,-0.10939566791057587,-0.19230210781097412,0.022258860596666596,-0.0007864414177433381,1.6768663045872265,0.03950890153646469,-2.4727816581726074,1.8815288543701172,0.9548863172531128,4.9978437423706055,-0.190177,0.14470485,-0.07343851
74,2.488,0.054315004497766495,0.0034430178347975016,-0.8856894969940186,-0.018992122262716293,-0.11007372289896011,-0.18648408353328705,0.022889193375985526,-0.006320145759502845,1.6764129014116405,0.04233865067362785,-2.3944015502929688,2.2797951698303223,0.2472876012325287,5.040555953979492,-0.18055232,0.1719103,-0.018646976
75,2.5222,0.05285005271434784,-0.0011747381649911404,-0.8926146030426025,-0.02651240862905979,-0.10942574590444565,-0.17342814803123474,0.02330526652322917,-0.010990826287459584,1.6760348656949038,0.04621665179729462,-2.250422954559326,2.6381123065948486,-0.5154029130935669,5.104551315307617,-0.16048478,0.18813214,0.036755014
76,2.5564,0.051140762865543365,-0.0056624384596943855,-0.8989548683166504,-0.034027595072984695,-0.1072431430220604,-0.15424272418022156,0.02351687339718738,-0.015337427678632153,1.675672409470544,0.05057448521256447,-2.0511319637298584,2.953233003616333,-1.2704498767852783,5.180315017700195,-0.13446525,0.19360392,0.083286375
77,2.5903,0.049147579818964005,-0.009913915768265724,-0.904487133026123,-0.04166794568300247,-0.10360782593488693,-0.12853090465068817,0.023384840944362897,-0.021593577989229586,1.6751044903680845,0.05485878512263298,-1.8199353218078613,3.2317309379577637,-1.9903576374053955,5.263764381408691,-0.10809146,0.19194227,0.118213356
78,2.6244,0.046835482120513916,-0.013836536556482315,-0.9089677333831787,-0.04939493164420128,-0.09849993139505386,-0.09740550816059113,0.02274734675842518,-0.026388705642241935,1.6746062129281307,0.05858372896909714,-1.5310331583023071,3.456204652786255,-2.618746519088745,5.354954242706299,-0.08323341,0.18789384,0.14236608
79,2.658,0.043516457080841064,-0.018221942707896233,-0.912855863571167,-0.059023987501859665,-0.0900280550122261,-0.054073747247457504,0.02168456239115862,-0.030197392185705132,1.6741416244759664,0.06200064718723297,-1.117521047592163,3.6610305309295654,-3.2486817836761475,5.470020771026611,-0.055647332,0.18230224,0.1617692
80,2.6922,0.040543124079704285,-0.021288147196173668,-0.9145781993865967,-0.06649921834468842,-0.08188587427139282,-0.01938689313828945,0.019320295360359542,-0.03466232739484509,1.673434954680714,0.06361717730760574,-0.7827244400978088,3.8051810264587402,-3.6281301975250244,5.556098461151123,-0.03681275,0.17896359,0.17063661
81,2.7261,0.037292398512363434,-0.023905565962195396,-0.9150729179382324,-0.07338595390319824,-0.07256825268268585,0.014055791310966015,0.016833021496117824,-0.037309908992547366,1.6728581139886027,0.06418248265981674,-0.43844205141067505,3.9039742946624756,-3.894632339477539,5.631514549255371,-0.019814426,0.17643155,0.17600936
82,2.7597,0.03379874303936958,-0.026041556149721146,-0.9143496751785278,-0.07956556975841522,-0.062153447419404984,0.04509775713086128,0.01306401709319411,-0.039436318287299536,1.6721085672998,0.0636848658323288,-0.09856249392032623,3.964367151260376,-4.0583977699279785,5.693599224090576,-0.0043425746,0.17466643,0.17880934
83,2.7941,0.030137116089463234,-0.0276937335729599,-0.912508487701416,-0.08498229831457138,-0.05101901665329933,0.07257649302482605,0.01010958004096856,-0.0402025929566994,1.6715852561455995,0.0622289814054966,0.23876656591892242,4.0148820877075195,-4.1255412101745605,5.74617338180542,0.010360201,0.17420775,0.1790093
84,2.8279,0.026349717751145363,-0.028917239978909492,-0.9096862077713013,-0.08956144005060196,-0.039327189326286316,0.09632393717765808,0.005700168099516203,-0.04043350150677688,1.6708401036725953,0.05998677760362625,0.5697320699691772,4.0423502922058105,-4.109535217285156,5.787633895874023,0.024589062,0.17446376,0.1773634
85,2.8622,0.021443134173750877,-0.02975528873503208,-0.9048854112625122,-0.0937696173787117,-0.024216705933213234,0.12139740586280823,0.0021097634976418784,-0.039974738719497104,1.6702681898285008,0.05621059983968735,0.956118106842041,4.016541957855225,-3.9954588413238525,5.819624900817871,0.041603103,0.17476985,0.17385246
86,2.8961,0.017409957945346832,-0.029897082597017288,-0.9002258777618408,-0.0959630087018013,-0.011889305897057056,0.13760705292224884,-0.0009607115014267478,-0.03923951068274268,1.6697641865922033,0.05269511789083481,1.25896155834198,3.970205545425415,-3.828537940979004,5.834286689758301,0.05563423,0.17544566,0.16918528
87,2.9328,0.013346089981496334,-0.029558666050434113,-0.8949682712554932,-0.0969744399189949,0.00023226717894431204,0.1508646160364151,-0.005200884692072492,-0.03774075436146254,1.6690489946814624,0.048964884132146835,1.5659373998641968,3.9097888469696045,-3.591853380203247,5.842522621154785,0.0707245,0.17658296,0.16222362
88,2.967,0.009292557835578918,-0.02879253961145878,-0.8892307281494141,-0.09692534059286118,0.012464855797588825,0.16125069558620453,-0.008456991316776767,-0.03626086487202993,1.6684991850744155,0.045297812670469284,1.8589389324188232,3.805140972137451,-3.2927558422088623,5.835371971130371,0.08663282,0.17733239,0.15345351
89,3.0011,0.005302424542605877,-0.02759220264852047,-0.8831355571746826,-0.0957891196012497,0.024329084903001785,0.16879455745220184,-0.012292655369993277,-0.03422504050504328,1.667786922640874,0.041979800909757614,2.153193950653076,3.6706433296203613,-2.9205830097198486,5.815763473510742,0.10429386,0.17779428,0.14146374
90,3.0352,0.0013950957218185067,-0.02596341446042061,-0.876811146736145,-0.09361870586872101,0.03592216596007347,0.17366163432598114,-0.014826950672231703,-0.03267426307693873,1.6672806557176498,0.039348114281892776,2.431978225708008,3.4774913787841797,-2.482966661453247,5.774778366088867,0.12366253,0.17682534,0.12625521
91,3.0695,-0.0032693480607122183,-0.023278508335351944,-0.8687021732330322,-0.08934251219034195,0.0500924289226532,0.1763473004102707,-0.018213119426672725,-0.03042896236486593,1.6664871668708607,0.03740505129098892,2.778043270111084,3.1603355407714844,-1.8276185989379883,5.697585105895996,0.151391,0.17222422,0.09959708
92,3.104,-0.006796250119805336,-0.02064833976328373,-0.8622071743011475,-0.08478576689958572,0.061016954481601715,0.17535965144634247,-0.0207711730386671,-0.028580634941593866,1.6658107239539806,0.03722740709781647,3.0529894828796387,2.841644763946533,-1.2205206155776978,5.617053031921387,0.17563161,0.16347343,0.0702138
93,3.1381,-0.010122278705239296,-0.017544014379382133,-0.8557953834533691,-0.07942836731672287,0.07147904485464096,0.17104662954807281,-0.0229268167681667,-0.026942732614546286,1.665162377386601,0.038309935480356216,3.3249406814575195,2.4607176780700684,-0.5504041910171509,5.525164604187012,0.19919722,0.14742161,0.03297472
94,3.174,-0.013208982534706593,-0.014005270786583424,-0.849584698677063,-0.07300779223442078,0.08156942576169968,0.16323450207710266,-0.025961284932041032,-0.02451114586481705,1.6641112277043466,0.04052840918302536,3.601306438446045,2.0386505126953125,0.16609123349189758,5.438507080078125,0.21738467,0.123058505,-0.010025719
95,3.2082,-0.01840730756521225,-0.005756449420005083,-0.8383578062057495,-0.05709313973784447,0.10063008219003677,0.134653702378273,-0.02895597836891611,-0.02188038795506351,1.662947692624091,0.04711795225739479,4.042428493499756,1.0672073364257812,1.5591963529586792,5.310172080993652,0.22648168,0.059791513,-0.087355755
96,3.2421,-0.01840730756521225,-0.005756449420005083,-0.8383578062057495,-0.05709313973784447,0.10063008219003677,0.134653702378273,-0.03129338284281362,-0.019518546897569922,1.6619323624584983,0.04711795225739479,4.074246406555176,1.0884008407592773,1.5773558616638184,5.316258907318115,0.22622333,0.06043367,-0.08758299
97,3.2759,-0.02228996716439724,0.005052798893302679,-0.8292244672775269,-0.03414221853017807,0.11952628940343857,0.07680679857730865,-0.03323403665153277,-0.0171009386226717,1.6610211618915276,0.05508402734994888,4.3257575035095215,-0.07109701633453369,2.866302251815796,5.293375492095947,0.20838213,-0.003424914,-0.13807666
98,3.3102,-0.023309797048568726,0.010249392129480839,-0.8267987966537476,-0.022527292370796204,0.12640193104743958,0.04726976901292801,-0.03550906281867897,-0.0129261881038095,1.6595846527995388,0.05813024193048477,4.386034965515137,-0.5905238389968872,3.272169828414917,5.320766448974609,0.1992233,-0.026822884,-0.14862911
99,3.344,-0.023848766461014748,0.01559408288449049,-0.8254358768463135,-0.01011505164206028,0.13196706771850586,0.015874827280640602,-0.03680059191763732,-0.009040128408301096,1.6584731825185943,0.06070273369550705,4.425224781036377,-0.5975997447967529,3.28690242767334,5.324450492858887,0.19952574,-0.02694474,-0.14820075
100,3.3776,-0.02384546399116516,0.02103913575410843,-0.8251861333847046,0.0028875309508293867,0.1358959972858429,-0.013747980818152428,-0.03736158680126251,-0.00523017478272551,1.657373430146446,0.06272488087415695,4.338973522186279,-1.6705195903778076,3.7298085689544678,5.401029586791992,0.18198548,-0.07006504,-0.15643586
101,3.4142,-0.023272177204489708,0.026537422090768814,-0.8259788751602173,0.01608293503522873,0.13834163546562195,-0.03945824131369591,-0.037165881911844514,0.0006954353646267296,1.6557349202857747,0.06425084173679352,4.253723621368408,-2.258157968521118,3.7869198322296143,5.451056957244873,0.1735784,-0.0921469,-0.1545299
102,3.4479,-0.0218098983168602,0.03337381035089493,-0.8281936645507812,0.032376788556575775,0.1388334035873413,-0.06669650971889496,-0.03604034265020376,0.0065585226039028555,1.6540016018902968,0.06569736450910568,4.064187526702881,-2.9854800701141357,3.7491581439971924,5.514889240264893,0.16169152,-0.11877572,-0.14915824
103,3.482,-0.020052243024110794,0.038724154233932495,-0.830787181854248,0.044931523501873016,0.13722111284732819,-0.08454212546348572,-0.03453970131021455,0.01110526211144083,1.6526240818164533,0.06662527471780777,3.8582301139831543,-3.5509397983551025,3.658182382583618,5.562698841094971,0.15086429,-0.13884863,-0.14304203
104,3.5163,-0.01783052831888199,0.043894942849874496,-0.8340036869049072,0.056929875165224075,0.13414618372917175,-0.09870060533285141,-0.032826325413993045,0.015025522621010737,1.6513481613381964,0.06748431921005249,3.6062865257263184,-4.079220294952393,3.527844190597534,5.601865291595459,0.13896503,-0.1571891,-0.13594231
105,3.5501,-0.015147939324378967,0.048835352063179016,-0.8375959396362305,0.06833836436271667,0.129451721906662,-0.10930676013231277,-0.029873329173529122,0.02037935338269459,1.6495862139609998,0.06839694827795029,3.321944236755371,-4.588167667388916,3.369936227798462,5.63291597366333,0.12600045,-0.17402796,-0.12782077
106,3.584,-0.012070008553564548,0.053528714925050735,-0.8415350914001465,0.07892753183841705,0.12348245829343796,-0.1166057139635086,-0.027175497055008414,0.024403038169316646,1.648143845914613,0.06945115327835083,2.9954161643981934,-5.025907039642334,3.192384719848633,5.647940635681152,0.11235449,-0.18851577,-0.11974254
107,3.6184,-0.008650866337120533,0.05790639668703079,-0.8456791639328003,0.08853518962860107,0.11617272347211838,-0.1210816279053688,-0.02461014471715154,0.027665402182285304,1.6469962898008979,0.07068723440170288,2.637462615966797,-5.390423774719238,3.0018470287323,5.6465606689453125,0.09826627,-0.20083576,-0.11184245
108,3.6538,-0.003972455393522978,0.06281476467847824,-0.8509137630462646,0.09925943613052368,0.10512588173151016,-0.1233508437871933,-0.02077031791428583,0.03186353858446976,1.6453800173353288,0.07245031744241714,2.1599931716918945,-5.7577972412109375,2.753338098526001,5.625332832336426,0.080143966,-0.21363619,-0.10215932
109,3.6881,4.2911524360533804e-05,0.06623093783855438,-0.8551238775253296,0.10653837025165558,0.09504937380552292,-0.1230282410979271,-0.01678857063275142,0.03546149210370743,1.6439473698269207,0.07396943867206573,1.7626826763153076,-5.9915690422058105,2.544818162918091,5.592722415924072,0.065342255,-0.22210614,-0.09433585
110,3.7221,0.004298034124076366,0.0691748782992363,-0.8592803478240967,0.11287450045347214,0.08400502800941467,-0.12115243077278137,-0.013480261889492388,0.0378696888089252,1.6428474842967178,0.07553623616695404,1.3478446006774902,-6.145997524261475,2.33329701423645,5.549152374267578,0.0502121,-0.22896071,-0.08692378
111,3.7563,0.008823067881166935,0.07159686833620071,-0.8633894920349121,0.11815806478261948,0.07201635092496872,-0.11790754646062851,-0.010568872339574448,0.03962913947259968,1.6419288268786951,0.07707061618566513,0.9205952286720276,-6.230175495147705,2.11567759513855,5.496835708618164,0.034641694,-0.23443943,-0.07961225
112,3.79,0.013615414500236511,0.07348953932523727,-0.8673443794250488,0.12252269685268402,0.059441082179546356,-0.1135578528046608,-0.006430292437712841,0.041597864663683946,1.6407113627863652,0.07854238152503967,0.48063841462135315,-6.277343273162842,1.8918945789337158,5.43798303604126,0.018278461,-0.23872451,-0.071947895
113,3.8241,0.01863282546401024,0.0748152807354927,-0.8711262941360474,0.12586143612861633,0.04622599110007286,-0.10850421339273453,-0.003154416523252581,0.04269993481821838,1.639774329556821,0.07990574091672897,0.03575647994875908,-6.249509811401367,1.666611909866333,5.376747131347656,0.0013820495,-0.24155432,-0.06441742
114,3.858,0.02512374520301819,0.07564850896596909,-0.8754581212997437,0.12862519919872284,0.029172658920288086,-0.1013980582356453,-0.00031276720400946507,0.04333222335646283,1.6390179918072385,0.08138852566480637,-0.5138450264930725,-6.113916873931885,1.3870669603347778,5.304194927215576,-0.020422095,-0.24298958,-0.05512715
115,3.8939,0.03037884645164013,0.07568590342998505,-0.8786402940750122,0.12956370413303375,0.01511653233319521,-0.09537103772163391,0.003650013117062214,0.04369949823791998,1.638065112769208,0.08241238445043564,-0.9493812322616577,-5.967339992523193,1.1536903381347656,5.246157646179199,-0.03858306,-0.24251398,-0.046886224
116,3.928,0.03566766530275345,0.0751102939248085,-0.8815518617630005,0.1296606957912445,0.0009760575485415757,-0.0887303501367569,0.007478215637888647,0.043536754128180914,1.63720957226902,0.08321692794561386,-1.375999927520752,-5.759364604949951,0.9122295379638672,5.194620132446289,-0.05741647,-0.24032152,-0.03806468
117,3.9621,0.040954992175102234,0.0739254355430603,-0.8842312097549438,0.12860780954360962,-0.013252591714262962,-0.08152554929256439,0.010491033134338476,0.04298407330058381,1.6365295340846684,0.08380937576293945,-1.7840023040771484,-5.479660987854004,0.6570777893066406,5.152450084686279,-0.07689539,-0.23618843,-0.028321857
118,3.9962,0.04618261754512787,0.07215911895036697,-0.8866920471191406,0.12656860053539276,-0.027388978749513626,-0.07431451976299286,0.013100589785101464,0.0422647368453966,1.635945769173723,0.08421305567026138,-2.171844482421875,-5.136046886444092,0.38954803347587585,5.120577812194824,-0.09713152,-0.2296997,-0.017421778
119,4.0301,0.05131552368402481,0.06981495022773743,-0.8889371156692505,0.12363513559103012,-0.04137023165822029,-0.06673386693000793,0.016689081800388247,0.04083434054034743,1.6351078055367296,0.08443044126033783,-2.5493996143341064,-4.744607448577881,0.10064825415611267,5.096149921417236,-0.11831035,-0.22018366,-0.0046707974
120,4.064,0.05751936882734299,0.06611061841249466,-0.8915144205093384,0.1186232939362526,-0.058641355484724045,-0.056656695902347565,0.01946025279802161,0.03935484636388913,1.6344099241730743,0.08449757099151611,-2.972644805908203,-4.148979187011719,-0.28345197439193726,5.0856614112854,-0.14538015,-0.20290995,0.013862501
121,4.0983,0.06225621700286865,0.06252703815698624,-0.8932398557662964,0.1134379655122757,-0.0718926265835762,-0.047665245831012726,0.02186350809106053,0.03784654427457674,1.6337314838853767,0.08431759476661682,-3.2778961658477783,-3.6165964603424072,-0.6028420925140381,5.089383125305176,-0.16662383,-0.18384083,0.030644001
122,4.132,0.06673388183116913,0.058340586721897125,-0.8946553468704224,0.10729094594717026,-0.08485700190067291,-0.038074180483818054,0.02516425699383456,0.03530156928024817,1.632699508962971,0.08387549221515656,-3.560307025909424,-3.0384175777435303,-0.9292094707489014,5.101283073425293,-0.18652391,-0.1591822,0.048681132
123,4.1662,0.0709039568901062,0.053677383810281754,-0.8956731557846069,0.10038671642541885,-0.09712869673967361,-0.027222195640206337,0.027741474962704498,0.03287859827276426,1.6318194673807542,0.08321771770715714,-3.796391725540161,-2.421992540359497,-1.2433290481567383,5.126619815826416,-0.20316029,-0.12961063,0.06653557
124,4.2,0.07469820976257324,0.048503633588552475,-0.8963041305541992,0.09249942004680634,-0.10888124257326126,-0.015245477668941021,0.030915311755968643,0.029339675383563878,1.6306635223096053,0.08230186253786087,-3.997786045074463,-1.7872865200042725,-1.5493783950805664,5.159832000732422,-0.21515994,-0.096191354,0.08338719
125,4.234,0.07810318470001221,0.042865999042987823,-0.8965045213699341,0.08373811095952988,-0.11957631260156631,-0.00195510545745492,0.03305132507540191,0.02642919609378415,1.6298312844689555,0.08115075528621674,-4.14166784286499,-1.1463772058486938,-1.8264774084091187,5.2051544189453125,-0.22174358,-0.061376672,0.09778903
126,4.2679,0.08171822130680084,0.03526618704199791,-0.8960200548171997,0.07161350548267365,-0.13184010982513428,0.015470909886062145,0.03589257466040719,0.02174469989752397,1.6285389855499945,0.0793519914150238,-4.263521671295166,-0.3749469220638275,-2.12249755859375,5.270073890686035,-0.22311063,-0.01962102,0.111070566
127,4.3021,0.0840204656124115,0.028852561488747597,-0.8950532674789429,0.06080132722854614,-0.14041538536548615,0.030148403719067574,0.03783872540006383,0.01750618331531119,1.6274636011018206,0.07765889912843704,-4.306243896484375,0.19794824719429016,-2.316232681274414,5.325699329376221,-0.21999122,0.010112496,0.11832838
128,4.336,0.08578487485647202,0.022185010835528374,-0.8935441970825195,0.04937805235385895,-0.1477368324995041,0.044971682131290436,0.03924349294081019,0.01344113214681964,1.6264954088875223,0.07576294988393784,-4.298985481262207,0.7244336605072021,-2.4599030017852783,5.382408142089844,-0.21470378,0.036180317,0.12285468
129,4.3707,0.08697783946990967,0.015299241989850998,-0.8915277719497681,0.03714742511510849,-0.15355707705020905,0.059506215155124664,0.04063712930043786,0.007136667828829237,1.6250578345310975,0.07371008396148682,-4.261755466461182,1.2114773988723755,-2.5646674633026123,5.433183670043945,-0.20811991,0.05916167,0.12524378
130,4.4045,0.08759276568889618,0.00824713334441185,-0.8890367746353149,0.02440224215388298,-0.15797477960586548,0.07291040569543839,0.04119067565538924,0.0018119188382639138,1.6239518237303876,0.07158206403255463,-4.170018672943115,1.661271095275879,-2.610917329788208,5.47900390625,-0.20075743,0.07997866,0.12569752
131,4.4394,0.08770936727523804,0.0011345281964167953,-0.8861391544342041,0.011104480363428593,-0.16068220138549805,0.08489580452442169,0.04111293631869414,-0.004909828752805303,1.6226330263585804,0.06956631690263748,-4.033925533294678,2.077592372894287,-2.603342056274414,5.51615571975708,-0.19277893,0.09928692,0.12441219
132,4.473,0.0871148556470871,-0.007754419930279255,-0.881965160369873,-0.005835084710270166,-0.16174767911434174,0.09771507233381271,0.04054425987979975,-0.009535784299056875,1.6217520526699822,0.06729268282651901,-3.8150429725646973,2.5737671852111816,-2.5264620780944824,5.550631046295166,-0.18167087,0.1225618,0.12030915
133,4.5073,0.08435075730085373,-0.021669933572411537,-0.8743388652801514,-0.03284318745136261,-0.15786951780319214,0.11281086504459381,0.03909225035802891,-0.015858676963582514,1.6205926454894162,0.06456056237220764,-3.596545934677124,2.9538445472717285,-2.4145138263702393,5.572539806365967,-0.1714891,0.14084406,0.115127906
134,4.541,0.08435075730085373,-0.021669933572411537,-0.8743388652801514,-0.03284318745136261,-0.15786951780319214,0.11281086504459381,0.03743371269372242,-0.02055968267800658,1.6197395018342093,0.06456056237220764,-3.345118522644043,3.3273940086364746,-2.269543409347534,5.594449996948242,-0.15972747,0.15888113,0.10836938
135,4.575,0.0821722149848938,-0.028300436213612556,-0.8702211380004883,-0.04592416062951088,-0.15345527231693268,0.11775197833776474,0.03567848979827845,-0.02442284751051871,1.6190437509994262,0.06376448273658752,-3.05501127243042,3.6699564456939697,-2.0876011848449707,5.6211676597595215,-0.14655139,0.1760508,0.10014393
136,4.6091,0.07636640220880508,-0.04049867391586304,-0.8614370822906494,-0.07071331888437271,-0.13985024392604828,0.1221085786819458,0.0326807545320958,-0.029505016075365768,1.6181151067273154,0.06339339911937714,-2.3933663368225098,4.276420593261719,-1.6263041496276855,5.69304084777832,-0.11588101,0.20705394,0.078741714
137,4.6435,0.07183871418237686,-0.0472257025539875,-0.8557736873626709,-0.08483868837356567,-0.1284458488225937,0.1211627796292305,0.029950238352978168,-0.03317135665856423,1.6174313401174376,0.06394417583942413,-2.394568920135498,4.3134284019470215,-1.6364185810089111,5.696498394012451,-0.115171455,0.20746274,0.07870674
138,4.6778,0.06782076507806778,-0.05202638357877731,-0.8513922691345215,-0.09525761753320694,-0.11769680678844452,0.1173916608095169,0.02735138428084594,-0.036059126258267224,1.6168478415226013,0.06476001441478729,-1.5669273138046265,4.872951984405518,-0.9901415109634399,5.794953346252441,-0.075136974,0.23366679,0.047479063
139,4.7121,0.06354790180921555,-0.056234098970890045,-0.8471894264221191,-0.1045428067445755,-0.10560406744480133,0.1127389669418335,0.023197556221297676,-0.03977038687891476,1.616131184873261,0.06580236554145813,-1.1920967102050781,5.105414867401123,-0.6908105611801147,5.841977596282959,-0.056357946,0.24136522,0.03265898
140,4.746,0.05905487760901451,-0.05982062220573425,-0.8431037664413452,-0.11286087334156036,-0.09231236577033997,0.10469245910644531,0.019665882123689353,-0.042310584828038,1.6155619341902565,0.06696904450654984,-0.8307930827140808,5.289403438568115,-0.3567691147327423,5.878578186035156,-0.038705453,0.24642569,0.016621359
141,4.78,0.05440620705485344,-0.06274808198213577,-0.8393126726150513,-0.11976664513349533,-0.07813626527786255,0.09514539688825607,0.01486073536737288,-0.04494242464698438,1.614906530245988,0.06813018023967743,-0.4817325472831726,5.439204216003418,-0.01744583249092102,5.909531593322754,-0.022055238,0.24902396,0.00079872535
142,4.8142,0.04967402666807175,-0.06500241160392761,-0.8358442783355713,-0.12520480155944824,-0.06300586462020874,0.08416888117790222,0.011366239414700986,-0.046401674637968876,1.6144194380826125,0.069190114736557,-0.1628890186548233,5.524190425872803,0.3358219563961029,5.924163818359375,-0.0073548555,0.24943131,-0.0151632195
143,4.8479,0.04368416965007782,-0.06686360388994217,-0.8321295976638794,-0.1301548182964325,-0.04318821057677269,0.06969247758388519,0.006316754390302197,-0.04785295179043995,1.6136801445640065,0.0701824352145195,0.21251900494098663,5.568420886993408,0.7743415832519531,5.927321434020996,0.00944358,0.24744059,-0.034408953
144,4.8821,0.03888193145394325,-0.0675068274140358,-0.8296865224838257,-0.13253872096538544,-0.02666580304503441,0.05661472678184509,0.002289117254160032,-0.048420009526734274,1.6129569631699956,0.070537269115448,0.49275660514831543,5.547314643859863,1.1395082473754883,5.912930011749268,0.021670911,0.243965,-0.050114363
145,4.9162,0.034115053713321686,-0.0674467459321022,-0.8277295827865601,-0.13363009691238403,-0.0097863944247365,0.04261893406510353,-0.0011180666760918577,-0.04851755612403683,1.6121546858916092,0.07047645002603531,0.7576008439064026,5.4764790534973145,1.5162482261657715,5.882655143737793,0.033038095,0.2388229,-0.06612183
146,4.9503,0.02948368340730667,-0.06673429161310196,-0.8263081312179565,-0.13329185545444489,0.007183745503425598,0.02780338004231453,-0.005737023232140728,-0.04798935141133324,1.6109401512764785,0.06998403370380402,1.0190086364746094,5.3743462562561035,1.8964228630065918,5.844685077667236,0.044002388,0.2320727,-0.08189051
147,4.9857,0.025074167177081108,-0.06542790681123734,-0.8254306316375732,-0.13155868649482727,0.023793958127498627,0.012330860830843449,-0.009158179265402662,-0.0470189412831896,1.6098190936156096,0.0690590888261795,1.2611181735992432,5.230923652648926,2.274829864501953,5.794064998626709,0.053968634,0.22385357,-0.09734969
148,5.0194,0.02093706838786602,-0.06352397799491882,-0.8251222372055054,-0.12850067019462585,0.040174707770347595,-0.0033601149916648865,-0.01305548665532745,-0.04520723440550073,1.6084106808731213,0.06763585656881332,1.4858345985412598,5.053414821624756,2.6369099617004395,5.734773635864258,0.06306063,0.21447307,-0.111913666
149,5.0529,0.016109535470604897,-0.06036784127354622,-0.8255214691162109,-0.12308593839406967,0.05988188832998276,-0.022492961958050728,-0.01549704153379307,-0.043577945740103874,1.6072978790116317,0.0651659220457077,1.757530689239502,4.797100067138672,3.0413835048675537,5.657606601715088,0.0738995,0.20170532,-0.1278821
150,5.0871,0.01260366104543209,-0.05717785656452179,-0.8265222311019897,-0.1175680160522461,0.07498952746391296,-0.03769036754965782,-0.017959576087924173,-0.041407814830393165,1.6060322117035715,0.06253772228956223,1.9591776132583618,4.559839725494385,3.3172624111175537,5.59201717376709,0.0820497,0.19096453,-0.13892582
151,5.1211,0.009443143382668495,-0.05346887186169624,-0.828128457069397,-0.111103855073452,0.08933286368846893,-0.053513720631599426,-0.020580650910401753,-0.03826826415556919,1.6043166033293423,0.05937371775507927,2.153245687484741,4.295053005218506,3.552166223526001,5.525021076202393,0.090092435,0.17970629,-0.14862369
152,5.155,0.006634884513914585,-0.049237627536058426,-0.8303420543670654,-0.10372298210859299,0.10287904739379883,-0.06913478672504425,-0.02212184095858202,-0.03582139751908562,1.603107661352501,0.0556739866733551,2.3208625316619873,3.9966301918029785,3.7274224758148193,5.453237056732178,0.09772159,0.168281,-0.15694582
153,5.1894,0.00409444747492671,-0.04455237835645676,-0.8331319093704224,-0.09578326344490051,0.11534405499696732,-0.08386395871639252,-0.023933160845674994,-0.03202477218252804,1.6013096281425339,0.051575545221567154,2.493938446044922,3.66164231300354,3.8417394161224365,5.381411552429199,0.1063244,0.15610726,-0.16378537
154,5.2254,0.0018187073292210698,-0.039480745792388916,-0.8364377021789551,-0.08739190548658371,0.1268070489168167,-0.0976908951997757,-0.025082466739450103,-0.028792499809282675,1.5999487528255034,0.047246526926755905,2.651688814163208,3.2859456539154053,3.8904411792755127,5.305334091186523,0.1154622,0.14307958,-0.16940106
155,5.2593,-0.0005941220442764461,-0.03267822042107582,-0.8411270380020142,-0.0763011947274208,0.13953013718128204,-0.1136741191148758,-0.026154744859883873,-0.02464171565963659,1.5982503218403055,0.04181753471493721,2.816603899002075,2.75675892829895,3.8668148517608643,5.2045087814331055,0.12753254,0.124822825,-0.17508486
156,5.2932,-0.002186231315135956,-0.02693336084485054,-0.8455144166946411,-0.06712006777524948,0.14811338484287262,-0.1252775490283966,-0.026707005407371445,-0.021700414441428395,1.597176402130731,0.03771301731467247,2.9501919746398926,2.2733049392700195,3.7763864994049072,5.121294021606445,0.13905449,0.10715006,-0.17799638
157,5.3272,-0.0034871806856244802,-0.02089979127049446,-0.8503451347351074,-0.05779500678181648,0.15576989948749542,-0.13569630682468414,-0.02723382860525956,-0.017517849209242497,1.5956429539750634,0.0342559814453125,3.056096076965332,1.730851173400879,3.618337869644165,5.03264045715332,0.15151355,0.08581124,-0.17938808
158,5.361,-0.004463338293135166,-0.014636971056461334,-0.8557173013687134,-0.04834483563899994,0.1621730923652649,-0.14524148404598236,-0.027552941882878303,-0.014137169063360563,1.5944957973355118,0.03197989985346794,3.1448686122894287,1.1245466470718384,3.3932971954345703,4.941281318664551,0.16512915,0.059047118,-0.17817351
159,5.3949,-0.005142473615705967,-0.008216777816414833,-0.8614399433135986,-0.038675881922245026,0.16740010678768158,-0.1538114696741104,-0.027827938232564204,-0.011107321900096438,1.5934891224434617,0.03153177723288536,3.189096450805664,0.47416627407073975,3.1058125495910645,4.850476264953613,0.17809238,0.026479412,-0.17344145
160,5.4294,-0.005484844092279673,-0.0016718810657039285,-0.8674535751342773,-0.02892693690955639,0.17144973576068878,-0.1610058844089508,-0.028183461915711375,-0.006686347574294204,1.592135570819429,0.0331810861825943,3.212068796157837,-0.23052772879600525,2.7664434909820557,4.764843463897705,0.18914828,-0.013575028,-0.16290686
161,5.4632,-0.005418688524514437,0.006559477187693119,-0.8753798007965088,-0.016705891117453575,0.17478099465370178,-0.16769787669181824,-0.02849505592443985,-0.003023950238014471,1.5910699069092338,0.03799077495932579,3.159508228302002,-1.1305099725723267,2.261289358139038,4.667136192321777,0.19520117,-0.069845326,-0.1397073
162,5.4984,-0.0050200712867081165,0.013222338631749153,-0.88189697265625,-0.006952124647796154,0.17612195014953613,-0.1708506941795349,-0.02877308578105492,0.0003631477944997899,1.5901713563574411,0.04354150593280792,3.0790538787841797,-1.8655084371566772,1.813955307006836,4.600665092468262,0.19094817,-0.115689896,-0.11249282
163,5.5322,-0.004340086132287979,0.019979095086455345,-0.8885234594345093,0.002810467267408967,0.17635762691497803,-0.17168927192687988,-0.029169651273313734,0.005528989779410807,1.588921268541758,0.050171900540590286,2.984442710876465,-2.608933210372925,1.3436474800109863,4.5483717918396,0.17825875,-0.15582982,-0.08025516
164,5.5663,-0.0033786443527787924,0.02676721103489399,-0.8951053619384766,0.01255795918405056,0.17523634433746338,-0.1688188761472702,-0.02942236653541084,0.010081916455145362,1.5879737158259077,0.05745159089565277,2.8472838401794434,-3.3205957412719727,0.8464803695678711,4.512763500213623,0.15976863,-0.18632741,-0.047498252
165,5.6,-0.0021127641666680574,0.033525340259075165,-0.9015109539031982,0.022240208461880684,0.17288652062416077,-0.16155609488487244,-0.029434026187558342,0.01644689538727266,1.5868503944781123,0.0650344043970108,2.6983208656311035,-4.006139278411865,0.342790812253952,4.499367713928223,0.1393107,-0.20683162,-0.017697832
166,5.634,-0.0005151115474291146,0.040173403918743134,-0.9075667858123779,0.03183642774820328,0.16902849078178406,-0.14966967701911926,-0.029088131496227486,0.021219564061857776,1.586103644108454,0.07260457426309586,2.4957382678985596,-4.620042324066162,-0.1701270043849945,4.505860328674316,0.118758656,-0.21984278,0.008095422
167,5.6682,0.0019188228761777282,0.04823216050863266,-0.9143540859222412,0.04361783340573311,0.16196611523628235,-0.13021953403949738,-0.027950081619247166,0.028091218754048356,1.5851129481829445,0.08166438341140747,2.214427947998047,-5.29671049118042,-0.7699894905090332,4.541259765625,0.095574975,-0.22860667,0.033232838
168,5.7022,0.004204056691378355,0.054395195096731186,-0.919020414352417,0.052472833544015884,0.15457157790660858,-0.1115642786026001,-0.026460257290591798,0.03332608839849243,1.5844225236703415,0.08837804943323135,1.9658231735229492,-5.7503485679626465,-1.209770917892456,4.583004474639893,0.079314,-0.23200619,0.048809968
169,5.7363,0.006737591698765755,0.060218170285224915,-0.9228955507278442,0.0609440952539444,0.1455041468143463,-0.0907449722290039,-0.02473630573201024,0.037544712415719085,1.5838910898748162,0.09445804357528687,1.696934461593628,-6.110844135284424,-1.6086955070495605,4.630303859710693,0.0648385,-0.23349044,0.06146696
170,5.7705,0.00948948785662651,0.06563261896371841,-0.9257475137710571,0.06889787316322327,0.1349198967218399,-0.06916444003582001,-0.02163007786032588,0.04273074010189003,1.58319081166618,0.09968125820159912,1.4328670501708984,-6.413440227508545,-1.9326179027557373,4.67884635925293,0.052295625,-0.23407255,0.07053512
171,5.8042,0.01249198243021965,0.07057058811187744,-0.9277677536010742,0.07610548287630081,0.12305411696434021,-0.047819897532463074,-0.018778275499501163,0.04608240739634961,1.5827013226578233,0.1041266992688179,1.149625301361084,-6.624130725860596,-2.2089178562164307,4.721297264099121,0.040612888,-0.2340111,0.07803459
172,5.8381,0.015694711357355118,0.07497388869524002,-0.9289999008178711,0.08244478702545166,0.11003334075212479,-0.027338653802871704,-0.016097246262983176,0.04836943027196878,1.5823085063970366,0.10779134184122086,0.8606824278831482,-6.760412693023682,-2.43743634223938,4.75750732421875,0.02972893,-0.2335122,0.08419177
173,5.872,0.019932864233851433,0.07958149909973145,-0.9295827150344849,0.08908269554376602,0.09224443137645721,-0.003946188371628523,-0.0120891628149814,0.050664405180155365,1.5818471137381804,0.11127720028162003,0.4973193407058716,-6.8512282371521,-2.6603238582611084,4.793675899505615,0.016877944,-0.23251589,0.090285644
174,5.9061,0.023485498502850533,0.0825486108660698,-0.9293229579925537,0.09338706731796265,0.07715799659490585,0.013054655864834785,-0.008875509682825971,0.05171113984066499,1.5815837271063715,0.1132173165678978,0.2031703144311905,-6.8665056228637695,-2.7968976497650146,4.817615509033203,0.006848072,-0.2314429,0.09427242
175,5.9401,0.027162237092852592,0.08487033098936081,-0.9284604787826538,0.09671620279550552,0.06157199293375015,0.028333870694041252,-0.004954562577037529,0.0521335796073896,1.5813104867785295,0.11443166434764862,-0.09716840088367462,-6.8464579582214355,-2.8981680870056152,4.8363494873046875,-0.0032671571,-0.23020297,0.097447015
176,5.9742,0.030894994735717773,0.0865010991692543,-0.9270576238632202,0.09909123182296753,0.04553519934415817,0.04209057241678238,-0.002297387877775814,0.051929402536753794,1.5811427076298545,0.11492959409952164,-0.391768217086792,-6.772640705108643,-2.974259614944458,4.8563127517700195,-0.013222336,-0.22857936,0.10038246
177,6.0085,0.038456764072179794,0.08765723556280136,-0.922970175743103,0.100960373878479,0.013172520324587822,0.0653759017586708,0.001304479890093323,0.050958051979850226,1.5809014252350932,0.11397021263837814,-0.9624579548835754,-6.497433185577393,-3.0609140396118164,4.901150703430176,-0.033204112,-0.2241568,0.105599344
178,6.0426,0.038456764072179794,0.08765723556280136,-0.922970175743103,0.100960373878479,0.013172520324587822,0.0653759017586708,0.003997127296903945,0.049776457338452505,1.5806984923600291,0.11397021263837814,-0.9873361587524414,-6.517305850982666,-3.06408953666687,4.893244743347168,-0.03395696,-0.22414644,0.1053817
179,6.0761,0.046753909438848495,0.08552808314561844,-0.9165741205215454,0.09890212118625641,-0.022816618904471397,0.08581215888261795,0.006211911667880392,0.04846740963294848,1.5804647999743748,0.10986063629388809,-1.5818949937820435,-5.996065616607666,-3.065483331680298,4.9619646072387695,-0.05716969,-0.21669784,0.11078658
180,6.1101,0.050235211849212646,0.08355048298835754,-0.9132944345474243,0.09652118384838104,-0.038163766264915466,0.0930616706609726,0.009225640464765733,0.04619573738430009,1.580147484330492,0.10720448940992355,-1.8481473922729492,-5.709249496459961,-3.0435500144958496,4.991676330566406,-0.06866737,-0.21212547,0.11308219
181,6.144,0.053553976118564606,0.08101671934127808,-0.9098032712936401,0.09339144080877304,-0.052970610558986664,0.09973122179508209,0.011436915132723565,0.04412805911396257,1.5798533381880926,0.1041325256228447,-2.0906288623809814,-5.370997905731201,-3.0066564083099365,5.0283918380737305,-0.08040088,-0.20655648,0.11562923
182,6.1782,0.05665962025523186,0.0779678076505661,-0.9061444997787476,0.08950527757406235,-0.06698083877563477,0.10568857938051224,0.013329923325065513,0.042174010437198164,1.5795582599393119,0.10069405287504196,-2.3091773986816406,-4.986466884613037,-2.9533846378326416,5.0695905685424805,-0.09253647,-0.19982442,0.11835201
183,6.2121,0.05952388793230057,0.07445269823074341,-0.9023231267929077,0.0847843661904335,-0.08026915043592453,0.11098841577768326,0.015852029463830325,0.039139558918080644,1.5790952693838016,0.09692887961864471,-2.517641544342041,-4.559573173522949,-2.889946222305298,5.110619068145752,-0.10566764,-0.19136932,0.121293604
184,6.2466,0.06280519813299179,0.06944949924945831,-0.8972495794296265,0.07801205664873123,-0.09590131044387817,0.11681165546178818,0.01773763281998509,0.03659403880796645,1.5786995236458157,0.09180250763893127,-2.7326292991638184,-3.9537594318389893,-2.775282859802246,5.16886043548584,-0.12309307,-0.17809966,0.12501442
185,6.2811,0.06520155072212219,0.06496024131774902,-0.8930290937423706,0.07200215011835098,-0.1074591651558876,0.12116357684135437,0.01992076120417215,0.033295923937958084,1.5781726172241435,0.087437205016613,-2.8982768058776855,-3.4232442378997803,-2.672420024871826,5.213415145874023,-0.1387757,-0.16391227,0.12796119
186,6.3153,0.06738483160734177,0.06007862463593483,-0.8886656761169434,0.06536203622817993,-0.11817199736833572,0.12529481947422028,0.021364333914833406,0.030867797217051345,1.5778315994465588,0.08290332555770874,-3.031660795211792,-2.854022264480591,-2.549186944961548,5.259870529174805,-0.15524413,-0.14614768,0.1305378
187,6.3489,0.06935176998376846,0.054869093000888824,-0.8842674493789673,0.05839084833860397,-0.127884641289711,0.1291051059961319,0.023315151428181486,0.027289707134475386,1.5773477030764915,0.07833675295114517,-3.158646583557129,-2.2666523456573486,-2.420069932937622,5.302066326141357,-0.17243536,-0.123740025,0.13211532
188,6.383,0.07110279053449631,0.04939103499054909,-0.8797522783279419,0.05082980543375015,-0.13660550117492676,0.1326833963394165,0.024831264069628378,0.02429263557797065,1.577045301134713,0.07380534708499908,-3.25532865524292,-1.6753156185150146,-2.2718894481658936,5.342935562133789,-0.18887894,-0.09720427,0.13181835
189,6.4181,0.07261258363723755,0.04367446154356003,-0.8751540184020996,0.042926106601953506,-0.1444254368543625,0.13583824038505554,0.02613446530430184,0.021550938283463893,1.576806681901042,0.06939878314733505,-3.3249683380126953,-1.092276930809021,-2.1059329509735107,5.382098197937012,-0.20350952,-0.066854395,0.12889668
190,6.452,0.07417591661214828,0.036211077123880386,-0.8693677186965942,0.032526351511478424,-0.15257905423641205,0.13900671899318695,0.027943983396469804,0.01740534313675426,1.5765819111050392,0.06424367427825928,-3.3845434188842773,-0.3938048779964447,-1.8810662031173706,5.425844192504883,-0.21739696,-0.025294987,0.12082518
191,6.486,0.075148805975914,0.030043072998523712,-0.8647236824035645,0.023655308410525322,-0.15807011723518372,0.1404985934495926,0.02934999929397714,0.013837813112078844,1.5764849720413603,0.06055479124188423,-3.402785301208496,0.13447365164756775,-1.6834394931793213,5.456647872924805,-0.22393726,0.008849709,0.11078713
192,6.5199,0.07585617899894714,0.02374824322760105,-0.8601155281066895,0.014516807161271572,-0.1623510867357254,0.14026042819023132,0.031047086215062525,0.008967170278000534,1.5765343736795814,0.057395514100790024,-3.407376289367676,0.630896806716919,-1.4678661823272705,5.480138778686523,-0.22635204,0.04191048,0.09751036
193,6.5546,0.07624248415231705,0.017325088381767273,-0.8555502891540527,0.00492281187325716,-0.16550453007221222,0.13834042847156525,0.032178844373967536,0.005213999199995181,1.576607743767613,0.054829709231853485,-3.36543607711792,1.097902774810791,-1.2210413217544556,5.499470233917236,-0.22468224,0.07329786,0.0815188
194,6.5881,0.07627749443054199,0.010802580043673515,-0.8510648012161255,-0.005147009622305632,-0.16730743646621704,0.13485604524612427,0.03356084812917752,-0.0005841888971140313,1.576874858824948,0.05294786021113396,-3.308041572570801,1.5449846982955933,-0.9621710777282715,5.5093841552734375,-0.21903515,0.10229798,0.06370817
195,6.6222,0.07594144344329834,0.004255233332514763,-0.8467177152633667,-0.015694133937358856,-0.1675291508436203,0.1291516274213791,0.034379287466429306,-0.005444222714300076,1.577079389596666,0.05182214453816414,-3.2043824195861816,1.9676480293273926,-0.6696933507919312,5.512511253356934,-0.20974112,0.12879133,0.043834418
196,6.656,0.07498709112405777,-0.0038408630061894655,-0.8417022228240967,-0.029280953109264374,-0.16555607318878174,0.11892278492450714,0.03477781912058666,-0.00980475316618187,1.5773355856935316,0.051449719816446304,-3.0114598274230957,2.461651086807251,-0.2708389461040497,5.510011672973633,-0.19309327,0.15783982,0.017366055
197,6.69,0.0738336369395256,-0.010140602476894855,-0.8380355834960938,-0.04040621966123581,-0.16209061443805695,0.10830268263816833,0.03486313390222626,-0.01607474983385311,1.5777077624558702,0.051919758319854736,-2.850213050842285,2.8406565189361572,0.04844549298286438,5.50200080871582,-0.17706047,0.17646681,-0.003009523
198,6.7239,0.0723361149430275,-0.01619143970310688,-0.8347536325454712,-0.051441166549921036,-0.15690818428993225,0.09588919579982758,0.03438573522909974,-0.020995273883208064,1.5780321354766418,0.05289774388074875,-2.6521055698394775,3.188263177871704,0.37785646319389343,5.496754169464111,-0.15921646,0.19140413,-0.022684228
199,6.758,0.07045373320579529,-0.0219293013215065,-0.8319566249847412,-0.06241372972726822,-0.1500585675239563,0.08138112723827362,0.03355243628520315,-0.02514898959064784,1.5782981852695408,0.054132092744112015,-2.42478346824646,3.504969835281372,0.7077598571777344,5.494548320770264,-0.14031218,0.2028181,-0.040955134
200,6.792,0.06818418949842453,-0.02731466107070446,-0.8296948671340942,-0.07328459620475769,-0.14171625673770905,0.06525182723999023,0.03167482657350783,-0.030721577189638385,1.5786941973236355,0.05543225258588791,-2.1824913024902344,3.8073670864105225,1.0164375305175781,5.496781349182129,-0.121122606,0.211299,-0.056409646
201,6.8261,0.06554214656352997,-0.032262787222862244,-0.8280503749847412,-0.08366027474403381,-0.13178490102291107,0.04818038269877434,0.0295570600687308,-0.03472585418981649,1.5789732966058758,0.05660290643572807,-1.9141058921813965,4.071211338043213,1.307265043258667,5.502885818481445,-0.10214413,0.21725565,-0.06976074
202,6.8599,0.061847202479839325,-0.037670716643333435,-0.8269151449203491,-0.09565107524394989,-0.11713436245918274,0.02707700803875923,0.026327966844036713,-0.039020594679948964,1.5793390817815982,0.05768583342432976,-1.5667743682861328,4.331427097320557,1.6246370077133179,5.509759902954102,-0.080195926,0.22170569,-0.08315764
203,6.894,0.05863635614514351,-0.0413123220205307,-0.8266928195953369,-0.1041802391409874,-0.10400564223527908,0.010574564337730408,0.02372899417801219,-0.04149889910086308,1.579560124152075,0.058144208043813705,-1.290444254875183,4.516042709350586,1.8287584781646729,5.517861366271973,-0.0640068,0.2239984,-0.0907075
204,6.928,0.05520385131239891,-0.04432909935712814,-0.8270447254180908,-0.11155255883932114,-0.08985155075788498,-0.005133476108312607,0.01963048912892112,-0.04421175727359672,1.5798148555103408,0.058164600282907486,-1.0101284980773926,4.661743640899658,1.9978692531585693,5.525227069854736,-0.04883216,0.22536045,-0.09658204
205,6.9621,0.05157643184065819,-0.046765007078647614,-0.8279023170471191,-0.11793293803930283,-0.07493402063846588,-0.020364774391055107,0.01612526459018595,-0.04570507492058821,1.5799992794158289,0.05777746066451073,-0.7307438254356384,4.761892318725586,2.1418330669403076,5.527287483215332,-0.034650203,0.22579806,-0.10156083
206,6.9963,0.04781075567007065,-0.048574864864349365,-0.829292893409729,-0.1229931116104126,-0.05943971127271652,-0.03450532257556915,0.012909988594241254,-0.04651512530040625,1.580090226367055,0.05693375691771507,-0.45762357115745544,4.8212151527404785,2.2516658306121826,5.524683952331543,-0.021421343,0.22568092,-0.1054004
207,7.0301,0.04398760944604874,-0.049739353358745575,-0.8311399221420288,-0.12674395740032196,-0.04373694211244583,-0.04728401452302933,0.008293763988941478,-0.046951842107287214,1.5801292416770247,0.05566383898258209,-0.1821046620607376,4.857969760894775,2.325683355331421,5.52308464050293,-0.008447906,0.22536309,-0.10788935
208,7.0641,0.039169006049633026,-0.05028223991394043,-0.8338514566421509,-0.12962031364440918,-0.02370019443333149,-0.061330221593379974,0.004682802072105804,-0.046769760951320655,1.580034433142218,0.05356191471219063,0.13890792429447174,4.830619812011719,2.3943231105804443,5.5051774978637695,0.006438991,0.2239204,-0.11098737
209,7.0998,0.03530681133270264,-0.049932677298784256,-0.8364125490188599,-0.13065987825393677,-0.007611105218529701,-0.07102447748184204,0.0003503529829413567,-0.0459270285915003,1.5796928827324153,0.05138692632317543,0.39265310764312744,4.767701148986816,2.419809579849243,5.48397159576416,0.01831053,0.22233145,-0.1128426
210,7.134,0.031470101326704025,-0.048900455236434937,-0.8392503261566162,-0.13030654191970825,0.008176852017641068,-0.0793059691786766,-0.0025036855944593293,-0.0449964993006806,1.5792654453774575,0.04882628098130226,0.652579128742218,4.674737930297852,2.4237396717071533,5.460270881652832,0.030747274,0.2202575,-0.114198245
211,7.1677,0.027713600546121597,-0.04726419225335121,-0.8423434495925903,-0.1289501041173935,0.023806236684322357,-0.08666294068098068,-0.006282033427590289,-0.043298288858510336,1.578391529065748,0.0459904670715332,0.8999460339546204,4.533895492553711,2.408757209777832,5.424140930175781,0.043164413,0.21746075,-0.11553203
212,7.2021,0.024087758734822273,-0.045035470277071,-0.8456860780715942,-0.12648405134677887,0.03894711285829544,-0.09289966523647308,-0.009049117617277414,-0.041653582987115446,1.577551568057937,0.0429391972720623,1.1481022834777832,4.355423927307129,2.371342897415161,5.38176155090332,0.056386806,0.21390815,-0.116463885
213,7.236,0.020580243319272995,-0.04229700192809105,-0.8492333889007568,-0.1231309175491333,0.0534735731780529,-0.09824749827384949,-0.011304728715898561,-0.04004717670114726,1.5766976254544032,0.039839353412389755,1.3808048963546753,4.128010272979736,2.3072643280029297,5.326749801635742,0.07007005,0.20947918,-0.117083974
214,7.2701,0.016362404450774193,-0.038190267980098724,-0.8539501428604126,-0.1178506538271904,0.07076849788427353,-0.10398290306329727,-0.014249706344767826,-0.0375634294447553,1.5753652459610366,0.03612861409783363,1.6735045909881592,3.7817206382751465,2.1932127475738525,5.2462849617004395,0.0893766,0.20196977,-0.117132574
215,7.3042,0.013213051483035088,-0.03439365327358246,-0.8579202890396118,-0.11260819435119629,0.08386139571666718,-0.10776003450155258,-0.016387651496288708,-0.03542447832574453,1.5741690871574274,0.033540647476911545,1.8975549936294556,3.4486539363861084,2.072516441345215,5.171603679656982,0.10663989,0.19380945,-0.116472475
216,7.3398,0.010303321294486523,-0.030185235664248466,-0.8619942665100098,-0.10665146261453629,0.09628265351057053,-0.11074386537075043,-0.018841275904038352,-0.03260326278615829,1.5725494857404958,0.03156816586852074,2.106405735015869,3.0610198974609375,1.9243013858795166,5.087606430053711,0.12584686,0.18288013,-0.11496707
217,7.3741,0.007681420538574457,-0.025546744465827942,-0.8661074638366699,-0.09980589896440506,0.10787097364664078,-0.11330781131982803,-0.020494289589677524,-0.030534485961871114,1.5713460032438888,0.030411286279559135,2.3113157749176025,2.620267629623413,1.7635223865509033,4.999162197113037,0.14763807,0.16737273,-0.1126471
218,7.408,0.003258758457377553,-0.015088220126926899,-0.8744871616363525,-0.0844162106513977,0.12891747057437897,-0.11704166978597641,-0.022708645618240365,-0.027515826155779924,1.569581259547548,0.03150641918182373,2.624819755554199,1.5381709337234497,1.3476648330688477,4.799078941345215,0.19721022,0.115567185,-0.10125391
219,7.4422,0.003258758457377553,-0.015088220126926899,-0.8744871616363525,-0.0844162106513977,0.12891747057437897,-0.11704166978597641,-0.024438169009165074,-0.024981225006135057,1.5681049361972625,0.03150641918182373,2.664231777191162,1.5466257333755493,1.366653323173523,4.80491304397583,0.19763441,0.11472968,-0.101379216
220,7.476,-0.0003882553137373179,-0.0016602083342149854,-0.8839805126190186,-0.06425997614860535,0.1485844850540161,-0.1171739473938942,-0.02599704411145915,-0.022620293168482384,1.5668531173268707,0.038483865559101105,2.885429620742798,0.03562942147254944,0.7574572563171387,4.5881667137146,0.24178985,0.0029856325,-0.06347252
221,7.5101,-0.0015124718192964792,0.004753017798066139,-0.8881762027740479,-0.05458959564566612,0.1557379812002182,-0.11540932953357697,-0.028470292687491315,-0.01867744364332264,1.5649408345061393,0.043111369013786316,2.9773306846618652,-0.6991921663284302,0.46797892451286316,4.5143327713012695,0.24057877,-0.056497183,-0.03781434
222,7.5439,-0.0022959024645388126,0.01135372556746006,-0.8921109437942505,-0.04426637291908264,0.161791130900383,-0.10988512635231018,-0.030579058540021714,-0.014988605590696815,1.5635019285691696,0.048201799392700195,3.022348165512085,-1.4578337669372559,0.15195870399475098,4.461735725402832,0.22494327,-0.10850169,-0.011309778
223,7.5782,-0.0027137966826558113,0.0180579274892807,-0.8958008289337158,-0.03332068398594856,0.1664581149816513,-0.10073733329772949,-0.032530496070561084,-0.010997385361941206,1.5621767396107462,0.053585998713970184,3.0240254402160645,-2.214266538619995,-0.17747671902179718,4.43471097946167,0.20148206,-0.14753017,0.011824761
224,7.6123,-0.0026862293016165495,0.024808064103126526,-0.8991167545318604,-0.021989494562149048,0.16936369240283966,-0.08862825483083725,-0.03523677124197518,-0.003814728850260639,1.5603203831729064,0.059004537761211395,3.020385265350342,-2.951552152633667,-0.4765625,4.438164234161377,0.17767465,-0.17362553,0.028033866
225,7.6478,-0.002029760042205453,0.03320096805691719,-0.9024646282196045,-0.006879289634525776,0.17013077437877655,-0.07016211003065109,-0.037147510261512175,0.004545039141599797,1.5584195519448623,0.06549710035324097,2.904580593109131,-3.817568302154541,-0.8222827911376953,4.479354381561279,0.14920123,-0.19609918,0.04223866
226,7.6813,-0.0010225734440609813,0.03979738429188728,-0.904442310333252,0.0054230098612606525,0.1682751476764679,-0.05399199575185776,-0.03776168098196568,0.011639758542219733,1.5569893012814353,0.0703544169664383,2.8075320720672607,-4.476029396057129,-1.026192545890808,4.541838645935059,0.13040353,-0.20790148,0.047664333
227,7.7153,0.00034318468533456326,0.04617398977279663,-0.9057689905166626,0.017752759158611298,0.1641770750284195,-0.03773351013660431,-0.03752025294558239,0.017850636154583117,1.5557880824717552,0.0748378336429596,2.6403884887695312,-5.056368350982666,-1.1954398155212402,4.616806983947754,0.113259725,-0.21689342,0.05127851
228,7.749,0.002048303373157978,0.05222209170460701,-0.9064191579818726,0.029774542897939682,0.15788891911506653,-0.022554028779268265,-0.03597812038804758,0.02620961013952871,1.5542911196230216,0.07885631918907166,2.4692776203155518,-5.583527088165283,-1.2947756052017212,4.6978254318237305,0.09891421,-0.22366467,0.051866062
229,7.783,0.004109269008040428,0.05783470720052719,-0.906540036201477,0.0412672758102417,0.1493532955646515,-0.008882635273039341,-0.03390193872757322,0.03221011779142455,1.5532165341231745,0.0824180543422699,2.2461414337158203,-6.000439167022705,-1.363969087600708,4.771064281463623,0.08572226,-0.22900215,0.052054834
230,7.8181,0.006529566831886768,0.06291744858026505,-0.9061717987060547,0.05213325843214989,0.13885103166103363,0.002907915972173214,-0.03158727515267147,0.0368625561860629,1.5524149226350608,0.08546780794858932,1.9876447916030884,-6.314612865447998,-1.3992778062820435,4.832832336425781,0.07343895,-0.23331057,0.05170013
231,7.8522,0.00995390024036169,0.06849829107522964,-0.9052289724349976,0.06443633884191513,0.12318160384893417,0.01537596806883812,-0.027747109212885698,0.042395656180109216,1.5514806857246608,0.08866830915212631,1.6421173810958862,-6.597471714019775,-1.407849669456482,4.892876625061035,0.05912854,-0.23755847,0.050693147
232,7.8866,0.012995297089219093,0.07226305454969406,-0.9040135145187378,0.07306943833827972,0.1091260313987732,0.023447364568710327,-0.024373063042891042,0.04587279165142515,1.5509021139778412,0.09062105417251587,1.3451496362686157,-6.740061283111572,-1.3857686519622803,4.929363250732422,0.04796369,-0.2403288,0.04941203
233,7.921,0.01621280238032341,0.07540071755647659,-0.9024530649185181,0.08033714443445206,0.09395722299814224,0.030141623690724373,-0.01997729928187669,0.049052040071248124,1.550371212814534,0.09207194298505783,1.0405279397964478,-6.8318891525268555,-1.3435415029525757,4.956996917724609,0.036950227,-0.24260746,0.047710553
234,7.9563,0.019580472260713577,0.07783877849578857,-0.9007219076156616,0.08644220978021622,0.07784291356801987,0.0356440544128418,-0.016847082154435603,0.050587843460004785,1.55009171405813,0.0930396318435669,0.7243793606758118,-6.842071533203125,-1.299755334854126,4.980566024780273,0.025863295,-0.24428985,0.046406563
235,7.99,0.023096483200788498,0.0795455351471901,-0.8987071514129639,0.09140818566083908,0.061068158596754074,0.04012415185570717,-0.012394222716363474,0.05184952434880823,1.5498902459216655,0.093429796397686,0.39649125933647156,-6.812228679656982,-1.2413955926895142,4.999734401702881,0.014291564,-0.2455474,0.044746216
236,8.024,0.02668558433651924,0.08054320514202118,-0.8964935541152954,0.0951804369688034,0.04405292496085167,0.0436113178730011,-0.008991408164812158,0.05219000117179646,1.5497843852683348,0.09330083429813385,0.0681261420249939,-6.7183732986450195,-1.175400733947754,5.019486904144287,0.002497015,-0.2462473,0.043081746
237,8.058,0.031205743551254272,0.08083213865756989,-0.8935123682022095,0.09820772707462311,0.022496771067380905,0.04688205197453499,-0.006094312819956028,0.05204492963260359,1.5497902442227331,0.09246491640806198,-0.33207452297210693,-6.515072345733643,-1.0847325325012207,5.048026084899902,-0.012553664,-0.2462942,0.041006964
238,8.0923,0.034752123057842255,0.08023890852928162,-0.8910125494003296,0.09960827231407166,0.005195246078073978,0.048656389117240906,-0.0022160761601497307,0.05126436960066898,1.549837781648191,0.09121435880661011,-0.6575396656990051,-6.306311130523682,-1.0099557638168335,5.06928825378418,-0.02560341,-0.24555638,0.039325856
239,8.1261,0.03817623853683472,0.07901369035243988,-0.888498067855835,0.09969521313905716,-0.011656263843178749,0.049814026802778244,0.0007007932208188191,0.05017595646909961,1.5499293943896897,0.08955574780702591,-0.9626564383506775,-6.038188457489014,-0.9368996620178223,5.093870639801025,-0.038905855,-0.24403398,0.03786489
240,8.1603,0.04139937087893486,0.07711236923933029,-0.8859008550643921,0.0988822877407074,-0.028292309492826462,0.05030933767557144,0.004143049799288872,0.0484277326938955,1.550023270818115,0.08740066736936569,-1.2575619220733643,-5.715620040893555,-0.8625185489654541,5.119997501373291,-0.053146467,-0.24155073,0.036451336
241,8.1945,0.04442109912633896,0.07459032535552979,-0.883324384689331,0.09701851010322571,-0.04463030770421028,0.05035635456442833,0.006444245425259985,0.04694842993214055,1.5500811945718243,0.08482606709003448,-1.521152377128601,-5.319789409637451,-0.7893041372299194,5.151724338531494,-0.06804209,-0.23795748,0.035306063
242,8.2279,0.04720122367143631,0.0714932456612587,-0.8808156251907349,0.09408017992973328,-0.06014833599328995,0.05011218413710594,0.009534789774837299,0.04457719707061523,1.5500878524745494,0.08187098801136017,-1.7718580961227417,-4.87532377243042,-0.7280029058456421,5.180517196655273,-0.08456501,-0.23268332,0.034745205
243,8.262,0.050317224115133286,0.06688681244850159,-0.8776663541793823,0.08934246003627777,-0.07874516397714615,0.04954919591546059,0.011850184678741521,0.0425089944904381,1.5500389834685464,0.07766123116016388,-2.031106472015381,-4.2214035987854,-0.6453104615211487,5.22265625,-0.10737835,-0.22317262,0.03411558
244,8.2961,0.052562106400728226,0.06264353543519974,-0.8752244710922241,0.0847093015909195,-0.09283944964408875,0.04880039393901825,0.0137443850517902,0.04057769503504786,1.5499509659945194,0.07394921034574509,-2.215336799621582,-3.635981559753418,-0.5858479738235474,5.253726959228516,-0.12886386,-0.21150129,0.03407817
245,8.3302,0.05457553267478943,0.0579003281891346,-0.8728995323181152,0.07927930355072021,-0.10633878409862518,0.04814538732171059,0.016384423453764285,0.0376907493508071,1.5497304562562608,0.06994882971048355,-2.3883700370788574,-3.0052645206451416,-0.5457174181938171,5.278883457183838,-0.15399556,-0.19377121,0.035186365
246,8.3641,0.0563524067401886,0.052665866911411285,-0.8706636428833008,0.07327012717723846,-0.1189112514257431,0.04722626879811287,0.01845649906079234,0.035228756791569726,1.549517802843218,0.06568055599927902,-2.5282602310180664,-2.331517457962036,-0.5058629512786865,5.303341388702393,-0.18182641,-0.16767713,0.036380447
247,8.3981,0.057864755392074585,0.04705089330673218,-0.8685516119003296,0.06660178303718567,-0.13066814839839935,0.04657085984945297,0.02029139832650552,0.03291658160781152,1.549315136284263,0.06126751750707626,-2.6339173316955566,-1.6404469013214111,-0.4763875901699066,5.326997756958008,-0.20975007,-0.13063578,0.037936777
248,8.432,0.059029970318078995,0.041060931980609894,-0.86653733253479,0.05925682932138443,-0.14155282080173492,0.045826587826013565,0.02301819024128624,0.029329796720395367,1.5489204558107132,0.05670413374900818,-2.719770908355713,-0.9566445350646973,-0.4608440697193146,5.34752082824707,-0.23288031,-0.08191266,0.03945976
249,8.4662,0.060008566826581955,0.03309967368841171,-0.8641625642776489,0.04940612614154816,-0.15372034907341003,0.0453544482588768,0.025413410277973683,0.026091238870858492,1.5485493443128107,0.05092218518257141,-2.7500877380371094,-0.12039819359779358,-0.4400232136249542,5.381986618041992,-0.24662969,-0.01079739,0.039461575
250,8.5,0.06036721542477608,0.02639586292207241,-0.8624448776245117,0.04047662392258644,-0.16237248480319977,0.045035865157842636,0.02856495350008142,0.021428274748130527,1.5480270984230462,0.0463542640209198,-2.7265233993530273,0.5176465511322021,-0.43621042370796204,5.411694526672363,-0.24263369,0.046065435,0.038818423
251,8.5343,0.06032174825668335,0.019447311758995056,-0.8608520030975342,0.030802302062511444,-0.16986623406410217,0.044736944139003754,0.030809921317017958,0.017572995369158552,1.5476453342807832,0.04197845980525017,-2.680943012237549,1.121044635772705,-0.44764444231987,5.439728260040283,-0.2279584,0.09532151,0.03806284
252,8.568,0.05984357371926308,0.012299759313464165,-0.8593302965164185,0.020294148474931717,-0.17587058246135712,0.044299591332674026,0.03387293315823198,0.010936867106763757,1.547013499312162,0.037968993186950684,-2.592252254486084,1.699799656867981,-0.4581111967563629,5.467983722686768,-0.20681623,0.13561417,0.036549233
253,8.602,0.05887098237872124,0.005012350622564554,-0.8578468561172485,0.008995446376502514,-0.18020924925804138,0.04368266090750694,0.03583964849493107,0.004675667713216834,1.546448110212738,0.03453821688890457,-2.4326045513153076,2.258721351623535,-0.45208898186683655,5.500120162963867,-0.18152736,0.16855174,0.033736072
254,8.6364,0.05739731341600418,-0.002310005482286215,-0.8564053773880005,-0.003212955314666033,-0.18263830244541168,0.042841896414756775,0.03707228844428504,-0.0013137313840266085,1.5459543601466375,0.03200545907020569,-2.2076027393341064,2.7898502349853516,-0.4332423508167267,5.535987854003906,-0.15399365,0.19460893,0.030221274
255,8.6701,0.0549081414937973,-0.01144146267324686,-0.8546915054321289,-0.01910395175218582,-0.1825084686279297,0.04172360152006149,0.03776751080803943,-0.010191776011300334,1.5451994871356545,0.030616065487265587,-1.868271827697754,3.41526198387146,-0.40877094864845276,5.588841438293457,-0.11932426,0.21812865,0.026107706
256,8.7041,0.052313853055238724,-0.018627217039465904,-0.8534613847732544,-0.031964030116796494,-0.17994408309459686,0.04037356749176979,0.037275317026700755,-0.017335745166735323,1.5446563354313327,0.031046610325574875,-1.5403649806976318,3.8838021755218506,-0.38640883564949036,5.642543315887451,-0.091777,0.2314021,0.023022752
257,8.7381,0.04925858974456787,-0.02560548111796379,-0.8523741960525513,-0.04478434473276138,-0.17496846616268158,0.0386071503162384,0.03607217574760861,-0.023418107571448268,1.5441860211828249,0.03282953426241875,-1.169231653213501,4.311486721038818,-0.35856929421424866,5.705280303955078,-0.065224245,0.24051134,0.020002376
258,8.7721,0.04571031033992767,-0.03228962793946266,-0.8514949083328247,-0.05720722675323486,-0.16775372624397278,0.03627918288111687,0.03314491230117758,-0.03152356110418593,1.5436043868007516,0.03565068170428276,-0.781459629535675,4.72027063369751,-0.3451668322086334,5.77597713470459,-0.040726863,0.24600351,0.017988853
259,8.8062,0.0416606068611145,-0.03858708217740059,-0.8507158756256104,-0.06894217431545258,-0.15830880403518677,0.03392619267106056,0.029944901627825003,-0.037282807167266604,1.543131542549208,0.039182428270578384,-0.36261218786239624,5.07232141494751,-0.32253673672676086,5.850365161895752,-0.017790858,0.24886353,0.015824635
260,8.8399,0.03715728968381882,-0.0444280281662941,-0.8500270843505859,-0.07978802174329758,-0.14687784016132355,0.0315224789083004,0.02506777566096803,-0.043367730783934154,1.5426674867292616,0.043165165930986404,0.06376953423023224,5.388045787811279,-0.3044499456882477,5.927496910095215,0.002953925,0.24958444,0.0141026955
261,8.8741,0.030889786779880524,-0.05102911591529846,-0.8492873907089233,-0.09163329750299454,-0.13005638122558594,0.028514819219708443,0.021216445250549942,-0.04686898450787212,1.5423112889334636,0.04848935082554817,0.5942457318305969,5.671051025390625,-0.2640209496021271,6.010174751281738,0.026025925,0.24837258,0.011563212
262,8.9079,0.019964486360549927,-0.059583526104688644,-0.8484547138214111,-0.10615309327840805,-0.099186010658741,0.02431398071348667,0.015346367993635333,-0.05066207075301234,1.5419553574537745,0.057032350450754166,1.3818933963775635,5.945788383483887,-0.1986692249774933,6.111008644104004,0.05656547,0.2433808,0.008132189
263,8.9421,0.019964486360549927,-0.059583526104688644,-0.8484547138214111,-0.10615309327840805,-0.099186010658741,0.02431398071348667,0.01054069692747925,-0.052746664257461065,1.5416493602445245,0.057032350450754166,1.395871877670288,5.988475322723389,-0.21480587124824524,6.127121448516846,0.05671732,0.24332483,0.008728032
264,8.9764,0.008518137969076633,-0.06508758664131165,-0.8477243185043335,-0.11416168510913849,-0.06478682905435562,0.019973330199718475,0.006271633055325419,-0.053887857912884446,1.5414220594454862,0.06457404047250748,1.761338233947754,6.054569721221924,-0.16420689225196838,6.162820816040039,0.06980904,0.23996736,0.006508191
265,9.0103,0.002833118662238121,-0.06659011542797089,-0.847434401512146,-0.11568675935268402,-0.0466732531785965,0.018102159723639488,0.0001861629899913294,-0.05451965959199211,1.5410771800843208,0.06772707402706146,2.4215593338012695,6.033308982849121,-0.004379898309707642,6.183720588684082,0.093120605,0.23200975,0.00016842816
266,9.0442,0.002833118662238121,-0.06659011542797089,-0.847434401512146,-0.11568675935268402,-0.0466732531785965,0.018102159723639488,-0.004442146456468364,-0.05428071578556316,1.5407035385833827,0.06772707402706146,2.4423601627349854,6.06172513961792,-0.012425452470779419,6.1995768547058105,0.09342993,0.23188494,0.00047532265
267,9.0781,-0.00936841405928135,-0.06684532016515732,-0.8468151092529297,-0.11292432248592377,-0.0058868383057415485,0.013770935125648975,-0.008197675888454659,-0.05360483879041468,1.5403373539334968,0.0730050802230835,3.0920209884643555,5.820637226104736,0.29270151257514954,6.1426286697387695,0.11716763,0.22056456,-0.011091497
268,9.1124,-0.014411845244467258,-0.06564924865961075,-0.8465540409088135,-0.10933320969343185,0.012014650739729404,0.011590151116251945,-0.013111774021382496,-0.05192495422549553,1.5396233604452465,0.07456516474485397,3.3820438385009766,5.664315223693848,0.47685113549232483,6.104601860046387,0.12782913,0.2140908,-0.018023264
269,9.1461,-0.01917455345392227,-0.06373509764671326,-0.8461641073226929,-0.10452420264482498,0.029450327157974243,0.008362596854567528,-0.01666693074996205,-0.050140037083897165,1.5389474501605844,0.07572277635335922,3.660892963409424,5.457290172576904,0.7125014066696167,6.046787261962891,0.13846086,0.20640348,-0.02694795
270,9.18,-0.023603884503245354,-0.0611267127096653,-0.8458706140518188,-0.0984424576163292,0.04629767686128616,0.004463386721909046,-0.020626147272555472,-0.047368685074533456,1.5379463679068237,0.07645528018474579,3.940312385559082,5.2085185050964355,0.9798555374145508,5.977483749389648,0.14916039,0.19716828,-0.037092395
271,9.2141,-0.02758682891726494,-0.057803377509117126,-0.8456684350967407,-0.09126339107751846,0.062466759234666824,-0.00031960458727553487,-0.023095654939493917,-0.04512559603452219,1.5371464874734184,0.07669457793235779,4.200326919555664,4.909745693206787,1.2733964920043945,5.890750885009766,0.15945163,0.18638238,-0.04834032
272,9.248,-0.03193298727273941,-0.052750080823898315,-0.8454663753509521,-0.08086845278739929,0.08139211684465408,-0.007295205257833004,-0.02615826522594982,-0.04163308080791104,1.5358588490863652,0.07641904056072235,4.503827095031738,4.476355075836182,1.6655375957489014,5.768243789672852,0.17151499,0.1704688,-0.0634271
273,9.2822,-0.03488113358616829,-0.04811680316925049,-0.8454904556274414,-0.07165246456861496,0.09566859900951385,-0.014038336463272572,-0.028262426722626827,-0.038603593587512995,1.534761759875307,0.07582218199968338,4.739863872528076,4.085381031036377,1.9862291812896729,5.666068077087402,0.18049218,0.15556973,-0.07563484
274,9.3161,-0.03733143210411072,-0.04307223856449127,-0.8457435369491577,-0.0615210197865963,0.10876584053039551,-0.022220591083168983,-0.029871025955305126,-0.03581847636426494,1.533743233916406,0.07495524734258652,4.9369964599609375,3.6662979125976562,2.288355588912964,5.561159610748291,0.18810698,0.13969146,-0.087189786
275,9.3519,-0.03928277641534805,-0.03765412047505379,-0.8461135625839233,-0.05056433752179146,0.12070981413125992,-0.0314420610666275,-0.03176738598555029,-0.03159839801141175,1.5322713047819194,0.07387654483318329,5.113807201385498,3.214313268661499,2.5789530277252197,5.460046768188477,0.19465938,0.12235429,-0.098169014
276,9.386,-0.04078568145632744,-0.0318949855864048,-0.8468649387359619,-0.039366576820611954,0.1314089149236679,-0.04123670235276222,-0.03299215712612092,-0.02806257104697859,1.5310581017473337,0.07264883816242218,5.254189491271973,2.7358009815216064,2.8142244815826416,5.361465930938721,0.20028853,0.10428813,-0.10727762
277,9.4201,-0.041866421699523926,-0.025892430916428566,-0.8479964733123779,-0.02778475359082222,0.1409197747707367,-0.051127076148986816,-0.034158950417522684,-0.02345709999487731,1.5296167989653828,0.07138655334711075,5.371490001678467,2.2245452404022217,2.995410680770874,5.2691969871521,0.20532644,0.08503375,-0.11450026
278,9.4542,-0.042604267597198486,-0.018117934465408325,-0.8499710559844971,-0.012755576521158218,0.15085341036319733,-0.0638304352760315,-0.0347202324232029,-0.02015994844016949,1.528613319866641,0.06984689831733704,5.444554805755615,1.558251142501831,3.1274096965789795,5.16378116607666,0.21039924,0.06021702,-0.12085555
279,9.4879,-0.0426616296172142,-0.01175103709101677,-0.8519585132598877,-0.0005510415066964924,0.15711627900600433,-0.07351682335138321,-0.03519623709794634,-0.015385420754307823,1.5272251471484373,0.06869974732398987,5.476070880889893,0.9790977239608765,3.1681532859802246,5.09126615524292,0.21384852,0.038235188,-0.12372099
280,9.5222,-0.04221361130475998,-0.005253754556179047,-0.85428786277771,0.011655358597636223,0.16217732429504395,-0.08305206894874573,-0.03533545800511943,-0.011516024540963829,1.5261051547520044,0.06767287850379944,5.456284999847412,0.36507701873779297,3.1459600925445557,5.0298261642456055,0.21621604,0.014466897,-0.124664865
281,9.556,-0.041278641670942307,0.0013200573157519102,-0.8568713665008545,0.023815587162971497,0.1657315045595169,-0.09169521182775497,-0.035292826621732144,-0.008056495061166834,1.5251577351942087,0.06686858087778091,5.3870110511779785,-0.2807476222515106,3.06374454498291,4.984297752380371,0.21709049,-0.011313814,-0.123465456
282,9.5903,-0.039874881505966187,0.007919380441308022,-0.8597667217254639,0.03603222593665123,0.1679827719926834,-0.0993814691901207,-0.03498099958640829,-0.0030642833445899357,1.523789669342235,0.06638095527887344,5.281689167022705,-0.973888635635376,2.9283487796783447,4.956331253051758,0.21585464,-0.039801355,-0.119677186
283,9.6243,-0.03801638260483742,0.014462240971624851,-0.862916111946106,0.048044681549072266,0.16882719099521637,-0.1058938130736351,-0.034556502111622665,0.0009728186764693442,1.5227258696448027,0.066280297935009,5.120697498321533,-1.6761500835418701,2.7436683177948,4.946084976196289,0.21172567,-0.06930384,-0.113442555
284,9.6589,-0.035099104046821594,0.022442979738116264,-0.8671709299087524,0.06262360513210297,0.16790644824504852,-0.11218122392892838,-0.03401802758396546,0.004518864741362712,1.5218175985550313,0.06677771359682083,4.843099117279053,-2.5329325199127197,2.461489677429199,4.953847885131836,0.20199147,-0.105641186,-0.10266152
285,9.6924,-0.03235612064599991,0.028604300692677498,-0.8707475662231445,0.07393726706504822,0.16555871069431305,-0.11550341546535492,-0.033065265059232796,0.00965484424454023,1.5205720381132013,0.06771838665008545,4.593170166015625,-3.2151944637298584,2.2161190509796143,4.974915981292725,0.19046931,-0.1333275,-0.09189789
286,9.7263,-0.02926737070083618,0.03448335453867912,-0.8744430541992188,0.08481616526842117,0.16187864542007446,-0.11691941320896149,-0.03207408019399194,0.013771262172853984,1.5196106369596827,0.06909435242414474,4.297650337219238,-3.839738130569458,1.9551677703857422,5.0020270347595215,0.1765463,-0.15773539,-0.08031776
287,9.7599,-0.025835620239377022,0.040062494575977325,-0.8782446384429932,0.09522315859794617,0.15669368207454681,-0.1162991002202034,-0.0305214011024215,0.01901475172073259,1.5184451045086094,0.07086093723773956,3.975390911102295,-4.417778968811035,1.6847648620605469,5.031871795654297,0.16088729,-0.17879109,-0.068183795
288,9.7941,-0.022088931873440742,0.045292023569345474,-0.8819928169250488,0.10496839880943298,0.15013965964317322,-0.1136702299118042,-0.02916430622578216,0.02271047238030059,1.5176665293639249,0.07291299849748611,3.609999895095825,-4.9043755531311035,1.410090684890747,5.057849884033203,0.14437994,-0.19614777,-0.05639579
289,9.8281,-0.018019791692495346,0.05012897029519081,-0.8856408596038818,0.11404141783714294,0.14227184653282166,-0.10952108353376389,-0.026870656656356816,0.02788995243526022,1.5165823564841536,0.07513969391584396,3.2256462574005127,-5.336277961730957,1.1411964893341064,5.079626560211182,0.12721422,-0.21045409,-0.045006923
290,9.8624,-0.012605625204741955,0.05551600083708763,-0.890175461769104,0.12436160445213318,0.1302918791770935,-0.10221759229898453,-0.024719494527629116,0.031790628307845036,1.5157158970234963,0.07812269777059555,2.6962149143218994,-5.719900608062744,0.7932782173156738,5.090279579162598,0.1057658,-0.22437747,-0.03111833
291,9.8991,-0.008015181869268417,0.05927858129143715,-0.8934890031814575,0.1316625326871872,0.11948804557323456,-0.09493698179721832,-0.02165881919415272,0.03625355782378903,1.514652629958282,0.08045140653848648,2.254528045654297,-5.945465564727783,0.524327278137207,5.091246128082275,0.08834144,-0.23296714,-0.020545242
292,9.933,-0.003211964387446642,0.06255257874727249,-0.8964813947677612,0.1381632387638092,0.10741761326789856,-0.08670193701982498,-0.019313989078122016,0.03901339166143814,1.5139492891143922,0.08264932781457901,1.8046919107437134,-6.11895227432251,0.2672228515148163,5.086811065673828,0.07065994,-0.23957819,-0.0104627
293,9.9672,0.0017394790193066,0.06539016962051392,-0.8992149829864502,0.1436455249786377,0.09438750147819519,-0.0776585042476654,-0.01568924374219923,0.042372844540897,1.5130829628117894,0.08476458489894867,1.3426169157028198,-6.214016437530518,0.01033511757850647,5.0761823654174805,0.05279728,-0.24436097,-0.0004064198
294,10.0013,0.00675169238820672,0.06775631755590439,-0.9015909433364868,0.1479192078113556,0.08064115047454834,-0.06793683767318726,-0.012581668685510321,0.04454299625655373,1.5125788264174373,0.08669882267713547,0.8867544531822205,-6.264882564544678,-0.2392357885837555,5.061593055725098,0.035011668,-0.24735595,0.009445731
295,10.035,0.011772400699555874,0.06965003162622452,-0.9036056995391846,0.15114644169807434,0.06643933802843094,-0.05810323357582092,-0.00979371457152295,0.04603283514937131,1.5122651060410262,0.08841287344694138,0.4376482367515564,-6.239870548248291,-0.4805193543434143,5.04737663269043,0.017439995,-0.24865474,0.01914838
296,10.069,0.018002770841121674,0.07123078405857086,-0.9056161642074585,0.15360939502716064,0.04800533503293991,-0.04542315751314163,-0.005740467656503717,0.04754210263457885,1.5119085087710644,0.09008961915969849,-0.10364693403244019,-6.135848522186279,-0.7733408212661743,5.031746864318848,-0.004189272,-0.24800289,0.031257413
297,10.1034,0.02294694073498249,0.07181883603334427,-0.9068487882614136,0.15436121821403503,0.03271646425127983,-0.035148557275533676,-0.0024876091000469026,0.048224828947155886,1.511740862780444,0.09099623560905457,-0.5219072699546814,-5.984624862670898,-1.004050850868225,5.023952007293701,-0.021422414,-0.2456473,0.04121267
298,10.1382,0.0278305746614933,0.0718177855014801,-0.9077221155166626,0.1540238857269287,0.01734374463558197,-0.024769006296992302,0.00037550460838529047,0.04844552177773939,1.5116322058079688,0.09148963540792465,-0.9222816824913025,-5.774167537689209,-1.2290802001953125,5.02308464050293,-0.03858831,-0.24159145,0.051424775
299,10.1721,0.0326370969414711,0.07126959413290024,-0.9082819223403931,0.15266157686710358,0.00197016354650259,-0.014308195561170578,0.004415878429474206,0.04825078644540575,1.5115796083764397,0.09161574393510818,-1.310819387435913,-5.530907154083252,-1.4502836465835571,5.025761604309082,-0.05586306,-0.23571013,0.061806597
300,10.2066,0.03730184584856033,0.0701756551861763,-0.9084340333938599,0.15028758347034454,-0.013212023302912712,-0.00378197873942554,0.007571471528974006,0.04762593811345671,1.5115469846530862,0.09130603075027466,-1.670964241027832,-5.228882312774658,-1.6583003997802734,5.0387372970581055,-0.07284832,-0.22796136,0.07229622
301,10.24,0.041812963783741,0.0685904324054718,-0.9082013368606567,0.1469310224056244,-0.028193578124046326,0.006929658818989992,0.011396328973829677,0.04631866723574247,1.5115877310177643,0.0906062051653862,-2.0113680362701416,-4.8926682472229,-1.8550684452056885,5.057315826416016,-0.089700185,-0.21819639,0.08272976
302,10.2742,0.04718148335814476,0.06591922044754028,-0.9073981046676636,0.14136120676994324,-0.04643191024661064,0.020518725737929344,0.013999496118571077,0.045125050918736566,1.5116003810329424,0.0891830325126648,-2.3750200271606445,-4.3889851570129395,-2.0746023654937744,5.097848892211914,-0.109864466,-0.20302713,0.09596764
303,10.3081,0.055024225264787674,0.060078807175159454,-0.9046647548675537,0.1295958012342453,-0.07391311973333359,0.04204290360212326,0.01750872372131977,0.0429512623237162,1.5116278115921702,0.08547678589820862,-2.849111557006836,-3.4580795764923096,-2.3347675800323486,5.182900428771973,-0.14097773,-0.17111024,0.11552732
304,10.3421,0.055024225264787674,0.060078807175159454,-0.9046647548675537,0.1295958012342453,-0.07391311973333359,0.04204290360212326,0.020189782086162185,0.040881873804616144,1.511618490528355,0.08547678589820862,-2.8819494247436523,-3.48702073097229,-2.3463616371154785,5.173428535461426,-0.1413798,-0.1710628,0.11510547
305,10.376,0.061881259083747864,0.052505139261484146,-0.8999905586242676,0.11457717418670654,-0.0985589325428009,0.06558889150619507,0.022451688023750548,0.038804708022895214,1.511640994239566,0.08012144267559052,-3.218153476715088,-2.441396474838257,-2.4904496669769287,5.276231288909912,-0.169539,-0.12861784,0.13120206
306,10.4098,0.06485477834939957,0.048213835805654526,-0.8969786167144775,0.10601339489221573,-0.10963958501815796,0.07680121809244156,0.025667962705104023,0.03530891794038111,1.5116148952608832,0.07698024064302444,-3.3727946281433105,-1.9257044792175293,-2.521650552749634,5.318432807922363,-0.18209128,-0.10396542,0.1361395
307,10.4439,0.06812259554862976,0.042437661439180374,-0.8927192687988281,0.09412985295057297,-0.12193199247121811,0.0906711146235466,0.028090561286154243,0.03218005736062028,1.5116091694645395,0.07278616726398468,-3.4130382537841797,-1.942086935043335,-2.538484573364258,5.3096113204956055,-0.18247865,-0.103833996,0.13572049
308,10.4781,0.07035758346319199,0.03752392157912254,-0.8888628482818604,0.08405118435621262,-0.13055521249771118,0.10115806013345718,0.03011185478044315,0.029153820028989974,1.5116030441940325,0.0692567378282547,-3.5780153274536133,-0.7756613492965698,-2.4738945960998535,5.412051677703857,-0.20244071,-0.04388618,0.1399706
309,10.5124,0.07219335436820984,0.03239171952009201,-0.8846395015716553,0.07329808175563812,-0.13786549866199493,0.11022373288869858,0.03281454508735865,0.02438616454709747,1.51159971524267,0.06563937664031982,-3.6419668197631836,-0.3001536428928375,-2.3999710083007812,5.443047046661377,-0.20825796,-0.017163634,0.13723712
310,10.5461,0.07360745221376419,0.02706635743379593,-0.8800715208053589,0.06203582510352135,-0.1440267264842987,0.11831040680408478,0.03469800751166834,0.020346065949663202,1.5116003810329424,0.06201624870300293,-3.6623072624206543,0.15411344170570374,-2.285876512527466,5.472825050354004,-0.21194431,0.008918822,0.13228779
311,10.5799,0.07458307594060898,0.021583450958132744,-0.875207781791687,0.050137631595134735,-0.14884188771247864,0.12452007830142975,0.03675088651260451,0.014772965484103355,1.5116299421210422,0.05850674957036972,-3.6637184619903564,0.5842472314834595,-2.136993169784546,5.49478816986084,-0.21392916,0.034114935,0.124781735
312,10.6141,0.0751180574297905,0.015985019505023956,-0.870128870010376,0.03788930922746658,-0.15228570997714996,0.12908948957920074,0.03793241457497498,0.010640477043086653,1.5116520463580898,0.05526845529675484,-3.614231824874878,0.9878792762756348,-1.941313624382019,5.5141425132751465,-0.21412002,0.058525503,0.115010366
313,10.6482,0.07521563023328781,0.008858260698616505,-0.8637187480926514,0.022144099697470665,-0.15465199947357178,0.13184303045272827,0.03923616508662327,0.00456716366444482,1.5117833401998308,0.051905687898397446,-3.5026302337646484,1.4639980792999268,-1.645481824874878,5.529662132263184,-0.21163674,0.08845803,0.099423684
314,10.6823,0.07479112595319748,0.0030919278506189585,-0.8585344552993774,0.00923993717879057,-0.15475055575370789,0.13175413012504578,0.03988523153973522,-0.0003738645146719787,1.511921558260406,0.04987131804227829,-3.3945159912109375,1.8352153301239014,-1.377561092376709,5.5319600105285645,-0.2071156,0.11197524,0.08405157
315,10.7161,0.07388824224472046,-0.00266247964464128,-0.8533860445022583,-0.003788688452914357,-0.15329889953136444,0.12922808527946472,0.04016808837582606,-0.004646848877241084,1.5120966611020785,0.048517752438783646,-3.23136568069458,2.189034938812256,-1.0607267618179321,5.529982566833496,-0.19973363,0.13530622,0.06556448
316,10.7506,0.07255464792251587,-0.008298502303659916,-0.8483624458312988,-0.01682654209434986,-0.15016615390777588,0.12434405833482742,0.04005608580723142,-0.010660651528641304,1.5123543219375437,0.047936152666807175,-3.0403733253479004,2.530886173248291,-0.7135988473892212,5.52252197265625,-0.18908918,0.15740277,0.044380676
317,10.7851,0.07078438252210617,-0.013761719688773155,-0.8435771465301514,-0.02973908744752407,-0.14577817916870117,0.1169552430510521,0.03953708564504541,-0.015323444002314637,1.512629426478149,0.048063866794109344,-2.824572801589966,2.8677189350128174,-0.34724125266075134,5.512904644012451,-0.17478257,0.17745243,0.021487044
318,10.8194,0.06861236691474915,-0.019015105441212654,-0.8391368389129639,-0.04256651550531387,-0.13959182798862457,0.10705123096704483,0.038355149786133025,-0.020931591043641545,1.512980830583985,0.04879789054393768,-2.565958023071289,3.176021099090576,0.04608723521232605,5.504324913024902,-0.15710059,0.19445165,-0.0028216874
319,10.8531,0.06538213789463043,-0.02522037923336029,-0.8341455459594727,-0.058016013354063034,-0.1297301948070526,0.09230522811412811,0.037151729707364266,-0.02464847967268647,1.513286561477126,0.050347041338682175,-2.211026191711426,3.536160707473755,0.540148138999939,5.498268127441406,-0.13144179,0.21021879,-0.032110896
320,10.887,0.062415480613708496,-0.02978949435055256,-0.8307052850723267,-0.06963642686605453,-0.12013710290193558,0.07837461680173874,0.03539502542856394,-0.028567951636902362,1.5136775135251497,0.05183413624763489,-1.9047627449035645,3.7935378551483154,0.9352742433547974,5.496428489685059,-0.10955227,0.21818502,-0.053792223
321,10.9211,0.05908869579434395,-0.033922869712114334,-0.827917218208313,-0.08059882372617722,-0.10917092859745026,0.0605899840593338,0.03262894356532614,-0.03300370858734914,1.5142030883662767,0.053236089646816254,-1.5861517190933228,4.031301021575928,1.3344048261642456,5.493983745574951,-0.08747843,0.22233175,-0.07359424
322,10.955,0.05539771169424057,-0.03760803863406181,-0.8259674310684204,-0.09079214185476303,-0.09708298742771149,0.04142246022820473,0.03022305423952157,-0.03575560079540385,1.5145744661802882,0.05431472510099411,-1.2484594583511353,4.224461555480957,1.704789400100708,5.491128921508789,-0.06607766,0.22358957,-0.090229996
323,10.9885,0.051379889249801636,-0.04082983359694481,-0.8247555494308472,-0.10000947117805481,-0.08415747433900833,0.022232336923480034,0.026250916184154757,-0.0390876231156349,1.5150857931095836,0.05504639074206352,-0.8994183540344238,4.400628566741943,2.0237133502960205,5.493250370025635,-0.045642324,0.22331645,-0.102696344
324,11.022,0.04713628068566322,-0.043572407215833664,-0.8242789506912231,-0.1080656573176384,-0.07053138315677643,0.0028312404174357653,0.02266213392592105,-0.04119444569280738,1.5155328046985532,0.05541614815592766,-0.5496686100959778,4.530298709869385,2.3030619621276855,5.492640018463135,-0.026882682,0.22156364,-0.112636015
325,11.0565,0.041563086211681366,-0.046316102147102356,-0.8248015642166138,-0.1164185181260109,-0.05262603983283043,-0.02082780934870243,0.019318368729758437,-0.042561579438399555,1.5159147019988706,0.0552847795188427,-0.12174086272716522,4.625765323638916,2.5802102088928223,5.484936714172363,-0.005744538,0.21827416,-0.12175136
326,11.0902,0.036932285875082016,-0.048008959740400314,-0.8261113166809082,-0.1215716078877449,-0.0379069447517395,-0.03833803907036781,0.014294389194432312,-0.043743020115796755,1.5164733000375148,0.054757408797740936,0.2277970165014267,4.6912736892700195,2.724142074584961,5.4860639572143555,0.010488605,0.21600334,-0.12542944
327,11.1241,0.03219376504421234,-0.04925296828150749,-0.8281325101852417,-0.1253984421491623,-0.02332485467195511,-0.05463485047221184,0.010211345043825912,-0.04408091284028976,1.5168727742010266,0.053944483399391174,0.5701717734336853,4.71895170211792,2.812443971633911,5.482916355133057,0.025809007,0.21360485,-0.12730618
328,11.1583,0.027363203465938568,-0.05004866048693657,-0.8307965993881226,-0.1278112381696701,-0.008863406255841255,-0.06964574009180069,0.006614164985631397,-0.043956826178248885,1.5171934187962721,0.05294466391205788,0.9075353741645813,4.715993881225586,2.849019765853882,5.476036071777344,0.04063101,0.21113844,-0.12755266
329,11.1921,0.02250239998102188,-0.05035458505153656,-0.8340504169464111,-0.12882478535175323,0.0055396901443600655,-0.08270091563463211,0.0015274657960021422,-0.04318841265759855,1.5175264470905867,0.05183214321732521,1.2528705596923828,4.6974663734436035,2.830120801925659,5.471995830535889,0.05567888,0.20876034,-0.12577353
330,11.2263,0.017625717446208,-0.05019967630505562,-0.837801456451416,-0.1286134570837021,0.019413311034440994,-0.09379462897777557,-0.0023969607141460297,-0.04219350144742618,1.517672122002214,0.05076966434717178,1.5903565883636475,4.646181583404541,2.7604305744171143,5.460987091064453,0.07057598,0.20618573,-0.1225009
331,11.2599,0.011605583131313324,-0.049299485981464386,-0.8430248498916626,-0.1265011429786682,0.03611171245574951,-0.1048910841345787,-0.007018404230929654,-0.04057469065644311,1.5176758504277401,0.049664370715618134,2.0058748722076416,4.54213809967041,2.6143219470977783,5.439689636230469,0.089364044,0.20235752,-0.11647107
332,11.294,0.006868155673146248,-0.0480092316865921,-0.8475277423858643,-0.1233922466635704,0.048797350376844406,-0.11156764626502991,-0.010015601663407788,-0.03925205250700128,1.5175271128808592,0.04910031706094742,2.330024480819702,4.42259407043457,2.455376148223877,5.413921356201172,0.10459214,0.1985252,-0.11021903
333,11.3281,0.0022632949985563755,-0.046207625418901443,-0.8522510528564453,-0.11948660016059875,0.06109389290213585,-0.11624838411808014,-0.013958941168596212,-0.03715104727233493,1.5171581319118286,0.048908866941928864,2.661531686782837,4.27577543258667,2.2639989852905273,5.384213924407959,0.12049828,0.19358161,-0.10250037
334,11.3621,-0.0021833607461303473,-0.04392849653959274,-0.8572033643722534,-0.11464884132146835,0.07263731956481934,-0.11890063434839249,-0.016909307537483684,-0.035364769421867115,1.5167010003107166,0.049190789461135864,2.9791316986083984,4.0924391746521,2.032327890396118,5.344231605529785,0.13653992,0.18756516,-0.09314589
335,11.3963,-0.006435503251850605,-0.041174955666065216,-0.8621429204940796,-0.1088150292634964,0.0837242603302002,-0.11992262303829193,-0.019355309686910276,-0.033712962481096884,1.516244001867659,0.04997564107179642,3.2834763526916504,3.8681490421295166,1.7861087322235107,5.294005870819092,0.15260538,0.17977908,-0.083012566
336,11.4301,-0.010472159832715988,-0.03797566518187523,-0.8669799566268921,-0.1022302582859993,0.09405792504549026,-0.11898405104875565,-0.022597550188892028,-0.03127692117832556,1.5153738139814756,0.051249176263809204,3.5872585773468018,3.6122472286224365,1.5289020538330078,5.240213394165039,0.16871762,0.1698929,-0.071908034
337,11.4642,-0.015165519900619984,-0.03345755487680435,-0.8726953268051147,-0.09287730604410172,0.10615953803062439,-0.11562982201576233,-0.02501988453442784,-0.02927481492745284,1.5146602199673889,0.05344318971037865,3.928220272064209,3.230013847351074,1.2036049365997314,5.157976150512695,0.18791202,0.15451232,-0.05757616
338,11.4982,-0.01861710660159588,-0.02944989688694477,-0.8770341873168945,-0.08455199748277664,0.11499661952257156,-0.11108797788619995,-0.026995028359858116,-0.027435269693994232,1.5139327775156337,0.05559155344963074,4.1807427406311035,2.8834826946258545,0.939490556716919,5.08784818649292,0.20236498,0.13957231,-0.04547517
339,11.5321,-0.02179301716387272,-0.02513222210109234,-0.8810755014419556,-0.07561091333627701,0.12312853336334229,-0.10520241409540176,-0.029674505472803293,-0.024696241802361362,1.5128733720340002,0.05799289047718048,4.42213249206543,2.5039865970611572,0.686508059501648,5.017703056335449,0.21558711,0.12207396,-0.033468533
340,11.5662,-0.024698881432414055,-0.02054652012884617,-0.8849054574966431,-0.06613187491893768,0.13032937049865723,-0.09804372489452362,-0.03167374258372038,-0.022373942445271647,1.5119536493515413,0.06063894182443619,4.631692409515381,2.0871524810791016,0.42661622166633606,4.945270538330078,0.22712767,0.102349214,-0.02092029
341,11.5999,-0.02731879986822605,-0.0157014112919569,-0.8883969783782959,-0.056004174053668976,0.13691113889217377,-0.08967233449220657,-0.03400922458820599,-0.0192875821714382,1.5108497690797036,0.06340426951646805,4.809363842010498,1.6292054653167725,0.17417952418327332,4.8734917640686035,0.23664355,0.08016465,-0.008570461
342,11.6343,-0.02960948832333088,-0.010654357261955738,-0.8915548324584961,-0.04542648047208786,0.1426982581615448,-0.08025013655424118,-0.035534025792709256,-0.016962169204527155,1.5100328444153217,0.06621646881103516,4.9675774574279785,1.1393531560897827,-0.06291881203651428,4.808884620666504,0.24365437,0.055884056,0.0030861006
343,11.6679,-0.031926851719617844,-0.0041231741197407246,-0.8951038122177124,-0.03146570175886154,0.14857415854930878,-0.06777701526880264,-0.03744664150857692,-0.013392112297708068,1.5089396167878442,0.06971103698015213,5.1010870933532715,0.48264279961586,-0.3529251515865326,4.738298416137695,0.24830014,0.023493085,0.017178958
344,11.7021,-0.0333339124917984,0.0012608276447281241,-0.8975173234939575,-0.019926657900214195,0.15210463106632233,-0.05729467049241066,-0.03875961737668881,-0.010368209393220782,1.5080342751752718,0.0723855122923851,5.165225505828857,-0.07190946489572525,-0.5673094987869263,4.694211483001709,0.24848182,-0.0034593253,0.027291374
345,11.7363,-0.03437477722764015,0.006778873968869448,-0.8995258808135986,-0.00809176079928875,0.15475039184093475,-0.04631921276450157,-0.03971892545203818,-0.007544426920044791,1.5072971121855379,0.07494121044874191,5.190458297729492,-0.6509751081466675,-0.7646901607513428,4.662252426147461,0.24544808,-0.030783525,0.03616092
346,11.7704,-0.03500043973326683,0.012369765900075436,-0.9012919664382935,0.004029228817671537,0.1564953476190567,-0.034869495779275894,-0.04072558369933132,-0.003141009431714039,1.5062386388102857,0.07741762697696686,5.192483425140381,-1.2506192922592163,-0.9428632259368896,4.644783020019531,0.23934881,-0.05764761,0.043461513
347,11.8042,-0.03522786498069763,0.017947128042578697,-0.9026110172271729,0.01638866774737835,0.1570321023464203,-0.023498721420764923,-0.0412034380226756,0.0006051976360853524,1.5054474136504232,0.07968031615018845,5.15069055557251,-1.843483805656433,-1.094115138053894,4.6425323486328125,0.23080747,-0.082608305,0.049028367
348,11.8389,-0.03502374514937401,0.023466909304261208,-0.9034779071807861,0.028799796476960182,0.15635070204734802,-0.012571289204061031,-0.04133727018983049,0.004022808076071795,1.50476644335969,0.08167721331119537,5.070474147796631,-2.420175313949585,-1.2107205390930176,4.655094146728516,0.2205545,-0.105272315,0.052663684
349,11.8731,-0.034173931926488876,0.03022007644176483,-0.9039764404296875,0.04436598718166351,0.15373797714710236,0.0007153679616749287,-0.040992815269963956,0.00904678006924249,1.5039029133762318,0.08380752801895142,4.929861545562744,-3.117523431777954,-1.3055146932601929,4.692519664764404,0.20619461,-0.13039242,0.054603986
350,11.9071,-0.0330117866396904,0.03545289486646652,-0.9039161205291748,0.05664540082216263,0.15021944046020508,0.010405028238892555,-0.04028503027600496,0.013107375644394662,1.503220478346899,0.08519592881202698,4.781877040863037,-3.6445529460906982,-1.3409061431884766,4.7380571365356445,0.19406573,-0.14790905,0.054418787
351,11.9412,-0.03144042566418648,0.04049455747008324,-0.9034918546676636,0.0685257539153099,0.1454422026872635,0.01917548105120659,-0.038839716107662146,0.018117534830079496,1.502449226895212,0.08632449805736542,4.612349987030029,-4.151463031768799,-1.3404159545898438,4.794782638549805,0.1816277,-0.16347864,0.05278365
352,11.9751,-0.02946212701499462,0.04523494094610214,-0.9026744365692139,0.0801769271492958,0.13929520547389984,0.026824766770005226,-0.037461367957167216,0.02153188627869682,1.5019183257319046,0.0871218889951706,4.399092197418213,-4.588150501251221,-1.3169488906860352,4.860905647277832,0.16942158,-0.17670275,0.05071946
353,12.0095,-0.024326669052243233,0.053753241896629333,-0.900322437286377,0.10181119292974472,0.12332428991794586,0.03843485191464424,-0.035029256897598365,0.026155219235453043,1.5012517365110578,0.0879487618803978,3.872283935546875,-5.262618541717529,-1.2202441692352295,4.998819351196289,0.14564668,-0.19794078,0.04589656
354,12.0433,-0.020442549139261246,0.05838644132018089,-0.8983763456344604,0.11393503099679947,0.1109452024102211,0.043086759746074677,-0.03272002367460685,0.029550098399193765,1.50070219322012,0.08799171447753906,3.893998622894287,-5.325898170471191,-1.203395128250122,4.998528957366943,0.14515854,-0.19853619,0.044859566
355,12.0785,-0.017036916688084602,0.061692699790000916,-0.8966829776763916,0.12259602546691895,0.09985131770372391,0.0455801859498024,-0.030508971630271397,0.03228847090352712,1.500261173743603,0.08785121887922287,3.513761520385742,-5.633483409881592,-1.1037986278533936,5.078577995300293,0.13051435,-0.20924881,0.040999245
356,12.1121,-0.01341424509882927,0.06461819261312485,-0.8949347734451294,0.13019458949565887,0.08810248225927353,0.04724014177918434,-0.02702579619282694,0.03572294378253676,1.4996795393615296,0.08758346736431122,2.843216896057129,-5.937985897064209,-0.9186916351318359,5.185369491577148,0.106930114,-0.22332081,0.034550935
357,12.146,-0.009581168182194233,0.06708931177854538,-0.8933365345001221,0.13685935735702515,0.07557284832000732,0.04796558618545532,-0.024110826979896905,0.03802010747624424,1.4992511699001905,0.0872112438082695,2.4858548641204834,-6.030036926269531,-0.8282294273376465,5.225870132446289,0.09452339,-0.22928916,0.03149301
358,12.18,-0.00551596051082015,0.06906407326459885,-0.8917323350906372,0.14258833229541779,0.06245686858892441,0.047535739839076996,-0.020351454689681407,0.040288675477747005,1.4988005630437489,0.08660580217838287,2.106795310974121,-6.081063747406006,-0.7326409816741943,5.258382797241211,0.08131527,-0.23470879,0.0282775
359,12.2141,-0.001202416722662747,0.0704912468791008,-0.8901638984680176,0.14737285673618317,0.048643484711647034,0.04629284515976906,-0.017651011424935664,0.04157727509950627,1.4985102784849302,0.08572902530431747,1.7054425477981567,-6.053300857543945,-0.6405997276306152,5.286525249481201,0.06744613,-0.2393934,0.025334168
360,12.2479,0.004501209128648043,0.07145415991544724,-0.8884001970291138,0.151946023106575,0.030916690826416016,0.04436246305704117,-0.013752053083194488,0.0429191171371211,1.4981512843699876,0.08427342772483826,1.1765085458755493,-5.9466071128845215,-0.5433988571166992,5.312594890594482,0.04832705,-0.24426681,0.022321014
361,12.2814,0.009238515980541706,0.07157669961452484,-0.887086033821106,0.15446563065052032,0.016350461170077324,0.042332544922828674,-0.01064408375382857,0.04362876218265395,1.4979185240907147,0.08282379060983658,0.7393537163734436,-5.795248508453369,-0.47561711072921753,5.328335762023926,0.03153406,-0.24717224,0.02028547
362,12.3153,0.014075193554162979,0.07116404920816422,-0.8858716487884521,0.1559544950723648,0.0017561340937390924,0.04027024284005165,-0.007925954914820366,0.04396779091179944,1.497742089668497,0.08117742091417313,0.29848331212997437,-5.583868503570557,-0.4211413860321045,5.341149806976318,0.0133069055,-0.24893858,0.018775215
363,12.3489,0.01895674504339695,0.0701846331357956,-0.8847960233688354,0.15659289062023163,-0.012944559566676617,0.0379747673869133,-0.004080574224739945,0.04405724815729089,1.497590156328308,0.0793335884809494,-0.1500009149312973,-5.330338478088379,-0.38301512598991394,5.348516464233398,-0.0070143887,-0.24925892,0.01791067
364,12.3825,0.023816892877221107,0.06865590810775757,-0.8837876319885254,0.15617117285728455,-0.027670985087752342,0.03587400168180466,-0.0010141916902341333,0.04383118739263519,1.4974856272555224,0.07729378342628479,-0.5847212672233582,-5.005434036254883,-0.3603742718696594,5.356701850891113,-0.02893319,-0.247679,0.017832048
365,12.4161,0.028626948595046997,0.06656920164823532,-0.8828561305999756,0.1547551155090332,-0.04209660738706589,0.03373478353023529,0.0016558531771217419,0.0433981532381991,1.4974048003164384,0.07506292313337326,-1.0030171871185303,-4.617506504058838,-0.35120904445648193,5.365372657775879,-0.05292159,-0.2436307,0.018530631
366,12.4501,0.03455352410674095,0.06327157467603683,-0.8816986083984375,0.15158624947071075,-0.0596122220158577,0.03130655735731125,0.00547033105565856,0.042476245931408536,1.497307195462487,0.07208296656608582,-1.5037431716918945,-4.070779323577881,-0.3568982183933258,5.375107288360596,-0.08633682,-0.23372218,0.02049117
367,12.4839,0.03917553648352623,0.060077205300331116,-0.8808393478393555,0.1480686068534851,-0.07330205291509628,0.02979281172156334,0.008485815874387672,0.041483798145244485,1.4972430132802161,0.06958919018507004,-1.8791166543960571,-3.5763471126556396,-0.3817390501499176,5.383707046508789,-0.11576724,-0.22032897,0.0235179
368,12.5181,0.043654248118400574,0.05638371407985687,-0.8800218105316162,0.14361634850502014,-0.08670666068792343,0.028616176918148994,0.011174448123728645,0.0404284040500029,1.4971559279125706,0.06701485067605972,-2.224160671234131,-3.0304884910583496,-0.4224946200847626,5.39389181137085,-0.14699334,-0.20028302,0.027922396
369,12.5519,0.047956157475709915,0.0522393174469471,-0.8792382478713989,0.13827475905418396,-0.09939666837453842,0.02797381579875946,0.015173101276698558,0.038556663695678756,1.4970848215114654,0.06443162262439728,-2.5522429943084717,-2.4741597175598145,-0.48416340351104736,5.400110244750977,-0.17785895,-0.17241754,0.033740044
370,12.5863,0.05201636999845505,0.04768884927034378,-0.8784608840942383,0.13173143565654755,-0.11144707351922989,0.0280133206397295,0.018580581561644015,0.03674897652676022,1.4969696397943195,0.061889469623565674,-2.8349010944366455,-1.89207124710083,-0.5601248741149902,5.407928466796875,-0.2051878,-0.13694656,0.040541377
371,12.6229,0.055798135697841644,0.04276425763964653,-0.877677321434021,0.12423587590456009,-0.12275560200214386,0.028957998380064964,0.023005124107188035,0.03396123359312492,1.4968573875543727,0.059438470751047134,-3.0738444328308105,-1.3012466430664062,-0.6494176983833313,5.417905807495117,-0.22598371,-0.095665395,0.04774406
372,12.658,0.06005420535802841,0.03616109862923622,-0.8768141269683838,0.11321774870157242,-0.1356947124004364,0.030962975695729256,0.02619907400846608,0.03159735147232714,1.496746999527189,0.0566391795873642,-3.3190500736236572,-0.5862666368484497,-0.7885925769805908,5.428994178771973,-0.23971486,-0.042342484,0.05695526
373,12.6922,0.063071109354496,0.030612614005804062,-0.8760578632354736,0.10344827175140381,-0.14476993680000305,0.033551834523677826,0.030818892840940162,0.027527635610738746,1.496610379363268,0.0546611025929451,-3.483180284500122,-0.055848389863967896,-0.9108905792236328,5.4375104904174805,-0.24183728,-0.003877555,0.06324315
374,12.726,0.06574622541666031,0.024853438138961792,-0.8752212524414062,0.09243489801883698,-0.15265578031539917,0.03698644042015076,0.034406924004522686,0.023615605933412866,1.4964721613026928,0.05297023430466652,-3.590895652770996,0.4516562521457672,-1.0293829441070557,5.450600624084473,-0.23858298,0.03000853,0.06839331
375,12.76,0.06803897768259048,0.01896320842206478,-0.8742213249206543,0.08061107993125916,-0.15918110311031342,0.04128846153616905,0.03857869719250996,0.01772665352227232,1.4963933317344265,0.051586590707302094,-3.6492691040039062,0.9236170053482056,-1.1342698335647583,5.466743469238281,-0.23205242,0.058731638,0.07212679
376,12.7941,0.06988514959812164,0.012976119294762611,-0.8730717897415161,0.06790339201688766,-0.1641692966222763,0.045883908867836,0.041083803833082196,0.013028612655155567,1.4963030505734727,0.050498079508543015,-3.6889939308166504,1.3572564125061035,-1.2343590259552002,5.477850437164307,-0.22384632,0.082357645,0.07490029
377,12.828,0.0712517574429512,0.006926441565155983,-0.8717726469039917,0.05428304895758629,-0.16719414293766022,0.05064889416098595,0.04387493813591815,0.0058590917174180315,1.4963005205704372,0.04969627782702446,-3.6818881034851074,1.7639185190200806,-1.3122177124023438,5.48713493347168,-0.21464668,0.102832906,0.076499656
378,12.8633,0.07225146144628525,-0.0006149976397864521,-0.870047926902771,0.03651311621069908,-0.16848696768283844,0.056592170149087906,0.045319574030420834,-2.7082858141495664e-05,1.496248189455017,0.04911746457219124,-3.574807643890381,2.2347593307495117,-1.3620238304138184,5.501093864440918,-0.20172004,0.1261035,0.07685658
379,12.8981,0.07246831804513931,-0.006575357634574175,-0.868505597114563,0.02192581817507744,-0.16730237007141113,0.06081999093294144,0.04600391488440873,-0.0051081291839888245,1.4963135700597785,0.04893308877944946,-3.4488162994384766,2.5846173763275146,-1.3704984188079834,5.5088911056518555,-0.1906484,0.14287603,0.0757603
380,12.9322,0.07218928635120392,-0.012395456433296204,-0.8668559789657593,0.007168120704591274,-0.16412469744682312,0.06456495076417923,0.04604514810822372,-0.012059808746044383,1.4963860080414286,0.04899594932794571,-3.302811622619629,2.920454740524292,-1.3630585670471191,5.514216899871826,-0.17892843,0.15821442,0.07384313
381,12.9662,0.07145605981349945,-0.017988987267017365,-0.8652132749557495,-0.007458208594471216,-0.1593397557735443,0.06776169687509537,0.045347545544245076,-0.017261396158943575,1.4965750924788244,0.04931005463004112,-3.1123850345611572,3.230665683746338,-1.3324710130691528,5.523353576660156,-0.16627045,0.17258926,0.071183525
382,12.9999,0.07027854025363922,-0.023282397538423538,-0.8634947538375854,-0.021663077175617218,-0.15275482833385468,0.07028944045305252,0.04363656025122084,-0.023212209849076917,1.4968177064541304,0.049779634922742844,-2.900546073913574,3.524773359298706,-1.2839455604553223,5.535515785217285,-0.15292077,0.18583089,0.06769137
383,13.0341,0.06867223978042603,-0.028242047876119614,-0.8617019653320312,-0.035262901335954666,-0.14459767937660217,0.07206263393163681,0.04198108106097874,-0.026989506461785405,1.4970974715266434,0.05034144967794418,-2.6561479568481445,3.782963752746582,-1.2067809104919434,5.552013397216797,-0.13899942,0.19796704,0.0631523
384,13.0681,0.06607156991958618,-0.033932365477085114,-0.8594440221786499,-0.051471732556819916,-0.1325157731771469,0.073130764067173,0.03904364350694576,-0.031738686263615486,1.4974807004075057,0.05108676850795746,-2.320667266845703,4.081666946411133,-1.089585304260254,5.578115940093994,-0.12036578,0.21170335,0.056513395
385,13.1049,0.06354588270187378,-0.03801636025309563,-0.857596755027771,-0.06343130022287369,-0.12139739841222763,0.07328788191080093,0.03635102535849673,-0.03498326743452406,1.4978843024707071,0.05164247751235962,-2.0317447185516357,4.2934699058532715,-0.975805401802063,5.6022844314575195,-0.104747884,0.22135256,0.050308265
386,13.1393,0.06068575382232666,-0.041643720120191574,-0.8557186126708984,-0.07447300851345062,-0.10927831381559372,0.07262196391820908,0.03258094840905587,-0.03839447718529293,1.4983510214517437,0.052134279161691666,-1.7304487228393555,4.476149082183838,-0.8422291278839111,5.626406669616699,-0.08878938,0.22967134,0.0432148
387,13.1732,0.05751398578286171,-0.04471069201827049,-0.8538219928741455,-0.08455928415060043,-0.09621326625347137,0.07101520150899887,0.029755394829725248,-0.04035159265850013,1.4987455687672389,0.05245881527662277,-1.4170222282409668,4.643547058105469,-0.6914229393005371,5.651535987854004,-0.07223909,0.23672572,0.0352484
388,13.2072,0.05402630567550659,-0.04721980169415474,-0.8519154787063599,-0.09367961436510086,-0.08242974430322647,0.06851661950349808,0.026354288446341866,-0.042195532107757366,1.4991268002772837,0.05257873982191086,-1.0972990989685059,4.770435333251953,-0.5196957588195801,5.671256065368652,-0.05572852,0.24227607,0.026393786
389,13.241,0.05026623606681824,-0.04917936772108078,-0.8500722646713257,-0.10166186839342117,-0.06794977933168411,0.06515750288963318,0.02191844203032722,-0.04396264768194423,1.4996419887901595,0.05249977856874466,-0.7680965065956116,4.874600410461426,-0.3326529562473297,5.688816070556641,-0.038824566,0.24639384,0.016814433
390,13.2751,0.041111331433057785,-0.05140244588255882,-0.846713662147522,-0.11541309952735901,-0.033852748572826385,0.05471953749656677,0.018712984360307588,-0.044833197591588304,1.499944124415829,0.05139876902103424,-0.37383803725242615,4.924874782562256,-0.09212318062782288,5.691709041595459,-0.018919306,0.2492395,0.004662197
391,13.3092,0.03686049208045006,-0.05140315368771553,-0.8454362154006958,-0.11960303783416748,-0.018239060416817665,0.04861165210604668,0.01415165104208517,-0.0456251301536154,1.5002771527101435,0.05050328001379967,0.23841337859630585,4.862871170043945,0.3444115221500397,5.658761024475098,0.0122116,0.24907763,-0.017640855
392,13.3434,0.03686049208045006,-0.05140315368771553,-0.8454362154006958,-0.11960303783416748,-0.018239060416817665,0.04861165210604668,0.010502825944540483,-0.04584908951772345,1.5004567829256692,0.05050328001379967,0.26510030031204224,4.9021897315979,0.3429722487926483,5.673183441162109,0.013466936,0.2490283,-0.017422784
393,13.3773,0.028269769623875618,-0.049799490720033646,-0.8436814546585083,-0.12450635433197021,0.013268074952065945,0.03150691092014313,0.0072407896252215794,-0.0457731977490346,1.500547064086623,0.04810658097267151,0.8478981852531433,4.659308910369873,0.8534168004989624,5.584765434265137,0.04405022,0.24206159,-0.044336926
394,13.411,0.02397327870130539,-0.04822647199034691,-0.843134880065918,-0.12504258751869202,0.028808899223804474,0.02265174873173237,0.002526541966455474,-0.04523626286138259,1.500552124092694,0.04666287079453468,1.1612142324447632,4.507468223571777,1.1169236898422241,5.538663864135742,0.060647015,0.23541263,-0.05833384
395,13.445,0.018636655062437057,-0.045554663985967636,-0.8429677486419678,-0.1240600049495697,0.0477173887193203,0.00917029194533825,-0.0011343599424543408,-0.04445742556177812,1.5004205639348442,0.04463498666882515,1.5369644165039062,4.237486362457275,1.4545443058013916,5.458185195922852,0.081123754,0.22366218,-0.07677347
396,13.4791,0.014476977288722992,-0.042812131345272064,-0.8432446718215942,-0.12181809544563293,0.06256069988012314,-0.003028475446626544,-0.004297511842141842,-0.04351698431827628,1.500210973157055,0.042832568287849426,1.836760401725769,3.972104787826538,1.7228338718414307,5.384842872619629,0.097634934,0.21114142,-0.09157905
397,13.5131,0.010438727214932442,-0.03957844525575638,-0.8438955545425415,-0.11835472285747528,0.0768340528011322,-0.016369186341762543,-0.00870032933900435,-0.04172376560421744,1.499729340473914,0.04096822440624237,2.1468698978424072,3.67572283744812,1.9816186428070068,5.3107099533081055,0.11430703,0.19570863,-0.10550846
398,13.547,0.00659187464043498,-0.0358625203371048,-0.8449749946594238,-0.11364482343196869,0.09056659787893295,-0.03016514703631401,-0.012163958110315197,-0.03990330358444493,1.4992270682923252,0.03909502550959587,2.4431586265563965,3.325827121734619,2.2082295417785645,5.22910213470459,0.1304986,0.17764537,-0.117950134
399,13.5809,0.0029479076620191336,-0.03168456628918648,-0.8464977741241455,-0.10792941600084305,0.10357142239809036,-0.0438498929142952,-0.01626835852420997,-0.037171424615863244,1.4984386394516072,0.037338752299547195,2.743178606033325,2.936119318008423,2.39278507232666,5.147592544555664,0.14664164,0.15695564,-0.12791072
400,13.6145,-0.0004912047879770398,-0.027086488902568817,-0.8484617471694946,-0.10125301033258438,0.11573221534490585,-0.0576956681907177,-0.018965739153702123,-0.03494520087569274,1.497827710297543,0.035899870097637177,3.0217080116271973,2.4892189502716064,2.524556875228882,5.059089660644531,0.16216587,0.1335888,-0.13548528
401,13.6499,-0.004404204897582531,-0.02084006555378437,-0.8516149520874023,-0.09165597707033157,0.12941722571849823,-0.07402866333723068,-0.022575065203032273,-0.03136019905785018,1.4968640454570978,0.0348396860063076,3.342653274536133,1.8692469596862793,2.5964505672454834,4.9470391273498535,0.18060651,0.10099707,-0.14028853
402,13.6841,-0.007125530391931534,-0.015414600260555744,-0.8545843362808228,-0.08290600776672363,0.13932763040065765,-0.08661507815122604,-0.025236191471591122,-0.028124092148754023,1.4959935912548055,0.03475574776530266,3.5890979766845703,1.3245457410812378,2.6030685901641846,4.8613176345825195,0.19390838,0.0715613,-0.14063612
403,13.7185,-0.00944139901548624,-0.009646262973546982,-0.8579347133636475,-0.07322167605161667,0.14781689643859863,-0.0980568453669548,-0.027444203767213605,-0.02505904964720882,1.4951745360615516,0.03552783280611038,3.781404495239258,0.729799747467041,2.5400993824005127,4.775804042816162,0.20491287,0.039547574,-0.13764702
404,13.7521,-0.011317288503050804,-0.0036035377997905016,-0.8615690469741821,-0.06276287138462067,0.1551571488380432,-0.10807167738676071,-0.030373019337217453,-0.02020208880323079,1.4938951534738776,0.03723982721567154,3.9503536224365234,0.09481781721115112,2.4303975105285645,4.7002973556518555,0.21288428,0.0051097255,-0.13097395
405,13.7861,-0.012756329961121082,0.0026830502320080996,-0.865450382232666,-0.05170685052871704,0.16105903685092926,-0.11618944257497787,-0.03254344569136159,-0.015925590966565355,1.4928233642931752,0.03990014269948006,4.060093879699707,-0.5799201726913452,2.258021354675293,4.633913993835449,0.21680158,-0.030966675,-0.120574206
406,13.8201,-0.013757909648120403,0.009153801947832108,-0.8695148229598999,-0.040177490562200546,0.16544941067695618,-0.12234169244766235,-0.034929804475640716,-0.010197415462968037,1.4914507710673484,0.04342493414878845,4.134101390838623,-1.282567024230957,2.0429391860961914,4.584158897399902,0.21593077,-0.06699054,-0.106706
407,13.854,-0.014373013749718666,0.017413219437003136,-0.8748217821121216,-0.025136321783065796,0.16868260502815247,-0.1267576962709427,-0.03636887686017866,-0.005977203952060346,1.4904697956798176,0.04883188381791115,4.109537601470947,-2.1751492023468018,1.6953098773956299,4.543098449707031,0.20758988,-0.10987586,-0.085637175
408,13.8883,-0.014341911301016808,0.024072302505373955,-0.8790760040283203,-0.012797978706657887,0.1695176661014557,-0.1274529993534088,-0.03795578797472963,0.00029537453845576716,1.4890438060741347,0.053705621510744095,4.047718048095703,-2.886375665664673,1.3955891132354736,4.535179138183594,0.19597332,-0.13974606,-0.067568496
409,13.9221,-0.013865950517356396,0.030682692304253578,-0.8832418918609619,-0.00022876741422805935,0.16879962384700775,-0.12472859770059586,-0.03879373080577704,0.005536005024258835,1.4879399258022967,0.05886891856789589,3.9523329734802246,-3.5825514793395996,1.0837817192077637,4.550414085388184,0.18152076,-0.16453762,-0.04977538
410,13.9563,-0.012913052923977375,0.03721090033650398,-0.8872770071029663,0.01222972758114338,0.16643819212913513,-0.119387187063694,-0.039163390048647655,0.010302954664432736,1.48697000253329,0.06416837126016617,3.7885894775390625,-4.233364105224609,0.7593721151351929,4.580636024475098,0.1652496,-0.18464966,-0.033122074
411,13.9902,-0.011459396220743656,0.04357054829597473,-0.891045331954956,0.024541236460208893,0.16229014098644257,-0.11152885109186172,-0.03903875827082115,0.01719945373676131,1.4856426830459946,0.06940589845180511,3.601546049118042,-4.8441057205200195,0.45273134112358093,4.627967357635498,0.14874507,-0.20006321,-0.018697958
412,14.0241,-0.00952476542443037,0.04966055974364281,-0.8944789171218872,0.03679294139146805,0.15644535422325134,-0.10164661705493927,-0.03830861104608389,0.022606796351301646,1.4845959275795388,0.074442058801651,3.3547301292419434,-5.376541614532471,0.15806028246879578,4.6820597648620605,0.13229945,-0.212033,-0.0062333746
413,14.0581,-0.006527304649353027,0.0567796528339386,-0.8982230424880981,0.05136318504810333,0.14664067327976227,-0.08721600472927094,-0.03720783502139167,0.02711603366129399,1.4837734102768678,0.08031940460205078,2.9819841384887695,-5.906652450561523,-0.188681498169899,4.746843338012695,0.112623006,-0.22308132,0.007126087
414,14.0919,-0.003700659144669771,0.06202610954642296,-0.9007619619369507,0.06226769834756851,0.13707587122917175,-0.07507982850074768,-0.03494419386790555,0.033075393393753504,1.482666067895613,0.08461380004882812,2.6774253845214844,-6.269860744476318,-0.4254271686077118,4.794984340667725,0.09798995,-0.22946796,0.015570028
415,14.1263,-0.0005533437943086028,0.0667957291007042,-0.9028197526931763,0.07251397520303726,0.12615099549293518,-0.06255767494440079,-0.03265276429292014,0.03722102182997677,1.481927839641443,0.08844282478094101,2.3385262489318848,-6.539358615875244,-0.6393114328384399,4.833484172821045,0.08382675,-0.23440968,0.02291674
416,14.16,0.002864554990082979,0.07105530053377151,-0.9045654535293579,0.08182644844055176,0.11385451257228851,-0.049871619790792465,-0.029229784618489883,0.04162105497111365,1.4810852154725418,0.0918666198849678,1.9820213317871094,-6.727753639221191,-0.8407243490219116,4.8614959716796875,0.070146695,-0.23810525,0.029754492
417,14.1942,0.0065647573210299015,0.07479333877563477,-0.9058376550674438,0.09027694165706635,0.10052081197500229,-0.0374516025185585,-0.026549183984459827,0.04414552778623781,1.480597990151112,0.09477472305297852,1.6158722639083862,-6.872372150421143,-1.010797381401062,4.8821611404418945,0.05664339,-0.2409067,0.035432868
418,14.2279,0.01056631002575159,0.07797933369874954,-0.9066551923751831,0.09769301861524582,0.08636268973350525,-0.025925053283572197,-0.022480385665090752,0.046952753407722723,1.480043386854103,0.09714840352535248,1.23001229763031,-6.958455562591553,-1.1545816659927368,4.895277976989746,0.042947147,-0.24296166,0.04031341
419,14.262,0.015916286036372185,0.0811261385679245,-0.9071547985076904,0.10540284216403961,0.0674075111746788,-0.01247146725654602,-0.01911605587188568,0.048536339732100295,1.4796712100917644,0.09939827769994736,0.7323680520057678,-6.960781574249268,-1.3153847455978394,4.907229423522949,0.025708912,-0.24434999,0.04617502
420,14.296,0.0203878004103899,0.08292310684919357,-0.9071192741394043,0.11041926592588425,0.051823366433382034,-0.002482581650838256,-0.016144597475224245,0.04944836421453315,1.4794934440890015,0.100587397813797,0.33002686500549316,-6.910202503204346,-1.422365665435791,4.914552688598633,0.011681895,-0.24459904,0.05034719
421,14.33,0.025015611201524734,0.08405981957912445,-0.9067213535308838,0.11433066427707672,0.035938605666160583,0.006651817820966244,-0.011905844745524178,0.05007496440713676,1.4793369833749594,0.101236991584301,-0.08105136454105377,-6.824817180633545,-1.5117260217666626,4.918644428253174,-0.0028985387,-0.2440674,0.054061968
422,14.3642,0.02974638156592846,0.08456679433584213,-0.9060589075088501,0.11714549362659454,0.019978249445557594,0.015328577719628811,-0.008538104857767046,0.05007128591588109,1.4793557586606445,0.10143382102251053,-0.4887278079986572,-6.682837963104248,-1.594924807548523,4.925199031829834,-0.017738674,-0.24255769,0.057888772
423,14.398,0.03450949862599373,0.08444886654615402,-0.9051204919815063,0.11888966709375381,0.0040460205636918545,0.023252904415130615,-0.0056304858654159,0.049731154471596734,1.4794143482046263,0.10118290036916733,-0.8878769278526306,-6.491000652313232,-1.6671373844146729,4.935229778289795,-0.03283455,-0.24004349,0.061652355
424,14.4319,0.03925693407654762,0.08373475819826126,-0.9039267301559448,0.11948943138122559,-0.011773993261158466,0.03067919611930847,-0.0015607880789931083,0.048796622116763506,1.4796271347757235,0.10052356868982315,-1.2842466831207275,-6.2667107582092285,-1.7327383756637573,4.945437431335449,-0.048444092,-0.23639159,0.06536201
425,14.4656,0.045077189803123474,0.08208944648504257,-0.9020707607269287,0.11892034113407135,-0.03115721046924591,0.038992319256067276,0.0016188674871859658,0.0476756310349219,1.4798371250276763,0.09919688105583191,-1.7428934574127197,-5.910930633544922,-1.7943685054779053,4.9705328941345215,-0.06788605,-0.23023191,0.069891006
426,14.5022,0.04960140213370323,0.08013488352298737,-0.9003256559371948,0.11729849129915237,-0.04608551785349846,0.04495279863476753,0.005439930967785576,0.04594716458605482,1.4801656259481375,0.09771903604269028,-2.0872902870178223,-5.580444812774658,-1.829908013343811,4.996201515197754,-0.08372319,-0.22383691,0.07339934
427,14.5361,0.05395583435893059,0.07763311266899109,-0.8983837366104126,0.11467193812131882,-0.06050366163253784,0.050663888454437256,0.00799138441355495,0.0445067106867014,1.4804061093945717,0.09590204805135727,-2.4175145626068115,-5.21451473236084,-1.8612269163131714,5.024222373962402,-0.100037865,-0.21577902,0.077018425
428,14.5702,0.05813933163881302,0.0746186375617981,-0.8962192535400391,0.1110815778374672,-0.07431352883577347,0.05604647099971771,0.011554061971470726,0.04218113439311413,1.480804651451702,0.09377562999725342,-2.722987174987793,-4.803515911102295,-1.8809016942977905,5.05772590637207,-0.116702124,-0.20586969,0.08061192
429,14.6041,0.06216266751289368,0.07111222296953201,-0.8939124345779419,0.10672280192375183,-0.08766540884971619,0.06107490882277489,0.014266870209933925,0.040132177313002025,1.4811027923357365,0.09141619503498077,-2.998225450515747,-4.336196422576904,-1.8894600868225098,5.098580837249756,-0.13384506,-0.19357398,0.08434819
430,14.638,0.06602982431650162,0.06716402620077133,-0.8914554119110107,0.10147374868392944,-0.10028798133134842,0.06576818227767944,0.016558050113567143,0.03819820637414329,1.4813747010830336,0.08889111131429672,-3.2462105751037598,-3.8244688510894775,-1.885373592376709,5.1427483558654785,-0.1514368,-0.17841275,0.08795331
431,14.672,0.07063479721546173,0.061666328459978104,-0.8881980180740356,0.09388987720012665,-0.1149851530790329,0.07143034785985947,0.01971295765714571,0.035224553990474444,1.4817159851767272,0.08561007678508759,-3.5295820236206055,-3.1397836208343506,-1.8682029247283936,5.197178363800049,-0.17369999,-0.15451698,0.091939166
432,14.7062,0.07410550862550735,0.056820571422576904,-0.8853998184204102,0.08715793490409851,-0.12582163512706757,0.07565564662218094,0.02217204570631922,0.032651601240537835,1.4820157239574157,0.08290994167327881,-3.7316083908081055,-2.561350107192993,-1.8375332355499268,5.239543914794922,-0.19097792,-0.13108592,0.09404209
433,14.74,0.07728876918554306,0.05166121572256088,-0.8824892044067383,0.07986289262771606,-0.13562282919883728,0.07982131093740463,0.025142512699652984,0.02917401428019334,1.482349018567839,0.0802198201417923,-3.914623975753784,-1.9795901775360107,-1.8009343147277832,5.276793003082275,-0.20638108,-0.104365066,0.09494623
434,14.7741,0.08016369491815567,0.046189386397600174,-0.8794059753417969,0.0718407854437828,-0.14470453560352325,0.083852618932724,0.027179092322480024,0.026529253968770868,1.4826218594215177,0.07754798978567123,-4.0558905601501465,-1.3900632858276367,-1.7462342977523804,5.313226699829102,-0.21902633,-0.07506624,0.094300196
435,14.8081,0.08497768640518188,0.03450808674097061,-0.8728674650192261,0.053787171840667725,-0.15957288444042206,0.0908430814743042,0.030063145980224523,0.022373563777054153,1.4829708666823724,0.07263076305389404,-4.230978965759277,-0.2741396725177765,-1.5863335132598877,5.374906539916992,-0.23365784,-0.015139495,0.08760603
436,14.8423,0.08497768640518188,0.03450808674097061,-0.8728674650192261,0.053787171840667725,-0.15957288444042206,0.0908430814743042,0.03228594090049155,0.018744053879493645,1.483258221763992,0.07263076305389404,-4.270543098449707,-0.28217849135398865,-1.6068446636199951,5.367754936218262,-0.23353887,-0.0154312095,0.08787189
437,14.8761,0.08884064853191376,0.020664650946855545,-0.8649908304214478,0.03065856732428074,-0.17060846090316772,0.09462614357471466,0.03414944418078786,0.01526994879421497,1.4835129531222582,0.06844452023506165,-4.303451061248779,0.7945098876953125,-1.319658637046814,5.416431427001953,-0.23537607,0.0434555,0.072178364
438,14.9101,0.08997973054647446,0.014415661804378033,-0.8614300489425659,0.019541332498192787,-0.17331786453723907,0.09482623636722565,0.03655614701908167,0.009790936977729783,1.4839177536079502,0.067197784781456,-4.305901527404785,1.2065842151641846,-1.1811671257019043,5.423230171203613,-0.2327451,0.06521899,0.063845135
439,14.944,0.0907076895236969,0.008176636882126331,-0.8578234910964966,0.007847235538065434,-0.17439670860767365,0.09263256937265396,0.03818160322922233,0.005104670195463624,1.484232139774634,0.06632225960493088,-4.2681756019592285,1.5874804258346558,-0.9993739128112793,5.423166275024414,-0.22887102,0.08512496,0.05358911
440,14.9778,0.09099733829498291,0.0020442770328372717,-0.8543678522109985,-0.00426346343010664,-0.17398415505886078,0.08889984339475632,0.03930401327658224,0.0007906109293249933,1.4844924637711892,0.06580083072185516,-4.1945013999938965,1.9419052600860596,-0.7973819971084595,5.4171342849731445,-0.22356436,0.10350236,0.04249997
441,15.0121,0.09084300696849823,-0.003915740642696619,-0.8511002063751221,-0.016655458137392998,-0.1717030256986618,0.08441431075334549,0.04039045400446927,-0.005565470925155689,1.4848790216034142,0.06557352095842361,-4.107879638671875,2.2742583751678467,-0.5970518589019775,5.4045023918151855,-0.21697053,0.12012208,0.031535164
442,15.0462,0.09003817290067673,-0.011094838380813599,-0.8474020957946777,-0.032153479754924774,-0.16666334867477417,0.07697321474552155,0.040747092886322916,-0.010501029351101981,1.4851993998825508,0.06559259444475174,-3.9371731281280518,2.6553375720977783,-0.32035961747169495,5.388648509979248,-0.20679718,0.13946968,0.016826658
443,15.08,0.088885597884655,-0.016587359830737114,-0.8447537422180176,-0.04466654732823372,-0.16073551774024963,0.0696924552321434,0.04055863678849698,-0.016395778298802653,1.485624839866691,0.06573356688022614,-3.785061836242676,2.9464919567108154,-0.10434725880622864,5.37455940246582,-0.19722684,0.15353177,0.0054371846
444,15.1144,0.08727545291185379,-0.021781185641884804,-0.8424072265625,-0.05687111243605614,-0.15330365300178528,0.061336010694503784,0.04003203413363664,-0.02023621055469743,1.4859200512735262,0.06588230282068253,-3.594841718673706,3.210125207901001,0.12244579195976257,5.36448335647583,-0.18641278,0.16646306,-0.0063495035
445,15.1479,0.08525226265192032,-0.02657262422144413,-0.8404185771942139,-0.06870952993631363,-0.14448824524879456,0.05251001566648483,0.038698360510427784,-0.025241590614582338,1.486351483370119,0.0659603476524353,-3.3899097442626953,3.4594905376434326,0.3327939808368683,5.358222961425781,-0.1745603,0.1781433,-0.017136922
446,15.182,0.0828501284122467,-0.030908936634659767,-0.8387935161590576,-0.08009559661149979,-0.13423416018486023,0.043165504932403564,0.037187312036241246,-0.028793787697341082,1.4866925011477037,0.06589194387197495,-3.1593360900878906,3.678037405014038,0.5395840406417847,5.355245590209961,-0.16189843,0.18847899,-0.027650686
447,15.2162,0.08008870482444763,-0.03478541597723961,-0.8375751972198486,-0.09086569398641586,-0.1228778287768364,0.03328833729028702,0.03558297386130708,-0.031566223696492236,1.487006221524115,0.06560337543487549,-2.9101858139038086,3.8707406520843506,0.7359732389450073,5.354243755340576,-0.14853,0.19755478,-0.037562586
448,15.2504,0.07618487626314163,-0.03898840397596359,-0.8364661931991577,-0.10330453515052795,-0.10747332125902176,0.02061540074646473,0.03290092305283969,-0.03490445659160913,1.4874277999246746,0.06492996960878372,-2.576977491378784,4.085253715515137,0.9687584638595581,5.355574607849121,-0.13077605,0.20731781,-0.049162403
449,15.2864,0.07270575314760208,-0.04173877835273743,-0.8360114097595215,-0.112441785633564,-0.09409797191619873,0.010372119024395943,0.0304568464937169,-0.037101545765573084,1.4877681519119867,0.06400330364704132,-2.294461488723755,4.2265238761901855,1.1382230520248413,5.355978488922119,-0.1160689,0.21380527,-0.057578783
450,15.3202,0.06898296624422073,-0.04390887916088104,-0.8359675407409668,-0.12063481658697128,-0.08016692101955414,-0.00011576429824344814,0.027100452088322426,-0.03926146095578982,1.488113297589261,0.06270311027765274,-2.0005621910095215,4.347219944000244,1.29013991355896,5.356456279754639,-0.100909814,0.21927695,-0.0650756
451,15.3542,0.06506311148405075,-0.04547499120235443,-0.8361483812332153,-0.12786246836185455,-0.06577885150909424,-0.010518817231059074,0.024540141031185285,-0.0404522226970023,1.4883748200083067,0.06105983629822731,-1.7039198875427246,4.42246150970459,1.439087152481079,5.350478172302246,-0.08600395,0.22322011,-0.07263674
452,15.388,0.06095840409398079,-0.046429794281721115,-0.8366903066635132,-0.1341560333967209,-0.05080939829349518,-0.020385224372148514,0.02070209729789317,-0.04164267234902453,1.488623825570229,0.058996524661779404,-1.3940093517303467,4.474330425262451,1.5666754245758057,5.3441009521484375,-0.070527144,0.2263699,-0.079262845
453,15.4221,0.05674309656023979,-0.04675046354532242,-0.8375341892242432,-0.13929739594459534,-0.03562212362885475,-0.029994459822773933,0.017510173895757104,-0.04220546070519632,1.4887528557250436,0.056529127061367035,-1.0866867303848267,4.478317737579346,1.6831018924713135,5.329621315002441,-0.05537515,0.22820516,-0.08576715
454,15.456,0.05130673944950104,-0.04622003436088562,-0.8390771150588989,-0.1443219631910324,-0.016493767499923706,-0.041444603353738785,0.0146715791494635,-0.0424300900207661,1.4888146410623333,0.052779391407966614,-0.7051116228103638,4.410374164581299,1.8026492595672607,5.297391891479492,-0.036599185,0.22892277,-0.093567446
455,15.4903,0.04684484004974365,-0.045213114470243454,-0.8406203985214233,-0.14705099165439606,-0.0013165806885808706,-0.050037845969200134,0.010629014007129003,-0.04231194553690746,1.488748727825354,0.049404412508010864,-0.37749168276786804,4.332368850708008,1.8797123432159424,5.272100448608398,-0.019919813,0.22861426,-0.09919032
456,15.5248,0.042368512600660324,-0.043656252324581146,-0.8424078226089478,-0.14884652197360992,0.013824405148625374,-0.058199845254421234,0.007390331321916032,-0.041912346537719476,1.4886272876796462,0.04572592303156853,-0.05188767984509468,4.20053243637085,1.9422268867492676,5.235556602478027,-0.0028028542,0.22690319,-0.10491467
457,15.5592,0.03789066895842552,-0.04169804975390434,-0.8443416357040405,-0.14950355887413025,0.028596434742212296,-0.06622596085071564,0.003384898291362403,-0.04101332993273597,1.4883548463001313,0.04192723333835602,0.27493104338645935,4.025820732116699,1.9975011348724365,5.190784454345703,0.015265343,0.22353072,-0.110909775
458,15.593,0.03344796970486641,-0.039300963282585144,-0.8465535640716553,-0.1492125689983368,0.04296958073973656,-0.07408291846513748,0.0005984760801690609,-0.04018384263814956,1.488110368112062,0.03799816966056824,0.6173363327980042,3.821693181991577,2.0345187187194824,5.143085956573486,0.035290115,0.21846762,-0.11630354
459,15.6272,0.029042907059192657,-0.036451637744903564,-0.8490540981292725,-0.1478421986103058,0.05699770525097847,-0.08158142119646072,-0.0033466293947060745,-0.03869357514284405,1.4875973101280582,0.034012146294116974,0.9554980397224426,3.5619957447052,2.0460033416748047,5.083532333374023,0.0566395,0.21114607,-0.121281885
460,15.6611,0.023722806945443153,-0.032350726425647736,-0.852620005607605,-0.14460428059101105,0.07363339513540268,-0.09043385088443756,-0.006450037280482257,-0.03727195062463533,1.487168408034501,0.029291192069649696,1.3732035160064697,3.1764326095581055,2.0172927379608154,4.998468399047852,0.0857051,0.19824918,-0.12590434
461,15.6949,0.019676370546221733,-0.02868880145251751,-0.8557788133621216,-0.14070165157318115,0.0861666351556778,-0.09720320999622345,-0.009115301331555086,-0.03586586814810074,1.486672261123419,0.026082094758749008,1.692333698272705,2.8160812854766846,1.9610636234283447,4.921062469482422,0.11057433,0.18399817,-0.1281327
462,15.7292,0.0158546082675457,-0.024712100625038147,-0.8591829538345337,-0.13576099276542664,0.09800226986408234,-0.10363996773958206,-0.012918648028973214,-0.03360378119878204,1.4859153907416185,0.023788627237081528,2.0135960578918457,2.425872564315796,1.8818871974945068,4.842597007751465,0.13710475,0.16517645,-0.12813675
463,15.7639,0.012200459837913513,-0.02043573558330536,-0.8627980947494507,-0.1299801915884018,0.10919539630413055,-0.10978250950574875,-0.01601049066958194,-0.03157728413739447,1.4851997993567143,0.022885223850607872,2.3188581466674805,1.984433889389038,1.7720935344696045,4.755910873413086,0.16426136,0.1405717,-0.1255301
464,15.7983,0.00881111342459917,-0.015862472355365753,-0.8666225671768188,-0.1232505664229393,0.11948850005865097,-0.11530369520187378,-0.018763651000046344,-0.029586444306289542,1.484589402834868,0.023646678775548935,2.6004252433776855,1.4983670711517334,1.627746343612671,4.665585994720459,0.19041157,0.10971529,-0.11918886
465,15.8321,0.005778996739536524,-0.011021943762898445,-0.8706450462341309,-0.1154765710234642,0.12898698449134827,-0.11970748007297516,-0.022716899337025007,-0.026457371505879346,1.4835807305720006,0.026004552841186523,2.868203639984131,0.9863736629486084,1.4553998708724976,4.580967903137207,0.21314278,0.07329968,-0.108154096
466,15.8662,0.002528692129999399,-0.0047034937888383865,-0.8759876489639282,-0.10443608462810516,0.13925808668136597,-0.12376732379198074,-0.025936898282715393,-0.023577551858149155,1.4827620748529102,0.030769875273108482,3.1229987144470215,0.29088354110717773,1.1727404594421387,4.476202011108398,0.23315775,0.021716869,-0.0875548
467,15.9,0.0003524746571201831,0.0005167028866708279,-0.8804314136505127,-0.09446044266223907,0.1462002843618393,-0.12531106173992157,-0.030015487880279714,-0.019444452762616877,1.481648607201148,0.03557033836841583,3.3050730228424072,-0.26957839727401733,0.9205014705657959,4.409776210784912,0.24009381,-0.01958326,-0.06686893
468,15.9342,-0.0014423958491533995,0.005839747842401266,-0.8849327564239502,-0.08360584825277328,0.1519666612148285,-0.12464939057826996,-0.032790000312843286,-0.016165736316376748,1.480882282597478,0.040887586772441864,3.4208359718322754,-0.8541457653045654,0.6242506504058838,4.353717803955078,0.23883887,-0.059635483,-0.04358447
469,15.9682,-0.0028483839705586433,0.011206848546862602,-0.8894708156585693,-0.07194440066814423,0.15631935000419617,-0.1212930679321289,-0.0366038300861617,-0.010817806120983101,1.4797441807056324,0.046514593064785004,3.516572952270508,-1.4261035919189453,0.30938461422920227,4.3201212882995605,0.23090796,-0.09364193,-0.020315055
470,16.0019,-0.0038479496724903584,0.01658128760755062,-0.8938688039779663,-0.05958988517522812,0.15909847617149353,-0.11454081535339355,-0.03933759407345246,-0.005941546721777707,1.478853885953219,0.052189409732818604,3.5492262840270996,-1.9948146343231201,-0.03592634201049805,4.305477619171143,0.21792802,-0.12248472,0.0022059334
471,16.0364,-0.004450086038559675,0.021943043917417526,-0.8979781866073608,-0.04657847806811333,0.16029025614261627,-0.10484565049409866,-0.04136980652821069,-0.0013020674406527396,1.4780096638876639,0.05773351714015007,3.5271100997924805,-2.546956777572632,-0.3873615860939026,4.311593532562256,0.20188211,-0.14578082,0.022171514
472,16.07,-0.004569869488477707,0.028456037864089012,-0.9024927616119385,-0.029748987406492233,0.15933044254779816,-0.08917109668254852,-0.0434510461141616,0.005684110070380866,1.476869564625001,0.06414847820997238,3.4457831382751465,-3.1899502277374268,-0.7974611520767212,4.3498687744140625,0.18086609,-0.16743764,0.041858025
473,16.1042,-0.00415794039145112,0.03348314389586449,-0.9055447578430176,-0.01584017276763916,0.15646427869796753,-0.0742870345711708,-0.04431405594896939,0.011366397539890709,1.4759606277449568,0.06878100335597992,3.328117847442627,-3.6615073680877686,-1.098257303237915,4.401562690734863,0.1641586,-0.18060295,0.05417127
474,16.1381,-0.003365171607583761,0.038286324590444565,-0.9080460071563721,-0.0020006769336760044,0.15176017582416534,-0.0578700415790081,-0.04440898931945231,0.016224728455413905,1.4752138773752987,0.07291920483112335,3.165235996246338,-4.083488464355469,-1.374267816543579,4.466824054718018,0.14801244,-0.19095168,0.06426337
475,16.1721,-0.002190799219533801,0.04279378801584244,-0.9100069999694824,0.011694662272930145,0.14529134333133698,-0.04084692895412445,-0.04349798432837425,0.022829865220920204,1.4742169230212274,0.07652290165424347,2.9898157119750977,-4.475875377655029,-1.6033414602279663,4.5425705909729,0.13308582,-0.19923487,0.071369626
476,16.2061,-0.0006720103556290269,0.046990856528282166,-0.9113825559616089,0.02497239224612713,0.13718757033348083,-0.02419145777821541,-0.04198661128142986,0.027601026504716443,1.473507057432667,0.07956259697675705,2.7676589488983154,-4.8039422035217285,-1.8007631301879883,4.621140956878662,0.11869637,-0.20602629,0.07722918
477,16.2402,0.0011783733498305082,0.05083020031452179,-0.9121742248535156,0.037719059735536575,0.12751904129981995,-0.008242910727858543,-0.039258793633510536,0.03283799963030276,1.4727476570478308,0.08201665431261063,2.5136263370513916,-5.067102432250977,-1.9618310928344727,4.699224948883057,0.10496411,-0.21159226,0.08192222
478,16.2745,0.0038944738917052746,0.05511315539479256,-0.9124350547790527,0.05241496488451958,0.11353924125432968,0.010184695944190025,-0.036926201574926584,0.0359388179560229,1.4722701522643795,0.08434245735406876,2.173546552658081,-5.32852029800415,-2.1106669902801514,4.789891719818115,0.08864919,-0.21732639,0.08608462
479,16.3084,0.009245834313333035,0.06066832318902016,-0.9111514091491699,0.07308270782232285,0.08812441676855087,0.035410214215517044,-0.03310948393630112,0.03955139597471538,1.4716807947151451,0.08629375696182251,1.5510473251342773,-5.5252556800842285,-2.2441837787628174,4.915149688720703,0.062927656,-0.22416556,0.09104895
480,16.3423,0.009245834313333035,0.06066832318902016,-0.9111514091491699,0.07308270782232285,0.08812441676855087,0.035410214215517044,-0.029805193861515127,0.04177748239564218,1.4712819863419058,0.08629375696182251,1.558448314666748,-5.595163345336914,-2.2298548221588135,4.911471843719482,0.06262366,-0.22483234,0.08960301
481,16.376,0.015726521611213684,0.06452545523643494,-0.9078372716903687,0.0894746333360672,0.05999571830034256,0.05602853000164032,-0.026760187485983567,0.04328736573685181,1.4710196649745328,0.08619101345539093,0.8769600987434387,-5.5719685554504395,-2.233342409133911,5.013547897338867,0.036138825,-0.22961639,0.09203426
482,16.4102,0.019292470067739487,0.06585366278886795,-0.9055185317993164,0.09595020115375519,0.045413050800561905,0.06431882828474045,-0.02215657232426694,0.04478700423024304,1.470738035689257,0.08553850650787354,0.5210670828819275,-5.55510950088501,-2.1785194873809814,5.051586627960205,0.021748403,-0.23186028,0.09092749
483,16.444,0.02402006834745407,0.06696003675460815,-0.9022524356842041,0.102358877658844,0.027078233659267426,0.07319238781929016,-0.01848517797678113,0.045435950008868096,1.4706155302791133,0.08437518775463104,0.07084780931472778,-5.440618991851807,-2.087808132171631,5.096914768218994,0.0030391708,-0.23338717,0.08956107
484,16.4781,0.027978580445051193,0.06734053045511246,-0.8992812633514404,0.10631110519170761,0.012396201491355896,0.07894723117351532,-0.015245146025969006,0.04569236664876149,1.4706268487137462,0.08311563730239868,-0.2940412163734436,-5.307131290435791,-1.9855282306671143,5.130175590515137,-0.012955611,-0.233835,0.08748341
485,16.5121,0.032006654888391495,0.06723305583000183,-0.8960361480712891,0.1091415286064148,-0.0021200329065322876,0.08335507661104202,-0.010603563133664633,0.045629316309953864,1.4706964903762518,0.08158505707979202,-0.6623132824897766,-5.1532416343688965,-1.8583903312683105,5.158520698547363,-0.03000702,-0.23347473,0.08419695
486,16.5462,0.03603396564722061,0.06663094460964203,-0.892694354057312,0.11062141507863998,-0.016614461317658424,0.08674315363168716,-0.0068970228620195365,0.045224665627073134,1.4709122064245481,0.07988099753856659,-1.0143623352050781,-4.9374284744262695,-1.7235469818115234,5.188486099243164,-0.047604077,-0.23171377,0.08088615
487,16.5799,0.04003795236349106,0.06548679620027542,-0.8891850709915161,0.11104872077703476,-0.03087575174868107,0.08908528834581375,-0.0023785024590633934,0.04438576572250897,1.4712640100045478,0.07793916761875153,-1.3607192039489746,-4.685669422149658,-1.574075698852539,5.217136859893799,-0.06635237,-0.22848599,0.07675622
488,16.6137,0.044016238301992416,0.06379695236682892,-0.8855631351470947,0.11032210290431976,-0.044768672436475754,0.09031959623098373,0.0006957380911412661,0.04357386361349549,1.4715641482593995,0.07580334693193436,-1.683322787284851,-4.364904880523682,-1.409432053565979,5.250665664672852,-0.08613085,-0.2233398,0.072116636
489,16.648,0.04888216033577919,0.060946300625801086,-0.8810081481933594,0.10788942873477936,-0.0616210512816906,0.09059727936983109,0.00495222034766475,0.04214069179524775,1.4719959798301558,0.07296129316091537,-2.0664000511169434,-3.903916120529175,-1.1981240510940552,5.291568279266357,-0.11287639,-0.21325007,0.065447114
490,16.682,0.052642542868852615,0.05808081477880478,-0.877363920211792,0.10480879247188568,-0.07464711368083954,0.08972170203924179,0.00824824474024714,0.0407872941352155,1.4723930571486867,0.07057943940162659,-2.3506574630737305,-3.4818601608276367,-1.0242211818695068,5.323784828186035,-0.13590397,-0.2013048,0.059215657
491,16.7161,0.056257523596286774,0.054683346301317215,-0.8737918138504028,0.10068757832050323,-0.08717474341392517,0.08791018277406693,0.011095555097326952,0.0394325524110706,1.4727142343761503,0.0681363120675087,-2.609780788421631,-3.0092880725860596,-0.8507764339447021,5.354671955108643,-0.16018178,-0.18470253,0.052218515
492,16.7506,0.059713806957006454,0.05074148252606392,-0.8702266216278076,0.0956830233335495,-0.09923642873764038,0.08509167283773422,0.015121108257901264,0.037233255726234316,1.4731956007431821,0.06564000993967056,-2.8608360290527344,-2.5095741748809814,-0.6781941652297974,5.378637313842773,-0.18502241,-0.16230482,0.0438617
493,16.7849,0.06293879449367523,0.046281684190034866,-0.8667812347412109,0.08972816169261932,-0.11078809201717377,0.08134725689888,0.018338352496339097,0.03517853956026492,1.4734998668977237,0.06315667182207108,-3.0780978202819824,-1.9642324447631836,-0.5084806680679321,5.399356842041016,-0.20873225,-0.13319871,0.034481138
494,16.8192,0.06589996069669724,0.0414130873978138,-0.8635004758834839,0.08275090157985687,-0.12155532091856003,0.0768330991268158,0.022472523098091213,0.0322378521174642,1.473931432152371,0.06080907955765724,-3.2607316970825195,-1.4029467105865479,-0.34570732712745667,5.413516044616699,-0.22856465,-0.09834112,0.024232743
495,16.8529,0.0691712349653244,0.0346674770116806,-0.8597685098648071,0.07254060357809067,-0.13377851247787476,0.07008831948041916,0.025311042942979162,0.029864455437553197,1.4741547382097742,0.05805424228310585,-3.449291467666626,-0.6939702033996582,-0.1668281853199005,5.418926239013672,-0.24481378,-0.0492546,0.011840646
496,16.887,0.07142314314842224,0.028811512514948845,-0.8570889234542847,0.06344975531101227,-0.14271725714206696,0.06360144168138504,0.02855231180728195,0.026783766864603778,1.4744285111698343,0.05609652400016785,-3.5633249282836914,-0.12895408272743225,-0.03707793354988098,5.41652774810791,-0.24982294,-0.009040907,0.0025995157
497,16.9211,0.0732877179980278,0.022589119151234627,-0.8547378778457642,0.05334291234612465,-0.15058930218219757,0.055851276963949203,0.03250352948392943,0.02218590454696064,1.4746610051329982,0.05440162122249603,-3.6537928581237793,0.4170280396938324,0.07538685202598572,5.406093597412109,-0.24833518,0.0283439,-0.0051237736
498,16.955,0.0747179239988327,0.016088590025901794,-0.8527917861938477,0.04212798923254013,-0.15695767104625702,0.047366607934236526,0.03516400868756717,0.01840282180066503,1.474837173239107,0.05302366241812706,-3.6820602416992188,0.94667649269104,0.1817323863506317,5.39497184753418,-0.24184929,0.062180687,-0.011936754
499,16.9884,0.07564721256494522,0.009398497641086578,-0.8512392044067383,0.03020303137600422,-0.16187416017055511,0.038942452520132065,0.03850959648460081,0.012257869908848718,1.4749599449653596,0.05196891725063324,-3.6880407333374023,1.4486606121063232,0.25654110312461853,5.379987716674805,-0.23220627,0.09121051,-0.01615233
500,17.0227,0.07604438066482544,0.0025755716487765312,-0.8500770330429077,0.017270402982831,-0.1652301698923111,0.030380945652723312,0.04063396679664339,0.00685169814892045,1.4750807193207947,0.051244474947452545,-3.6277613639831543,1.9338304996490479,0.3243771493434906,5.367828369140625,-0.21992931,0.11723649,-0.01966503
501,17.0563,0.07574032992124557,-0.006050005089491606,-0.8490338325500488,0.00043200774234719574,-0.16668261587619781,0.020091407001018524,0.042024640389558346,0.0018944731910158173,1.4751152072569111,0.05080930143594742,-3.4591662883758545,2.504744052886963,0.4096554219722748,5.3613481521606445,-0.20156509,0.14595105,-0.023870558
502,17.0901,0.07488616555929184,-0.012926949188113213,-0.8485686779022217,-0.013303374871611595,-0.16578485071659088,0.012727358378469944,0.04311991116093467,-0.005291637107703446,1.4751990968312487,0.05087615177035332,-3.303008556365967,2.940326690673828,0.43602922558784485,5.361907482147217,-0.1858299,0.16542512,-0.024531351
503,17.1242,0.07342860847711563,-0.01971004344522953,-0.848402738571167,-0.027311868965625763,-0.16300778090953827,0.005793748889118433,0.04323132284066245,-0.011011779955692545,1.4752425063570171,0.051243871450424194,-3.081411600112915,3.35105037689209,0.45331069827079773,5.37515926361084,-0.16838515,0.18311968,-0.024771372
504,17.1581,0.0713793933391571,-0.026341130957007408,-0.8483821153640747,-0.041204411536455154,-0.15833860635757446,-0.00024806708097457886,0.042738092923212165,-0.01586572913898472,1.4753459701653666,0.051922526210546494,-2.806204319000244,3.735400438308716,0.4617926776409149,5.401606559753418,-0.14943115,0.1989111,-0.024590587
505,17.1919,0.06874290108680725,-0.032782766968011856,-0.8485831022262573,-0.05475066602230072,-0.15197497606277466,-0.0055755930952727795,0.041114222126157944,-0.02249597139925152,1.4754345202716117,0.052884239703416824,-2.4979898929595947,4.112242221832275,0.4419269263744354,5.440426826477051,-0.12924877,0.21277197,-0.022865789
506,17.226,0.06551332771778107,-0.03897468000650406,-0.8489725589752197,-0.06769900023937225,-0.14401520788669586,-0.010009972378611565,0.03912061302363826,-0.027434839010911694,1.4755702083291513,0.05409442260861397,-2.137559413909912,4.462779998779297,0.4112182557582855,5.49131965637207,-0.10762388,0.22469631,-0.02070441
507,17.26,0.06074501574039459,-0.046238310635089874,-0.8497092723846436,-0.08281764388084412,-0.1320807784795761,-0.014314967207610607,0.035880586274312634,-0.03294864773181175,1.4757361232650632,0.055940162390470505,-1.636749267578125,4.852952480316162,0.3555794656276703,5.564679145812988,-0.079703614,0.23632078,-0.0173154
508,17.2941,0.056451473385095596,-0.05159007012844086,-0.8504526615142822,-0.09388419985771179,-0.12100601941347122,-0.01655031181871891,0.03321598749336367,-0.036333273725355664,1.4759241424380227,0.057664114981889725,-1.2181336879730225,5.152300834655762,0.2810923755168915,5.63239860534668,-0.057439648,0.24295062,-0.013254577
509,17.3282,0.0517679825425148,-0.05650525912642479,-0.8512991666793823,-0.10377056151628494,-0.10890074819326401,-0.018072083592414856,0.02892748254525226,-0.04050950978876342,1.4762168238418225,0.05956501141190529,-0.7840220928192139,5.418946266174316,0.19767460227012634,5.704067707061768,-0.035774373,0.24726269,-0.009019752
510,17.3621,0.04677243530750275,-0.06094556301832199,-0.8521624803543091,-0.11251436173915863,-0.09585404396057129,-0.018547914922237396,0.02507154777898078,-0.043279842306772336,1.4765209568383095,0.061610814183950424,-0.34676557779312134,5.63763952255249,0.11232063174247742,5.77420711517334,-0.01534521,0.2494791,-0.004970458
511,17.396,0.04148805886507034,-0.06490152329206467,-0.852967381477356,-0.11987921595573425,-0.082011878490448,-0.018082739785313606,0.021462140586461165,-0.04532078493647898,1.4768105756068557,0.06376201659440994,0.08458508551120758,5.811865329742432,0.030621737241744995,5.841111183166504,0.0036380298,0.24997006,-0.0013170501
512,17.4299,0.03601088002324104,-0.06833364069461823,-0.853679895401001,-0.1258184313774109,-0.06756628304719925,-0.016968347132205963,0.016046453747271018,-0.047544690894263275,1.4772195039922373,0.06596574932336807,0.5103302001953125,5.95988130569458,-0.046451300382614136,5.9089508056640625,0.021328202,0.24908099,0.0019413366
513,17.4634,0.029013074934482574,-0.0719226524233818,-0.8544572591781616,-0.13114356994628906,-0.048896949738264084,-0.014710266143083572,0.01164172782501017,-0.04873479516758164,1.4775294959431227,0.06877560913562775,1.0057414770126343,6.0695414543151855,-0.12090495228767395,5.976076126098633,0.040860597,0.24658929,0.004912046
514,17.4981,0.0233470369130373,-0.07426771521568298,-0.8549798727035522,-0.13371723890304565,-0.033815648406744,-0.012400531210005283,0.0077528556857490195,-0.04939445184721586,1.4777697130734477,0.07105109840631485,1.381828784942627,6.123917579650879,-0.16698184609413147,6.022805213928223,0.055008203,0.24378252,0.006647257
515,17.532,0.017711136490106583,-0.07614296674728394,-0.8553900718688965,-0.13475419580936432,-0.0187540240585804,-0.009845164604485035,0.002323055653227404,-0.049683442276192286,1.4781099319027053,0.07330083847045898,1.7433218955993652,6.158962726593018,-0.19746485352516174,6.066630840301514,0.068056166,0.24043489,0.0077086743
516,17.5659,0.012192451395094395,-0.07747336477041245,-0.855622410774231,-0.13447865843772888,-0.0037116422317922115,-0.007190101779997349,-0.0018543229166909704,-0.049441610604456274,1.4783023452914636,0.07539419829845428,2.0746543407440186,6.155448913574219,-0.20020106434822083,6.095340251922607,0.07980967,0.23679335,0.0077015148
517,17.6003,0.006882424466311932,-0.07822912931442261,-0.8556894063949585,-0.1326221376657486,0.011096056550741196,-0.004435019101947546,-0.0067777236481569945,-0.04857613734564017,1.4784034122548322,0.07723818719387054,2.384141683578491,6.128163814544678,-0.17606142163276672,6.116316795349121,0.090611026,0.23290528,0.0066913413
518,17.6342,0.0018120435997843742,-0.07840307056903839,-0.8556429147720337,-0.12951037287712097,0.02571938931941986,-0.002040127757936716,-0.009981945965131911,-0.04764587853211868,1.4783891643430003,0.07877512276172638,2.661797523498535,6.064777851104736,-0.12150648236274719,6.119867324829102,0.10045567,0.22888343,0.004585629
519,17.6679,-0.004131253808736801,-0.07781188935041428,-0.855400800704956,-0.12388202548027039,0.04353829473257065,0.0005649919039569795,-0.01417316959175247,-0.045982185154389364,1.4781474824740755,0.08020547032356262,2.9823522567749023,5.949978351593018,-0.010268956422805786,6.109990119934082,0.11202447,0.2234958,0.0003857272
520,17.702,-0.008511568419635296,-0.0767049789428711,-0.8550897836685181,-0.11812663078308105,0.05734812468290329,0.0020489939488470554,-0.017127412108382766,-0.044353537312129813,1.4778369578909722,0.08091528713703156,3.2170441150665283,5.826056957244873,0.11644616723060608,6.088589668273926,0.12082766,0.21881853,-0.0043735546
521,17.7363,-0.012561258859932423,-0.07511282712221146,-0.854683518409729,-0.1111769750714302,0.07067088782787323,0.0028422116301953793,-0.019478162556352395,-0.04275947727452766,1.477482624307937,0.0812871977686882,3.432269811630249,5.674694538116455,0.2776353061199188,6.055759906768799,0.12927085,0.21372811,-0.010456681
522,17.7701,-0.016268223524093628,-0.07304979860782623,-0.8542380332946777,-0.10347854346036911,0.08348643779754639,0.0028723429422825575,-0.02238155742151359,-0.04028652830411813,1.476870629889437,0.08131161332130432,3.6425483226776123,5.497584819793701,0.47173377871513367,6.014965057373047,0.13773187,0.2078744,-0.017837174
523,17.8042,-0.01961454749107361,-0.07049744576215744,-0.8538148403167725,-0.09506665170192719,0.09558694809675217,0.0021665627136826515,-0.024310942729870343,-0.03813720334042366,1.476247317036304,0.08095185458660126,3.835002899169922,5.290184497833252,0.6895079612731934,5.96195125579834,0.14592212,0.20129187,-0.026235824
524,17.8382,-0.022547122091054916,-0.06750664114952087,-0.8534548282623291,-0.08594456315040588,0.10681358724832535,0.0005230279639363289,-0.02578114705143239,-0.0361980600433853,1.4756881863654419,0.08021188527345657,4.007935523986816,5.057975769042969,0.926044225692749,5.900146007537842,0.15368967,0.19395487,-0.03551041
525,17.8721,-0.02568734809756279,-0.06314679980278015,-0.853020191192627,-0.0736728385090828,0.1200028657913208,-0.003036953043192625,-0.027521321006122815,-0.03329794627591086,1.4747278504763592,0.0787762776017189,4.207441329956055,4.7251715660095215,1.257460355758667,5.811121940612793,0.16306242,0.18312743,-0.048733786
526,17.9062,-0.027725886553525925,-0.05919070914387703,-0.8528406620025635,-0.06345401704311371,0.12978331744670868,-0.007244988344609737,-0.02864124890412299,-0.030937603246530446,1.4739727111492673,0.07720661908388138,4.346358776092529,4.427558898925781,1.5313835144042969,5.73187780380249,0.17003046,0.17320701,-0.05990804
527,17.9399,-0.02933880127966404,-0.05482155829668045,-0.8529082536697388,-0.0526883490383625,0.1387651115655899,-0.012400902807712555,-0.02972145617058355,-0.027903459655413965,1.4729050498682545,0.07526485621929169,4.468542098999023,4.100789546966553,1.8004209995269775,5.648746490478516,0.17657757,0.16204557,-0.071144894
528,17.974,-0.03056878224015236,-0.050092149525880814,-0.8533273935317993,-0.041640203446149826,0.14702117443084717,-0.01872388646006584,-0.030305416657421473,-0.02574340298476432,1.4722059700821086,0.07303139567375183,4.5602030754089355,3.751394748687744,2.0423848628997803,5.56248664855957,0.18246128,0.15009952,-0.0817192
529,18.0081,-0.031985167413949966,-0.039619021117687225,-0.8550988435745239,-0.019124850630760193,0.16117273271083832,-0.03454532474279404,-0.03090722656534673,-0.022574911239031752,1.47112778931479,0.06795736402273178,4.665707111358643,2.9704549312591553,2.43377947807312,5.387510776519775,0.19302681,0.12289186,-0.100688845
530,18.0427,-0.031985167413949966,-0.039619021117687225,-0.8550988435745239,-0.019124850630760193,0.16117273271083832,-0.03454532474279404,-0.031214472131357807,-0.0200067709044087,1.4703293736199843,0.06795736402273178,4.69049072265625,2.9539706707000732,2.447152853012085,5.387167453765869,0.19352423,0.12187741,-0.10096669
531,18.0761,-0.03196844831109047,-0.02655375935137272,-0.8591835498809814,0.0064513771794736385,0.17337697744369507,-0.05626889690756798,-0.03137177132502442,-0.017671380446085565,1.4695868843080702,0.06205001100897789,4.676647663116455,1.92006254196167,2.647761344909668,5.197591781616211,0.20486937,0.08411196,-0.11599018
532,18.1102,-0.031358107924461365,-0.02040906809270382,-0.8617100715637207,0.01769443228840828,0.17730629444122314,-0.0661318376660347,-0.031435477051131554,-0.014193152662603771,1.4686523810815615,0.05964049696922302,4.64248514175415,1.3756877183914185,2.647928476333618,5.119618892669678,0.21030474,0.0623187,-0.11995125
533,18.1439,-0.030433833599090576,-0.014117603190243244,-0.8646239042282104,0.02858835831284523,0.18029342591762543,-0.07630811631679535,-0.031404657203297694,-0.011333643779374637,1.467862221186135,0.05763121694326401,4.572006702423096,0.7908084392547607,2.586458921432495,5.047327995300293,0.2151695,0.037217323,-0.1217249
534,18.1781,-0.02923266589641571,-0.007711561396718025,-0.8678934574127197,0.03933563455939293,0.182352676987648,-0.08574395626783371,-0.03132928766385385,-0.008674964810215948,1.4672659394180663,0.056221961975097656,4.46694278717041,0.16342592239379883,2.460817575454712,4.9839959144592285,0.21885881,0.008007088,-0.120568275
535,18.2121,-0.027821902185678482,-0.001217187149450183,-0.8715052604675293,0.049775686115026474,0.1833815723657608,-0.09447969496250153,-0.031219721471537707,-0.004592453291827565,1.4664247799877648,0.055638521909713745,4.347513675689697,-0.5138922929763794,2.2825074195861816,4.930319786071777,0.2201458,-0.026022054,-0.11557973
536,18.2461,-0.02575603872537613,0.006969612091779709,-0.8764164447784424,0.06237476319074631,0.18321453034877777,-0.10319291800260544,-0.031070746736872195,-0.0011739043736386273,1.4658704430068648,0.05622968450188637,4.1386308670043945,-1.3810752630233765,1.9782845973968506,4.8782639503479,0.21597949,-0.072073095,-0.10323919
537,18.2802,-0.02391684055328369,0.01348031684756279,-0.8806105852127075,0.07198891043663025,0.18189528584480286,-0.10822481662034988,-0.030837081398947565,0.003353070135369728,1.4652041201021269,0.05784117057919502,3.946629762649536,-2.0817418098449707,1.68998122215271,4.8485260009765625,0.20678885,-0.1090756,-0.08854879
538,18.3143,-0.021869350224733353,0.01987377554178238,-0.8849198818206787,0.08119616657495499,0.17934638261795044,-0.1106247827410698,-0.030619750809240284,0.006775238898054005,1.4648319433397883,0.06031367555260658,3.744926929473877,-2.7757625579833984,1.3762964010238647,4.8319830894470215,0.19262426,-0.14277427,-0.07079125
539,18.3481,-0.019649939611554146,0.02612065151333809,-0.8893791437149048,0.08994688838720322,0.17552326619625092,-0.11061640083789825,-0.03030743899537425,0.010978210602092635,1.4644400591853832,0.06358571350574493,3.5151171684265137,-3.4235947132110596,1.0349657535552979,4.824142932891846,0.17523722,-0.1706746,-0.051595584
540,18.382,-0.017239436507225037,0.03216543793678284,-0.8937370777130127,0.09818009287118912,0.1703215390443802,-0.10763511806726456,-0.029663942294010846,0.016635774886100026,1.4640504387179045,0.06736287474632263,3.280956506729126,-4.031444072723389,0.6886744499206543,4.827778339385986,0.15643768,-0.1922213,-0.032836348
541,18.4159,-0.01458117924630642,0.03798924386501312,-0.8978387117385864,0.10600801557302475,0.16365878283977509,-0.10195918381214142,-0.02894167220043534,0.020760266561765384,1.4637915794599488,0.07138008624315262,3.006901741027832,-4.560899257659912,0.3389417231082916,4.838873863220215,0.13734151,-0.208321,-0.015481307
542,18.45,-0.010968562215566635,0.0448596216738224,-0.9024251699447632,0.11503847688436508,0.153448224067688,-0.09188918024301529,-0.027497188189338575,0.026693337981433377,1.4634859817248622,0.07643700391054153,2.650604248046875,-5.132126331329346,-0.07284790277481079,4.861466407775879,0.11471191,-0.22210635,0.0031526857
543,18.484,-0.007914196699857712,0.04993205517530441,-0.9055695533752441,0.12155015766620636,0.14380349218845367,-0.08131872862577438,-0.025955305303155964,0.03125385778716656,1.4633227299500404,0.08030303567647934,2.356541156768799,-5.502124309539795,-0.38337016105651855,4.882524490356445,0.09822519,-0.22933918,0.01597961
544,18.5181,-0.004757145419716835,0.05456226319074631,-0.9082107543945312,0.12719431519508362,0.13293074071407318,-0.06895114481449127,-0.024295425655331427,0.03500356987664671,1.4632241929897074,0.0838664099574089,2.0569255352020264,-5.787065029144287,-0.6779935359954834,4.902740478515625,0.083221674,-0.23414034,0.027431112
545,18.5521,-0.0014889794401824474,0.058805763721466064,-0.9102238416671753,0.13199298083782196,0.12077987194061279,-0.05597034469246864,-0.021439222836924274,0.039813205515816186,1.4631805171478303,0.08701741695404053,1.767598032951355,-6.027099132537842,-0.9313465356826782,4.922550678253174,0.069594584,-0.2373014,0.036669355
546,18.5861,0.001857530209235847,0.06261502206325531,-0.91170334815979,0.13587836921215057,0.10782318562269211,-0.04227655008435249,-0.018847403255140133,0.043073705316021796,1.4632260572024705,0.08974738419055939,1.4707298278808594,-6.191252708435059,-1.165160059928894,4.939601421356201,0.056834687,-0.23925394,0.045026287
547,18.62,0.005257274489849806,0.06595601886510849,-0.9126584529876709,0.13877379894256592,0.09392093122005463,-0.029060836881399155,-0.015338758218879893,0.04635808618106484,1.4633954342477995,0.09200827777385712,1.179399013519287,-6.309571743011475,-1.3650693893432617,4.953322410583496,0.04493017,-0.2403683,0.052003436
548,18.6541,0.00960832554847002,0.06945384293794632,-0.912990927696228,0.1411081999540329,0.07556675374507904,-0.013186558149755001,-0.01281776311763235,0.04809768797223982,1.4635592186548394,0.0940399095416069,0.8098790049552917,-6.348918437957764,-1.57435941696167,4.971622467041016,0.03071842,-0.2408122,0.059714887
549,18.6879,0.01302773505449295,0.07167549431324005,-0.912835955619812,0.1418198198080063,0.060447052121162415,-0.0013319862773641944,-0.00920768077216451,0.04978262005966252,1.463934058578268,0.0951695442199707,0.5280236601829529,-6.3544511795043945,-1.714093565940857,4.982494354248047,0.019992642,-0.24059957,0.06490099
550,18.722,0.01634429208934307,0.07334963232278824,-0.9123146533966064,0.14167027175426483,0.0449821874499321,0.010117098689079285,-0.006368190329894905,0.05051509755035359,1.4643151569302584,0.09581328928470612,0.25788480043411255,-6.301748275756836,-1.8411635160446167,4.995602607727051,0.009812568,-0.23978278,0.07005664
551,18.756,0.019552141427993774,0.07449562102556229,-0.911442756652832,0.14053863286972046,0.029364505782723427,0.02076631970703602,-0.003910072357954403,0.05073381381606555,1.4646726863066015,0.09597279131412506,0.002083461731672287,-6.204211711883545,-1.9512748718261719,5.0105390548706055,8.008603e-05,-0.23848324,0.07500491
552,18.7902,0.02265547402203083,0.07512354105710983,-0.9102678298950195,0.13859988749027252,0.013749795034527779,0.03069632314145565,-0.0005858014879674528,0.050425869170268325,1.4652854796734287,0.09566550701856613,-0.24950967729091644,-6.079416751861572,-2.04671573638916,5.024904251098633,-0.009716791,-0.23675404,0.07970637
553,18.8242,0.02563703991472721,0.0751735046505928,-0.9088530540466309,0.13585153222084045,-0.0016357289860025048,0.03990175575017929,0.0019260034318689717,0.04977328651227963,1.4657889502775083,0.09486359357833862,-0.4849826395511627,-5.903905391693115,-2.1309962272644043,5.043405532836914,-0.019259311,-0.23445201,0.08462472
554,18.858,0.029129767790436745,0.0744602233171463,-0.9068756103515625,0.1314639300107956,-0.020523522049188614,0.0503414086997509,0.003984313694975516,0.04891619388851886,1.466270582960649,0.0932430699467659,-0.7499846816062927,-5.613654613494873,-2.2248570919036865,5.073276996612549,-0.03081353,-0.23064005,0.09140947
555,18.8928,0.03179467096924782,0.07323209196329117,-0.9049971103668213,0.1271885186433792,-0.035089097917079926,0.05803203210234642,0.006704887232640629,0.04727719716871083,1.4669005537165074,0.09133568406105042,-0.9635478854179382,-5.342175006866455,-2.286553382873535,5.096993446350098,-0.040895566,-0.22673629,0.097047485
556,18.9271,0.034349970519542694,0.07145339250564575,-0.9028469324111938,0.12228481471538544,-0.049322664737701416,0.06534719467163086,0.009163231989392707,0.04533291480300645,1.4675229344632588,0.08890488743782043,-1.1581679582595825,-5.014564037322998,-2.331766366958618,5.126439094543457,-0.05124489,-0.22187696,0.103172526
557,18.9611,0.036758169531822205,0.06917021423578262,-0.9003802537918091,0.11691002547740936,-0.06296079605817795,0.07253795862197876,0.010987356895961376,0.04353591356796186,1.4679925829214944,0.08596150577068329,-1.345449447631836,-4.644434928894043,-2.360445737838745,5.157999038696289,-0.062511906,-0.21578848,0.10967039
558,18.9952,0.03907627612352371,0.06646272540092468,-0.8976401090621948,0.11122770607471466,-0.07595658302307129,0.07965445518493652,0.012440386949384315,0.04184634175457754,1.4684294744983217,0.08260709792375565,-1.509629726409912,-4.226715564727783,-2.365638256072998,5.1952362060546875,-0.07438806,-0.20827436,0.116568476
559,19.0291,0.04128800705075264,0.06336713582277298,-0.8946516513824463,0.10514608770608902,-0.08845032006502151,0.08659613877534866,0.01438002542793787,0.039228791459355115,1.4689940646494186,0.0788932740688324,-1.6722760200500488,-3.77238130569458,-2.3571712970733643,5.2323737144470215,-0.087973356,-0.1984535,0.12400361
560,19.063,0.04392518475651741,0.05901413410902023,-0.8906924724578857,0.09713344275951385,-0.1027383804321289,0.0950637012720108,0.015827703151748133,0.03705184452172948,1.4694870157671922,0.07388685643672943,-1.8381930589675903,-3.1615076065063477,-2.3155603408813477,5.2833709716796875,-0.10616803,-0.18259837,0.13373922
561,19.0981,0.04588886722922325,0.05513591319322586,-0.88725745677948,0.09028796851634979,-0.11335489153862,0.10190746188163757,0.01703068734594785,0.03505290493584043,1.4698589262134218,0.06955410540103912,-1.9537017345428467,-2.6446523666381836,-2.2619247436523438,5.325173377990723,-0.12238418,-0.16566685,0.14169195
562,19.1317,0.047689713537693024,0.05098552256822586,-0.8835687637329102,0.08318469673395157,-0.12310025095939636,0.10909595340490341,0.018721945481256785,0.03202201331408629,1.470434967957206,0.06501137465238571,-2.062485694885254,-2.120457887649536,-2.1943676471710205,5.36594295501709,-0.13999549,-0.14393046,0.14894725
563,19.1652,0.04927804321050644,0.046608779579401016,-0.8795821666717529,0.0758492723107338,-0.13205023109912872,0.1164897084236145,0.02014675538980059,0.029450292276153842,1.4708333768562818,0.06029988452792168,-2.140169620513916,-1.597805142402649,-2.098755121231079,5.4086012840271,-0.15751483,-0.117597215,0.15446675
564,19.1993,0.050628989934921265,0.04202916845679283,-0.8753306865692139,0.06815473735332489,-0.13992629945278168,0.12389755994081497,0.021964543845510012,0.02602428949776742,1.4713664085484612,0.05549586936831474,-2.1872711181640625,-1.0877629518508911,-1.975990891456604,5.451049327850342,-0.17403705,-0.08655126,0.15722588
565,19.233,0.05170483514666557,0.03729066625237465,-0.8707783222198486,0.060185495764017105,-0.1470232754945755,0.13115110993385315,0.023326436573300698,0.023414451966733214,1.4716734710221473,0.05068044736981392,-2.223306655883789,-0.5964102745056152,-1.8323280811309814,5.489744186401367,-0.18891878,-0.050678167,0.15569656
566,19.2672,0.052690982818603516,0.03110136091709137,-0.8648375272750854,0.049693189561367035,-0.15449178218841553,0.13977326452732086,0.02534848116224079,0.019375125269896147,1.472168020036575,0.04484749212861061,-2.207573413848877,-0.004866212606430054,-1.6112362146377563,5.538384437561035,-0.20193416,-0.00044512883,0.1473852
567,19.3011,0.05325385555624962,0.02596271224319935,-0.8598653078079224,0.04091620072722435,-0.15932050347328186,0.14570721983909607,0.027038650106275774,0.015796601383345748,1.4724927925315103,0.04058733955025673,-2.1927952766418457,0.4449177086353302,-1.411667823791504,5.5690412521362305,-0.20721287,0.042043447,0.13339856
568,19.335,0.05360109731554985,0.02070033922791481,-0.8547015190124512,0.03176959976553917,-0.16297872364521027,0.1500602513551712,0.028530136830017837,0.012369213969251948,1.4728358076799124,0.03699156641960144,-2.1384618282318115,0.8745421171188354,-1.1652730703353882,5.595573425292969,-0.20660621,0.08449336,0.11258216
569,19.3691,0.053698062896728516,0.015389899723231792,-0.8493856191635132,0.02233036980032921,-0.16553369164466858,0.15230390429496765,0.03063970163087526,0.0068458235900627626,1.4732459344877846,0.034412119537591934,-2.0853207111358643,1.2841897010803223,-0.8882526159286499,5.6106390953063965,-0.20011681,0.123236656,0.085240744
570,19.4032,0.05348130315542221,0.010032999329268932,-0.8440045118331909,0.012353905476629734,-0.16667525470256805,0.15080483257770538,0.03218458889566262,0.0019092086121703343,1.473580826994862,0.03309832513332367,-1.9933357238769531,1.6779705286026,-0.5495733022689819,5.615962982177734,-0.18714,0.15753262,0.051595498
571,19.4382,0.05290958285331726,0.004667873959988356,-0.8387130498886108,0.0018051648512482643,-0.1663896143436432,0.14605997502803802,0.033351731726957455,-0.002769102886599351,1.4738071956875187,0.03315747156739235,-1.8638577461242676,2.0575313568115234,-0.16713479161262512,5.6127729415893555,-0.16753796,0.18494685,0.015023368
572,19.4722,0.05169204622507095,-0.0019930689595639706,-0.8323613405227661,-0.011846459470689297,-0.16349494457244873,0.13407845795154572,0.034502976734901276,-0.009780024259044263,1.4741807040304025,0.03501664474606514,-1.6727443933486938,2.5130999088287354,0.3745437562465668,5.594943046569824,-0.13746883,0.20653059,-0.030780608
573,19.5059,0.05034322664141655,-0.007210389245301485,-0.8277989625930786,-0.023053651675581932,-0.1591903418302536,0.11941233277320862,0.03483287789552945,-0.01555796966610704,1.4744379653917041,0.0374562032520771,-1.490990400314331,2.859987258911133,0.8416124582290649,5.5741095542907715,-0.111825384,0.21450117,-0.06312156
574,19.5401,0.04867902398109436,-0.012284568510949612,-0.8238641023635864,-0.03435854613780975,-0.15303294360637665,0.10116124898195267,0.03432867076096099,-0.022621986772488105,1.474819995850076,0.04027445614337921,-1.2962422370910645,3.1946449279785156,1.306220531463623,5.551582336425781,-0.087898426,0.21662946,-0.08857506
575,19.5741,0.04667063057422638,-0.017153652384877205,-0.820693850517273,-0.04540852829813957,-0.1449284702539444,0.07853180915117264,0.03331406672288425,-0.027259813151239244,1.4750640745639818,0.04306771233677864,-1.0606732368469238,3.4888157844543457,1.7868232727050781,5.5298261642456055,-0.0653005,0.21478947,-0.11000604
576,19.608,0.041610196232795715,-0.025890173390507698,-0.8172245025634766,-0.06619348376989365,-0.12329717725515366,0.02711263671517372,0.030846776969791132,-0.03325268085975792,1.4755001671924821,0.04730779305100441,-0.5350709557533264,3.9387643337249756,2.6316921710968018,5.4884514808654785,-0.028060162,0.20655647,-0.13801107
577,19.6416,0.041610196232795715,-0.025890173390507698,-0.8172245025634766,-0.06619348376989365,-0.12329717725515366,0.02711263671517372,0.02810118896337934,-0.0372487311888812,1.4758529028788632,0.04730779305100441,-0.5511358380317688,3.987783193588257,2.6085398197174072,5.4943342208862305,-0.028723296,0.20782948,-0.13594808
578,19.6752,0.03437625989317894,-0.03325114771723747,-0.8181935548782349,-0.08533329516649246,-0.09214281290769577,-0.0303666815161705,0.02523991781652263,-0.04010594517626474,1.4762108317293698,0.04868697002530098,-0.20574592053890228,4.181166172027588,2.991668462753296,5.4723711013793945,-0.009996704,0.20315291,-0.14535804
579,19.7091,0.030764859169721603,-0.035628028213977814,-0.820077657699585,-0.09166684001684189,-0.07683485746383667,-0.05259096249938011,0.020520340714684466,-0.0430251650439659,1.4766963259960912,0.04827112331986427,0.34447959065437317,4.348562717437744,3.3655498027801514,5.434340476989746,0.015630906,0.19731787,-0.15271324
580,19.7431,0.02694922871887684,-0.037409719079732895,-0.8227009773254395,-0.0966312438249588,-0.061045221984386444,-0.07233832031488419,0.01647325131938874,-0.04441693302964131,1.4770597143268327,0.04736639931797981,0.3528361916542053,4.377560615539551,3.3577687740325928,5.442539691925049,0.015955897,0.1979613,-0.15184444
581,19.7773,0.022996319457888603,-0.03858872130513191,-0.8260504007339478,-0.10026992112398148,-0.045094795525074005,-0.08968207240104675,0.012860444435290072,-0.045024279399801484,1.47735705626254,0.04605111852288246,0.9142112731933594,4.40177583694458,3.4469876289367676,5.4041948318481445,0.04034414,0.19425036,-0.15211557
582,19.8112,0.01894875429570675,-0.03924539312720299,-0.8300261497497559,-0.10254377871751785,-0.029476338997483253,-0.10422392189502716,0.007716605486004918,-0.045028898319817094,1.477679431912494,0.04455748200416565,1.214911937713623,4.395816326141357,3.388850450515747,5.393083572387695,0.05345574,0.19341452,-0.14910835
583,19.8451,0.013807966373860836,-0.039327897131443024,-0.8356119394302368,-0.1035795658826828,-0.010512853972613811,-0.11889351904392242,0.0037493451246072913,-0.04442148953181886,1.4778582631796928,0.04279189929366112,1.583604097366333,4.3251261711120605,3.2485673427581787,5.366790771484375,0.07024149,0.19184296,-0.1440917
584,19.8792,0.009683792479336262,-0.03883330151438713,-0.8404459953308105,-0.1030745878815651,0.004122713580727577,-0.12786108255386353,-0.0009671034131358445,-0.043076655599166895,1.4779562675078077,0.04171086475253105,1.8843467235565186,4.237712383270264,3.085540533065796,5.342304229736328,0.084569395,0.19018835,-0.13847892
585,19.9131,0.005595944356173277,-0.03790077567100525,-0.8454898595809937,-0.1014888808131218,0.018165158107876778,-0.13423611223697662,-0.004127878103453828,-0.041891852680893474,1.477960262249443,0.041151802986860275,2.198054552078247,4.132937908172607,2.8817713260650635,5.319201469421387,0.099965736,0.18796267,-0.13106062
586,19.9473,0.0016163078835234046,-0.036540236324071884,-0.8507548570632935,-0.09880449622869492,0.031502287834882736,-0.1385846734046936,-0.008409222945318073,-0.039937554332776876,1.4778505400125317,0.04119713976979256,2.499229669570923,3.992433786392212,2.638392210006714,5.2868547439575195,0.1157313,0.18487678,-0.12217547
587,19.9825,-0.00217860983684659,-0.034751784056425095,-0.8560982942581177,-0.09507393091917038,0.044038157910108566,-0.14085116982460022,-0.011620838655209862,-0.038240662987584044,1.4776690455842427,0.041886426508426666,2.785696029663086,3.8189070224761963,2.363053560256958,5.247015476226807,0.1317809,0.18065827,-0.11178726
588,20.0161,-0.005780859850347042,-0.03253025934100151,-0.8614598512649536,-0.09032071381807327,0.05607737600803375,-0.14107725024223328,-0.014279495257976582,-0.03668457380146154,1.4774480032137662,0.04320477694272995,3.071110725402832,3.6188743114471436,2.0658977031707764,5.205285549163818,0.14832053,0.174775,-0.09977336
589,20.0499,-0.009965064004063606,-0.029157239943742752,-0.8680605888366699,-0.08324076980352402,0.06993257254362106,-0.1391351819038391,-0.017783364289328796,-0.0343575078021395,1.4769932684576352,0.045625120401382446,3.396747350692749,3.3107855319976807,1.6691211462020874,5.139466762542725,0.16887698,0.16460319,-0.08298413
590,20.084,-0.013057968579232693,-0.026033515110611916,-0.8731820583343506,-0.07666618376970291,0.08028024435043335,-0.13550059497356415,-0.02039149365219507,-0.03246015116708016,1.4765637005738053,0.04809487611055374,3.6373863220214844,3.022329568862915,1.3369636535644531,5.080963134765625,0.18503255,0.15374483,-0.06801087
591,20.1182,-0.015917880460619926,-0.022541744634509087,-0.8780633211135864,-0.06932897865772247,0.08985615521669388,-0.1297488957643509,-0.02257274534005146,-0.030758576403439073,1.4761238795197789,0.050903111696243286,3.8542580604553223,2.69309401512146,0.9942829608917236,5.0182952880859375,0.20049624,0.14009316,-0.051722016
592,20.1522,-0.018498674035072327,-0.018694626167416573,-0.8825353384017944,-0.06136278435587883,0.09884814918041229,-0.12197472155094147,-0.025525974607110768,-0.028220072058321558,1.4754570239828229,0.053847186267375946,4.058841228485107,2.326904296875,0.664624810218811,4.957173824310303,0.21473053,0.12310346,-0.035161573
593,20.186,-0.020757779479026794,-0.014551951549947262,-0.8866221904754639,-0.052683524787425995,0.10700292885303497,-0.11243404448032379,-0.027832985755067745,-0.026069307323162767,1.4748122726829147,0.056834056973457336,4.225503444671631,1.9185150861740112,0.3386143147945404,4.895572185516357,0.22703202,0.10307987,-0.018193405
594,20.2202,-0.02264798805117607,-0.010163703933358192,-0.8902689218521118,-0.043370477855205536,0.11437620967626572,-0.10169608891010284,-0.030542579474871434,-0.023221632862027674,1.4739724448331581,0.05973910540342331,4.352546215057373,1.4703853130340576,0.028073012828826904,4.8367815017700195,0.23684554,0.0800116,-0.0015276042
595,20.2543,-0.02445816993713379,-0.004429440014064312,-0.8940553665161133,-0.03097853995859623,0.12244458496570587,-0.08656326681375504,-0.03232782118922765,-0.021075493288668295,1.4733609830468761,0.0630670040845871,4.463954448699951,0.8665518760681152,-0.32113292813301086,4.775426387786865,0.24480894,0.04752281,0.017611338
596,20.2879,-0.025396840646862984,0.0002999301941599697,-0.8965805768966675,-0.020281456410884857,0.12774504721164703,-0.07376740872859955,-0.03462326423119959,-0.017708575235778803,1.4724722861911166,0.06545516103506088,4.5129523277282715,0.3573879897594452,-0.5678282976150513,4.740025520324707,0.24728216,0.019582674,0.031113515
597,20.3221,-0.025889145210385323,0.005124974064528942,-0.8986319303512573,-0.009292555041611195,0.1322772055864334,-0.05946025624871254,-0.03626539640707227,-0.014755330364259987,1.4717003689491572,0.067564956843853,4.513026714324951,-0.18073871731758118,-0.8036202192306519,4.715730667114258,0.24593726,-0.009849351,0.04379326
598,20.3562,-0.025914259254932404,0.010015738196671009,-0.9001916646957397,0.002280776621773839,0.13576656579971313,-0.044859420508146286,-0.03751073630587456,-0.011909967443727297,1.4710589466006116,0.06935762614011765,4.465190410614014,-0.7333437204360962,-1.0089792013168335,4.7046427726745605,0.24078189,-0.039544985,0.054408412
599,20.39,-0.025444474071264267,0.01494359876960516,-0.9012123346328735,0.014204378239810467,0.13817502558231354,-0.03017936274409294,-0.03897513368790347,-0.007419393067311522,1.4700265722040424,0.0707799643278122,4.39349889755249,-1.296130657196045,-1.163017749786377,4.7075605392456055,0.23240942,-0.06856334,0.061521873
600,20.424,-0.024434369057416916,0.019850850105285645,-0.901660680770874,0.026401575654745102,0.1392294317483902,-0.0155665697529912,-0.039743788557527596,-0.0035273298160801297,1.4692677044514242,0.07177679985761642,4.266363143920898,-1.8521039485931396,-1.2793726921081543,4.724178314208984,0.2211106,-0.095988035,0.066305384
601,20.4581,-0.022438451647758484,0.025894304737448692,-0.9014555215835571,0.04189743474125862,0.13889354467391968,0.0017447657883167267,-0.040096957007585726,0.00012982449494941317,1.468506439853825,0.07248242199420929,4.031180381774902,-2.519921064376831,-1.3659616708755493,4.763726234436035,0.20374565,-0.12736294,0.069039024
602,20.4924,-0.02026284672319889,0.030590752139687538,-0.9007755517959595,0.05440502613782883,0.13707348704338074,0.01412347424775362,-0.04001345442384413,0.005526167972982354,1.4674875144207609,0.07269059866666794,3.8217339515686035,-3.0464303493499756,-1.3666783571243286,4.810452461242676,0.18826796,-0.15007462,0.06732592
603,20.5275,-0.017650345340371132,0.03512786701321602,-0.8997472524642944,0.06676346808671951,0.1337822824716568,0.02486654557287693,-0.03918326388828237,0.011072417845059588,1.4664648605621704,0.07271593064069748,3.5625412464141846,-3.532740354537964,-1.3371052742004395,4.868514537811279,0.17153057,-0.17009571,0.064379446
604,20.5611,-0.014595253393054008,0.039393674582242966,-0.8985071182250977,0.07874105870723724,0.12912048399448395,0.03397686406970024,-0.03797328577532929,0.015570135943040039,1.46571065334146,0.07260250300168991,3.276057243347168,-3.9897544384002686,-1.2755448818206787,4.934513092041016,0.15401727,-0.18757032,0.059967186
605,20.5951,-0.011148212477564812,0.04331786558032036,-0.8970179557800293,0.09028013050556183,0.12297916412353516,0.041261255741119385,-0.03652207520188547,0.019450975426692968,1.4650355420051249,0.07232754677534103,2.936368227005005,-4.363903045654297,-1.1967546939849854,5.0046067237854,0.13608743,-0.20224723,0.055464182
606,20.6291,-0.007353275083005428,0.04687095806002617,-0.8953235149383545,0.10099364817142487,0.11541453748941422,0.046708401292562485,-0.033890782579319316,0.024733682102217592,1.4641922520459512,0.07192886620759964,2.580282211303711,-4.699321269989014,-1.0867561101913452,5.072811126708984,0.11792562,-0.21477123,0.049667586
607,20.663,-0.0022144322283566,0.050830382853746414,-0.8930672407150269,0.11351314187049866,0.10419945418834686,0.05111069604754448,-0.03135572577945669,0.028687556698171343,1.463541641791645,0.07142262160778046,2.0744822025299072,-4.987067222595215,-0.9402644634246826,5.151207447052002,0.09459467,-0.22740614,0.042875282
608,20.6981,0.0021652390714734793,0.053594544529914856,-0.8911702632904053,0.12248475849628448,0.09371645748615265,0.05293451249599457,-0.02886689771104756,0.03188223688815456,1.4630773196555895,0.07103456556797028,1.6485685110092163,-5.148416996002197,-0.808545708656311,5.2053608894348145,0.07540034,-0.2354724,0.03698034
609,20.7315,0.006740310695022345,0.05597629398107529,-0.889279842376709,0.13033467531204224,0.08223724365234375,0.053621478378772736,-0.024911531328764447,0.03589396449760108,1.4625353663737584,0.07070453464984894,1.2142338752746582,-5.278418064117432,-0.6700787544250488,5.249011993408203,0.05562155,-0.24179344,0.030694924
610,20.7651,0.011508908122777939,0.05798786133527756,-0.8872764110565186,0.1370311826467514,0.0698942095041275,0.05284544453024864,-0.021498409511556682,0.0386760981481904,1.462184628058195,0.07038901001214981,0.7605723738670349,-5.333321571350098,-0.522252082824707,5.284759044647217,0.035130136,-0.2463412,0.02412234
611,20.7991,0.016405152156949043,0.059608861804008484,-0.8853276968002319,0.14262723922729492,0.05680462345480919,0.05123710259795189,-0.0169519794924657,0.041486627753902695,1.4619073929887179,0.07016685605049133,0.29876238107681274,-5.324235916137695,-0.3802746534347534,5.3127641677856445,0.013970904,-0.24897508,0.01778263
612,20.8332,0.021382534876465797,0.06082985922694206,-0.8834792375564575,0.14685863256454468,0.04312236234545708,0.04865502193570137,-0.013643734207342018,0.043063152540202355,1.4617990023323515,0.07004626095294952,-0.1596737653017044,-5.292495250701904,-0.24458715319633484,5.329800605773926,-0.0075310008,-0.24962012,0.011535934
613,20.8671,0.027688592672348022,0.061795674264431,-0.8813310861587524,0.1502912938594818,0.02558370679616928,0.04430021718144417,-0.009788225962963866,0.04442453136112644,1.4618088560283848,0.070031076669693,-0.7230664491653442,-5.147104263305664,-0.09266835451126099,5.3450422286987305,-0.03477304,-0.24752976,0.0044565205
614,20.9011,0.03272036463022232,0.06211928278207779,-0.8798046112060547,0.15154238045215607,0.011155171319842339,0.040326450020074844,-0.004919270491107475,0.045502899381959165,1.4619482725114505,0.07012923806905746,-1.1601452827453613,-5.012019634246826,0.00682947039604187,5.347010135650635,-0.056377467,-0.24356,-0.00033187933
615,20.9353,0.03771171346306801,0.06201012060046196,-0.8784087896347046,0.15139217674732208,-0.003305980237200856,0.035929955542087555,-0.0015154407394277287,0.04587072770158034,1.4621765054168703,0.07025442272424698,-1.5724833011627197,-4.809449672698975,0.08963939547538757,5.348576068878174,-0.077679805,-0.23758416,-0.0044281366
616,20.9693,0.04265303537249565,0.06145426258444786,-0.8771744966506958,0.14997634291648865,-0.017702899873256683,0.03120858035981655,0.0033496657624528204,0.04585104943783818,1.4625466848083912,0.07038649171590805,-1.9708800315856934,-4.589721202850342,0.15072420239448547,5.3436174392700195,-0.098597996,-0.2296118,-0.007540339
617,21.0031,0.04749998450279236,0.0604480616748333,-0.8761415481567383,0.14724485576152802,-0.032029006630182266,0.026284109801054,0.007169296233520561,0.045381018150196004,1.4629484226588299,0.07051142305135727,-2.340094566345215,-4.312065124511719,0.18831053376197815,5.33940315246582,-0.11915606,-0.2195675,-0.009588648
618,21.038,0.052240464836359024,0.059015993028879166,-0.8752745389938354,0.14338858425617218,-0.04579712077975273,0.021306369453668594,0.010440212530599199,0.04465752050580554,1.4633431031323796,0.07062728703022003,-2.680929660797119,-3.9950273036956787,0.2065376341342926,5.335532188415527,-0.13917859,-0.20739904,-0.010722256
619,21.0717,0.05792193114757538,0.05660421773791313,-0.8745014667510986,0.13689355552196503,-0.06261937320232391,0.015483003109693527,0.01503422366763473,0.04316739449093294,1.4639460428031734,0.07071584463119507,-3.071000337600708,-3.5550620555877686,0.18644389510154724,5.327683925628662,-0.16329835,-0.18903801,-0.0099140275
620,21.1061,0.062215980142354965,0.05418514087796211,-0.8740055561065674,0.13056236505508423,-0.0754302367568016,0.011250828392803669,0.01858369621176265,0.04154906223670824,1.4644324691762765,0.070682093501091,-3.35076904296875,-3.166139602661133,0.14727094769477844,5.321298599243164,-0.18161936,-0.17161202,-0.0079824235
621,21.14,0.06626797467470169,0.051333993673324585,-0.8736073970794678,0.12324653565883636,-0.08771885186433792,0.007500424049794674,0.022814651913193127,0.0390855716493577,1.4650649699351703,0.07054506987333298,-3.598050117492676,-2.7397572994232178,0.08992385864257812,5.31555700302124,-0.19886163,-0.15142441,-0.0049700267
622,21.1742,0.0700623169541359,0.048092037439346313,-0.8732649087905884,0.11481313407421112,-0.09930910915136337,0.004495186265558004,0.025654095542084195,0.037070956863740005,1.4654946709770544,0.07032278180122375,-3.8280904293060303,-2.3042731285095215,0.007142841815948486,5.30502462387085,-0.21418962,-0.12892887,-0.00039965686
623,21.2081,0.07677201926708221,0.04040412977337837,-0.8728005886077881,0.09525226056575775,-0.12001901119947433,0.001148950308561325,0.029541143520028373,0.03376546420527427,1.4660864253712702,0.06959020346403122,-4.020774841308594,-1.8387196063995361,-0.09288042783737183,5.295331954956055,-0.22730455,-0.10394746,0.005250765
624,21.242,0.07677201926708221,0.04040412977337837,-0.8728005886077881,0.09525226056575775,-0.12001901119947433,0.001148950308561325,0.032439740534038225,0.030723949067484237,1.466502544291595,0.06959020346403122,-4.195622444152832,-1.3635472059249878,-0.21299663186073303,5.2834086418151855,-0.23748238,-0.07718007,0.012056124
625,21.276,0.08254209905862808,0.02993929572403431,-0.872430682182312,0.06946364790201187,-0.13847753405570984,0.0017714272253215313,0.034794210044858255,0.02783836201151834,1.4668347736375824,0.06820489466190338,-4.385463237762451,-0.25415512919425964,-0.4810909926891327,5.275444507598877,-0.24809779,-0.014378259,0.027216649
626,21.3108,0.08445987850427628,0.024791214615106583,-0.8722249269485474,0.057038865983486176,-0.1449861079454422,0.00369879393838346,0.0377973090839239,0.023377993707528952,1.4672970984028202,0.06747254729270935,-4.446922779083252,0.20559248328208923,-0.6271477937698364,5.272238731384277,-0.24729133,0.011432903,0.0348754
627,21.3451,0.08597035706043243,0.01939440332353115,-0.8717963695526123,0.044047679752111435,-0.15022817254066467,0.007418169640004635,0.03989091156299766,0.0194116958812089,1.4676044271926152,0.06667450070381165,-4.460770130157471,0.6475034952163696,-0.7627232074737549,5.27672004699707,-0.2439395,0.03540906,0.04170991
628,21.3787,0.08703656494617462,0.013834036886692047,-0.8712326288223267,0.0306561142206192,-0.1541566401720047,0.012108326889574528,0.04149872016972734,0.015524827874697765,1.4678506364353932,0.06585419923067093,-4.433091640472412,1.064862608909607,-0.8860979080200195,5.285546779632568,-0.23862037,0.05731844,0.04769606
629,21.4122,0.08768290281295776,0.008173474110662937,-0.8704992532730103,0.016987305134534836,-0.15653155744075775,0.017529288306832314,0.0433425639116329,0.009371879217530108,1.4681264067662707,0.06506089866161346,-4.389120578765869,1.458599328994751,-1.0033884048461914,5.293818950653076,-0.23184958,0.077048615,0.05300269
630,21.4461,0.08792120218276978,0.0011028469307348132,-0.8691346645355225,-0.0002055489458143711,-0.1573905050754547,0.024787703529000282,0.04426767117292077,0.004237284089985645,1.4683603654680342,0.06412477046251297,-4.262105464935303,1.9093797206878662,-1.0871175527572632,5.30741024017334,-0.22221096,0.09954824,0.05667843
631,21.48,0.08761647343635559,-0.0044950623996555805,-0.8678598403930664,-0.013955241069197655,-0.15613649785518646,0.03062460571527481,0.04472682927317485,-0.002148462167120604,1.468651981607398,0.06343033909797668,-4.142640590667725,2.251187801361084,-1.1365387439727783,5.315239429473877,-0.21354482,0.116044216,0.058586292
632,21.5142,0.08681873232126236,-0.009964707307517529,-0.866421103477478,-0.02754882536828518,-0.15344524383544922,0.03618606925010681,0.04457306917092561,-0.0065178620637519604,1.4688972587437943,0.06272798776626587,-3.9745686054229736,2.5668747425079346,-1.1493940353393555,5.324697017669678,-0.20407526,0.13179685,0.059015937
633,21.5483,0.08555347472429276,-0.015311434864997864,-0.8647383451461792,-0.04105006903409958,-0.1489907205104828,0.041267041116952896,0.04372830615077407,-0.01246965883483457,1.4692405402083055,0.06202767789363861,-3.7796378135681152,2.8665764331817627,-1.1320126056671143,5.334375858306885,-0.19375117,0.14694597,0.058029044
634,21.5821,0.08381054550409317,-0.020467538386583328,-0.8629223108291626,-0.05415947735309601,-0.14334547519683838,0.04573369771242142,0.042549000163438135,-0.016901696722430942,1.4695683753384943,0.06133098900318146,-3.5587944984436035,3.159257650375366,-1.0945663452148438,5.347328186035156,-0.18220207,0.16174671,0.056039274
635,21.6169,0.0815977081656456,-0.025367528200149536,-0.8610152006149292,-0.06674739718437195,-0.1362893283367157,0.0494532436132431,0.041219953782623296,-0.020504024691818525,1.469818579322907,0.06062968447804451,-3.3009133338928223,3.422341823577881,-1.027801275253296,5.364459037780762,-0.16963774,0.1758781,0.05281989
636,21.6511,0.07828297466039658,-0.03111421875655651,-0.8585770130157471,-0.0816722884774208,-0.1257711499929428,0.05278628692030907,0.03881549798649924,-0.025128237740091236,1.4702829014589625,0.0598389096558094,-2.94663143157959,3.7336254119873047,-0.9185929298400879,5.392016410827637,-0.15206964,0.19268478,0.047406707
637,21.6849,0.07516395300626755,-0.035360779613256454,-0.856647253036499,-0.09272003918886185,-0.11623852699995041,0.054304420948028564,0.03657554232195801,-0.02844693801308808,1.4706321750359264,0.059220898896455765,-2.6358489990234375,3.96571683883667,-0.8123457431793213,5.418974876403809,-0.13641469,0.20524015,0.042041823
638,21.7193,0.07161825895309448,-0.03924797102808952,-0.8548060655593872,-0.10296949744224548,-0.10589346289634705,0.054894257336854935,0.03343781216741046,-0.032030477172925696,1.4711408388041316,0.05857276916503906,-2.2996034622192383,4.177812576293945,-0.6941452026367188,5.449082374572754,-0.11929527,0.21673009,0.03600979
639,21.7531,0.06771307438611984,-0.042720042169094086,-0.8529828786849976,-0.11245817691087723,-0.09464810788631439,0.05410509556531906,0.030991482324334112,-0.034269733757680776,1.471445903907,0.05790506675839424,-1.94264554977417,4.38486909866333,-0.5589169263839722,5.4826507568359375,-0.10058457,0.22703584,0.028939102
640,21.7871,0.06350814551115036,-0.045757003128528595,-0.8513321876525879,-0.12094507366418839,-0.08259035646915436,0.0526423417031765,0.028027161407453545,-0.036580078018189556,1.4718586938759624,0.057226911187171936,-1.5737943649291992,4.558991432189941,-0.41835859417915344,5.514820098876953,-0.08127255,0.23543155,0.021604517
641,21.821,0.05904560536146164,-0.048251986503601074,-0.849855899810791,-0.12835539877414703,-0.06965357065200806,0.05013406276702881,0.024011374557939256,-0.03905341814038419,1.472289327024228,0.0564592182636261,-1.1955230236053467,4.7118821144104,-0.2711203396320343,5.546149253845215,-0.061387718,0.24194573,0.013921488
642,21.855,0.053241416811943054,-0.050655052065849304,-0.8481248617172241,-0.1360296905040741,-0.052873484790325165,0.04578534513711929,0.02105565898033101,-0.040500484169381575,1.4726083737228197,0.05545724555850029,-0.7342214584350586,4.828588962554932,-0.06543919444084167,5.570601463317871,-0.03757892,0.24713682,0.0033493086
643,21.8893,0.048453137278556824,-0.05193428322672844,-0.8468983173370361,-0.14084886014461517,-0.0389113575220108,0.04151120036840439,0.01667227267660172,-0.042140504541733605,1.4729690988924709,0.05453856289386749,-0.36105185747146606,4.900886535644531,0.10663303732872009,5.588133335113525,-0.018363582,0.24926566,-0.0054234993
644,21.9237,0.04358958080410957,-0.05269477888941765,-0.8458302021026611,-0.1445266753435135,-0.02471936121582985,0.03592517971992493,0.013031308065461973,-0.04314176572663013,1.4732086502325235,0.05355510860681534,6.378814578056335e-05,4.925518989562988,0.2953743636608124,5.5930280685424805,3.2318299e-06,0.24955168,-0.014965158
645,21.9586,0.03866913169622421,-0.0529148168861866,-0.8449996709823608,-0.1471087485551834,-0.010108862072229385,0.02994513511657715,0.009774472192349828,-0.04375347718426452,1.4733539256699872,0.05246016010642052,0.35210341215133667,4.903031349182129,0.48809823393821716,5.585681438446045,0.017819608,0.2481376,-0.02470217
646,21.9923,0.03371526673436165,-0.05259063094854355,-0.8443762063980103,-0.1485179215669632,0.004588284529745579,0.02328295260667801,0.00505581523347423,-0.044198520530741185,1.4734778958187305,0.05125121399760246,0.7075579166412354,4.8544487953186035,0.6890263557434082,5.573030471801758,0.035707157,0.24498145,-0.034771957
647,22.0263,0.028806012123823166,-0.05170030519366264,-0.8439621925354004,-0.14853937923908234,0.019296377897262573,0.015941865742206573,0.0012741774601294522,-0.04418639898659212,1.4735226369250438,0.04991619661450386,1.0473662614822388,4.751270771026611,0.9030342102050781,5.544526100158691,0.052914,0.240039,-0.0456222
648,22.0599,0.02284582518041134,-0.04975958541035652,-0.8437321186065674,-0.1468101143836975,0.037590157240629196,0.006262365262955427,-0.003318817566517511,-0.04367925405244617,1.4734427420923415,0.04803990572690964,1.4575788974761963,4.555293560028076,1.1829981803894043,5.491184711456299,0.07395966,0.2311422,-0.06002704
649,22.0941,0.018185732886195183,-0.04765459522604942,-0.8438402414321899,-0.1440347284078598,0.0520256832242012,-0.0021340958774089813,-0.00646164595806202,-0.04302221476082079,1.473343539341736,0.04647176340222359,1.776946783065796,4.346832275390625,1.4105572700500488,5.435436248779297,0.09059989,0.22162877,-0.071919054
650,22.1282,0.013631886802613735,-0.04500432685017586,-0.8442903757095337,-0.1402578353881836,0.0660846158862114,-0.010918812826275826,-0.010704294081004978,-0.041675666418217086,1.473072163226657,0.044806431978940964,2.105069637298584,4.104681491851807,1.6286908388137817,5.375341415405273,0.10757558,0.20976195,-0.08323115
651,22.1622,0.009214821271598339,-0.04181211069226265,-0.8450561761856079,-0.1353539228439331,0.07975053787231445,-0.02091401070356369,-0.013947543671368514,-0.040216974026585826,1.4727798812970208,0.04310816153883934,2.424075126647949,3.8062899112701416,1.8431856632232666,5.302241325378418,0.12432282,0.19521205,-0.09453091
652,22.196,0.004960621241480112,-0.038062456995248795,-0.8461904525756836,-0.12953679263591766,0.09304893761873245,-0.03115984797477722,-0.01669815319285133,-0.03868765377060782,1.4724443229996709,0.04143417999148369,2.738450288772583,3.452831983566284,2.0316927433013916,5.219849586486816,0.14107798,0.1778811,-0.104667634
653,22.2303,0.0008793660090304911,-0.03377838060259819,-0.8476885557174683,-0.12270107120275497,0.10575126856565475,-0.04173044487833977,-0.02038488984492951,-0.0361026398137656,1.4718914507573704,0.03993649780750275,3.0539073944091797,3.049976348876953,2.191398859024048,5.1330060958862305,0.1577252,0.15752217,-0.11317921
654,22.2642,-0.003927232697606087,-0.02772974781692028,-0.8499467372894287,-0.11286655813455582,0.12049700319766998,-0.05536692216992378,-0.023184001147468093,-0.0336641829406618,1.4713325864026172,0.03861497715115547,3.4397103786468506,2.471979856491089,2.348358631134033,5.018810272216797,0.17755172,0.1275992,-0.121218085
655,22.2983,-0.007497437298297882,-0.022396907210350037,-0.8521395921707153,-0.10416649281978607,0.13139835000038147,-0.06631939858198166,-0.025514165152151946,-0.031286822728034694,1.4708176642058504,0.03822687268257141,3.731107711791992,1.9478285312652588,2.422049045562744,4.923290729522705,0.1920843,0.100277804,-0.124691546
656,22.3321,-0.010753711685538292,-0.01668110117316246,-0.8546684980392456,-0.09470458328723907,0.14129194617271423,-0.07672315090894699,-0.02866171987440837,-0.02749379265894872,1.4700034027025586,0.038594800978899,4.015108108520508,1.3805618286132812,2.449791669845581,4.8318891525268555,0.20477349,0.07040967,-0.124941185
657,22.3662,-0.013686801306903362,-0.01069720834493637,-0.8574334383010864,-0.08448760211467743,0.15003624558448792,-0.08659864217042923,-0.03102235834822222,-0.024056744003822277,1.4693105813449745,0.03985702618956566,4.259206295013428,0.7695256471633911,2.4266550540924072,4.743168830871582,0.21459027,0.038770773,-0.122261405
658,22.4,-0.016273440793156624,-0.004492286592721939,-0.8605138063430786,-0.07369477301836014,0.15758007764816284,-0.09548924118280411,-0.033825759836829346,-0.01928345843293778,1.4684232160697601,0.04201412945985794,4.47877836227417,0.12657886743545532,2.353118658065796,4.664224624633789,0.22124442,0.0062527917,-0.11624026
659,22.4342,-0.018479518592357635,0.0018441603751853108,-0.8638544082641602,-0.0623047836124897,0.1637866050004959,-0.10303924977779388,-0.03563831351652108,-0.015615956877951613,1.467782193195378,0.04498010873794556,4.634998798370361,-0.5419913530349731,2.218187093734741,4.595195293426514,0.22426206,-0.026223976,-0.10732585
660,22.4681,-0.020711446180939674,0.009900933131575584,-0.868301272392273,-0.0475563108921051,0.1693018078804016,-0.11006397753953934,-0.037941498451005674,-0.009973642312076827,1.466857144190739,0.04965285211801529,4.759089946746826,-1.3936333656311035,1.9795782566070557,4.531554222106934,0.22282617,-0.06525155,-0.09268618
661,22.502,-0.022042419761419296,0.01641322486102581,-0.8720463514328003,-0.03529087454080582,0.17187705636024475,-0.113661028444767,-0.03946109400781568,-0.00524939947684452,1.4661335633225645,0.053979020565748215,4.824561595916748,-2.0799787044525146,1.7547495365142822,4.504863262176514,0.21774945,-0.093876764,-0.079198025
662,22.5359,-0.0228824894875288,0.022931868210434914,-0.8758721351623535,-0.022642333060503006,0.17305029928684235,-0.11498019099235535,-0.04054096837913998,-0.0009436663601901025,1.4654860157035117,0.05860402062535286,4.815788269042969,-2.760077714920044,1.4908204078674316,4.49688196182251,0.2094775,-0.12005806,-0.06484781
663,22.5701,-0.02321971021592617,0.029368167743086815,-0.8797178268432617,-0.009990813210606575,0.1725374311208725,-0.11377894133329391,-0.04163492421472808,0.0054074861755678445,1.4645585698538917,0.06338151544332504,4.777151584625244,-3.4235594272613525,1.213614583015442,4.510822772979736,0.19900708,-0.142619,-0.050556883
664,22.6042,-0.023025300353765488,0.03563772141933441,-0.8835095167160034,0.002804390387609601,0.17033040523529053,-0.11050782352685928,-0.0420298293924948,0.010579211854447221,1.4638550958519472,0.06815306842327118,4.675550937652588,-4.04391622543335,0.924879789352417,4.541078090667725,0.18700543,-0.16174228,-0.036991905
665,22.6382,-0.02237326093018055,0.041697241365909576,-0.887158989906311,0.015584432519972324,0.16646556556224823,-0.10505320131778717,-0.04200283575813332,0.015027173572827126,1.4632296524699422,0.07285603135824203,4.526940822601318,-4.609394550323486,0.6351537704467773,4.584198474884033,0.17433374,-0.17750905,-0.024459945
666,22.6721,-0.020853208377957344,0.04888332635164261,-0.8914393186569214,0.03139597550034523,0.15938244760036469,-0.09560617059469223,-0.04134007067016428,0.021185866751689868,1.4624432210000418,0.07843576371669769,4.29054594039917,-5.236932277679443,0.28804221749305725,4.651052474975586,0.15829413,-0.19320983,-0.010626944
667,22.7062,-0.01913376897573471,0.05429474264383316,-0.8945533037185669,0.043426405638456345,0.1518980860710144,-0.08657476305961609,-0.040236539938219504,0.02582124010940569,1.461834289216795,0.08260247856378555,4.063234806060791,-5.665088176727295,0.02567148208618164,4.706344127655029,0.14570585,-0.20314762,-0.0009205683
668,22.74,-0.01700921170413494,0.05932553857564926,-0.8973816633224487,0.055256444960832596,0.14291901886463165,-0.07676158845424652,-0.03827471816002343,0.031126117601005227,1.4611598436707325,0.08643902093172073,3.8094475269317627,-6.033785343170166,-0.21502438187599182,4.760700225830078,0.13340352,-0.21129788,0.007529966
669,22.7736,-0.014502941630780697,0.06391972303390503,-0.9000056982040405,0.06643643230199814,0.13256621360778809,-0.06625092029571533,-0.03652779267585073,0.03440754610230857,1.460716560507289,0.08993429690599442,3.514944076538086,-6.3118696212768555,-0.45359644293785095,4.8058037757873535,0.12139244,-0.21798731,0.01566545
670,22.8074,-0.00847298838198185,0.07171904295682907,-0.9043405055999756,0.08644971996545792,0.10862786322832108,-0.044846512377262115,-0.03357470280862974,0.038454835234686055,1.4602078967390837,0.09568952769041061,3.1968424320220947,-6.5306477546691895,-0.674622654914856,4.84400749206543,0.109445706,-0.22358042,0.023096088
671,22.8411,-0.00847298838198185,0.07171904295682907,-0.9043405055999756,0.08644971996545792,0.10862786322832108,-0.044846512377262115,-0.030912136768606564,0.04112034323547593,1.4598720721256246,0.09568952769041061,2.8600902557373047,-6.701658725738525,-0.8794435262680054,4.874571800231934,0.09742341,-0.22827896,0.029956533
672,22.875,-0.004181084223091602,0.0756472796201706,-0.906378984451294,0.09679727256298065,0.09201738983392715,-0.031709544360637665,-0.02843061574843834,0.04304424409646279,1.4596351839466621,0.09844676405191422,2.4156200885772705,-6.810585975646973,-1.1206386089324951,4.903603553771973,0.08258338,-0.23283514,0.03831154
673,22.9092,0.0033565617632120848,0.08028565347194672,-0.9083966016769409,0.11073761433362961,0.06332594901323318,-0.012056412175297737,-0.024737776712393588,0.04505572550661044,1.4594001599804627,0.10131749510765076,1.669899821281433,-6.824562072753906,-1.44517183303833,4.94143533706665,0.058200996,-0.23785637,0.050368555
674,22.9431,0.0033565617632120848,0.08028565347194672,-0.9083966016769409,0.11073761433362961,0.06332594901323318,-0.012056412175297737,-0.021704355087603874,0.04618531776653516,1.459296163539895,0.10131749510765076,1.6626982688903809,-6.865560054779053,-1.439985752105713,4.937032699584961,0.057658087,-0.23807992,0.04993499
675,22.9775,0.011659258045256138,0.08257829397916794,-0.908655047416687,0.12062495201826096,0.03303951025009155,0.0076797474175691605,-0.018996103351318232,0.046817444018400683,1.4593174688286157,0.10189954936504364,0.8906697630882263,-6.676468372344971,-1.7008284330368042,4.975302696228027,0.03205214,-0.24026312,0.061206963
676,23.0113,0.016079621389508247,0.08276606351137161,-0.9081960916519165,0.12416527420282364,0.01769131049513817,0.01662268489599228,-0.014989653170078733,0.04722268559014827,1.4593684683634907,0.10131669789552689,0.47994959354400635,-6.541484355926514,-1.8014185428619385,4.990445613861084,0.017640157,-0.24042693,0.06620967
677,23.045,0.02189137414097786,0.08209210634231567,-0.9073308706283569,0.1274898648262024,-0.001342544797807932,0.027454201132059097,-0.011841790519821267,0.04715606495100426,1.4595033574727032,0.09992160648107529,-0.042147208005189896,-6.273743152618408,-1.9224716424942017,5.015964508056641,-0.0016057735,-0.23902439,0.073244564
678,23.0792,0.026714526116847992,0.08086620271205902,-0.906326174736023,0.1291448324918747,-0.0165462214499712,0.03582992032170296,-0.00788389933598908,0.046623128966176576,1.4596732671502504,0.09829872101545334,-0.4679373502731323,-5.999589443206787,-2.009382963180542,5.039623737335205,-0.018438935,-0.23641208,0.07917915
679,23.1131,0.03164041042327881,0.0790957510471344,-0.905057430267334,0.13008825480937958,-0.03135959059000015,0.0440988652408123,-0.005072742951153047,0.04601151321589386,1.4598746021286604,0.09631997346878052,-0.9029818773269653,-5.68983793258667,-2.0862486362457275,5.063969135284424,-0.036843423,-0.23215649,0.08512301
680,23.147,0.03657716512680054,0.07680979371070862,-0.9034726619720459,0.12992294132709503,-0.045837029814720154,0.05194190889596939,-0.0018596618524759012,0.04506868344978936,1.4601005713471535,0.09400773048400879,-1.3186355829238892,-5.321342945098877,-2.145693778991699,5.094823837280273,-0.055995572,-0.22596967,0.09111642
681,23.181,0.0415463000535965,0.07398805767297745,-0.9015934467315674,0.1288609355688095,-0.05987447127699852,0.05940992012619972,0.002180522699522848,0.04357665161026166,1.4605007113009378,0.09139110893011093,-1.728935718536377,-4.91109037399292,-2.1885476112365723,5.128005027770996,-0.07653123,-0.2173891,0.09687592
682,23.2144,0.04648258164525032,0.07066213339567184,-0.8993902206420898,0.12692196667194366,-0.07338961213827133,0.06683944910764694,0.004966490625888641,0.04231280274188333,1.4607798105831782,0.08851472288370132,-2.107426881790161,-4.437073230743408,-2.2097256183624268,5.170781135559082,-0.09781502,-0.20594424,0.10256316
683,23.2479,0.05258246883749962,0.06583216786384583,-0.8962244987487793,0.12315931916236877,-0.08960560709238052,0.07555625587701797,0.008896605871789143,0.04025139954486431,1.4612192321630413,0.08467808365821838,-2.5525641441345215,-3.786208391189575,-2.2071239948272705,5.228029251098633,-0.12582336,-0.1866333,0.10879561
684,23.2822,0.057315926998853683,0.06146138906478882,-0.893377423286438,0.11916898936033249,-0.10177367925643921,0.08243579417467117,0.012035899593179817,0.038382139259305295,1.4615535920379008,0.08149385452270508,-2.876347303390503,-3.2260313034057617,-2.1828460693359375,5.276626110076904,-0.1485087,-0.16656323,0.11270253
685,23.3162,0.06187521666288376,0.05673816055059433,-0.8903017044067383,0.11427857726812363,-0.11315486580133438,0.08911652117967606,0.014793276248604412,0.036526789829252754,1.461880761377817,0.07835964858531952,-3.1651835441589355,-2.6429603099823,-2.1394152641296387,5.32583475112915,-0.1703358,-0.14223212,0.11513361
686,23.35,0.0662313848733902,0.05166000500321388,-0.8870893716812134,0.10854227095842361,-0.12375912070274353,0.09528131783008575,0.018804884223861337,0.03355255487909545,1.4623396240336377,0.07536546140909195,-3.43778133392334,-2.063136100769043,-2.0872602462768555,5.368042945861816,-0.19013754,-0.11410837,0.11544263
687,23.3843,0.07039952278137207,0.04624607041478157,-0.8836526870727539,0.10186981409788132,-0.1334533393383026,0.10091844201087952,0.02207623016372521,0.030820634298621724,1.462723651862827,0.07257300615310669,-3.6726341247558594,-1.4776039123535156,-2.0124642848968506,5.408105850219727,-0.20675069,-0.08318161,0.11329154
688,23.4181,0.07434579730033875,0.04057270660996437,-0.8800235986709595,0.0943322479724884,-0.14204074442386627,0.10567010939121246,0.024962123067097546,0.02813581005755037,1.4630642701662482,0.07011900097131729,-3.8729257583618164,-0.910082221031189,-1.9141305685043335,5.442624092102051,-0.21930793,-0.05153423,0.10838938
689,23.4519,0.07897621393203735,0.03312338516116142,-0.8751862049102783,0.08392639458179474,-0.15135325491428375,0.11013916879892349,0.02900731496011659,0.023851951077184387,1.4635469681138251,0.06767382472753525,-4.090524196624756,-0.2447085678577423,-1.7596909999847412,5.475139617919922,-0.22930573,-0.01371782,0.098644376
690,23.486,0.08236051350831985,0.02693401835858822,-0.871090292930603,0.07458055764436722,-0.15752971172332764,0.11236198991537094,0.032114726690129276,0.020022054952352233,1.463949105438427,0.06631060689687729,-4.2279229164123535,0.24520114064216614,-1.6092121601104736,5.492929458618164,-0.23330566,0.0135307135,0.08879971
691,23.5204,0.08541783690452576,0.020623616874217987,-0.8668581247329712,0.0643327534198761,-0.16232068836688995,0.11251578480005264,0.03570773879718808,0.014780879025670634,1.4644547065713787,0.06556878983974457,-4.3451619148254395,0.687914252281189,-1.4346277713775635,5.4997100830078125,-0.23475736,0.03716615,0.07750907
692,23.5541,0.08810672909021378,0.014251860789954662,-0.8624837398529053,0.05321989953517914,-0.16565226018428802,0.11078940331935883,0.03797767999112792,0.010752189368734372,1.4647945259264727,0.0654606893658638,-4.411569118499756,1.0932083129882812,-1.2201846837997437,5.501236915588379,-0.2343616,0.05807595,0.06482148
693,23.588,0.0903434008359909,0.007878890261054039,-0.8580833673477173,0.041408471763134,-0.16736243665218353,0.10764601826667786,0.040720032672934184,0.0047529477586536195,1.4652904065214454,0.06592252850532532,-4.459664344787598,1.459892988204956,-0.9927051067352295,5.4925127029418945,-0.23244901,0.07609332,0.051742304
694,23.6219,0.09204405546188354,0.0015755151398479939,-0.8537132740020752,0.02896328642964363,-0.1675504893064499,0.1028701588511467,0.042400358323908885,-8.882209522536108e-05,1.465646737475298,0.06682264804840088,-4.456897735595703,1.7995659112930298,-0.7342101335525513,5.478384971618652,-0.22915836,0.092527494,0.03775056
695,23.656,0.09339900314807892,-0.006122873164713383,-0.8484987020492554,0.012532067485153675,-0.16530433297157288,0.09512446075677872,0.04349841293086218,-0.0042570788670255,1.4659375546663347,0.06839752197265625,-4.386476039886475,2.1887857913970947,-0.38206085562705994,5.453839302062988,-0.22302124,0.111284256,0.019425089
696,23.6902,0.09390606731176376,-0.012102392502129078,-0.8446180820465088,-0.0008178962161764503,-0.16170047223567963,0.08771556615829468,0.04438795866921909,-0.009983600037840202,1.4664141273434044,0.06990540027618408,-4.315662860870361,2.4844517707824707,-0.10564425587654114,5.4279890060424805,-0.2166139,0.124700844,0.0053025493
697,23.7241,0.09387490153312683,-0.017883820459246635,-0.8410543203353882,-0.014386987313628197,-0.15672136843204498,0.07861191034317017,0.04453602626463829,-0.014233133368468586,1.4667777819902548,0.07147302478551865,-4.202727794647217,2.7653043270111084,0.1857670247554779,5.402049541473389,-0.20870401,0.13732274,-0.009225038
698,23.758,0.0933271124958992,-0.02342444658279419,-0.8378949165344238,-0.028029682114720345,-0.15035121142864227,0.06798546761274338,0.04428406625838157,-0.017727587709248448,1.4671289197799817,0.07299099117517471,-4.058060646057129,3.0299086570739746,0.47935160994529724,5.37765645980835,-0.19943132,0.14890331,-0.02355749
699,23.7919,0.0922609269618988,-0.02867685630917549,-0.8351891040802002,-0.04154608026146889,-0.14244498312473297,0.056406233459711075,0.04329851772391651,-0.022262405929867765,1.4675849861166577,0.0743371769785881,-3.8934195041656494,3.2848243713378906,0.7575231790542603,5.356616020202637,-0.18900049,0.1594571,-0.03677288
700,23.8256,0.09072811156511307,-0.03363151103258133,-0.8329640626907349,-0.05484532564878464,-0.1335463970899582,0.04388374090194702,0.04202741174156771,-0.025499384608102006,1.4679807318546434,0.07546661794185638,-3.697531223297119,3.5228445529937744,1.0268505811691284,5.341101169586182,-0.17744926,0.16906582,-0.049279876
701,23.8624,0.08817455917596817,-0.03933427110314369,-0.8308426141738892,-0.07054499536752701,-0.12108425050973892,0.028192725032567978,0.03990345754844545,-0.028994225939477772,1.4684924582581023,0.07646741718053818,-3.4191527366638184,3.7896835803985596,1.3381046056747437,5.329225540161133,-0.16199508,0.17955036,-0.06339768
702,23.8961,0.08561937510967255,-0.0434652715921402,-0.829698920249939,-0.08227334916591644,-0.11019487679004669,0.015449373982846737,0.03811606033808196,-0.031058964329643196,1.468871292923166,0.07685019075870514,-3.1746768951416016,4.000364303588867,1.5560802221298218,5.326879978179932,-0.14866038,0.18732479,-0.07286646
703,23.9301,0.08264000713825226,-0.04720175638794899,-0.8290642499923706,-0.09341972321271896,-0.09861824661493301,0.002837555017322302,0.035200002974175276,-0.03357228515770265,1.469364643515103,0.0768357589840889,-2.906917095184326,4.197657585144043,1.746258020401001,5.329329490661621,-0.13467209,0.19446972,-0.08090091
704,23.964,0.07930254191160202,-0.05053696036338806,-0.8288915157318115,-0.10370319336652756,-0.08648931980133057,-0.010010294616222382,0.03255910632692802,-0.0351922257115544,1.4697822271740275,0.07646169513463974,-2.624558448791504,4.372284412384033,1.916538953781128,5.333038330078125,-0.12044167,0.20064527,-0.08795047
705,23.9981,0.07560523599386215,-0.05342608317732811,-0.8293132781982422,-0.11307477951049805,-0.07394132018089294,-0.022479360923171043,0.030089382278151004,-0.036336581870772246,1.4700891564896592,0.07563701272010803,-2.330479621887207,4.5250935554504395,2.0480945110321045,5.338250637054443,-0.10619046,0.20619008,-0.09332332
706,24.032,0.07158038765192032,-0.055906567722558975,-0.8302828073501587,-0.12143809348344803,-0.061105262488126755,-0.034314293414354324,0.02628758874460299,-0.037621719383114406,1.4705469538810438,0.07442085444927216,-2.016587972640991,4.672703742980957,2.1370134353637695,5.349943161010742,-0.09133515,0.21163575,-0.09678945
707,24.0662,0.06609887629747391,-0.05844483524560928,-0.8320587873458862,-0.13064664602279663,-0.04474979266524315,-0.048088058829307556,0.023079719665440077,-0.038323641261486026,1.4708747890112326,0.0724560022354126,-1.61361563205719,4.813745975494385,2.2056922912597656,5.36178731918335,-0.07287671,0.21740614,-0.09961703
708,24.1006,0.06134540215134621,-0.06002291291952133,-0.8339686393737793,-0.13683076202869415,-0.03151142969727516,-0.057993922382593155,0.020216178589872992,-0.038739381513593414,1.4711205987798468,0.07054518908262253,-1.2724285125732422,4.907216548919678,2.2176589965820312,5.374307632446289,-0.057489168,0.22171131,-0.10019531
709,24.1342,0.05633648484945297,-0.06120370328426361,-0.8362810611724854,-0.1419515162706375,-0.01847509853541851,-0.06709790974855423,0.016068496606777928,-0.039004237045190994,1.4714332538918222,0.06843359023332596,-0.9084318280220032,4.992649555206299,2.192335367202759,5.392880439758301,-0.04108364,0.22579154,-0.099147916
710,24.168,0.0511193573474884,-0.06200356036424637,-0.8389768600463867,-0.14581987261772156,-0.0055717164650559425,-0.07510402798652649,0.011895735136354885,-0.039018955171402886,1.4716822594537446,0.06621856242418289,-0.5344136953353882,5.056478977203369,2.1303470134735107,5.412601470947266,-0.024234734,0.22930256,-0.09660754
711,24.2022,0.04577172175049782,-0.062412988394498825,-0.8420172929763794,-0.14888952672481537,0.007199948653578758,-0.08185593783855438,0.008519058574635125,-0.038849311809964836,1.4718339264778246,0.06399855017662048,-0.15750928223133087,5.089774131774902,2.0318164825439453,5.428415775299072,-0.0071822363,0.23208766,-0.092648424
712,24.2361,0.04035642743110657,-0.0624055452644825,-0.8452882766723633,-0.15076041221618652,0.019582007080316544,-0.08713207393884659,0.005589126765627508,-0.038582288298792365,1.4719300665931765,0.06185851991176605,0.21916727721691132,5.094151020050049,1.9032080173492432,5.440712928771973,0.010067432,0.23399945,-0.08742372
713,24.27,0.03352770954370499,-0.06183226779103279,-0.8497493267059326,-0.15151116251945496,0.034715697169303894,-0.09194299578666687,0.001485938428125345,-0.038063849897148797,1.472015554064168,0.059418875724077225,0.6961014270782471,5.066961765289307,1.6997945308685303,5.452744007110596,0.03228901,0.23503353,-0.07884581
714,24.304,0.028036372736096382,-0.06089771166443825,-0.8534576892852783,-0.15088334679603577,0.04651014506816864,-0.09427209943532944,-0.001717655939391369,-0.03752368592667507,1.471999441939573,0.05774383619427681,1.0788112878799438,5.012039661407471,1.5152658224105835,5.45590353012085,0.050448854,0.23437987,-0.07085894
715,24.3382,0.022574737668037415,-0.05951281264424324,-0.8572332859039307,-0.14937184751033783,0.05811604484915733,-0.09506803005933762,-0.004455703090743899,-0.036980500932839784,1.471966418742056,0.05636347085237503,1.4575003385543823,4.920408248901367,1.3143587112426758,5.449337959289551,0.06878398,0.2322094,-0.062028684
716,24.3723,0.017221344634890556,-0.05767069011926651,-0.8610323667526245,-0.14684021472930908,0.06946483254432678,-0.09439202398061752,-0.008341448096318808,-0.036080868471854204,1.4718449785963486,0.0553157813847065,1.8379416465759277,4.804033279418945,1.1023914813995361,5.438897609710693,0.08734764,0.22831029,-0.052390836
717,24.4075,0.006954807322472334,-0.05259980633854866,-0.8684585094451904,-0.13903667032718658,0.09114259481430054,-0.08899616450071335,-0.012129873809551385,-0.035044224695162454,1.4716557610008982,0.05426786467432976,2.2034947872161865,4.643455505371094,0.885650634765625,5.414750576019287,0.105622396,0.22257955,-0.04245281
718,24.4413,0.006954807322472334,-0.05259980633854866,-0.8684585094451904,-0.13903667032718658,0.09114259481430054,-0.08899616450071335,-0.015073922452931024,-0.03406587709861362,1.4714042254359403,0.05426786467432976,2.5658113956451416,4.451115131378174,0.669148325920105,5.383795738220215,0.12380682,0.21477744,-0.032288082
719,24.4755,-0.00356707233004272,-0.04496297612786293,-0.8761134147644043,-0.1256343573331833,0.11329454928636551,-0.07760035991668701,-0.01756236145014965,-0.033123294923266704,1.471160812512307,0.05482848361134529,2.983372211456299,4.140440940856934,0.40198275446891785,5.323104381561279,0.14569762,0.20220487,-0.019631453
720,24.5091,-0.007718674372881651,-0.04101811349391937,-0.8790820837020874,-0.11819405108690262,0.1225200742483139,-0.07084571570158005,-0.020997027824457233,-0.03156543723173282,1.470703680911195,0.05551453307271004,3.580077886581421,3.518803358078003,0.02214708924293518,5.198874473571777,0.17829418,0.1752426,-0.001102964
721,24.5432,-0.007718674372881651,-0.04101811349391937,-0.8790820837020874,-0.11819405108690262,0.1225200742483139,-0.07084571570158005,-0.023628228900860918,-0.030139543333401568,1.4703288409877664,0.05551453307271004,3.604403018951416,3.5430967807769775,0.03168424963951111,5.210781574249268,0.1782829,0.17525055,-0.0015671832
722,24.5771,-0.014978030696511269,-0.0320456400513649,-0.8840129375457764,-0.10099352151155472,0.13942357897758484,-0.053680047392845154,-0.02588250113685592,-0.028711358700413924,1.4699454789488495,0.05723211169242859,4.097496509552002,2.74552321434021,-0.2855113446712494,5.058330535888672,0.2073407,0.13892843,0.014447388
723,24.6114,-0.018042512238025665,-0.027041273191571236,-0.8859459161758423,-0.09114956855773926,0.14698515832424164,-0.04479314759373665,-0.029150314227086235,-0.026284969275999544,1.4693368134817117,0.05816679075360298,4.325533390045166,2.299560070037842,-0.39175739884376526,4.985101222991943,0.22004217,0.11697984,0.019928906
724,24.6456,-0.021388648077845573,-0.020422324538230896,-0.887937068939209,-0.07793546468019485,0.1554582417011261,-0.0332806222140789,-0.031604225756890904,-0.024098905172829595,1.4688068444247862,0.05949433892965317,4.554372310638428,1.6686644554138184,-0.5096950531005859,4.887908458709717,0.23345487,0.085534915,0.026126716
725,24.6798,-0.023679234087467194,-0.014954093843698502,-0.8891817331314087,-0.06684698909521103,0.16130472719669342,-0.0239882729947567,-0.03455205380036439,-0.02087538378047866,1.468116153596074,0.06069343164563179,4.7211995124816895,1.1353195905685425,-0.5762268304824829,4.819954872131348,0.24137712,0.058044605,0.029460303
726,24.7143,-0.025583386421203613,-0.009392001666128635,-0.8900848627090454,-0.055018361657857895,0.16610375046730042,-0.015032694675028324,-0.03649973377705323,-0.018275125306990332,1.467573933998134,0.061941247433423996,4.838892936706543,0.5708392858505249,-0.629304051399231,4.759111404418945,0.24623314,0.029047873,0.032022927
727,24.748,-0.02707294560968876,-0.0037527356762439013,-0.8906025886535645,-0.042490340769290924,0.16985566914081573,-0.00682369340211153,-0.03903457627567188,-0.014085283195185254,1.4668177294066058,0.06316244602203369,4.9346022605896,-0.010848790407180786,-0.6438562870025635,4.712671279907227,0.24789815,-0.00054500747,0.032345217
728,24.7821,-0.028147881850600243,0.0019052439602091908,-0.8907835483551025,-0.029565369710326195,0.17231476306915283,0.00046009733341634274,-0.040788068116407304,-0.010404432545235064,1.4661771060063873,0.06436268240213394,4.9825520515441895,-0.6035630702972412,-0.6424553394317627,4.679542064666748,0.24617708,-0.02982074,0.031742323
729,24.8162,-0.02879532054066658,0.007559598423540592,-0.8906733989715576,-0.016309799626469612,0.17366446554660797,0.006780528463423252,-0.04206604838331988,-0.00692947129527782,1.4656376827275917,0.06553491950035095,4.987059116363525,-1.2002580165863037,-0.6241669058799744,4.661931991577148,0.24127986,-0.05806991,0.030197939
730,24.85,-0.028970608487725258,0.014576884917914867,-0.8903754949569702,0.0007206678274087608,0.17336472868919373,0.01315994281321764,-0.04340560592806212,-0.0017046674374792408,1.4648477891482743,0.06703663617372513,4.9415202140808105,-1.933314323425293,-0.586169421672821,4.66530704498291,0.2314082,-0.09053586,0.027449936
731,24.8841,-0.028528278693556786,0.02005659230053425,-0.8899291753768921,0.014588111080229282,0.17160168290138245,0.01710011251270771,-0.04404206397788823,0.0026039156386493327,1.4642155547054894,0.06812063604593277,4.854232311248779,-2.4972312450408936,-0.539950430393219,4.6889166831970215,0.22122806,-0.113809474,0.024607843
732,24.9183,-0.027558842673897743,0.025379378348588943,-0.8893759250640869,0.028567543253302574,0.1682320386171341,0.01985878124833107,-0.044219447151244325,0.006472572720761101,1.463661350882644,0.06910410523414612,4.715621471405029,-3.026489019393921,-0.4866558909416199,4.730165481567383,0.2096066,-0.13452566,0.021631567
733,24.9518,-0.026022233068943024,0.030460860580205917,-0.8887556791305542,0.04244820773601532,0.16354122757911682,0.02163909748196602,-0.04384251831083564,0.012130828802473532,1.462833507257793,0.06992871314287186,4.546038627624512,-3.535642385482788,-0.41630855202674866,4.7872724533081055,0.19682795,-0.15308124,0.018024739
734,24.986,-0.023936057463288307,0.03524733707308769,-0.8881280422210693,0.0560341514647007,0.1572771519422531,0.02254968136548996,-0.04301438340274028,0.016640576898440576,1.4621842285840314,0.07059726864099503,4.318088054656982,-3.985577344894409,-0.3504902124404907,4.855698585510254,0.18338239,-0.16926119,0.014884766
735,25.02,-0.021353816613554955,0.039717450737953186,-0.887536883354187,0.06935666501522064,0.1497219204902649,0.022689851000905037,-0.041316630691382375,0.02211332300428297,1.4614147081870532,0.0711451843380928,4.053123950958252,-4.400528430938721,-0.27969273924827576,4.931190490722656,0.16918428,-0.18368553,0.01167485
736,25.0543,-0.017420252785086632,0.04473581910133362,-0.8868937492370605,0.08513765037059784,0.13816428184509277,0.0221860371530056,-0.03974740463094521,0.025692253647077987,1.4608800785982197,0.07158729434013367,3.6329636573791504,-4.78065824508667,-0.2117687165737152,5.0247802734375,0.15116794,-0.19892362,0.008811715
737,25.088,-0.013714628294110298,0.048212870955467224,-0.8864771127700806,0.09707634896039963,0.12738725543022156,0.02140987478196621,-0.03700297551572653,0.030359156335386828,1.4601658187938604,0.07169903814792633,3.253026247024536,-5.021023750305176,-0.16000649333000183,5.0952582359313965,0.1358858,-0.20973882,0.0066838106
738,25.1222,-0.009537184610962868,0.05125487223267555,-0.8861258029937744,0.10806786268949509,0.1156672015786171,0.019976021721959114,-0.03441725207612515,0.03364332289918591,1.4596409097430059,0.07163750380277634,2.8320164680480957,-5.215780258178711,-0.10927942395210266,5.156801700592041,0.119272046,-0.21966566,0.0046023675
739,25.156,-0.0049564410001039505,0.05384295433759689,-0.8857979774475098,0.11816638708114624,0.10289692133665085,0.018571026623249054,-0.03192271069493996,0.03621097637467218,1.4592286524062617,0.07142473757266998,2.362344980239868,-5.318479061126709,-0.06897415220737457,5.20905876159668,0.101476416,-0.22845952,0.00296284
740,25.1918,-2.5805267796386033e-05,0.055922310799360275,-0.8855072259902954,0.12715542316436768,0.08923432230949402,0.017025049775838852,-0.02801965878332009,0.03935870794746974,1.458689495443575,0.07106663286685944,1.8625932931900024,-5.380445957183838,-0.03329560160636902,5.249649524688721,0.08178139,-0.2362407,0.001461919
741,25.226,0.005212164018303156,0.05750642716884613,-0.8852816820144653,0.1351725459098816,0.0749693438410759,0.015128291212022305,-0.024685139749567094,0.04143839540984784,1.4583566003073152,0.07062453031539917,1.3293907642364502,-5.361333847045898,-0.005248934030532837,5.279902458190918,0.06016764,-0.24265161,0.00023756444
742,25.2596,0.01210666261613369,0.05875799432396889,-0.8851974010467529,0.14351864159107208,0.05623670667409897,0.012998213991522789,-0.020289561161472285,0.04343140113993306,1.4580262351740907,0.07003822177648544,0.6364513635635376,-5.217545986175537,0.003062039613723755,5.304760932922363,0.030271333,-0.24816048,-0.00014563881
743,25.2932,0.017856651917099953,0.05923980847001076,-0.8852251768112183,0.14869405329227448,0.04104330763220787,0.011267262510955334,-0.01713827905398705,0.044459543607082576,1.457865113928141,0.06962009519338608,0.06952449679374695,-5.080012321472168,-0.005732685327529907,5.311334609985352,0.0034211504,-0.24997644,0.00028209307
744,25.327,0.023718927055597305,0.059202808886766434,-0.8853222131729126,0.15266941487789154,0.02560066245496273,0.009651833213865757,-0.013413930452998001,0.045302047101496754,1.4577500653690496,0.06923740357160568,-0.49356740713119507,-4.8643341064453125,-0.030512720346450806,5.313465118408203,-0.025236575,-0.24871807,0.0015601446
745,25.361,0.02965899556875229,0.058609265834093094,-0.8854584693908691,0.15547944605350494,0.010105667635798454,0.008397203870117664,-0.008609539472670567,0.045876919551114774,1.45771105005908,0.06887141615152359,-1.0502963066101074,-4.605991840362549,-0.0734788179397583,5.310462474822998,-0.05557365,-0.24371387,0.0038879374
746,25.3952,0.03561775013804436,0.05749889463186264,-0.8856757879257202,0.1569286584854126,-0.005344196688383818,0.007338674273341894,-0.0050738825968460865,0.045991206612582006,1.4577229011259307,0.06860210746526718,-1.5787737369537354,-4.269581317901611,-0.13643142580986023,5.3090643882751465,-0.086666375,-0.23437756,0.0074893683
747,25.4287,0.04151490330696106,0.05584172531962395,-0.8859808444976807,0.15703986585140228,-0.020645665004849434,0.006462699268013239,0.00027360176613558076,0.04576993121551005,1.4579135834599803,0.06841957569122314,-2.0852596759796143,-3.9109623432159424,-0.2244100570678711,5.303836822509766,-0.11747081,-0.22031976,0.012641894
748,25.463,0.048682719469070435,0.052981261163949966,-0.8864874839782715,0.1551617830991745,-0.039407581090927124,0.006049248855561018,0.004692513247408886,0.04519811723995641,1.4580759031284207,0.06829828768968582,-2.648458957672119,-3.354057550430298,-0.36909544467926025,5.306912422180176,-0.15435515,-0.19547823,0.021511296
749,25.4969,0.05422477796673775,0.05015121027827263,-0.8869006633758545,0.15198393166065216,-0.05392458662390709,0.006691252812743187,0.008679344982001017,0.04438149634238644,1.4583367597571941,0.0683283731341362,-3.0515940189361572,-2.8775665760040283,-0.5124738216400146,5.312024116516113,-0.18054433,-0.17024818,0.03031997
750,25.531,0.05956421419978142,0.046878330409526825,-0.8872745037078857,0.14748068153858185,-0.0679817870259285,0.00801016390323639,0.014462867422893448,0.042687721727906844,1.4586747148995252,0.06848132610321045,-3.4242725372314453,-2.4028613567352295,-0.6766963005065918,5.315777778625488,-0.20201695,-0.1417582,0.039922092
751,25.5651,0.064702607691288,0.043188389390707016,-0.8875757455825806,0.1415938436985016,-0.08131406456232071,0.010594080202281475,0.019144445585224847,0.04075401294396792,1.4590211921573444,0.0687744989991188,-3.7456138134002686,-1.8966693878173828,-0.8555357456207275,5.325873374938965,-0.21854429,-0.11066444,0.049917705
752,25.5991,0.06958921998739243,0.03910820558667183,-0.8877286911010742,0.13423237204551697,-0.093864805996418,0.01416491437703371,0.025002944333181416,0.037602107698399494,1.4594314521232712,0.06917575001716614,-4.015889644622803,-1.3800787925720215,-1.0382808446884155,5.339681148529053,-0.22966313,-0.07892478,0.059377834
753,25.6336,0.07423846423625946,0.034756384789943695,-0.8876891136169434,0.1257331222295761,-0.10526961088180542,0.0189850814640522,0.029003986008753993,0.03482708552015852,1.459781790964671,0.06975201517343521,-4.262087345123291,-0.9002176523208618,-1.2273050546646118,5.350833892822266,-0.23543747,-0.049727973,0.06779626
754,25.6681,0.07958278805017471,0.02906862273812294,-0.8873542547225952,0.11326297372579575,-0.11773790419101715,0.026502413675189018,0.03437251721159562,0.03015394520923401,1.4601742077512943,0.0706702321767807,-4.479236125946045,-0.31547531485557556,-1.442850112915039,5.371566295623779,-0.23742627,-0.016722076,0.07647967
755,25.7021,0.08343386650085449,0.024293309077620506,-0.8867491483688354,0.10189197212457657,-0.12611506879329681,0.03314788639545441,0.038160189749582414,0.02590532525963574,1.4605393271367442,0.07142990827560425,-4.626937389373779,0.10449197888374329,-1.6028743982315063,5.382524490356445,-0.23617315,0.0053335926,0.08181565
756,25.7357,0.08687466382980347,0.019319569692015648,-0.8857631683349609,0.08948349952697754,-0.1331057995557785,0.040350764989852905,0.04104450140105751,0.021878806703166276,1.4608284132730722,0.07213442772626877,-4.715840816497803,0.505579948425293,-1.7261786460876465,5.396697044372559,-0.23358591,0.02504248,0.0855014
757,25.7701,0.08985958248376846,0.014209422282874584,-0.884315013885498,0.07627058774232864,-0.13839015364646912,0.04784457013010979,0.04438180427038748,0.015791168950840907,1.4612559837860843,0.07272553443908691,-4.785386562347412,0.8693141937255859,-1.8212292194366455,5.40608024597168,-0.23035432,0.04184621,0.087668575
758,25.8042,0.09236463904380798,0.009006730280816555,-0.8825184106826782,0.06238601356744766,-0.14221440255641937,0.05499231070280075,0.04630228463384928,0.010794036367956844,1.461561048888953,0.07323352992534637,-4.808351039886475,1.2077414989471436,-1.8748252391815186,5.414772033691406,-0.22679347,0.05696504,0.08842909
759,25.8382,0.0943397730588913,0.0037895115092396736,-0.8803316354751587,0.04790084809064865,-0.1444404125213623,0.0619305819272995,0.04746495418675062,0.006489411493020698,1.4618906150738502,0.07360271364450455,-4.7922043800354,1.5161314010620117,-1.888824224472046,5.420612335205078,-0.22312151,0.07058996,0.087942265
760,25.8723,0.09595801681280136,-0.0026751160621643066,-0.8770757913589478,0.029372869059443474,-0.1448860615491867,0.0696667730808258,0.04828246557881009,0.0004649162433419509,1.4622940839789973,0.07377388328313828,-4.732395648956299,1.8705137968063354,-1.854020118713379,5.421449661254883,-0.2184499,0.086343914,0.085582554
761,25.9062,0.0965760126709938,-0.007762250956147909,-0.874228835105896,0.014465059153735638,-0.14354586601257324,0.0750177875161171,0.04831113617242047,-0.004078130826454663,1.4626594696805562,0.07372462749481201,-4.648869514465332,2.1360087394714355,-1.7912509441375732,5.418472766876221,-0.2144068,0.098513156,0.08261286
762,25.9402,0.09656217694282532,-0.012706348672509193,-0.8712179660797119,-0.0004635813529603183,-0.1408064067363739,0.07929527014493942,0.047660763105898694,-0.009337770989928378,1.4630690638562103,0.07347498089075089,-4.538523197174072,2.395019054412842,-1.702279806137085,5.412137508392334,-0.20985766,0.11074375,0.078712046
763,25.9742,0.0958561897277832,-0.017492441460490227,-0.8681349754333496,-0.015308897010982037,-0.1366490125656128,0.08244256675243378,0.046800420593370196,-0.012703420920408177,1.4633996953055437,0.07296919077634811,-4.385242938995361,2.6372017860412598,-1.5826799869537354,5.405139923095703,-0.20467646,0.12308853,0.07386987
764,26.0079,0.0924452692270279,-0.026680147275328636,-0.8617883920669556,-0.04435167834162712,-0.12503911554813385,0.08535198122262955,0.045104815055641165,-0.017042194074392135,1.4638383179370797,0.07128381729125977,-3.9674179553985596,3.0987210273742676,-1.26974356174469,5.394968032836914,-0.19104274,0.14921245,0.061141852
765,26.0421,0.0924452692270279,-0.026680147275328636,-0.8617883920669556,-0.04435167834162712,-0.12503911554813385,0.08535198122262955,0.04341805620615824,-0.02014501185152443,1.4642026383742026,0.07128381729125977,-3.9744796752929688,3.1267716884613037,-1.2791565656661987,5.3957719802856445,-0.1904849,0.14985679,0.06130614
766,26.0761,0.08578751981258392,-0.03606090694665909,-0.8547153472900391,-0.07499808818101883,-0.10749415308237076,0.08310923725366592,0.04175477062497085,-0.022584149079062962,1.4645267450788653,0.0687137171626091,-3.3397316932678223,3.6073219776153564,-0.8344569206237793,5.402037620544434,-0.16744636,0.18086271,0.041837726
767,26.1102,0.0819098949432373,-0.039737503975629807,-0.851712703704834,-0.08755660057067871,-0.0982893705368042,0.08056363463401794,0.038999522417823715,-0.025789465268649683,1.464989336160212,0.0673559233546257,-3.002201557159424,3.83378005027771,-0.6226634979248047,5.415741920471191,-0.1528911,0.19524033,0.031709965
768,26.1439,0.07750233262777328,-0.04302150383591652,-0.8489236831665039,-0.0995822325348854,-0.08831863105297089,0.07549112290143967,0.036575875217094274,-0.028104499189390526,1.4653307534119602,0.06585963815450668,-2.63016939163208,4.042801856994629,-0.38843706250190735,5.430959701538086,-0.13589264,0.20887895,0.02006933
769,26.1785,0.07264547049999237,-0.04590008035302162,-0.8463467359542847,-0.11089431494474411,-0.07766199856996536,0.06928946822881699,0.034268385532378924,-0.03007245872166139,1.4655913437246244,0.06428715586662292,-2.2278342247009277,4.233355522155762,-0.14631131291389465,5.448170185089111,-0.116372064,0.2211315,0.0076426463
770,26.2123,0.06737750768661499,-0.04836992174386978,-0.8440166711807251,-0.12119188159704208,-0.06636842340230942,0.06222057715058327,0.030631766243064667,-0.032692025113052796,1.4659584604808917,0.06267198175191879,-1.7941977977752686,4.4194135665893555,0.09658977389335632,5.470401287078857,-0.09402149,0.23159088,-0.0050616018
771,26.246,0.06033258140087128,-0.0508011169731617,-0.8416626453399658,-0.1325211375951767,-0.05132920295000076,0.051645152270793915,0.027489689726394317,-0.03462499528590814,1.4661925523407098,0.060588985681533813,-1.2342920303344727,4.590653419494629,0.39939460158348083,5.49062442779541,-0.064684406,0.24057813,-0.020930704
772,26.2801,0.054401151835918427,-0.05223338305950165,-0.8401787281036377,-0.14033985137939453,-0.038668956607580185,0.04209822043776512,0.023246007027785703,-0.03678921106516644,1.4664329026290894,0.058936409652233124,-0.7671036720275879,4.708541393280029,0.6343580484390259,5.50748348236084,-0.039848626,0.24459393,-0.03295291
773,26.3141,0.04827676713466644,-0.05323230102658272,-0.8390799760818481,-0.14691491425037384,-0.025674112141132355,0.03153032436966896,0.02004094467074038,-0.03809080608080744,1.4665711206896646,0.05735590681433678,-0.30083826184272766,4.774026870727539,0.8673216104507446,5.514476299285889,-0.015470477,0.24550226,-0.044601638
774,26.3479,0.041975896805524826,-0.0537383072078228,-0.8383564949035645,-0.1522158980369568,-0.012356067076325417,0.020912976935505867,0.015192641180899713,-0.039707132641836174,1.466751150379354,0.055825117975473404,0.17428971827030182,4.8138909339904785,1.082824945449829,5.520176410675049,0.008825243,0.24375367,-0.05482936
775,26.3819,0.03558497503399849,-0.0537433922290802,-0.8380535840988159,-0.1562604010105133,0.001375736785121262,0.009481369517743587,0.01109858964455342,-0.04064824799798894,1.4668451599658336,0.05437497794628143,0.6415954828262329,4.796076774597168,1.2938601970672607,5.511909008026123,0.03202342,0.23938257,-0.06457936
776,26.4161,0.029187407344579697,-0.053267303854227066,-0.8382066488265991,-0.1588159203529358,0.015282425098121166,-0.0020111536141484976,0.007381803484792625,-0.04120417455316457,1.466895760026545,0.05305025726556778,1.0983529090881348,4.728397369384766,1.4879846572875977,5.491875648498535,0.054082338,0.23282388,-0.0732676
777,26.4501,0.02126389555633068,-0.05196111649274826,-0.838965892791748,-0.15994001924991608,0.03260304033756256,-0.015990277752280235,0.0019311938652142116,-0.04153664108693655,1.466905746880633,0.051602188497781754,1.6606658697128296,4.58984375,1.7024857997894287,5.4556050300598145,0.080311954,0.2219708,-0.08233442
778,26.4842,0.01503095030784607,-0.050314925611019135,-0.8400815725326538,-0.1591976284980774,0.04638461396098137,-0.026853689923882484,-0.002430700676503272,-0.041384745197450355,1.4668618047226467,0.05059809237718582,2.1012156009674072,4.428750514984131,1.8477168083190918,5.414494514465332,0.1002755,0.21135156,-0.088177875
779,26.5181,0.008962039835751057,-0.04811706393957138,-0.8416171073913574,-0.15681330859661102,0.060043297708034515,-0.03757095709443092,-0.006232670280369449,-0.04091753935727719,1.4667848393671434,0.04976048693060875,2.5280418395996094,4.217105388641357,1.9736464023590088,5.360337257385254,0.1192892,0.19899002,-0.09312927
780,26.5519,0.0031338571570813656,-0.0453653447329998,-0.8436087369918823,-0.1530022770166397,0.07340534031391144,-0.047815561294555664,-0.011634178387498176,-0.039711231413201376,1.4665637969966667,0.04910503700375557,2.9531612396240234,3.9767990112304688,2.069542169570923,5.303078651428223,0.13752669,0.1851968,-0.09637716
781,26.5861,-0.0024461024440824986,-0.04211250692605972,-0.845897912979126,-0.1476799100637436,0.08630415797233582,-0.05731013044714928,-0.015841935459120545,-0.0382661003371835,1.4663619293860388,0.04877119138836861,3.360780715942383,3.6837120056152344,2.1425764560699463,5.23342227935791,0.15481003,0.16968544,-0.09869502
782,26.6202,-0.0077922954224050045,-0.0383746512234211,-0.8484691381454468,-0.14113342761993408,0.09845281392335892,-0.06587042659521103,-0.02085528523662697,-0.035949961620709195,1.4659916168364633,0.04884613677859306,3.7667806148529053,3.3581573963165283,2.1880342960357666,5.160942077636719,0.17120782,0.15263507,-0.099450596
783,26.6541,-0.014045774936676025,-0.033081766217947006,-0.8520437479019165,-0.13117773830890656,0.11265020817518234,-0.07513444125652313,-0.024108675645078823,-0.03401521045887486,1.4657014654356992,0.04959114268422127,4.2288031578063965,2.8730289936065674,2.195783853530884,5.0508623123168945,0.19000597,0.12908916,-0.098659605
784,26.688,-0.018639594316482544,-0.028444796800613403,-0.8551583290100098,-0.12189891189336777,0.12308313697576523,-0.08143161982297897,-0.028394467497829715,-0.03087058521381752,1.4651937337738756,0.050755493342876434,4.58689546585083,2.462209939956665,2.1732876300811768,4.96635627746582,0.20326978,0.10911364,-0.09630995
785,26.7221,-0.022770492359995842,-0.02346920780837536,-0.8584628105163574,-0.11173386871814728,0.13232100009918213,-0.08664122968912125,-0.03149743923896253,-0.028023487077387076,1.4647447248140881,0.05234527587890625,4.900928497314453,2.0146992206573486,2.113069772720337,4.875876426696777,0.2147773,0.08829177,-0.092602745
786,26.756,-0.026434818282723427,-0.01817004382610321,-0.8619526624679565,-0.10053085535764694,0.1405944973230362,-0.09076474606990814,-0.03404426388189194,-0.02527853573292338,1.4642901232160117,0.054345350712537766,5.169371128082275,1.533270001411438,2.016824960708618,4.783530235290527,0.22448926,0.06658501,-0.08758426
787,26.7903,-0.029586641117930412,-0.012555954977869987,-0.86551833152771,-0.08852484077215195,0.14781638979911804,-0.09358245134353638,-0.037302306499873025,-0.02103150327700615,1.4636363171683973,0.05668415129184723,5.405001163482666,1.0225969552993774,1.8965871334075928,4.696988582611084,0.23222712,0.043936115,-0.081487305
788,26.8244,-0.032266777008771896,-0.00671931030228734,-0.869117021560669,-0.07582521438598633,0.1538582444190979,-0.09515852481126785,-0.039561878010318366,-0.017427148808476584,1.4630335106556578,0.05937814712524414,5.583317279815674,0.4787794351577759,1.7404377460479736,4.614720344543457,0.23787706,0.020398382,-0.07415129
789,26.8583,-0.03498658537864685,0.0007227868190966547,-0.8734785318374634,-0.0593566857278347,0.15938398241996765,-0.09529688954353333,-0.04127497302626865,-0.014111681779490664,1.4625147268753103,0.06315602362155914,5.7245588302612305,-0.2270672619342804,1.502697467803955,4.528466701507568,0.24162997,-0.009584364,-0.0634279
790,26.892,-0.036658018827438354,0.0067206271924078465,-0.876949667930603,-0.04553138092160225,0.16225159168243408,-0.09418686479330063,-0.043285738711873335,-0.009235324592338993,1.461764780712344,0.06643824279308319,5.802414894104004,-0.8045802116394043,1.296486258506775,4.482117652893066,0.24177991,-0.033525925,-0.054023083
791,26.9262,-0.03785143047571182,0.012689157389104366,-0.880359411239624,-0.03153291344642639,0.16376268863677979,-0.09158780425786972,-0.04448110688953381,-0.005237276892398155,1.4611851437010883,0.06983064115047455,5.822594165802002,-1.3895035982131958,1.0604560375213623,4.453518867492676,0.23944345,-0.057140775,-0.0436093
792,26.9599,-0.03856835141777992,0.01862778328359127,-0.8837298154830933,-0.017403176054358482,0.1638922542333603,-0.0875951275229454,-0.04546381749296225,-0.00013380869544703865,1.460419351729636,0.07328850775957108,5.805983066558838,-1.9823167324066162,0.8091303110122681,4.444942474365234,0.23455898,-0.08008466,-0.032688484
793,26.9941,-0.038771215826272964,0.024527406319975853,-0.8868887424468994,-0.0032284704502671957,0.16274669766426086,-0.08228110522031784,-0.045832677787505834,0.0034972834292894216,1.4599113537517034,0.07667213678359985,5.7312493324279785,-2.567044496536255,0.5481710433959961,4.455114364624023,0.22729477,-0.10180604,-0.021739835
794,27.0282,-0.038465529680252075,0.0303752813488245,-0.8897857666015625,0.0107224490493536,0.16026051342487335,-0.07609731703996658,-0.045848369631991286,0.008698543148538856,1.4591701960203343,0.07993071526288986,5.62882137298584,-3.152796983718872,0.30373403429985046,4.483698844909668,0.21787433,-0.12203506,-0.011756608
795,27.0619,-0.037370022386312485,0.03754470869898796,-0.8929802179336548,0.027916524559259415,0.15535765886306763,-0.0670967623591423,-0.045441326265318695,0.012757992836214184,1.4586378301184275,0.083744116127491,5.427667140960693,-3.8363711833953857,0.011300772428512573,4.540878772735596,0.20415168,-0.14429802,-0.00042505766
796,27.0961,-0.0358998142182827,0.04307045415043831,-0.8951520919799805,0.041561421006917953,0.15000930428504944,-0.059034958481788635,-0.04475043569952489,0.0162020489339589,1.4581712442954455,0.08648465573787689,5.2248735427856445,-4.346424579620361,-0.19540910422801971,4.602488040924072,0.19211401,-0.15981421,0.007185021
797,27.13,-0.03397204726934433,0.04837433248758316,-0.8970010280609131,0.0547114722430706,0.14355866611003876,-0.05066593736410141,-0.043278989262985665,0.020971609200209188,1.457562312512199,0.08897470682859421,4.999790668487549,-4.832675457000732,-0.3718661665916443,4.672991752624512,0.17949879,-0.17349914,0.013350464
798,27.1643,-0.031584106385707855,0.05343113839626312,-0.898463249206543,0.06745944172143936,0.13592572510242462,-0.041965603828430176,-0.041676003474542554,0.024554447199666055,1.4571178309262647,0.09115807712078094,4.733337879180908,-5.2595062255859375,-0.5260974764823914,4.747486591339111,0.16677658,-0.18531585,0.018536758
799,27.1994,-0.028730139136314392,0.05818324163556099,-0.8995953798294067,0.0795343890786171,0.1272800862789154,-0.03312549740076065,-0.03918609349694058,0.028738308642288768,1.456602908729498,0.09301860630512238,4.430811405181885,-5.625767230987549,-0.6604427099227905,4.820493221282959,0.15402967,-0.19557029,0.022959175
800,27.2331,-0.025426076725125313,0.06255792081356049,-0.900407075881958,0.090962253510952,0.11753425747156143,-0.024466022849082947,-0.03713053677075212,0.031419052837346334,1.456280266763435,0.09452228248119354,4.099575519561768,-5.950929641723633,-0.7690957188606262,4.889005661010742,0.14103091,-0.20471998,0.026457926
801,27.2672,-0.020743589848279953,0.06743177026510239,-0.9008013010025024,0.10406389832496643,0.10422416031360626,-0.014280656352639198,-0.0338736010290991,0.03478896486586756,1.45589903525339,0.09581764042377472,3.6355834007263184,-6.242804527282715,-0.8699908256530762,4.963616371154785,0.12490897,-0.21448615,0.029890569
802,27.3014,-0.016599692404270172,0.07080087065696716,-0.9006927013397217,0.11368247121572495,0.09255630522966385,-0.006861970294266939,-0.031054942540278258,0.03711896034238868,1.4556381786246166,0.09640219062566757,3.2353854179382324,-6.431431770324707,-0.9178639650344849,5.013802528381348,0.111447394,-0.22153969,0.031617112
803,27.3351,-0.012150214985013008,0.07368026673793793,-0.9002749919891357,0.12238141149282455,0.08010033518075943,0.00021940917940810323,-0.02844784515233439,0.03884121829696452,1.4554395068072967,0.0966249629855156,2.808285713195801,-6.543769359588623,-0.9516265392303467,5.055899620056152,0.09772413,-0.22771336,0.03311518
804,27.3722,-0.007462195120751858,0.07606103271245956,-0.8996114730834961,0.12982241809368134,0.06704769283533096,0.0067117526195943356,-0.02455921592249298,0.040851430544405175,1.4552723934488943,0.09653531759977341,2.3637938499450684,-6.622392654418945,-0.9695101976394653,5.087860584259033,0.08325402,-0.23324403,0.03414664
805,27.4062,-0.0025787532795220613,0.07796172797679901,-0.8987680673599243,0.13637717068195343,0.05355071648955345,0.012288233265280724,-0.02135563286820941,0.04208270146251128,1.4551705275371989,0.09619320183992386,1.9035613536834717,-6.641373157501221,-0.9746958017349243,5.113272666931152,0.06820643,-0.23796676,0.034924284
806,27.4397,0.0024611433036625385,0.07930432260036469,-0.8977595567703247,0.14190465211868286,0.039768971502780914,0.017138689756393433,-0.017299271303071545,0.04318242470633508,1.4551522848837317,0.09555043280124664,1.4346038103103638,-6.604959011077881,-0.9692920446395874,5.133648872375488,0.052525647,-0.24182965,0.035489026
807,27.4733,0.008925825357437134,0.08017813414335251,-0.8963778018951416,0.14722377061843872,0.022211790084838867,0.022515064105391502,-0.014431635617328464,0.043675737847569424,1.455159475418675,0.09436599165201187,0.8398482203483582,-6.495187282562256,-0.9593358039855957,5.151729583740234,0.0317204,-0.24531807,0.036233354
808,27.5071,0.01949848048388958,0.07970775663852692,-0.8939037322998047,0.15229296684265137,-0.00638013519346714,0.029215162619948387,-0.0103993558944071,0.043947505114433606,1.4552269865523084,0.0916157215833664,0.36249473690986633,-6.347658157348633,-0.9484792947769165,5.163450241088867,0.014097488,-0.2468616,0.036886536
809,27.5412,0.01949848048388958,0.07970775663852692,-0.8939037322998047,0.15229296684265137,-0.00638013519346714,0.029215162619948387,-0.007209332595290969,0.04393380647957651,1.4553185992938071,0.0916157215833664,-0.11806018650531769,-6.157491207122803,-0.9386745691299438,5.171679496765137,-0.00473776,-0.24710035,0.037669048
810,27.5751,0.024854635819792747,0.07864215970039368,-0.8927245140075684,0.15322089195251465,-0.020752592012286186,0.031807828694581985,-0.0044180115590895215,0.04369932346797344,1.4554391073331334,0.0899655893445015,-0.5864091515541077,-5.897320747375488,-0.9399192333221436,5.182384967803955,-0.024431774,-0.24570219,0.039160192
811,27.6085,0.035635750740766525,0.07489334791898727,-0.8902668952941895,0.15228493511676788,-0.04882166162133217,0.03605645149946213,-0.000432318950041779,0.04309323377695264,1.4556642776032995,0.08614461869001389,-1.4811961650848389,-5.1971235275268555,-0.950201153755188,5.215717315673828,-0.0674869,-0.23679356,0.043293472
812,27.6421,0.035635750740766525,0.07489334791898727,-0.8902668952941895,0.15228493511676788,-0.04882166162133217,0.03605645149946213,0.002777627862905182,0.042391877820312666,1.4558712052199987,0.08614461869001389,-1.5054690837860107,-5.240291118621826,-0.9560933113098145,5.205268383026123,-0.06799218,-0.23666963,0.043180473
813,27.6757,0.04746430739760399,0.06811384111642838,-0.8871750831604004,0.14688485860824585,-0.07931819558143616,0.04030450060963631,0.0055818753732921975,0.04158005893508324,1.4560783991528068,0.08113797008991241,-2.0279288291931152,-4.698558330535889,-0.9663709402084351,5.233695030212402,-0.09734761,-0.22554709,0.046389155
814,27.7102,0.05253799632191658,0.0642336755990982,-0.8857179880142212,0.14293591678142548,-0.09209368377923965,0.04209527373313904,0.009742370698241366,0.04014663328429411,1.4563618926508457,0.07876434177160263,-2.774580240249634,-3.653468608856201,-1.0021824836730957,5.29323673248291,-0.14771618,-0.19450742,0.053355303
815,27.7441,0.057450950145721436,0.05986667424440384,-0.8841981887817383,0.13790389895439148,-0.10437072813510895,0.04416808858513832,0.01307022974867456,0.03877342836365439,1.4566621640637523,0.07638387382030487,-3.1106555461883545,-3.0857675075531006,-1.0298035144805908,5.32203483581543,-0.17277735,-0.17139499,0.057199113
816,27.7781,0.062198616564273834,0.05503784492611885,-0.8825663328170776,0.1321314424276352,-0.11614390462636948,0.046582188457250595,0.01604364910574803,0.037345170909855695,1.4568966553977336,0.07405325770378113,-3.4127328395843506,-2.4821674823760986,-1.0569028854370117,5.353160381317139,-0.19612141,-0.14264409,0.060737625
817,27.8121,0.06674403697252274,0.049786146730184555,-0.8807870149612427,0.1253959983587265,-0.12710893154144287,0.049340907484292984,0.02056590365586544,0.03481537593374058,1.4572998579867718,0.07184039056301117,-3.6944336891174316,-1.8857710361480713,-1.086977481842041,5.378362655639648,-0.2153964,-0.10994603,0.063374
818,27.8463,0.07206253707408905,0.04267376661300659,-0.878537654876709,0.11541636288166046,-0.13970813155174255,0.05289371311664581,0.02436664440854503,0.03228309256648192,1.4575793567431754,0.0693994015455246,-3.9744606018066406,-1.1189661026000977,-1.1234943866729736,5.410060882568359,-0.23220214,-0.06537398,0.06563854
819,27.8799,0.07597534358501434,0.03654367849230766,-0.8765609264373779,0.10628186911344528,-0.1487002670764923,0.055836401879787445,0.02922719219761626,0.028465003816013988,1.457963118256256,0.06770449876785278,-4.17402458190918,-0.5422515869140625,-1.1528289318084717,5.426755428314209,-0.2391104,-0.031063065,0.066040196
820,27.9138,0.07952997088432312,0.030131235718727112,-0.8744721412658691,0.09592767804861069,-0.15659520030021667,0.05868811532855034,0.03254991217938344,0.02526555906439305,1.458151004271161,0.06635528057813644,-4.314582824707031,0.015654712915420532,-1.1678431034088135,5.4432373046875,-0.24131483,0.00087556883,0.06531752
821,27.948,0.0826888233423233,0.0234282948076725,-0.8722376823425293,0.08459452539682388,-0.16322650015354156,0.06097788363695145,0.03704261084288747,0.01997139663499188,1.458522515243227,0.06536363810300827,-4.433556079864502,0.527691125869751,-1.174453854560852,5.452414035797119,-0.24008083,0.028574923,0.06359768
822,27.982,0.0854094848036766,0.016544051468372345,-0.8699113130569458,0.07234440743923187,-0.1683618277311325,0.0630621388554573,0.04021824318929282,0.01524890462011684,1.4587458213006301,0.06479930877685547,-4.496418476104736,1.0034654140472412,-1.1596934795379639,5.460915565490723,-0.23661631,0.052805647,0.061026882
823,28.0162,0.08767780661582947,0.009557493962347507,-0.8675239086151123,0.059269979596138,-0.1719534546136856,0.0642414316534996,0.04261460547241656,0.010811672528097513,1.458988302117882,0.06469371169805527,-4.512203216552734,1.4401841163635254,-1.117925763130188,5.465594291687012,-0.23179409,0.07398296,0.057428394
824,28.0503,0.0897991955280304,0.0008083953871391714,-0.8643666505813599,0.042019154876470566,-0.17388424277305603,0.06504237651824951,0.04525851274005236,0.004213500032871501,1.4592620750779421,0.0651174783706665,-4.4827094078063965,1.9342995882034302,-1.0317497253417969,5.463146209716797,-0.2245819,0.096907616,0.05169024
825,28.0843,0.0908793956041336,-0.006158584728837013,-0.8617434501647949,0.027702664956450462,-0.17339521646499634,0.06488928198814392,0.046647962943341566,-0.0010688939682956477,1.459509882217374,0.06582393497228622,-4.413610935211182,2.3011467456817627,-0.9306532144546509,5.4562177658081055,-0.21790318,0.11360929,0.045947026
826,28.1183,0.09138429909944534,-0.013044996187090874,-0.8590540885925293,0.01308656670153141,-0.1711668223142624,0.0639091283082962,0.04738937034606281,-0.005586119786279511,1.4596868492718098,0.06678453832864761,-4.3010430335998535,2.6469321250915527,-0.799268364906311,5.447345733642578,-0.21029423,0.1294185,0.03907925
827,28.1518,0.09127771854400635,-0.01980551891028881,-0.8563523292541504,-0.0016428653616458178,-0.16727769374847412,0.0621592216193676,0.04759584439313881,-0.011877088847535126,1.4600078933412188,0.06791359931230545,-4.163600921630859,2.9825901985168457,-0.6564590930938721,5.437704086303711,-0.20158575,0.1444057,0.031783257
828,28.186,0.09058894962072372,-0.026332730427384377,-0.8536996841430664,-0.016327546909451485,-0.16177800297737122,0.059653572738170624,0.04713864621299946,-0.016606855661434747,1.4602469120490533,0.06916028261184692,-3.9822278022766113,3.2964091300964355,-0.49362823367118835,5.43336296081543,-0.19170824,0.15869227,0.023763733
829,28.22,0.08932867646217346,-0.03259116783738136,-0.8511343002319336,-0.030846036970615387,-0.15491795539855957,0.05614815279841423,0.04584204046321315,-0.022042589029611547,1.4606232167110815,0.07045763731002808,-3.771900177001953,3.600485324859619,-0.32381299138069153,5.435290813446045,-0.18049036,0.17228794,0.015494876
830,28.2541,0.08707385510206223,-0.03990785777568817,-0.8481353521347046,-0.04823959246277809,-0.1443478763103485,0.05104246735572815,0.04454084492173565,-0.025470014934705475,1.460893128087561,0.07210484147071838,-3.4618849754333496,3.9365875720977783,-0.09603825211524963,5.448432445526123,-0.16506712,0.18770155,0.0045792274
831,28.288,0.08470124751329422,-0.04523720219731331,-0.8459157943725586,-0.061530161648988724,-0.13437406718730927,0.046350885182619095,0.04214554790304794,-0.029810505619533075,1.4612802185520042,0.07327229529619217,-3.191263198852539,4.190664768218994,0.08341500163078308,5.465462684631348,-0.15144303,0.19887015,-0.003958502
832,28.3222,0.08183575421571732,-0.05004439502954483,-0.8439427614212036,-0.07412615418434143,-0.12323881685733795,0.04040488228201866,0.039834922762267945,-0.03285665632209553,1.4615746310105124,0.07420054078102112,-2.899470806121826,4.433699607849121,0.26361319422721863,5.486903190612793,-0.13666022,0.20897275,-0.012424832
833,28.3561,0.07855150103569031,-0.05435594171285629,-0.8421730995178223,-0.08579926192760468,-0.1112477108836174,0.033768247812986374,0.03755564802094522,-0.035207742786093316,1.4618694429431842,0.07491330057382584,-2.590599536895752,4.6477742195129395,0.44833502173423767,5.5094757080078125,-0.121286124,0.21759848,-0.020990051
834,28.3897,0.07491214573383331,-0.05813248082995415,-0.8407232761383057,-0.09654247015714645,-0.0985717922449112,0.026619927957654,0.03397261860678501,-0.038102161966143105,1.4622450818149397,0.07536225765943527,-2.266864061355591,4.852181434631348,0.6188452243804932,5.535440921783447,-0.10511823,0.22500366,-0.028696874
835,28.424,0.07092253863811493,-0.06137930974364281,-0.8395955562591553,-0.10636257380247116,-0.08519861102104187,0.019035514444112778,0.03084518739551549,-0.040006517721442314,1.462553475869171,0.07551130652427673,-1.934451937675476,5.024878025054932,0.7801680564880371,5.559256553649902,-0.08888959,0.2308971,-0.035849337
836,28.4585,0.06551812589168549,-0.06466817110776901,-0.8386050462722778,-0.11696621030569077,-0.06759507954120636,0.009351927787065506,0.02794877084464814,-0.041394274320725795,1.4628180609234704,0.07526588439941406,-1.5192859172821045,5.1880717277526855,0.9689899682998657,5.582401752471924,-0.069157675,0.23616028,-0.044108283
837,28.4921,0.0608949176967144,-0.06667472422122955,-0.8381924629211426,-0.12421779334545135,-0.05309232324361801,0.001686789095401764,0.023650597373422982,-0.04293616969047601,1.4631512223758394,0.07470044493675232,-1.1711784601211548,5.304062843322754,1.0972766876220703,5.603989601135254,-0.052836247,0.23928614,-0.04950226
838,28.5261,0.05608286336064339,-0.06812239438295364,-0.8381218910217285,-0.13024553656578064,-0.03826507553458214,-0.006016493774950504,0.02010758611583041,-0.04378166091873812,1.4633897084514558,0.07382458448410034,-0.8281520009040833,5.379489421844482,1.2147901058197021,5.618802070617676,-0.037125017,0.24115579,-0.05445752
839,28.5599,0.051097843796014786,-0.06901542097330093,-0.8383998870849609,-0.1350289136171341,-0.02335241623222828,-0.013822624459862709,0.015580339178966405,-0.04436555066535959,1.4636440403355584,0.07263810932636261,-0.4776500165462494,5.431344509124756,1.3189700841903687,5.632440567016602,-0.021287262,0.24205685,-0.058782082
840,28.5942,0.046059008687734604,-0.06934511661529541,-0.8390495777130127,-0.13868477940559387,-0.008467587642371655,-0.021273400634527206,0.012357042490832446,-0.044511171481527285,1.4637734699645364,0.07116607576608658,-0.14079616963863373,5.439050197601318,1.407989501953125,5.635671138763428,-0.0062630633,0.24194632,-0.06263187
841,28.6281,0.04099145159125328,-0.06908465921878815,-0.8400077819824219,-0.14090901613235474,0.0065215458162128925,-0.028299059718847275,0.007824783921721777,-0.04433412536449666,1.4638815943047936,0.0693986788392067,0.19299466907978058,5.414517879486084,1.4871749877929688,5.633136749267578,0.008587683,0.24092977,-0.06617481
842,28.6621,0.03471113741397858,-0.06795018911361694,-0.8416867256164551,-0.14203226566314697,0.024983402341604233,-0.036702126264572144,0.004254794374152916,-0.04386724409708134,1.4639068943351492,0.06680423021316528,0.6020908355712891,5.336208820343018,1.569098711013794,5.618485450744629,0.02690493,0.23845293,-0.07011648
843,28.6961,0.02977210469543934,-0.06646114587783813,-0.8433271646499634,-0.14166098833084106,0.03939922899007797,-0.042733967304229736,0.0012596898898068537,-0.043260696675248185,1.4639018343290782,0.0645165890455246,0.9199129939079285,5.2331414222717285,1.6216086149215698,5.595722675323486,0.04139781,0.23550117,-0.07297543
844,28.7302,0.024823717772960663,-0.06441140919923782,-0.8452426195144653,-0.1402537226676941,0.05344978719949722,-0.048541706055402756,-0.00286460009821931,-0.04206470848039643,1.4638075584264894,0.06201600283384323,1.2511730194091797,5.10310697555542,1.664286732673645,5.56833028793335,0.056752507,0.23147407,-0.075491115
845,28.7641,0.019898662343621254,-0.06177365407347679,-0.8474599123001099,-0.13775259256362915,0.0672457292675972,-0.053847022354602814,-0.00600283843799831,-0.040884874022031684,1.4636783951136205,0.05932900309562683,1.5777029991149902,4.925882816314697,1.692687749862671,5.526514530181885,0.072474055,0.22627752,-0.07775605
846,28.7982,0.015042164362967014,-0.05864504352211952,-0.8498691320419312,-0.13426826894283295,0.0804513469338417,-0.05871634557843208,-0.008647231004324945,-0.039691994235514755,1.463531122305339,0.056638285517692566,1.9033019542694092,4.7070136070251465,1.7089812755584717,5.473148345947266,0.08882049,0.21965997,-0.079752214
847,28.8322,0.010311214253306389,-0.05500200018286705,-0.8524864912033081,-0.12994922697544098,0.0931473895907402,-0.06328233331441879,-0.012227562927584156,-0.037749134996517886,1.4632590803999874,0.05399636551737785,2.24078369140625,4.450053691864014,1.713947057723999,5.4124345779418945,0.10632047,0.21114568,-0.081323184
848,28.866,0.004574778489768505,-0.049775417894124985,-0.856048583984375,-0.12336160242557526,0.10815462470054626,-0.06845811009407043,-0.014974399290756923,-0.03599521871448373,1.4629857069140908,0.05098588764667511,2.6500344276428223,4.051782131195068,1.6909270286560059,5.31474494934082,0.12918827,0.197523,-0.08243211
849,28.9001,0.00018068638746626675,-0.04505772888660431,-0.8590847253799438,-0.1172313317656517,0.11954224109649658,-0.07210343331098557,-0.01819820364397368,-0.033651179224401646,1.4625896948599961,0.048969391733407974,2.990241050720215,3.680832862854004,1.655529260635376,5.228633880615234,0.1488265,0.18319775,-0.08239691
850,28.9337,-0.004055263474583626,-0.03992822393774986,-0.8622851371765137,-0.11040829867124557,0.13016654551029205,-0.07545630633831024,-0.020340679290239597,-0.031879679837389166,1.4622948829273243,0.047544606029987335,3.319303035736084,3.250988006591797,1.5937669277191162,5.1291093826293945,0.16894181,0.16546479,-0.08111759
851,28.9672,-0.008064473047852516,-0.034459080547094345,-0.8656612634658813,-0.1029488816857338,0.14003799855709076,-0.0784340426325798,-0.023365865921596084,-0.029099666312698894,1.4618567929280062,0.046893179416656494,3.6449623107910156,2.7732326984405518,1.5060615539550781,5.023719787597656,0.18900366,0.14380153,-0.0780944
852,29.0015,-0.011839304119348526,-0.02861146070063114,-0.8691467046737671,-0.09488603472709656,0.14912375807762146,-0.08082032948732376,-0.025754752628316183,-0.026673020975148513,1.461456652974222,0.04709918424487114,3.9676809310913086,2.243988037109375,1.3957669734954834,4.914500713348389,0.20807213,0.11767866,-0.07319646
853,29.0351,-0.015337631106376648,-0.022360986098647118,-0.8727550506591797,-0.08611588925123215,0.1575748324394226,-0.08272377401590347,-0.027887299677143148,-0.024400980461255637,1.4611266873151612,0.048217590898275375,4.257237434387207,1.6482802629470825,1.2514320611953735,4.797439098358154,0.22484137,0.08705213,-0.06609303
854,29.0691,-0.019189761951565742,-0.01410056371241808,-0.8774656057357788,-0.07414988428354263,0.16688454151153564,-0.08372420817613602,-0.030942967019413434,-0.020772419314833472,1.4605529092583034,0.05090409517288208,4.575055122375488,0.833301305770874,1.0201072692871094,4.656371116638184,0.24024123,0.043757576,-0.053566966
855,29.103,-0.02187853679060936,-0.007220326457172632,-0.8811935186386108,-0.06393273919820786,0.1730373501777649,-0.08360548317432404,-0.033341607553625946,-0.017582809533894416,1.4601113571495683,0.05398327857255936,4.783511638641357,0.13622991740703583,0.8077414035797119,4.554737091064453,0.24641311,0.007017614,-0.041609198
856,29.1382,-0.024182960391044617,-0.0001295139518333599,-0.8848185539245605,-0.05298970639705658,0.17823752760887146,-0.08211607486009598,-0.03538084825694847,-0.014469909195322646,1.4596747318888499,0.057715121656656265,4.938055515289307,-0.5991569757461548,0.5712571144104004,4.469467639923096,0.24655925,-0.029916165,-0.028523114
857,29.1722,-0.02610999159514904,0.007115022279322147,-0.8883047103881836,-0.041507091373205185,0.18215014040470123,-0.07902853190898895,-0.03815578305021617,-0.009504382925031859,1.4590669985280937,0.06197037547826767,5.061386585235596,-1.3487520217895508,0.3282705247402191,4.410458087921143,0.24109702,-0.064247236,-0.015637029
858,29.2057,-0.027649149298667908,0.014484458602964878,-0.8915978670120239,-0.029661666601896286,0.18484462797641754,-0.07442931085824966,-0.040152442304421845,-0.005097027131194557,1.4585091994377766,0.06659906357526779,5.12438440322876,-2.110973596572876,0.07197609543800354,4.375834941864014,0.2311352,-0.0952154,-0.0032464797
859,29.2393,-0.028776107355952263,0.021893875673413277,-0.8946125507354736,-0.017487751320004463,0.18628139793872833,-0.0682811588048935,-0.042131612080406264,0.0008884315149291534,1.4578592549737428,0.07142040878534317,5.132379055023193,-2.8645853996276855,-0.1806674748659134,4.3693318367004395,0.21819635,-0.12178408,0.0076808403
860,29.2731,-0.02959391288459301,0.031079867854714394,-0.8979074954986572,-0.0015989323146641254,0.18553228676319122,-0.05845816805958748,-0.04311655724243685,0.005374109276968585,1.4573959981021236,0.07749350368976593,5.086185932159424,-3.760075092315674,-0.4655229151248932,4.404109001159668,0.20048817,-0.1482153,0.018350063
861,29.307,-0.02979145757853985,0.03824706748127937,-0.9000722169876099,0.011101686395704746,0.1830979585647583,-0.049663979560136795,-0.043719846453123865,0.010618041991497337,1.4569097048870752,0.08221223205327988,5.008013725280762,-4.424450874328613,-0.6574462056159973,4.459192276000977,0.18645501,-0.16472818,0.024477595
862,29.3411,-0.029606707394123077,0.04517087712883949,-0.9018176794052124,0.023778971284627914,0.17898990213871002,-0.040448516607284546,-0.0436554728561496,0.0171319384419386,1.456320746812004,0.08671657741069794,4.909029483795166,-5.039178371429443,-0.808824896812439,4.533139228820801,0.1733074,-0.17790215,0.028554594
863,29.3751,-0.029062073677778244,0.051805317401885986,-0.9030661582946777,0.036311954259872437,0.17319545149803162,-0.03053142875432968,-0.04302259342903829,0.021554564759854525,1.4559437763597034,0.09090589731931686,4.765623569488525,-5.573721408843994,-0.9388039112091064,4.615779399871826,0.16114964,-0.18847547,0.03174567
864,29.409,-0.026838336139917374,0.0640900731086731,-0.9043232202529907,0.06025825813412666,0.15684430301189423,-0.011881424114108086,-0.0413800638595967,0.027528584361877086,1.4554895742357903,0.09824109077453613,4.393099308013916,-6.398044586181641,-1.1193369626998901,4.7735419273376465,0.14006145,-0.20398343,0.03568687
865,29.4433,-0.024696405977010727,0.0709913820028305,-0.9042294025421143,0.07403179258108139,0.14359991252422333,-0.0015909855719655752,-0.03951818968487346,0.03184464678548701,1.455173989646616,0.10198017954826355,4.420619487762451,-6.443942546844482,-1.0985661745071411,4.777266979217529,0.14004669,-0.20414624,0.03480294
866,29.4782,-0.022566819563508034,0.07602648437023163,-0.9038358926773071,0.08411329984664917,0.13166679441928864,0.005814228672534227,-0.03753343559297828,0.03523084154736055,1.4549289788263287,0.10452651232481003,4.146605014801025,-6.814920902252197,-1.1530578136444092,4.858419895172119,0.1286134,-0.21137536,0.03576388
867,29.5121,-0.020081380382180214,0.08059171587228775,-0.9031815528869629,0.09345284104347229,0.11869287490844727,0.01204773597419262,-0.034314626747400025,0.039359323803471825,1.4546958190728922,0.10665475577116013,3.6455461978912354,-7.208314418792725,-1.1841179132461548,4.954368591308594,0.111633934,-0.22073305,0.036260065
868,29.5461,-0.017298368737101555,0.08462920784950256,-0.9023380279541016,0.10169347375631332,0.1047639399766922,0.017384927719831467,-0.031515011940967855,0.04199481714653866,1.4545408230974497,0.10836635529994965,3.374034881591797,-7.34373664855957,-1.1751574277877808,4.988656044006348,0.1032859,-0.22480634,0.0359739
869,29.58,-0.014260418713092804,0.08809201419353485,-0.9012191295623779,0.10898719727993011,0.09034739434719086,0.021974312141537666,-0.027886144947139247,0.04452332215400077,1.45442257874505,0.1095898449420929,3.086676836013794,-7.445947170257568,-1.1493289470672607,5.016155242919922,0.09477744,-0.2286303,0.035290528
870,29.6143,-0.01099401619285345,0.09100634604692459,-0.8998502492904663,0.11536569893360138,0.07517005503177643,0.02583223208785057,-0.025259673062265054,0.04582069772378968,1.4543940829213862,0.11035811901092529,2.785151958465576,-7.498447895050049,-1.113525390625,5.0404744148254395,0.086215645,-0.23211786,0.034469683
871,29.648,-0.006636514328420162,0.09383489191532135,-0.8979799747467041,0.12189661711454391,0.055859386920928955,0.02973308227956295,-0.02150347575941164,0.04705066618967517,1.4543951481858222,0.1107216626405716,2.3911893367767334,-7.522617816925049,-1.0603580474853516,5.06464958190918,0.07505853,-0.23613212,0.033284236
872,29.6823,-0.0029651669319719076,0.09545550495386124,-0.8963807821273804,0.12617023289203644,0.04023602977395058,0.03217868134379387,-0.018532201495372443,0.04756097778880479,1.4544589308939297,0.11055000126361847,2.063276767730713,-7.506359100341797,-1.0126895904541016,5.0810017585754395,0.06570648,-0.2390452,0.0322498
873,29.7191,0.0008199763251468539,0.09651162475347519,-0.8946900367736816,0.12944993376731873,0.02466578781604767,0.034051015973091125,-0.01600805741419534,0.04767300948572386,1.454539890991068,0.10997680574655533,1.731325626373291,-7.4559550285339355,-0.9606928825378418,5.0961503982543945,0.056107078,-0.24162516,0.031133179
874,29.753,0.0047240303829312325,0.09703028202056885,-0.8927197456359863,0.13187313079833984,0.009363383986055851,0.0352637842297554,-0.012513522970523317,0.04742135740746818,1.4547295080606817,0.10895492881536484,1.384014368057251,-7.38564920425415,-0.8915276527404785,5.109233379364014,0.045725875,-0.24401139,0.02945481
875,29.7871,0.008722793310880661,0.09696795791387558,-0.890695333480835,0.1332118809223175,-0.006032771896570921,0.03629234433174133,-0.009826300844173593,0.046905066179453496,1.4549114019631342,0.1075289249420166,1.0374696254730225,-7.2712602615356445,-0.824112057685852,5.1233320236206055,0.035092376,-0.24595015,0.027875565
876,29.8211,0.012804070487618446,0.09632369875907898,-0.888625979423523,0.13390731811523438,-0.021071190014481544,0.03687937557697296,-0.006612837046126911,0.04594249573176878,1.4552066133699695,0.10570074617862701,0.6768426895141602,-7.12332010269165,-0.755054235458374,5.135928630828857,0.023517387,-0.24750489,0.026234902
877,29.8549,0.0180907491594553,0.0946979820728302,-0.8860964775085449,0.133904829621315,-0.03934985026717186,0.03710227459669113,-0.0045055921082502995,0.045085835871685145,1.4554285878468276,0.10288246721029282,0.2278541624546051,-6.860824108123779,-0.6679632663726807,5.157240867614746,0.008259143,-0.24868768,0.024211995
878,29.8892,0.022458961233496666,0.09275823831558228,-0.8841156959533691,0.13314613699913025,-0.05363382771611214,0.03672966733574867,-0.00162280852347293,0.04368873324145117,1.4557802582687724,0.10023103654384613,-0.15716175734996796,-6.604620456695557,-0.604425311088562,5.170830249786377,-0.0059225135,-0.24888977,0.022777278
879,29.9233,0.02693958580493927,0.0902189314365387,-0.8822182416915894,0.1318877935409546,-0.06753256916999817,0.036159057170152664,0.0005877987937664309,0.04243479216456577,1.4560590912349038,0.09722959995269775,-0.5445159673690796,-6.284209251403809,-0.5457314848899841,5.18796443939209,-0.021500887,-0.24813978,0.021548884
880,29.9581,0.03148452565073967,0.08707664161920547,-0.8803526163101196,0.13019368052482605,-0.08121580630540848,0.03528739511966705,0.0025085006105161384,0.0412714484990135,1.4563072978484992,0.09388419985771179,-0.932441234588623,-5.8938679695129395,-0.48888060450553894,5.20924186706543,-0.038935013,-0.24610433,0.020413697
881,29.9922,0.03604760766029358,0.0833834707736969,-0.878563404083252,0.127874955534935,-0.09430161863565445,0.03424731269478798,0.0052025907796458245,0.039495606911067425,1.4567300746715492,0.09028327465057373,-1.3262423276901245,-5.446026802062988,-0.4429608881473541,5.229708671569824,-0.058968604,-0.24214624,0.019695334
