step,t_s,north_m,east_m,down_m,vn_m_s,ve_m_s,vd_m_s,roll_rad,pitch_rad,yaw_rad,pos_error_m,raw_action_0,raw_action_1,raw_action_2,raw_action_3,cmd_vn_m_s,cmd_ve_m_s,cmd_vd_m_s
1,0.0,0.3021503984928131,0.15898454189300537,-0.913414478302002,-0.016042446717619896,-0.0020259199663996696,-0.05546336621046066,0.009332273018693585,7.361871908657713e-05,1.5151490431854728,0.043446265161037445,-1.0,1.0,-1.0,1.0,-0.14433756,0.14433756,0.14433756
2,0.0343,0.30193665623664856,0.16026470065116882,-0.9152237176895142,-0.018387051299214363,-0.00046399031998589635,-0.05457805469632149,0.009236966181479676,0.00030539091097947485,1.5151800690121724,0.045008230954408646,-1.0,1.0,-1.0,1.0,-0.14433756,0.14433756,0.14433756
3,0.0678,0.301470011472702,0.16171985864639282,-0.9170446395874023,-0.020636186003684998,0.0010841845069080591,-0.05379325523972511,0.009036887882209067,0.0006771986278505853,1.5152258753829217,0.046541791409254074,-1.0,1.0,-1.0,1.0,-0.14433756,0.14433756,0.14433756
4,0.1018,0.30074605345726013,0.1633131355047226,-0.91867995262146,-0.02297302708029747,0.002598193008452654,-0.03677420690655708,0.009086031526699434,0.0005966788365447452,1.5152559691032397,0.04788840934634209,-1.0,1.0,-1.0,1.0,-0.14433756,0.14433756,0.14433756
5,0.1361,0.2997930645942688,0.16500668227672577,-0.9194804430007935,-0.0252956822514534,0.004263532813638449,-0.00605221651494503,0.009797492931319502,-0.0003921342808874239,1.5152779401822327,0.04847867414355278,-1.0,0.8063105344772339,-1.0,1.0,-0.15356982,0.12382496,0.15356982
6,0.17,0.29834088683128357,0.16715624928474426,-0.9191375970840454,-0.028623132035136223,0.006840994115918875,0.03238409385085106,0.011610690555040439,-0.0029964806676378744,1.515321349708001,0.04801381751894951,-1.0,0.5422027111053467,-1.0,1.0,-0.16506115,0.0894966,0.16506115
7,0.204,0.2969135344028473,0.16890621185302734,-0.9176757335662842,-0.031768109649419785,0.009490047581493855,0.05968101695179939,0.013294527209405379,-0.0053322747613137236,1.5153278744526717,0.0465746745467186,-1.0,0.3124167323112488,-1.0,1.0,-0.17261487,0.053927775,0.17261487
8,0.2388,0.2952587902545929,0.17071424424648285,-0.9152480363845825,-0.03544086217880249,0.012897833250463009,0.08418256044387817,0.015400333416114968,-0.007847548747555451,1.5153270755043446,0.04432011395692825,-0.9230839610099792,0.058656126260757446,-1.0,1.0,-0.16941343,0.010765148,0.18352982
9,0.2729,0.29341191053390503,0.17260460555553436,-0.9119396209716797,-0.039659637957811356,0.016791636124253273,0.10653511434793472,0.016844039284830727,-0.00887011678161856,1.5153462502641932,0.04141627252101898,-0.7399483323097229,-0.23220303654670715,-1.0,1.0,-0.14617927,-0.04587249,0.19755337
10,0.307,0.2913711369037628,0.17458760738372803,-0.9078357219696045,-0.04438577964901924,0.02101496420800686,0.12686535716056824,0.018645645916026014,-0.009056708666681441,1.5154061713887201,0.03806242719292641,-0.514163613319397,-0.5493576526641846,-1.0,1.0,-0.102712564,-0.10974315,0.1997663
11,0.3407,0.28913044929504395,0.17665283381938934,-0.9029855728149414,-0.04940452799201012,0.025409115478396416,0.14588779211044312,0.019690678650151512,-0.007946511189484414,1.5154787425284246,0.03449530899524689,-0.24485592544078827,-0.9006971120834351,-1.0,1.0,-0.044749625,-0.1646105,0.182759
12,0.375,0.2860353887081146,0.17929573357105255,-0.8960120677947998,-0.0564904548227787,0.03043985366821289,0.1671992838382721,0.020063712617465958,-0.00606011720738103,1.5155577052547455,0.030326638370752335,0.14751531183719635,-1.0,-1.0,1.0,0.025936551,-0.17582278,0.17582278
13,0.4084,0.2833752930164337,0.18144512176513672,-0.8898202180862427,-0.062310390174388885,0.03364018350839615,0.17965997755527496,0.019247447501572864,-0.0017031699295147215,1.5157016491116644,0.027927696704864502,0.5301707983016968,-1.0,-1.0,1.0,0.087757744,-0.1655273,0.1655273
14,0.442,0.28053393959999084,0.18361330032348633,-0.8832619190216064,-0.06788327544927597,0.0358191654086113,0.18843385577201843,0.017154981027151593,0.0027959651834265986,1.5158527835035263,0.027120433747768402,0.9432942271232605,-1.0,-1.0,1.0,0.13872445,-0.1470638,0.1470638
15,0.4756,0.27751773595809937,0.18574383854866028,-0.876437783241272,-0.07305102795362473,0.036546844989061356,0.1943918764591217,0.01427429273117522,0.007017441955926402,1.515976620494215,0.028305549174547195,1.0,-1.0,-1.0,1.0,0.14433756,-0.14433756,0.14433756
16,0.5092,0.27435025572776794,0.18776080012321472,-0.8694808483123779,-0.07752551138401031,0.035614196211099625,0.19638195633888245,0.008560466048248004,0.012578214898471624,1.5161031206459938,0.03137161582708359,1.0,-1.0,-0.6316097974777222,1.0,0.16141026,-0.16141026,0.1019483
17,0.5431,0.2710927724838257,0.18961608409881592,-0.8625476360321045,-0.08058767765760422,0.033043380826711655,0.19556009769439697,0.002913129707227874,0.016246077436621174,1.5161823496884237,0.035821348428726196,1.0,-1.0,-0.0953512191772461,1.0,0.17637625,-0.17637625,0.01681769
18,0.578,0.2669483721256256,0.19163739681243896,-0.8541899919509888,-0.08207942545413971,0.027886662632226944,0.19078074395656586,-0.002242147831028361,0.01887636929318395,1.5162336155394076,0.042433079332113266,1.0,-1.0,0.5524731874465942,1.0,0.16465813,-0.16465813,-0.090969205
19,0.6119,0.2635956108570099,0.19290415942668915,-0.8478606939315796,-0.08130814880132675,0.022367248311638832,0.17661963403224945,-0.009483495835826151,0.02190692801980183,1.5163230977520343,0.04798756167292595,1.0,-1.0,1.0,1.0,0.14433756,-0.14433756,-0.14433756
20,0.6458,0.2603127360343933,0.19381441175937653,-0.8422880172729492,-0.07837539166212082,0.01556016132235527,0.14811715483665466,-0.016052713216130006,0.024240758032173747,1.516376893606054,0.053215716034173965,1.0,-1.0,1.0,1.0,0.14433756,-0.14433756,-0.14433756
21,0.6799,0.2572280466556549,0.19434204697608948,-0.8379122018814087,-0.07357782870531082,0.007466469891369343,0.1101880595088005,-0.020432142228927006,0.025481335449932915,1.516418705235168,0.05760336294770241,1.0,-1.0,1.0,1.0,0.14433756,-0.14433756,-0.14433756
22,0.7161,0.254415899515152,0.19449551403522491,-0.8349374532699585,-0.06695419549942017,-0.0012820115080103278,0.0698712095618248,-0.023452558056861965,0.026054345767382487,1.5164574542290288,0.06087140366435051,1.0,-1.0,1.0,1.0,0.14433756,-0.14433756,-0.14433756
23,0.75,0.25195103883743286,0.19423918426036835,-0.8333922624588013,-0.05905350670218468,-0.01031920313835144,0.03384096920490265,-0.026483468403967522,0.026102261861057897,1.5165083206058494,0.06288132816553116,1.0,-1.0,1.0,1.0,0.14433756,-0.14433756,-0.14433756
24,0.784,0.24947024881839752,0.1933564394712448,-0.8331984281539917,-0.04781905934214592,-0.021630479022860527,-0.0034487431403249502,-0.028021487625974915,0.025705904428259246,1.5165703722592483,0.06372632831335068,1.0,-1.0,1.0,1.0,0.14433756,-0.14433756,-0.14433756
25,0.8178,0.24802851676940918,0.19223901629447937,-0.834176778793335,-0.03817041590809822,-0.030446626245975494,-0.02736363746225834,-0.028829128677244274,0.02513135447080447,1.5166019307181655,0.06322409212589264,1.0,-0.6757426261901855,1.0,1.0,0.15950353,-0.10778334,-0.15950353
26,0.8519,0.24706754088401794,0.19075481593608856,-0.8359876871109009,-0.028163805603981018,-0.03908303380012512,-0.04709866642951965,-0.029283118580507923,0.024074229320854332,1.5166345544415192,0.06179342418909073,1.0,-0.3202473819255829,1.0,1.0,0.17241141,-0.0552143,-0.17241141
27,0.8858,0.24658803641796112,0.18892239034175873,-0.8384543657302856,-0.017873436212539673,-0.04726114496588707,-0.06350618600845337,-0.02921552838427955,0.02303813482113741,1.5166579902591117,0.05956524237990379,1.0,0.03653958439826965,1.0,1.0,0.17671773,0.0064571924,-0.17671773
28,0.9199,0.24706296622753143,0.18431513011455536,-0.8449745178222656,0.0030829310417175293,-0.06276723742485046,-0.09362874180078506,-0.02884431493724153,0.02097372308432444,1.5166594549977113,0.05305389314889908,1.0,0.7899101972579956,1.0,1.0,0.15433398,0.12190998,-0.15433398
29,0.9538,0.24706296622753143,0.18431513011455536,-0.8449745178222656,0.0030829310417175293,-0.06276723742485046,-0.09362874180078506,-0.02853929768804879,0.018680252446034832,1.5166547944658038,0.05305389314889908,1.0,0.8022441864013672,1.0,1.0,0.15375969,0.12335281,-0.15375969
30,0.988,0.24945446848869324,0.17791584134101868,-0.8543045520782471,0.026106707751750946,-0.07671894133090973,-0.11782095581293106,-0.027846907013547213,0.013905852716741164,1.5166790292317234,0.04338090121746063,1.0,1.0,1.0,1.0,0.14433756,0.14433756,-0.14433756
31,1.0219,0.251128226518631,0.17480525374412537,-0.8588584661483765,0.035822637379169464,-0.0806330069899559,-0.12365075945854187,-0.026880148328929425,0.008637462092521668,1.5167223055994372,0.03863701596856117,1.0,1.0,1.0,1.0,0.14433756,0.14433756,-0.14433756
32,1.0557,0.25319603085517883,0.171603262424469,-0.8635567426681519,0.045422881841659546,-0.08286444842815399,-0.1271272897720337,-0.025717674351920634,0.0033805415262666014,1.5167416135173404,0.03378736227750778,1.0,1.0,1.0,1.0,0.14433756,0.14433756,-0.14433756
33,1.0899,0.2556498050689697,0.1683722287416458,-0.8683706521987915,0.05460730195045471,-0.08299057930707932,-0.1293664127588272,-0.023726397595949363,-0.0041569133212681466,1.5167646498607694,0.02900063246488571,1.0,1.0,1.0,1.0,0.14433756,0.14433756,-0.14433756
34,1.1238,0.25850334763526917,0.16516946256160736,-0.8732115030288696,0.06330710649490356,-0.08114734292030334,-0.1309509575366974,-0.021991006928248073,-0.00976945483846801,1.5167294961343805,0.024520820006728172,1.0,1.0,1.0,1.0,0.14433756,0.14433756,-0.14433756
35,1.158,0.262662798166275,0.16136659681797028,-0.8792657852172852,0.073769211769104,-0.07649033516645432,-0.1322147101163864,-0.0204166376379557,-0.014096335313709083,1.516697138727136,0.019939549267292023,0.8989245295524597,1.0,1.0,1.0,0.13410953,0.14918886,-0.14918886
36,1.1919,0.2662769556045532,0.15854503214359283,-0.8841005563735962,0.08159005641937256,-0.07104196399450302,-0.13315656781196594,-0.01820285793409751,-0.019230309643839285,1.516593275444623,0.01800803281366825,0.458787739276886,1.0,1.0,1.0,0.077145025,0.16814971,-0.16814971
37,1.2259,0.27016904950141907,0.15597085654735565,-0.8889212608337402,0.08894913643598557,-0.06447459012269974,-0.13454125821590424,-0.016485889891296304,-0.02248277626828802,1.5164687726636616,0.01821751333773136,0.01675279065966606,1.0,1.0,1.0,0.0029612954,0.1767643,-0.1767643
38,1.2597,0.2742712199687958,0.1537310928106308,-0.8938045501708984,0.09578514099121094,-0.056860435754060745,-0.13821019232273102,-0.01407013854708003,-0.025590464717382716,1.516326426703397,0.02063465677201748,-0.4533171057701111,1.0,1.0,1.0,-0.07631132,0.16833982,-0.16833982
39,1.2941,0.2785509526729584,0.15186455845832825,-0.898797869682312,0.10189715027809143,-0.04821805655956268,-0.14321112632751465,-0.011780881112858714,-0.027329941672881598,1.5162153728859407,0.024709004908800125,-0.9251601099967957,1.0,1.0,1.0,-0.1368623,0.14793362,-0.14793362
40,1.3277,0.282939612865448,0.1504266858100891,-0.9038625955581665,0.10727208852767944,-0.03893347084522247,-0.14717546105384827,-0.007071151985418686,-0.029145599599718956,1.5160328131932157,0.029775559902191162,-1.0,1.0,0.8262712955474854,1.0,-0.15263425,0.15263425,-0.1261173
41,1.3616,0.28846821188926697,0.14929215610027313,-0.910209059715271,0.1118241623044014,-0.0264706052839756,-0.14871478080749512,-0.0019638896291557634,-0.02994083822656803,1.5159348088651008,0.03679286688566208,-1.0,1.0,0.3744520843029022,1.0,-0.17088793,0.17088793,-0.06398934
42,1.3959,0.2928347885608673,0.14887388050556183,-0.9151928424835205,0.11346358060836792,-0.016276627779006958,-0.1461203247308731,0.003280371039097069,-0.030043634164050488,1.5158527835035263,0.04258587956428528,-1.0,1.0,-0.028857797384262085,1.0,-0.1767399,0.1767399,0.0051003243
43,1.4299,0.29706186056137085,0.14888884127140045,-0.9199163913726807,0.11298759281635284,-0.006144233513623476,-0.13569724559783936,0.01123011755318701,-0.029505153394609473,1.5157373354702715,0.04822810739278793,-1.0,1.0,-0.509703516960144,1.0,-0.16630498,0.16630498,0.08476623
44,1.4639,0.3010833263397217,0.14929647743701935,-0.9240998029708862,0.11049371212720871,0.003563848789781332,-0.11626135557889938,0.01752790680354675,-0.028862461883356897,1.5156868685676144,0.05339112877845764,-1.0,1.0,-1.0,1.0,-0.14433756,0.14433756,0.14433756
45,1.4974,0.3048611283302307,0.15011458098888397,-0.9274531602859497,0.10624099522829056,0.013028784655034542,-0.0887710228562355,0.022602841140963958,-0.02822582490239505,1.51567195486551,0.057770926505327225,-1.0,1.0,-1.0,1.0,-0.14433756,0.14433756,0.14433756
46,1.5318,0.3083147406578064,0.15131926536560059,-0.9297113418579102,0.10025310516357422,0.02208937145769596,-0.0534781850874424,0.028734696730060346,-0.027153097373527328,1.5156463885190452,0.06110088527202606,-1.0,1.0,-1.0,1.0,-0.14433756,0.14433756,0.14433756
47,1.5658,0.3120841979980469,0.153347447514534,-0.9306720495223999,0.0908581018447876,0.03328096121549606,-0.008467325940728188,0.032365667205031194,-0.02597442596754489,1.5156763490813085,0.06349063664674759,-1.0,1.0,-1.0,1.0,-0.14433756,0.14433756,0.14433756
48,1.5997,0.31465819478034973,0.15539135038852692,-0.9300315380096436,0.0820021778345108,0.0420694425702095,0.022560136392712593,0.035504739343096794,-0.024236811144214464,1.51575384706903,0.0640983134508133,-1.0,0.9403769969940186,-1.0,1.0,-0.14720383,0.13842711,0.14720383
49,1.6339,0.31674304604530334,0.15782035887241364,-0.928269624710083,0.0720522478222847,0.05068788677453995,0.048820916563272476,0.03690547469150521,-0.02292759699114231,1.515825752418462,0.06366605311632156,-1.0,0.5823180675506592,-1.0,1.0,-0.16346174,0.09518673,0.16346174
50,1.668,0.3182902932167053,0.16057990491390228,-0.9255151748657227,0.06143976002931595,0.05894487351179123,0.07136213034391403,0.03803471325034765,-0.020989179821619908,1.5159381378164634,0.06233680248260498,-1.0,0.18729540705680847,-1.0,1.0,-0.17524649,0.032822862,0.17524649
51,1.7019,0.31929317116737366,0.1636343002319336,-0.9218664169311523,0.050446633249521255,0.06685631722211838,0.09206975996494293,0.03834975272373641,-0.019240252805440446,1.5160716953451308,0.06026007607579231,-1.0,-0.25131896138191223,-1.0,1.0,-0.17404976,-0.043742005,0.17404976
52,1.7358,0.3197939991950989,0.16692683100700378,-0.9174765348434448,0.03917219489812851,0.0742993950843811,0.11145509034395218,0.038377025157774504,-0.017312130418006885,1.5162338818555168,0.05767517164349556,-1.0,-0.7260854244232178,-1.0,1.0,-0.1572607,-0.11418471,0.1572607
53,1.77,0.31965261697769165,0.17139984667301178,-0.9109586477279663,0.02474156953394413,0.08277371525764465,0.13255855441093445,0.038118453021873826,-0.013272583178142046,1.5165051248125412,0.05391281098127365,-1.0,-1.0,-1.0,1.0,-0.14433756,-0.14433756,0.14433756
54,1.8041,0.31905025243759155,0.17524464428424835,-0.9051793813705444,0.01308442186564207,0.08840996026992798,0.14447970688343048,0.03755507793802438,-0.008719293958798157,1.5168204430856067,0.05097953975200653,-1.0,-1.0,-1.0,1.0,-0.14433756,-0.14433756,0.14433756
55,1.8381,0.3180021643638611,0.17934486269950867,-0.8991407155990601,0.0012977137230336666,0.09277418255805969,0.15181435644626617,0.03670979893041163,-0.0038623549610634477,1.5170878244590507,0.048520512878894806,-1.0,-1.0,-1.0,1.0,-0.14433756,-0.14433756,0.14433756
56,1.8718,0.31648990511894226,0.18362975120544434,-0.8930541276931763,-0.010270792059600353,0.09543181210756302,0.15675672888755798,0.03488594138024927,0.0037839919661365163,1.5175263139325321,0.04683687910437584,-1.0,-1.0,-1.0,1.0,-0.14433756,-0.14433756,0.14433756
57,1.9058,0.3145158290863037,0.1880045086145401,-0.8869333267211914,-0.021519945934414864,0.09607560187578201,0.16046765446662903,0.033120902239474836,0.009863883664760036,1.5178480237922136,0.0460730604827404,-1.0,-1.0,-1.0,1.0,-0.14433756,-0.14433756,0.14433756
58,1.9399,0.3121356964111328,0.19237084686756134,-0.8808341026306152,-0.03250328078866005,0.09481600672006607,0.16337090730667114,0.03069146682456368,0.01672083063371173,1.5182360463630382,0.04634266346693039,-1.0,-1.0,-0.8096129894256592,1.0,-0.15341543,-0.15341543,0.124207124
59,1.9736,0.3086223006248474,0.197705939412117,-0.8731707334518433,-0.04525046795606613,0.09086305648088455,0.166197270154953,0.028950912121061156,0.020841605327121288,1.5184400445025383,0.048105638474226,-1.0,-1.0,-0.35308122634887695,1.0,-0.17151204,-0.17151204,0.060557682
60,2.0078,0.3054842948913574,0.20175684988498688,-0.8671025037765503,-0.05489799380302429,0.08580899983644485,0.16584308445453644,0.02654525582185196,0.025772323249726902,1.5187158148334161,0.05054660886526108,-0.5805068612098694,-1.0,0.01965916156768799,1.0,-0.12549338,-0.21617897,-0.0042498973
61,2.042,0.302040159702301,0.2055816799402237,-0.8612072467803955,-0.06413847208023071,0.07919933646917343,0.157328262925148,0.02484852052125425,0.02899399499347699,1.5189006382130674,0.053693436086177826,-0.16075612604618073,-1.0,0.4183310568332672,1.0,-0.03667451,-0.22813755,-0.09543703
62,2.0758,0.29828497767448425,0.20910365879535675,-0.855737566947937,-0.07299920171499252,0.07130521535873413,0.1434212476015091,0.023523196324181716,0.0314438576861869,1.5190531041854745,0.05723101273179054,0.25264260172843933,-1.0,0.8064122200012207,1.0,0.048241947,-0.19094938,-0.15398392
63,2.1101,0.2942166328430176,0.21227872371673584,-0.8509573936462402,-0.0818912461400032,0.06217470392584801,0.11639624834060669,0.02096480981705108,0.03463468461496791,1.519218885963332,0.06083730235695839,0.6840815544128418,-1.0,1.0,1.0,0.10886247,-0.15913668,-0.15913668
64,2.1438,0.28988680243492126,0.21503835916519165,-0.8473403453826904,-0.09026831388473511,0.05169206112623215,0.0789446011185646,0.01752633179343332,0.03676176802237101,1.5193268771455346,0.06409472972154617,1.0,-1.0,1.0,1.0,0.14433756,-0.14433756,-0.14433756
65,2.1779,0.28415173292160034,0.21778970956802368,-0.8449442386627197,-0.09937949478626251,0.03720305487513542,0.03013894334435463,0.013403043741745002,0.03796507991022048,1.51940597302991,0.0671527311205864,1.0,-1.0,1.0,1.0,0.14433756,-0.14433756,-0.14433756
66,2.2121,0.2793790102005005,0.21936631202697754,-0.8446007966995239,-0.10457782447338104,0.02501283399760723,-0.003382205031812191,0.006021485767115369,0.0382950497304705,1.5195073063093876,0.06871998310089111,1.0,-1.0,1.0,1.0,0.14433756,-0.14433756,-0.14433756
67,2.246,0.27451807260513306,0.2203521430492401,-0.8454619646072388,-0.10776913911104202,0.012683575041592121,-0.0304163359105587,-0.000595380220420425,0.037466032650264054,1.5195701569111135,0.06957349926233292,1.0,-1.0,1.0,1.0,0.14433756,-0.14433756,-0.14433756
68,2.2802,0.2696308195590973,0.2208145707845688,-0.8472719192504883,-0.10857171565294266,0.0006156096351332963,-0.05223873257637024,-0.00865026139036221,0.035525212393976775,1.519672821771136,0.0699286088347435,1.0,-1.0,1.0,1.0,0.14433756,-0.14433756,-0.14433756
69,2.314,0.2647635340690613,0.2207707017660141,-0.8499324321746826,-0.10697674006223679,-0.01104663871228695,-0.0699400007724762,-0.013728457059817465,0.0338920475808371,1.5197390013242245,0.06990115344524384,1.0,-1.0,1.0,1.0,0.14433756,-0.14433756,-0.14433756
70,2.3479,0.26001012325286865,0.2202339917421341,-0.853295087814331,-0.10351531952619553,-0.02219950221478939,-0.08425171673297882,-0.019854038615892657,0.031381210982731986,1.5198573788346785,0.06961385160684586,1.0,-1.0,1.0,1.0,0.14433756,-0.14433756,-0.14433756
71,2.382,0.25439634919166565,0.21891506016254425,-0.8583317995071411,-0.09654682129621506,-0.03517547994852066,-0.09835253655910492,-0.023731509616885554,0.029367418031981937,1.5199537852661393,0.0690353736281395,1.0,-1.0,1.0,1.0,0.14433756,-0.14433756,-0.14433756
72,2.416,0.25025948882102966,0.21745318174362183,-0.8628298044204712,-0.08947895467281342,-0.044877611100673676,-0.10735847800970078,-0.026415909416658175,0.027637748999435115,1.5200328811505146,0.06858063489198685,1.0,-1.0,1.0,1.0,0.14433756,-0.14433756,-0.14433756
73,2.4498,0.2465149164199829,0.21566972136497498,-0.8676474094390869,-0.08123181015253067,-0.05388331040740013,-0.11445245891809464,-0.029238554324735728,0.025250605830991174,1.5200857448981528,0.0681886374950409,1.0,-1.0,1.0,1.0,0.14433756,-0.14433756,-0.14433756
74,2.484,0.24322731792926788,0.2135506123304367,-0.8726997375488281,-0.07202014327049255,-0.06236596778035164,-0.12023106217384338,-0.03070588950634214,0.0234761665638066,1.520138342329682,0.06784343719482422,1.0,-1.0,1.0,1.0,0.14433756,-0.14433756,-0.14433756
75,2.5181,0.24042174220085144,0.21110284328460693,-0.8779431581497192,-0.06229451298713684,-0.0703008845448494,-0.1248670220375061,-0.03151307490739374,0.02201155904172292,1.5201556528767675,0.06755154579877853,1.0,-1.0,1.0,1.0,0.14433756,-0.14433756,-0.14433756
76,2.5522,0.23807811737060547,0.20838826894760132,-0.8833078145980835,-0.05228544771671295,-0.0776502937078476,-0.12857763469219208,-0.03200122193223225,0.02008623297343394,1.520173229739962,0.0673847422003746,1.0,-1.0,1.0,1.0,0.14433756,-0.14433756,-0.14433756
77,2.586,0.23583069443702698,0.2046823352575302,-0.890143632888794,-0.03914492949843407,-0.08604386448860168,-0.1320839822292328,-0.03194679149685916,0.018643263635207154,1.5201527233995682,0.06738673150539398,1.0,-0.7170599699020386,1.0,1.0,0.15766753,-0.11305707,-0.15766753
78,2.6199,0.23377889394760132,0.19816100597381592,-0.9010465145111084,-0.01777736470103264,-0.09787800908088684,-0.1362840235233307,-0.03140566421108488,0.01698898286745559,1.520095598594186,0.06792113184928894,1.0,0.21901428699493408,0.43629512190818787,1.0,0.2246588,0.04920349,-0.09801754
79,2.6539,0.23377889394760132,0.19816100597381592,-0.9010465145111084,-0.01777736470103264,-0.09787800908088684,-0.1362840235233307,-0.030830515042384838,0.015822419481757305,1.5200270221961165,0.06792113184928894,1.0,0.21790334582328796,0.4277258813381195,1.0,0.2253779,0.0491106,-0.09639996
80,2.6879,0.2336353361606598,0.19103997945785522,-0.9118951559066772,0.0027989577502012253,-0.10756949335336685,-0.1343851089477539,-0.030085947216463724,0.013313253601117299,1.5199532526339212,0.06917403638362885,1.0,1.0,-0.4826701581478119,1.0,0.16730098,0.16730098,0.080751196
81,2.722,0.2342061847448349,0.18728680908679962,-0.9171144962310791,0.012765202671289444,-0.11129190772771835,-0.12856082618236542,-0.02994020780640374,0.009700470643856552,1.5199222268072219,0.07004961371421814,1.0,1.0,-1.0,1.0,0.14433756,0.14433756,0.14433756
82,2.7558,0.2355368733406067,0.18251925706863403,-0.923028826713562,0.024973064661026,-0.11402390152215958,-0.10169941931962967,-0.030004716642027102,0.005617318822479519,1.5199172999592052,0.07110763341188431,1.0,1.0,-1.0,1.0,0.14433756,0.14433756,0.14433756
83,2.7893,0.23707041144371033,0.17873962223529816,-0.9265540838241577,0.03430907800793648,-0.11433041095733643,-0.0647544115781784,-0.02953368458838155,-0.0013593876918903292,1.5199049162601364,0.07137879729270935,1.0,1.0,-1.0,1.0,0.14433756,0.14433756,0.14433756
84,2.8235,0.23904190957546234,0.17505648732185364,-0.9287499189376831,0.043526049703359604,-0.11286410689353943,-0.027645662426948547,-0.028285042785946485,-0.007359240476635308,1.5199283520777291,0.07080096751451492,1.0,1.0,-1.0,1.0,0.14433756,0.14433756,0.14433756
85,2.8578,0.24138431251049042,0.17151686549186707,-0.9297041893005371,0.05271514505147934,-0.10953007638454437,0.004770201165229082,-0.026815210890818127,-0.012287443480516207,1.5199149031142243,0.06936614960432053,1.0,1.0,-1.0,1.0,0.14433756,0.14433756,0.14433756
86,2.8914,0.24403062462806702,0.16815878450870514,-0.9294623136520386,0.061486683785915375,-0.10461598634719849,0.03252865746617317,-0.02440616946419209,-0.018548981490834546,1.5198684309532022,0.06706292182207108,1.0,1.0,-1.0,1.0,0.14433756,0.14433756,0.14433756
87,2.9251,0.24693796038627625,0.16503022611141205,-0.9281526803970337,0.06985123455524445,-0.09820146858692169,0.05607691779732704,-0.022380046909832814,-0.02266365692116944,1.5197836092724832,0.06395546346902847,1.0,1.0,-1.0,1.0,0.14433756,0.14433756,0.14433756
88,2.9587,0.25091981887817383,0.16148026287555695,-0.925241231918335,0.07948518544435501,-0.08871693164110184,0.08040236681699753,-0.019863990099872227,-0.026744112812091415,1.5196283469809317,0.05906639248132706,1.0,1.0,-1.0,1.0,0.14433756,0.14433756,0.14433756
89,2.9929,0.2543836236000061,0.1589728593826294,-0.9220472574234009,0.08648344874382019,-0.07976525276899338,0.09654571861028671,-0.018194342060393064,-0.02888490525732462,1.5194973194552999,0.054443664848804474,1.0,1.0,-1.0,1.0,0.14433756,0.14433756,0.14433756
90,3.027,0.2580879032611847,0.15680651366710663,-0.9182400703430176,0.09313499927520752,-0.07014118134975433,0.1100657656788826,-0.01595659078583226,-0.031034142836045817,1.5193424566379117,0.049302440136671066,0.8659645915031433,1.0,-1.0,1.0,0.13055158,0.15075856,0.15075856
91,3.0604,0.26198890805244446,0.15500988066196442,-0.9139652252197266,0.09930532425642014,-0.059998877346515656,0.12132266908884048,-0.014313661742227158,-0.03206628836720886,1.5192023743645735,0.04377780109643936,0.5469415187835693,1.0,-1.0,1.0,0.0901774,0.16487576,0.16487576
92,3.0942,0.26605936884880066,0.15365108847618103,-0.9092299938201904,0.10487955808639526,-0.04946481063961983,0.1318640261888504,-0.012938420959769752,-0.03256409767337731,1.5190949158145888,0.0378788597881794,0.22660072147846222,1.0,-1.0,1.0,0.0395532,0.17455019,0.17455019
93,3.1279,0.2702479362487793,0.15277060866355896,-0.9040501117706299,0.10985728353261948,-0.038615237921476364,0.14243461191654205,-0.0107965424441545,-0.03278581623709942,1.5189503061673975,0.031638678163290024,-0.10629482567310333,1.0,-1.0,1.0,-0.018737596,0.17627947,0.17627947
94,3.1619,0.27565252780914307,0.15236881375312805,-0.8970152139663696,0.11524639278650284,-0.024948209524154663,0.15563692152500153,-0.008553291117764303,-0.032714004514424355,1.5188644192222425,0.02346515655517578,-0.5429683327674866,1.0,-1.0,1.0,-0.08960675,0.16503125,0.16503125
95,3.1955,0.28010982275009155,0.15258584916591644,-0.8910222053527832,0.11872699111700058,-0.01385833602398634,0.16466301679611206,-0.005998505079591777,-0.0325494773351117,1.5187902501858837,0.016901811584830284,-0.9081369638442993,1.0,-1.0,1.0,-0.1350841,0.14874859,0.14874859
96,3.229,0.2846449017524719,0.15322206914424896,-0.8848263025283813,0.12132318317890167,-0.0024525627959519625,0.1704373061656952,-0.001210234936349217,-0.03198272544622381,1.5187164806236886,0.011171146295964718,-1.0,1.0,-1.0,1.0,-0.14433756,0.14433756,0.14433756
97,3.2629,0.2891984283924103,0.15425224602222443,-0.878625750541687,0.12258367985486984,0.008700080215930939,0.1723712980747223,0.0036838446255819273,-0.031073790646774374,1.5186654810888136,0.008940123952925205,-1.0,1.0,-0.6313213109970093,1.0,-0.1614225,0.1614225,0.10190947
98,3.2979,0.2936684489250183,0.1556871235370636,-0.8723882436752319,0.12199559062719345,0.019698120653629303,0.17280906438827515,0.00847896135547262,-0.02996574086335487,1.5186485700158916,0.012323771603405476,-1.0,1.0,-0.1016211211681366,1.0,-0.17632207,0.17632207,0.017918047
99,3.3316,0.29799792170524597,0.15749868750572205,-0.8662443161010742,0.11973000317811966,0.030397744849324226,0.16800543665885925,0.015433713435606128,-0.027982765679844084,1.518645507380638,0.018415361642837524,-1.0,0.8468507528305054,0.4677914083003998,1.0,-0.17967556,0.1521584,-0.084050685
100,3.3681,0.3030849099159241,0.16032008826732635,-0.8591181039810181,0.11377215385437012,0.04364774748682976,0.14661863446235657,0.022066913261099136,-0.025997978298435278,1.5186938437544228,0.026682216674089432,-1.0,0.29678210616111755,1.0,1.0,-0.17300811,0.051345713,-0.17300811
101,3.4021,0.30680158734321594,0.16295719146728516,-0.8543194532394409,0.1066482663154602,0.054049644619226456,0.11597743630409241,0.0268565481443632,-0.024487308492466237,1.5187544306692222,0.032861240208148956,-1.0,-0.18948379158973694,1.0,1.0,-0.17521098,-0.03319964,-0.17521098
102,3.436,0.310130774974823,0.1659037172794342,-0.8507254123687744,0.09757000207901001,0.06437356770038605,0.07672032713890076,0.030475297206644103,-0.022914986507261863,1.5188123544229315,0.03818608075380325,-1.0,-0.6457884311676025,1.0,1.0,-0.16080436,-0.1038456,-0.16080436
103,3.4699,0.31299296021461487,0.1691606491804123,-0.8486740589141846,0.08681534230709076,0.07413262873888016,0.033381953835487366,0.03448939461334187,-0.0193450939674163,1.5189934493770567,0.04237641021609306,-1.0,-1.0,1.0,1.0,-0.14433756,-0.14433756,-0.14433756
104,3.5038,0.3153221607208252,0.17272210121154785,-0.8481369018554688,0.07491809129714966,0.08285122364759445,-0.004117492586374283,0.03666294810117225,-0.014629408617780474,1.5192039722612276,0.04548187181353569,-1.0,-1.0,1.0,1.0,-0.14433756,-0.14433756,-0.14433756
105,3.5384,0.31706053018569946,0.17655235528945923,-0.8489389419555664,0.06235997751355171,0.08973177522420883,-0.0342380553483963,0.03795599187300059,-0.006749115472384659,1.5195907964095616,0.04769233986735344,-1.0,-1.0,1.0,1.0,-0.14433756,-0.14433756,-0.14433756
106,3.572,0.3184637725353241,0.18152201175689697,-0.8515031337738037,0.04617541283369064,0.09527631849050522,-0.06212855875492096,0.03797141324018783,-0.0005873292945908582,1.5198866736066694,0.049590595066547394,-1.0,-1.0,1.0,1.0,-0.14433756,-0.14433756,-0.14433756
107,3.6065,0.3190215528011322,0.18550747632980347,-0.8544209003448486,0.033185843378305435,0.09698887914419174,-0.07923226803541183,0.03736223594677822,0.006421315712304133,1.5202161066335123,0.05075974017381668,-1.0,-1.0,1.0,1.0,-0.14433756,-0.14433756,-0.14433756
108,3.6398,0.3190702795982361,0.18942973017692566,-0.857939600944519,0.020275451242923737,0.09616075456142426,-0.09298732876777649,0.03595065653930614,0.0143119223651402,1.520613183952043,0.051770612597465515,-1.0,-1.0,1.0,1.0,-0.14433756,-0.14433756,-0.14433756
109,3.6739,0.31860363483428955,0.19322079420089722,-0.8619427680969238,0.007705083116889,0.09329192340373993,-0.10391586273908615,0.034717215561030544,0.019040411693954425,1.520837022641664,0.052715886384248734,-1.0,-1.0,1.0,1.0,-0.14433756,-0.14433756,-0.14433756
110,3.7077,0.31770288944244385,0.19676905870437622,-0.8663153648376465,-0.004180132411420345,0.0885474905371666,-0.11265455931425095,0.032722039770775826,0.024558791481194248,1.5211000097993095,0.053684819489717484,-1.0,-1.0,1.0,1.0,-0.14433756,-0.14433756,-0.14433756
111,3.742,0.31644269824028015,0.19999799132347107,-0.8709497451782227,-0.015723949298262596,0.08213292062282562,-0.11961179226636887,0.031022468619736104,0.02796928758801476,1.5212644599966219,0.05473499000072479,-1.0,-1.0,1.0,1.0,-0.14433756,-0.14433756,-0.14433756
112,3.7758,0.3143845796585083,0.20355232059955597,-0.8770999908447266,-0.02939896658062935,0.07246078550815582,-0.12647125124931335,0.029514851046047647,0.030252931578000894,1.521404275953851,0.05619414150714874,-1.0,-1.0,1.0,1.0,-0.14433756,-0.14433756,-0.14433756
113,3.8101,0.3123573660850525,0.20595666766166687,-0.8821759223937988,-0.039492201060056686,0.06365066766738892,-0.1306343823671341,0.02735224148582181,0.03255002869268113,1.5215314418959023,0.05746607854962349,-1.0,-1.0,1.0,1.0,-0.14433756,-0.14433756,-0.14433756
114,3.844,0.3100608289241791,0.20793402194976807,-0.8873163461685181,-0.04887353628873825,0.05424687638878822,-0.13376224040985107,0.02567623514924008,0.03365346163667963,1.5216289135917993,0.058834780007600784,-1.0,-1.0,1.0,1.0,-0.14433756,-0.14433756,-0.14433756
115,3.8779,0.30749136209487915,0.20953461527824402,-0.8924417495727539,-0.05770346522331238,0.044385820627212524,-0.1364085078239441,0.024261276856134967,0.034180732162407086,1.5216817773394373,0.060317445546388626,-1.0,-1.0,0.9267853498458862,1.0,-0.14785573,-0.14785573,-0.13703053
116,3.9121,0.30468565225601196,0.21072110533714294,-0.8975948095321655,-0.06596697866916656,0.03423057124018669,-0.13826632499694824,0.02227607959758964,0.03436773808579569,1.5217495547891797,0.06190406531095505,-0.8547772765159607,-1.0,0.5592719316482544,1.0,-0.14949036,-0.17488807,-0.09780999
117,3.946,0.30169370770454407,0.21149636805057526,-0.9027445316314697,-0.07352102547883987,0.024107089266180992,-0.1394466608762741,0.020802687805097905,0.034106762863130136,1.521811206968415,0.06360619515180588,-0.5635984539985657,-1.0,0.16616162657737732,1.0,-0.12148085,-0.21554504,-0.035815317
118,3.9798,0.2976604402065277,0.21187682449817657,-0.9090787172317505,-0.08235915005207062,0.011377593502402306,-0.13791009783744812,0.019134521148975098,0.0335029243754683,1.5218832454759017,0.06583189964294434,-0.1788933128118515,-1.0,-0.3710954487323761,1.0,-0.041351777,-0.23115328,0.08577993
119,4.0139,0.29418450593948364,0.21173986792564392,-0.9138572216033936,-0.08870240300893784,0.0014965919544920325,-0.12988942861557007,0.017984145829574753,0.033201248561205765,1.5219367750138124,0.0675957128405571,0.1509086936712265,-1.0,-0.857147216796875,1.0,0.02845835,-0.18857992,0.16164075
120,4.048,0.29051220417022705,0.2112041413784027,-0.9180428981781006,-0.09427044540643692,-0.007913200184702873,-0.11075261980295181,0.015875738879613136,0.03325927426405047,1.522023594065349,0.06911475211381912,0.50190669298172,-1.0,-1.0,1.0,0.08361563,-0.16659597,0.16659597
121,4.0819,0.2867078185081482,0.2102898359298706,-0.9211965799331665,-0.09927322715520859,-0.016998447477817535,-0.07952657341957092,0.013202756342716929,0.03354862879708218,1.522093368885909,0.07006832957267761,0.8734144568443298,-1.0,-1.0,1.0,0.13136557,-0.15040462,0.15040462
122,4.1156,0.28283318877220154,0.20906509459018707,-0.9230914115905762,-0.10361763834953308,-0.025870583951473236,-0.04084980487823486,0.009944822955952427,0.03348037489117589,1.5221382431502768,0.0702720358967781,1.0,-1.0,-1.0,1.0,0.14433756,-0.14433756,0.14433756
123,4.1491,0.27891671657562256,0.20757544040679932,-0.9236140251159668,-0.10699514299631119,-0.03481336683034897,-0.004062746185809374,0.0038789828130453047,0.032510830290386525,1.522196433220095,0.06961001455783844,1.0,-1.0,-1.0,1.0,0.14433756,-0.14433756,0.14433756
124,4.183,0.2739803194999695,0.20532523095607758,-0.9225084781646729,-0.10926705598831177,-0.04608146473765373,0.03219973295927048,-0.0017581332571801587,0.031092185183647335,1.5222430385391714,0.06762737035751343,1.0,-1.0,-1.0,1.0,0.14433756,-0.14433756,0.14433756
125,4.2168,0.27005618810653687,0.20327234268188477,-0.9204221963882446,-0.10919754952192307,-0.05497231334447861,0.055398114025592804,-0.006792624866693828,0.02949720760382587,1.522281254900814,0.06531275808811188,1.0,-1.0,-1.0,1.0,0.14433756,-0.14433756,0.14433756
126,4.2509,0.26618754863739014,0.20097561180591583,-0.9174513816833496,-0.10743868350982666,-0.06335392594337463,0.07483430206775665,-0.013588751374102192,0.02700831087579489,1.5223453039250305,0.06250851601362228,1.0,-1.0,-1.0,1.0,0.14433756,-0.14433756,0.14433756
127,4.2849,0.2624477744102478,0.19845986366271973,-0.9137274026870728,-0.10387204587459564,-0.07119167596101761,0.09131702780723572,-0.01834103438278059,0.024950299047976514,1.5224042929431758,0.059374164789915085,1.0,-0.7966680526733398,-1.0,1.0,0.15401962,-0.12270252,0.15401962
128,4.3189,0.25561782717704773,0.19287335872650146,-0.9044805765151978,-0.0919802114367485,-0.08527608960866928,0.11714927107095718,-0.023253757242676754,0.02245096397682918,1.5224383814051288,0.05275863781571388,1.0,-0.34143033623695374,-1.0,1.0,0.17183958,-0.058671243,0.17183958
129,4.3529,0.25561782717704773,0.19287335872650146,-0.9044805765151978,-0.0919802114367485,-0.08527608960866928,0.11714927107095718,-0.02601265897394434,0.020719077030437027,1.5224784619795344,0.05275863781571388,1.0,0.13786771893501282,-1.0,1.0,0.17594261,0.024256807,0.17594261
130,4.3889,0.24921663105487823,0.18556486070156097,-0.8918112516403198,-0.07345424592494965,-0.0985364019870758,0.1425798386335373,-0.029117667617192148,0.017987707807532734,1.5225196078183763,0.0459904670715332,1.0,0.6879221200942993,-1.0,1.0,0.15896706,0.10935696,0.15896706
131,4.4229,0.24694770574569702,0.1820022463798523,-0.8856505155563354,-0.06385815888643265,-0.10363754630088806,0.15289059281349182,-0.031028392072566927,0.014920706426170103,1.5225788631526305,0.04375345632433891,1.0,1.0,-1.0,1.0,0.14433756,0.14433756,0.14433756
132,4.4568,0.24507951736450195,0.1782543957233429,-0.8793268203735352,-0.05367822200059891,-0.10750432312488556,0.159148707985878,-0.03227721072554313,0.011354093943714004,1.5226314605841595,0.04226764291524887,1.0,1.0,-1.0,1.0,0.14433756,0.14433756,0.14433756
133,4.4909,0.2436027079820633,0.17437303066253662,-0.8729679584503174,-0.042966075241565704,-0.11015118658542633,0.16161243617534637,-0.0331628678325896,0.004748937412558989,1.522748373356014,0.04170643910765648,1.0,1.0,-0.9420628547668457,1.0,0.14712292,0.14712292,0.13859904
134,4.5249,0.24256208539009094,0.1703939288854599,-0.8666325807571411,-0.03188750520348549,-0.11096619069576263,0.1628103256225586,-0.03305255054562227,-0.0013302865452345712,1.5228594271734703,0.04207563400268555,1.0,1.0,-0.45506200194358826,1.0,0.16827935,0.16827935,0.07657754
135,4.559,0.24187083542346954,0.1654800921678543,-0.8586431741714478,-0.017890626564621925,-0.1090225949883461,0.16086362302303314,-0.03222111165329953,-0.00892838175284245,1.5229594288724029,0.04385918751358986,1.0,1.0,0.2256387174129486,1.0,0.17456871,0.17456871,-0.039389458
136,4.593,0.24182292819023132,0.16171835362911224,-0.8525419235229492,-0.006608495023101568,-0.10535021871328354,0.15018285810947418,-0.03141126933294166,-0.013905230618955279,1.5230045694528795,0.04605553671717644,1.0,1.0,0.8407497406005859,1.0,0.15195224,0.15195224,-0.12775381
137,4.6284,0.2421877384185791,0.15814939141273499,-0.8471288681030273,0.004971879534423351,-0.09956488758325577,0.1235659047961235,-0.030205737450652248,-0.020297671319229417,1.5230072326139696,0.04847349599003792,1.0,1.0,1.0,1.0,0.14433756,0.14433756,-0.14433756
138,4.6627,0.24295619130134583,0.15485918521881104,-0.8430076837539673,0.01673717610538006,-0.09180352091789246,0.08485958725214005,-0.029183855492659023,-0.02454555057714951,1.5229602278207297,0.050447117537260056,1.0,1.0,1.0,1.0,0.14433756,0.14433756,-0.14433756
139,4.6972,0.24411651492118835,0.15191996097564697,-0.8403768539428711,0.02811390720307827,-0.0825115367770195,0.04610856994986534,-0.028050233120990958,-0.02746205110770634,1.5228708787661576,0.05155051499605179,1.0,1.0,1.0,1.0,0.14433756,0.14433756,-0.14433756
140,4.7308,0.24564741551876068,0.1494114100933075,-0.8391923904418945,0.039021946489810944,-0.07217664271593094,0.011304345913231373,-0.026094253652436245,-0.030348048040808755,1.5226953764503215,0.0516107901930809,1.0,1.0,1.0,1.0,0.14433756,0.14433756,-0.14433756
141,4.7649,0.24809005856513977,0.14694491028785706,-0.8395260572433472,0.051682762801647186,-0.058230362832546234,-0.024872658774256706,-0.02434131108867565,-0.03165165083024033,1.5225345215204806,0.05016566067934036,1.0,1.0,1.0,1.0,0.14433756,0.14433756,-0.14433756
142,4.7991,0.25042542815208435,0.1455339640378952,-0.8410226106643677,0.060825567692518234,-0.04668964073061943,-0.04832158610224724,-0.02208396581445405,-0.032364795435893115,1.5223367818095423,0.04788617417216301,1.0,1.0,1.0,1.0,0.14433756,0.14433756,-0.14433756
143,4.833,0.25304558873176575,0.1445842981338501,-0.8433780670166016,0.06935803592205048,-0.03515315055847168,-0.06755054742097855,-0.02052582932324355,-0.03235672897062261,1.522182185308263,0.04477664455771446,1.0,1.0,1.0,1.0,0.14433756,0.14433756,-0.14433756
144,4.867,0.255940705537796,0.14412254095077515,-0.8464016914367676,0.07723410427570343,-0.023781975731253624,-0.08325701951980591,-0.018402081108986855,-0.031826535209479874,1.5219679339985663,0.04094916209578514,1.0,1.0,1.0,1.0,0.14433756,0.14433756,-0.14433756
145,4.9009,0.2591049373149872,0.14411647617816925,-0.8499805927276611,0.084507055580616,-0.012443863786756992,-0.09603402018547058,-0.016829616603052266,-0.031067900483457173,1.5218141364456141,0.03648398444056511,1.0,1.0,1.0,1.0,0.14433756,0.14433756,-0.14433756
146,4.9351,0.2625620663166046,0.14454390108585358,-0.8539696931838989,0.09117425978183746,-0.0014229941880330443,-0.1063532829284668,-0.015539702045504778,-0.03019096939016992,1.5216884352421625,0.03147171810269356,0.7239044904708862,1.0,1.0,1.0,0.113913015,0.15735917,-0.15735917
147,4.9688,0.26717260479927063,0.1456424742937088,-0.8594762086868286,0.09879711270332336,0.011779164895415306,-0.11661078035831451,-0.013827302988448737,-0.02873376670427342,1.5215404966436086,0.024587273597717285,0.26101237535476685,1.0,1.0,1.0,0.045374565,0.17384066,-0.17384066
148,5.0028,0.27112877368927,0.14690814912319183,-0.8641194105148315,0.10445619374513626,0.022050216794013977,-0.12416213750839233,-0.012489174812197806,-0.027502404240004847,1.5214470196893468,0.018766196444630623,-0.14702360332012177,1.0,1.0,1.0,-0.025851024,0.17582907,-0.17582907
149,5.0379,0.27530062198638916,0.1485300362110138,-0.8690042495727539,0.10965429246425629,0.03184177353978157,-0.13233019411563873,-0.010381725976050235,-0.026008050456901743,1.52136965485968,0.012840023264288902,-0.5888015627861023,1.0,1.0,1.0,-0.0960907,0.16319709,-0.16319709
150,5.072,0.27963781356811523,0.1504632830619812,-0.8740931749343872,0.11431804299354553,0.04132452979683876,-0.14118371903896332,-0.008092925232343976,-0.025080652460957486,1.5213386290329804,0.0077144308015704155,-1.0,1.0,1.0,1.0,-0.14433756,0.14433756,-0.14433756
151,5.1065,0.2841518223285675,0.15270356833934784,-0.8793846368789673,0.11819494515657425,0.05048316344618797,-0.14852772653102875,-0.0033056520840270822,-0.02379252097298359,1.521281104753435,0.0070949760265648365,-1.0,1.0,1.0,1.0,-0.14433756,0.14433756,-0.14433756
152,5.14,0.2887831926345825,0.1552514284849167,-0.8848135471343994,0.12090366333723068,0.05920504778623581,-0.15282095968723297,0.00184552005096866,-0.02257566233368294,1.5212498126106264,0.01227110531181097,-1.0,1.0,1.0,1.0,-0.14433756,0.14433756,-0.14433756
153,5.1738,0.29461076855659485,0.1588251143693924,-0.8917660713195801,0.12198369204998016,0.06969855725765228,-0.15451772511005402,0.006950728730322616,-0.021249570397202405,1.5212440868142827,0.021083710715174675,-1.0,0.839626669883728,1.0,1.0,-0.15200523,0.12762764,-0.15200523
154,5.2077,0.2992340326309204,0.1620105803012848,-0.8972997665405273,0.12072285264730453,0.07759648561477661,-0.1546873152256012,0.014293107548157711,-0.019093252555051878,1.5212617968355318,0.028576284646987915,-1.0,0.3023889362812042,1.0,1.0,-0.17286912,0.05227371,-0.17286912
155,5.242,0.3037191927433014,0.16540439426898956,-0.9027978181838989,0.11743976920843124,0.0850711539387703,-0.155167818069458,0.019625037971064865,-0.01726548660793037,1.521286963707833,0.0361669547855854,-1.0,-0.21448341012001038,1.0,1.0,-0.17477804,-0.037486993,-0.17477804
156,5.2758,0.30802199244499207,0.1689843386411667,-0.9083234071731567,0.11227035522460938,0.09192110598087311,-0.15659396350383759,0.023781277439756412,-0.015463026932948414,1.5213327700785824,0.043813131749629974,-1.0,-0.7246692180633545,1.0,1.0,-0.15732466,-0.11400834,-0.15732466
157,5.3104,0.312112033367157,0.17275448143482208,-0.9139490127563477,0.10554516315460205,0.0981842428445816,-0.16053888201713562,0.028861702466327306,-0.011816425991032864,1.5214470196893468,0.051530059427022934,-1.0,-1.0,0.6277358531951904,1.0,-0.16157463,-0.16157463,-0.10142619
158,5.3446,0.31590718030929565,0.17669013142585754,-0.919743537902832,0.0975327268242836,0.10376831144094467,-0.163910910487175,0.03210354141355094,-0.007383483044784786,1.5216046788258795,0.059307605028152466,-1.0,-1.0,0.23214766383171082,1.0,-0.17444202,-0.17444202,-0.04049631
159,5.3781,0.32014161348342896,0.18181440234184265,-0.927133321762085,0.08592991530895233,0.1089508906006813,-0.16312181949615479,0.034909398003787985,2.3810192551996423e-05,1.5218807154728662,0.06898688524961472,-1.0,-1.0,-0.320613294839859,1.0,-0.17240179,-0.17240179,0.055274304
160,5.4123,0.3230386972427368,0.18597334623336792,-0.9328669309616089,0.07574817538261414,0.11097411811351776,-0.15377159416675568,0.03615043107176491,0.005949482629736953,1.5221136089101936,0.0763998031616211,-1.0,-1.0,-0.8094372749328613,1.0,-0.15342367,-0.15342367,0.12418683
161,5.4463,0.3255161643028259,0.1901061087846756,-0.9381424188613892,0.06544385105371475,0.11100545525550842,-0.13412490487098694,0.037070994314442836,0.012841360181306672,1.5223933739827065,0.08327802270650864,-1.0,-1.0,-1.0,1.0,-0.14433756,-0.14433756,0.14433756
162,5.4798,0.3275543451309204,0.19416171312332153,-0.9426536560058594,0.05503096058964729,0.10897739976644516,-0.10449633747339249,0.03759115960960575,0.020789405289161133,1.5227153501584971,0.0893627256155014,-1.0,-1.0,-1.0,1.0,-0.14433756,-0.14433756,0.14433756
163,5.5139,0.32914993166923523,0.19810205698013306,-0.9460855722427368,0.044564034789800644,0.10516447573900223,-0.06775762140750885,0.037467405842701126,0.025431066203763068,1.5229252072523953,0.09440414607524872,-1.0,-1.0,-1.0,1.0,-0.14433756,-0.14433756,0.14433756
164,5.5478,0.33024343848228455,0.20183801651000977,-0.9482985734939575,0.03387559950351715,0.0996723547577858,-0.030942954123020172,0.03665039795453526,0.03053057444402006,1.5231389259298742,0.0982409417629242,-1.0,-1.0,-1.0,1.0,-0.14433756,-0.14433756,0.14433756
165,5.5816,0.33092328906059265,0.2060713917016983,-0.9494048357009888,0.02029668726027012,0.09088730812072754,0.008521970361471176,0.03561153210280897,0.033492415292135494,1.5232602329175273,0.10134922713041306,-1.0,-1.0,-1.0,1.0,-0.14433756,-0.14433756,0.14433756
166,5.6161,0.33098071813583374,0.20901596546173096,-0.9491277933120728,0.009384239092469215,0.08251497149467468,0.034998297691345215,0.034541950432978905,0.035399157489442765,1.5233626314614408,0.1026114672422409,-1.0,-1.0,-1.0,1.0,-0.14433756,-0.14433756,0.14433756
167,5.6501,0.3306240439414978,0.2115267813205719,-0.9478980302810669,-0.001289102016016841,0.07324285805225372,0.05739246681332588,0.03282316291019858,0.03712067475234042,1.5234796773913497,0.1028442308306694,-1.0,-1.0,-1.0,1.0,-0.14433756,-0.14433756,0.14433756
168,5.6839,0.32988864183425903,0.21361605823040009,-0.9457730054855347,-0.01165337860584259,0.06334555894136429,0.07631498575210571,0.0313616305069361,0.03782456903439438,1.5235602380143247,0.10212445259094238,-1.0,-1.0,-1.0,1.0,-0.14433756,-0.14433756,0.14433756
169,5.718,0.3288072943687439,0.21530061960220337,-0.9430140256881714,-0.02175193279981613,0.05294365808367729,0.09240036457777023,0.030023953819713723,0.03805417513225124,1.5236217570355055,0.10067168623209,-1.0,-1.0,-1.0,1.0,-0.14433756,-0.14433756,0.14433756
170,5.7518,0.3273881673812866,0.21649383008480072,-0.9397014379501343,-0.03142528608441353,0.042080171406269073,0.10589659214019775,0.028115220493372697,0.037788599714921496,1.5236941950171556,0.09850224107503891,-1.0,-1.0,-1.0,1.0,-0.14433756,-0.14433756,0.14433756
171,5.7858,0.32511016726493835,0.21726612746715546,-0.934837818145752,-0.042953964322805405,0.028546806424856186,0.11988631635904312,0.02657147339442703,0.037245552040329914,1.5237827451234007,0.09479539841413498,-1.0,-1.0,-1.0,1.0,-0.14433756,-0.14433756,0.14433756
172,5.8199,0.32049360871315,0.21676065027713776,-0.9259264469146729,-0.06000783294439316,0.006502022035419941,0.13636794686317444,0.02470196551811043,0.036168182704905974,1.5238691647007738,0.0869569405913353,-1.0,-1.0,-1.0,1.0,-0.14433756,-0.14433756,0.14433756
173,5.8541,0.32049360871315,0.21676065027713776,-0.9259264469146729,-0.06000783294439316,0.006502022035419941,0.13636794686317444,0.02342688143888332,0.035220176419432626,1.5239245584514476,0.0869569405913353,-1.0,-1.0,-1.0,1.0,-0.14433756,-0.14433756,0.14433756
174,5.8878,0.314945787191391,0.21431708335876465,-0.9158916473388672,-0.07523790746927261,-0.01495799794793129,0.14780806005001068,0.021681050347471077,0.03369003432858698,1.524004186968041,0.07720345258712769,-1.0,-1.0,-1.0,1.0,-0.14433756,-0.14433756,0.14433756
175,5.922,0.3118874430656433,0.2124422788619995,-0.9105851650238037,-0.0819709300994873,-0.02519136480987072,0.152068629860878,0.0203321030792917,0.032332392255567416,1.524055985451243,0.07178634405136108,-1.0,-1.0,-1.0,1.0,-0.14433756,-0.14433756,0.14433756
176,5.9557,0.3078181743621826,0.20957019925117493,-0.903863787651062,-0.08993561565876007,-0.03737838566303253,0.15609422326087952,0.019227631918586993,0.03107951436252344,1.5241148413113337,0.06470570713281631,-0.769472062587738,-1.0,-1.0,1.0,-0.11948353,-0.15527987,0.15527987
177,5.99,0.3044106662273407,0.20684711635112762,-0.8983830213546753,-0.09567524492740631,-0.04682202637195587,0.15903598070144653,0.017717143124348293,0.029234971540831732,1.5242049893142329,0.05882847309112549,-0.4811624586582184,-1.0,-1.0,1.0,-0.08052517,-0.16735546,0.16735546
178,6.0239,0.30086156725883484,0.20377595722675323,-0.8927969932556152,-0.10103940963745117,-0.0557718425989151,0.162691131234169,0.016497227051280556,0.02774177040713793,1.5242739651864659,0.05283552035689354,-0.1702425330877304,-1.0,-1.0,1.0,-0.029879197,-0.17550959,0.17550959
179,6.0579,0.2972041964530945,0.20043174922466278,-0.8870989084243774,-0.1059240773320198,-0.06422095000743866,0.16738681495189667,0.014655379639895251,0.02604349962772422,1.52437223583069,0.0468982495367527,0.15820860862731934,-1.0,-1.0,1.0,0.027794214,-0.17568079,0.17568079
180,6.0913,0.2934423089027405,0.19687607884407043,-0.8812389373779297,-0.11016861349344254,-0.07217170298099518,0.17262832820415497,0.01290231224045856,0.02502937412640585,1.5244396138062688,0.0412348248064518,0.4984612762928009,-1.0,-1.0,1.0,0.08310526,-0.16672361,0.16672361
181,6.1275,0.28954705595970154,0.19312599301338196,-0.8752261400222778,-0.11379797756671906,-0.07966294139623642,0.17759087681770325,0.009266402433903457,0.023698311649422037,1.5245217723258977,0.03615951910614967,0.8525460362434387,-1.0,-1.0,1.0,0.12907092,-0.15139467,0.15139467
182,6.1618,0.28458133339881897,0.18820786476135254,-0.8676362037658691,-0.1170407384634018,-0.08857851475477219,0.18092097342014313,0.00538866407650425,0.022712902514795286,1.5245991371555645,0.03141487017273903,1.0,-0.4245631694793701,-1.0,1.0,0.1693115,-0.071883425,0.1693115
183,6.1961,0.2806333899497986,0.1841035783290863,-0.8615258932113647,-0.11790875345468521,-0.09550981968641281,0.18050922453403473,0.0013449569478077876,0.021770035297987954,1.5246751704046864,0.029592396691441536,1.0,0.1506786346435547,-0.6112004518508911,1.0,0.21157059,0.031879168,0.12931204
184,6.2299,0.27675747871398926,0.17985838651657104,-0.8554344177246094,-0.1172202080488205,-0.10200241208076477,0.18061380088329315,-0.005354131927752439,0.019841486388661057,1.5247426815383198,0.029939131811261177,1.0,0.7814867496490479,-0.1371917426586151,1.0,0.19584255,0.15304837,0.026867982
185,6.264,0.2730056047439575,0.17549137771129608,-0.8494080305099487,-0.11480184644460678,-0.10796625912189484,0.17512157559394836,-0.011131004268149428,0.016987647125721348,1.5248179158391146,0.03236398100852966,1.0,1.0,0.3965706527233124,1.0,0.17021112,0.17021112,-0.06750073
186,6.2982,0.2694488763809204,0.1710422933101654,-0.8438218832015991,-0.11008688062429428,-0.11314664781093597,0.15556152164936066,-0.01822028707507532,0.010849908655388865,1.5249124580578124,0.03609304130077362,1.0,1.0,1.0,1.0,0.14433756,0.14433756,-0.14433756
187,6.3321,0.2661440074443817,0.16653577983379364,-0.8391134738922119,-0.10320071130990982,-0.11680600792169571,0.12442391365766525,-0.022530430207043622,0.0050831261585124535,1.5250251097719227,0.0401558056473732,1.0,1.0,1.0,1.0,0.14433756,0.14433756,-0.14433756
188,6.368,0.26247456669807434,0.16087114810943604,-0.8351447582244873,-0.09178198128938675,-0.1181538850069046,0.07241691648960114,-0.027200566139363388,-0.0037592224874041778,1.5252295073855864,0.044441308826208115,1.0,1.0,1.0,1.0,0.14433756,0.14433756,-0.14433756
189,6.402,0.2600216567516327,0.15636871755123138,-0.8336805105209351,-0.08098384737968445,-0.11649458110332489,0.03232685476541519,-0.029559398657063026,-0.01046478019165518,1.5253778454583038,0.04677131399512291,1.0,1.0,1.0,1.0,0.14433756,0.14433756,-0.14433756
190,6.4362,0.2580169141292572,0.15197184681892395,-0.8336405754089355,-0.06946990638971329,-0.11243578046560287,-0.002050634939223528,-0.030818170874613398,-0.015675754207099598,1.5254791787377813,0.048106320202350616,1.0,1.0,1.0,1.0,0.14433756,0.14433756,-0.14433756
191,6.47,0.25652170181274414,0.1477813422679901,-0.8348482847213745,-0.057463470846414566,-0.1065092608332634,-0.03064054250717163,-0.03158105001362341,-0.02178582701101428,1.5255825093880764,0.04853380098938942,1.0,1.0,1.0,1.0,0.14433756,0.14433756,-0.14433756
192,6.504,0.2555159330368042,0.14386801421642303,-0.837053656578064,-0.045466188341379166,-0.09910214692354202,-0.05397737771272659,-0.03154970585594994,-0.02557454816868029,1.5255948930871452,0.04825739935040474,1.0,1.0,1.0,1.0,0.14433756,0.14433756,-0.14433756
193,6.5378,0.2550661563873291,0.1402655839920044,-0.8401502370834351,-0.03338652104139328,-0.09045824408531189,-0.07290585339069366,-0.031189222035272496,-0.02814035615675492,1.525573720956479,0.047332506626844406,1.0,1.0,1.0,1.0,0.14433756,0.14433756,-0.14433756
194,6.5719,0.25521478056907654,0.13622422516345978,-0.8450175523757935,-0.018451718613505363,-0.07849565893411636,-0.09177306294441223,-0.030233862928477007,-0.030722971188021475,1.5254654634581672,0.0455477349460125,1.0,1.0,1.0,1.0,0.14433756,0.14433756,-0.14433756
195,6.6058,0.2558665871620178,0.13339769840240479,-0.8494647741317749,-0.006850588601082563,-0.06827894598245621,-0.10342558473348618,-0.029205822410462972,-0.03201528467114464,1.5253577385920736,0.043852970004081726,1.0,1.0,1.0,1.0,0.14433756,0.14433756,-0.14433756
196,6.6397,0.25697624683380127,0.13092197477817535,-0.854241132736206,0.0043073962442576885,-0.05775422602891922,-0.11267715692520142,-0.027709899859030246,-0.03282021262705347,1.525184233647055,0.042097680270671844,1.0,1.0,1.0,1.0,0.14433756,0.14433756,-0.14433756
197,6.6741,0.25849947333335876,0.12878964841365814,-0.8592631816864014,0.01515369862318039,-0.04709882289171219,-0.12021155655384064,-0.02657078055642469,-0.03291002149303259,1.525069051929909,0.04042746499180794,1.0,1.0,1.0,1.0,0.14433756,0.14433756,-0.14433756
198,6.7079,0.26040250062942505,0.1270412653684616,-0.8644454479217529,0.0255119688808918,-0.036555513739585876,-0.1261478215456009,-0.02487658566183556,-0.03260982290093722,1.5248932832979638,0.038950223475694656,1.0,1.0,1.0,1.0,0.14433756,0.14433756,-0.14433756
199,6.7419,0.2626497447490692,0.12569579482078552,-0.8697069883346558,0.03541993722319603,-0.02596926875412464,-0.13084161281585693,-0.023474441750881852,-0.03199523606156338,1.5247653184075856,0.0377720408141613,1.0,1.0,1.0,1.0,0.14433756,0.14433756,-0.14433756
200,6.7759,0.26586249470710754,0.12455063313245773,-0.8763567209243774,0.047106631100177765,-0.012993977405130863,-0.13524559140205383,-0.02222100209729544,-0.03129301873875833,1.5246551966965107,0.03690599650144577,0.885542631149292,1.0,1.0,1.0,0.13267843,0.14982727,-0.14982727
201,6.81,0.2687282860279083,0.12407940626144409,-0.8816864490509033,0.055805787444114685,-0.0029460377991199493,-0.1380494087934494,-0.020443924636156005,-0.03002460504582403,1.5245065923076844,0.036780983209609985,0.5834919810295105,1.0,1.0,1.0,0.09535073,0.16341394,-0.16341394
202,6.844,0.27181869745254517,0.12401701509952545,-0.8870620727539062,0.06407838314771652,0.006929386407136917,-0.14047563076019287,-0.019026213716392938,-0.028914716016776695,1.524391277432484,0.03723004460334778,0.2538699507713318,1.0,1.0,1.0,0.04417221,0.17399542,-0.17399542
203,6.8778,0.2751080393791199,0.1243586614727974,-0.8924994468688965,0.07175777107477188,0.016526691615581512,-0.1433931142091751,-0.017691695371775826,-0.027922495015424226,1.5243113825997816,0.0383206270635128,-0.10405902564525604,1.0,1.0,1.0,-0.018345615,0.17630008,-0.17630008
204,6.9118,0.2785824239253998,0.12505944073200226,-0.8979572057723999,0.07886875420808792,0.0258353091776371,-0.14812242984771729,-0.01517989337777556,-0.026599544776792147,1.524211380900849,0.04009890556335449,-0.4975801706314087,1.0,1.0,1.0,-0.08297455,0.16675615,-0.16675615
205,6.9459,0.2821664810180664,0.1261458545923233,-0.9034892320632935,0.08529508858919144,0.03481890261173248,-0.15367135405540466,-0.01222649246166162,-0.025653163435702668,1.5241312197520376,0.04256516695022583,-0.9197087287902832,1.0,1.0,1.0,-0.13629603,0.14819479,-0.14819479
206,6.9796,0.2867576777935028,0.12805324792861938,-0.9104743003845215,0.09188760071992874,0.04573659971356392,-0.1595180332660675,-0.0071689841443303174,-0.02453290888435004,1.524073961788601,0.046531785279512405,-1.0,1.0,0.8189727067947388,1.0,-0.15297699,0.15297699,-0.12528399
207,7.0141,0.2904229462146759,0.13006678223609924,-0.9161359071731567,0.0957086831331253,0.05437827855348587,-0.16174279153347015,-0.002752623016908535,-0.023595266040587384,1.5240408054330294,0.05032307282090187,-1.0,1.0,0.43674734234809875,1.0,-0.16890548,0.16890548,-0.073769026
208,7.0477,0.2940523624420166,0.1324465423822403,-0.9218205213546753,0.0978553369641304,0.06275089085102081,-0.16068154573440552,0.0045338356598187,-0.02188914933893095,1.524005252232477,0.054600995033979416,-1.0,1.0,-0.003936439752578735,1.0,-0.176776,0.176776,0.0006958681
209,7.0819,0.29755493998527527,0.13521122932434082,-0.9274429082870483,0.09808966517448425,0.0706694945693016,-0.1559075117111206,0.010652388447180952,-0.020364183767454146,1.5239914037948086,0.05919758230447769,-1.0,1.0,-0.49634602665901184,1.0,-0.16680166,0.16680166,0.08279134
210,7.116,0.30089280009269714,0.13830909132957458,-0.9327398538589478,0.09630278497934341,0.07818974554538727,-0.1442255824804306,0.01579849888562243,-0.019089199556767914,1.5239997927522422,0.06382326781749725,-1.0,1.0,-1.0,1.0,-0.14433756,0.14433756,0.14433756
211,7.1497,0.3039945065975189,0.14170414209365845,-0.9374362230300903,0.0926876813173294,0.08521123230457306,-0.12281607836484909,0.022447566365844728,-0.01754918088334836,1.524021364357072,0.06815099716186523,-1.0,1.0,-1.0,1.0,-0.14433756,0.14433756,0.14433756
212,7.184,0.3074303865432739,0.1463937759399414,-0.9419708251953125,0.08598169684410095,0.09330878406763077,-0.0821293294429779,0.026839058666141946,-0.016339088337692192,1.5240614449314775,0.07256874442100525,-1.0,1.0,-1.0,1.0,-0.14433756,0.14433756,0.14433756
213,7.2187,0.3116683065891266,0.15482550859451294,-0.944959282875061,0.07089193165302277,0.10529236495494843,-0.010148935951292515,0.030806975195062057,-0.014631916774572732,1.5241453345058151,0.0760851576924324,-1.0,0.7614349126815796,-1.0,1.0,-0.15564975,0.11851715,0.15564975
214,7.2529,0.3116683065891266,0.15482550859451294,-0.944959282875061,0.07089193165302277,0.10529236495494843,-0.010148935951292515,0.032715877049565814,-0.01338791573839659,1.524227226709335,0.0760851576924324,-1.0,0.2500946819782257,-1.0,1.0,-0.17407565,0.043535393,0.17407565
215,7.287,0.31420692801475525,0.1641591638326645,-0.9428406953811646,0.051890529692173004,0.11600684374570847,0.046760741621255875,0.03446446492882521,-0.011484167516721057,1.5243495989614242,0.07541025429964066,-1.0,-0.2820826470851898,-1.0,1.0,-0.17336172,-0.048902333,0.17336172
216,7.3209,0.31476378440856934,0.16908423602581024,-0.9401617050170898,0.04154480993747711,0.12082978338003159,0.07205728441476822,0.03533378936824893,-0.009441357553359451,1.5244928770280703,0.07385014742612839,-1.0,-1.0,-1.0,1.0,-0.14433756,-0.14433756,0.14433756
217,7.355,0.31476813554763794,0.17545843124389648,-0.9355493783950806,0.027910156175494194,0.12591145932674408,0.09723097831010818,0.035816662085772326,-0.007006251477861565,1.5246658493408711,0.07112739235162735,-1.0,-1.0,-1.0,1.0,-0.14433756,-0.14433756,0.14433756
218,7.3894,0.3142310380935669,0.18070104718208313,-0.9311079978942871,0.016576411202549934,0.1289403736591339,0.10995568335056305,0.0358974474129642,-0.0018293773676404694,1.524986094461953,0.06869368255138397,-1.0,-1.0,-1.0,1.0,-0.14433756,-0.14433756,0.14433756
219,7.4231,0.31323349475860596,0.18601880967617035,-0.9262025356292725,0.005061692092567682,0.13058342039585114,0.11992481350898743,0.0352626746447654,0.0037850340839576052,1.5252962195708928,0.06633947789669037,-1.0,-1.0,-1.0,1.0,-0.14433756,-0.14433756,0.14433756
220,7.458,0.3118351697921753,0.1913195699453354,-0.9208493232727051,-0.006275685038417578,0.1302405446767807,0.1284138411283493,0.033831306702037274,0.011426990696473816,1.525695294260241,0.06421152502298355,-1.0,-1.0,-1.0,1.0,-0.14433756,-0.14433756,0.14433756
221,7.4918,0.3100092113018036,0.19650296866893768,-0.9152936935424805,-0.017430171370506287,0.1279241144657135,0.13508255779743195,0.03255226741247248,0.016602720479664018,1.5259676024817017,0.0625540092587471,-1.0,-1.0,-1.0,1.0,-0.14433756,-0.14433756,0.14433756
222,7.526,0.307778000831604,0.2014579325914383,-0.9096426963806152,-0.0280963946133852,0.12358608841896057,0.14078576862812042,0.030928981262501314,0.02198816067483305,1.52622712752993,0.06145903468132019,-1.0,-1.0,-1.0,1.0,-0.14433756,-0.14433756,0.14433756
223,7.5596,0.30451029539108276,0.20725364983081818,-0.9025588035583496,-0.040586043149232864,0.11582289636135101,0.14629791676998138,0.02876558315692146,0.02765618930938931,1.5265427121191044,0.06097342073917389,-0.7512224316596985,-1.0,-1.0,1.0,-0.11727925,-0.15611787,0.15611787
224,7.5939,0.30149129033088684,0.21149389445781708,-0.8968288898468018,-0.050168704241514206,0.1080746203660965,0.14987847208976746,0.02722643001085618,0.03084377467178099,1.5267160839060685,0.061193570494651794,-0.3456900417804718,-1.0,-1.0,1.0,-0.059362203,-0.17172089,0.17172089
225,7.6278,0.2982165515422821,0.21531488001346588,-0.89105224609375,-0.05915335565805435,0.09912499785423279,0.1542232632637024,0.02499208570995554,0.03441878131315734,1.5269425857567798,0.06191161647439003,0.07785913348197937,-1.0,-1.0,1.0,0.013742869,-0.17650941,0.17650941
226,7.662,0.29472973942756653,0.21868598461151123,-0.8851797580718994,-0.06768937408924103,0.08931110799312592,0.16005462408065796,0.022831186398492236,0.03654852788165052,1.5270677543280136,0.06305848807096481,0.49154889583587646,-1.0,-1.0,1.0,0.0820778,-0.1669779,0.1669779
227,7.696,0.2910177409648895,0.22156715393066406,-0.8792271614074707,-0.0754091814160347,0.07875127345323563,0.16607917845249176,0.020300656972482747,0.03803014426460248,1.5271656254980739,0.06456099450588226,0.9046036005020142,-1.0,-0.7812492251396179,1.0,0.14511596,-0.16041939,0.12532751
228,7.7298,0.28711646795272827,0.22391074895858765,-0.8732293844223022,-0.08217275887727737,0.06746013462543488,0.17025230824947357,0.015184972109198126,0.03948060166280051,1.5272728177319497,0.06634495407342911,1.0,-1.0,-0.499534547328949,1.0,0.1666839,-0.1666839,0.083264366
229,7.7637,0.2820093333721161,0.22600078582763672,-0.8659712076187134,-0.08877900242805481,0.05219701677560806,0.16778114438056946,0.009780399806369857,0.03997632829377275,1.527336600440057,0.06879868358373642,1.0,-1.0,-0.10806143283843994,1.0,0.17626289,-0.17626289,0.01904722
230,7.7979,0.2777911424636841,0.2270572930574417,-0.8604270219802856,-0.09195399284362793,0.03958640992641449,0.1584687978029251,0.0043530130035117996,0.03994129108068139,1.5274159626405415,0.07089383155107498,1.0,-1.0,0.2568717896938324,1.0,0.17393085,-0.17393085,-0.04467793
231,7.8318,0.2735596299171448,0.22746653854846954,-0.8554525375366211,-0.09319945424795151,0.026353131979703903,0.13857173919677734,-0.0038547134572403316,0.03937988423932508,1.5274991864246064,0.07283464819192886,1.0,-1.0,0.6896288394927979,1.0,0.15889156,-0.15889156,-0.1095762
232,7.8657,0.2693690359592438,0.22729718685150146,-0.8514200448989868,-0.09220714867115021,0.01289522834122181,0.11057234555482864,-0.010276003682260594,0.038599777777013615,1.527570958615984,0.07444674521684647,1.0,-1.0,1.0,1.0,0.14433756,-0.14433756,-0.14433756
233,7.8999,0.26535874605178833,0.2265470027923584,-0.8484712839126587,-0.08878050744533539,-0.0006462321616709232,0.07719580829143524,-0.017377027284523453,0.03725720337009902,1.5276682971538265,0.07551512122154236,1.0,-1.0,1.0,1.0,0.14433756,-0.14433756,-0.14433756
234,7.9338,0.26169073581695557,0.2252173274755478,-0.8467648029327393,-0.08309809863567352,-0.014218691736459732,0.04082586243748665,-0.021412849219754084,0.03596054768604226,1.527741400925749,0.07582399249076843,1.0,-1.0,1.0,1.0,0.14433756,-0.14433756,-0.14433756
235,7.9677,0.2577144503593445,0.2227344661951065,-0.8464378118515015,-0.07338500767946243,-0.030550474300980568,-0.001030454528518021,-0.025766524632572174,0.03361540131963211,1.52785791422344,0.07493440061807632,1.0,-1.0,1.0,1.0,0.14433756,-0.14433756,-0.14433756
236,8.0029,0.25506505370140076,0.22019009292125702,-0.8475080728530884,-0.06435155123472214,-0.04272037744522095,-0.02915083058178425,-0.028112694651526323,0.03148767916968631,1.527961777505953,0.07325225323438644,1.0,-1.0,1.0,1.0,0.14433756,-0.14433756,-0.14433756
237,8.038,0.25291430950164795,0.2172045260667801,-0.8496395349502563,-0.05449613556265831,-0.053958356380462646,-0.052408743649721146,-0.029510404815383973,0.0295679499008757,1.528020899682153,0.0707755759358406,1.0,-1.0,1.0,1.0,0.14433756,-0.14433756,-0.14433756
238,8.0718,0.25121963024139404,0.21387042105197906,-0.8525452613830566,-0.044193971902132034,-0.06426926702260971,-0.07143734395503998,-0.030593562364989637,0.026816948187310483,1.528080421332516,0.06771915405988693,1.0,-1.0,1.0,1.0,0.14433756,-0.14433756,-0.14433756
239,8.1058,0.24999140202999115,0.21021369099617004,-0.8562616109848022,-0.0335528664290905,-0.07374300062656403,-0.08696219325065613,-0.030846348367303197,0.024706035161151208,1.5281045229403813,0.06412892788648605,1.0,-1.0,1.0,1.0,0.14433756,-0.14433756,-0.14433756
240,8.1397,0.24922636151313782,0.20629239082336426,-0.8606284856796265,-0.02280038595199585,-0.08241613954305649,-0.09949397295713425,-0.030584351572688247,0.022212095071805885,1.5281138440041966,0.06017667055130005,1.0,-1.0,1.0,1.0,0.14433756,-0.14433756,-0.14433756
241,8.1738,0.24888762831687927,0.2010718584060669,-0.8668299913406372,-0.009458242915570736,-0.09218665957450867,-0.11203046143054962,-0.030105635883178893,0.020588213871778657,1.5280880113416229,0.05499223619699478,1.0,-0.34325653314590454,1.0,1.0,0.17178884,-0.058967642,-0.17178884
242,8.2078,0.24910284578800201,0.19672498106956482,-0.8721688985824585,0.0009149921825155616,-0.09894165396690369,-0.11999398469924927,-0.029071748894334296,0.018466279936014577,1.5280432702353095,0.05092751234769821,1.0,0.2236258089542389,1.0,1.0,0.1746072,0.03904668,-0.1746072
243,8.2419,0.2497350424528122,0.19225147366523743,-0.8778159618377686,0.011215373873710632,-0.10510224103927612,-0.12810905277729034,-0.028128679859850604,0.01665912852020596,1.5279625764542801,0.047158386558294296,1.0,0.7825318574905396,1.0,1.0,0.15467632,0.12103914,-0.15467632
244,8.2759,0.2507646977901459,0.18763510882854462,-0.8838284015655518,0.021300651133060455,-0.11078616976737976,-0.13742175698280334,-0.027366387448518253,0.014450271503175214,1.5278967963753551,0.04395134747028351,1.0,1.0,1.0,1.0,0.14433756,0.14433756,-0.14433756
245,8.3098,0.2521604895591736,0.18288654088974,-0.8900660276412964,0.031013090163469315,-0.11546000838279724,-0.14521424472332,-0.026237793874002314,0.00945035820560608,1.5278726947674899,0.04165074601769447,1.0,1.0,1.0,1.0,0.14433756,0.14433756,-0.14433756
246,8.3439,0.25389352440834045,0.1780654639005661,-0.8963814973831177,0.04031909629702568,-0.11894316971302032,-0.14961448311805725,-0.025090152455908503,0.003820081960096293,1.5278738931899805,0.04057193547487259,1.0,1.0,1.0,1.0,0.14433756,0.14433756,-0.14433756
247,8.3779,0.25652387738227844,0.1720167100429535,-0.9042949676513672,0.05170118436217308,-0.1206778734922409,-0.152036651968956,-0.023797102442296367,-0.001720799847871586,1.5278821489893597,0.041206635534763336,1.0,1.0,0.3834780156612396,1.0,0.17061546,0.17061546,-0.06542728
248,8.4122,0.2589791417121887,0.16726575791835785,-0.9106184244155884,0.06022030860185623,-0.11974512040615082,-0.15299676358699799,-0.021738245893069733,-0.009560463271924042,1.527870297922509,0.04332802817225456,1.0,1.0,-0.18690970540046692,1.0,0.1752527,0.1752527,0.03275643
249,8.4463,0.26171934604644775,0.16269107162952423,-0.9168426990509033,0.06835459172725677,-0.11673320084810257,-0.14985600113868713,-0.020080869200550952,-0.015275193973205665,1.5278315489286483,0.04664412513375282,0.8625702261924744,1.0,-0.753533124923706,1.0,0.14182593,0.16442247,0.123897776
250,8.4799,0.2646695077419281,0.1583680957555771,-0.9227341413497925,0.07575447112321854,-0.11197231709957123,-0.1377844214439392,-0.018321006579145354,-0.021610586850097865,1.5277520535701095,0.05069025233387947,0.530511200428009,1.0,-1.0,1.0,0.08780714,0.1655142,0.1655142
251,8.5138,0.26780396699905396,0.15432032942771912,-0.92792809009552,0.08250468969345093,-0.10575199872255325,-0.11118598282337189,-0.01723608260472291,-0.025426925820505836,1.52767668611126,0.054827626794576645,0.20632700622081757,1.0,-1.0,1.0,0.036091715,0.17492482,0.17492482
252,8.5477,0.27106204628944397,0.15058664977550507,-0.9319514036178589,0.08865957707166672,-0.0985267385840416,-0.07417918741703033,-0.015429738459619724,-0.029774781810223184,1.527550052801427,0.058370187878608704,-0.08340482413768768,1.0,-1.0,1.0,-0.014718454,0.17647006,0.17647006
253,8.5818,0.27529844641685486,0.14638225734233856,-0.9349867105484009,0.09569140523672104,-0.08793375641107559,-0.024242905899882317,-0.013195579331638625,-0.03231455947923689,1.5274336726617903,0.061375465244054794,-0.40248042345046997,1.0,-1.0,1.0,-0.06843179,0.17002513,0.17002513
254,8.6158,0.2788147032260895,0.14342646300792694,-0.9358049631118774,0.10069018602371216,-0.0783938392996788,0.01192326657474041,-0.010584331157464518,-0.03398677913364366,1.5273254151634788,0.06251779198646545,-0.6618381142616272,1.0,-1.0,1.0,-0.1059674,0.16011076,0.16011076
255,8.6497,0.28239598870277405,0.14087429642677307,-0.9352736473083496,0.10494710505008698,-0.06795548647642136,0.042846519500017166,-0.005643555640554653,-0.03551487599999591,1.5271834686773775,0.06257296353578568,-0.9434180855751038,1.0,-1.0,1.0,-0.13873705,0.14705788,0.14705788
256,8.684,0.2860298752784729,0.13875404000282288,-0.9335674047470093,0.10803737491369247,-0.05690308287739754,0.06795196980237961,-0.000769016958103384,-0.036020735126678055,1.5270898585650612,0.061696022748947144,-1.0,1.0,-1.0,1.0,-0.14433756,0.14433756,0.14433756
257,8.718,0.28968262672424316,0.13711683452129364,-0.9309264421463013,0.10983678698539734,-0.04526689276099205,0.08741515129804611,0.003921395994073744,-0.035922177360399106,1.5270142247901028,0.06011131405830383,-1.0,1.0,-1.0,1.0,-0.14433756,0.14433756,0.14433756
258,8.7519,0.29333141446113586,0.13598816096782684,-0.9275970458984375,0.11005856096744537,-0.033263709396123886,0.10193082690238953,0.010915398491366895,-0.0349876699727011,1.526928071528839,0.0580599419772625,-1.0,1.0,-1.0,1.0,-0.14433756,0.14433756,0.14433756
259,8.7862,0.29781410098075867,0.13530375063419342,-0.9228051900863647,0.10792913287878036,-0.018292780965566635,0.11601095646619797,0.016282324515473373,-0.03373205401716139,1.5269018393921017,0.055170852690935135,-1.0,1.0,-1.0,1.0,-0.14433756,0.14433756,0.14433756
260,8.8199,0.3044024109840393,0.13585928082466125,-0.9140324592590332,0.09875838458538055,0.005298942793160677,0.1326366662979126,0.02223512933464047,-0.031759510934983144,1.5269074320303908,0.05012115091085434,-1.0,1.0,-1.0,1.0,-0.14433756,0.14433756,0.14433756
261,8.854,0.3044024109840393,0.13585928082466125,-0.9140324592590332,0.09875838458538055,0.005298942793160677,0.1326366662979126,0.025725160331297278,-0.03023947637271219,1.5269295362674384,0.05012115091085434,-1.0,1.0,-1.0,1.0,-0.14433756,0.14433756,0.14433756
262,8.8877,0.30988609790802,0.13813018798828125,-0.9044119119644165,0.08373217284679413,0.027325740084052086,0.14426174759864807,0.029731160063805526,-0.02795376427169204,1.5270215484831007,0.045139800757169724,-1.0,1.0,-1.0,1.0,-0.14433756,0.14433756,0.14433756
263,8.922,0.3120648264884949,0.1398371309041977,-0.8993349075317383,0.07467830926179886,0.037461478263139725,0.14859339594841003,0.03209535219319895,-0.026091796470211728,1.5271270096622678,0.04275395721197128,-1.0,1.0,-1.0,1.0,-0.14433756,0.14433756,0.14433756
264,8.956,0.3142089545726776,0.14242158830165863,-0.8928332328796387,0.06230693310499191,0.0494413748383522,0.15299513936042786,0.03359989672866081,-0.024471689468791843,1.527228209783691,0.04002910479903221,-1.0,1.0,-1.0,1.0,-0.14433756,0.14433756,0.14433756
265,8.9901,0.31550002098083496,0.14484503865242004,-0.8875086307525635,0.05185660347342491,0.05842358246445656,0.15590745210647583,0.034963788907863655,-0.02226931766513436,1.5273818741785883,0.038180962204933167,-1.0,1.0,-1.0,1.0,-0.14433756,0.14433756,0.14433756
266,9.0239,0.31637269258499146,0.14757885038852692,-0.8821045160293579,0.0411294624209404,0.06680729985237122,0.15813544392585754,0.03544957029664012,-0.020556717830699265,1.527517295920019,0.03672008216381073,-1.0,0.8160742521286011,-0.8887550830841064,1.0,-0.15952839,0.130187,0.14178166
267,9.0578,0.31682053208351135,0.150621697306633,-0.8765854835510254,0.030238019302487373,0.07466650009155273,0.15993492305278778,0.03551540030983552,-0.019111871796141815,1.5276334097435464,0.03576311841607094,-1.0,0.4277327358722687,-0.5027261972427368,1.0,-0.2086459,0.08924468,0.104891755
268,9.092,0.3168468475341797,0.15396729111671448,-0.8710016012191772,0.01945793442428112,0.0821090117096901,0.16066302359104156,0.03517216877959474,-0.017135451525923443,1.5278481936854613,0.0354665108025074,-1.0,-0.001510709524154663,-0.09395411610603333,1.0,-0.24890354,-0.00037602097,0.023385512
269,9.126,0.3164904713630676,0.15757101774215698,-0.8654998540878296,0.00838360097259283,0.08893117308616638,0.1561817228794098,0.03484250480675116,-0.015398090535134416,1.5280161059921908,0.035959020256996155,-1.0,-0.46606186032295227,0.3550679385662079,1.0,-0.21570271,-0.10053081,-0.07658912
270,9.1597,0.31544944643974304,0.16241595149040222,-0.8591378927230835,-0.00586311612278223,0.09704012423753738,0.1333894431591034,0.03486443843504149,-0.012388586385587673,1.528280957362599,0.03748336434364319,-1.0,-1.0,1.0,1.0,-0.14433756,-0.14433756,-0.14433756
271,9.194,0.3141127824783325,0.16648152470588684,-0.8550400733947754,-0.01787831261754036,0.10281598567962646,0.09972935169935226,0.035099722475566184,-0.009088658277383985,1.5284997360461492,0.03896181657910347,-1.0,-1.0,1.0,1.0,-0.14433756,-0.14433756,-0.14433756
272,9.228,0.31225091218948364,0.17061442136764526,-0.8521696329116821,-0.030564693734049797,0.10689695179462433,0.05967377498745918,0.03483472130234649,-0.0024595470803574935,1.52888203282063,0.04016340523958206,-1.0,-1.0,1.0,1.0,-0.14433756,-0.14433756,-0.14433756
273,9.2617,0.30987536907196045,0.17477381229400635,-0.8506548404693604,-0.043093450367450714,0.10888446867465973,0.022374505177140236,0.0336670104687254,0.0038208559412880976,1.5292084032122193,0.040860943496227264,-1.0,-1.0,1.0,1.0,-0.14433756,-0.14433756,-0.14433756
274,9.2953,0.3070426285266876,0.178884357213974,-0.8503915071487427,-0.05512835830450058,0.10852782428264618,-0.00973009318113327,0.032003930866403574,0.009421917517699174,1.529498687771038,0.041085585951805115,-1.0,-1.0,1.0,1.0,-0.14433756,-0.14433756,-0.14433756
275,9.3292,0.30379489064216614,0.1828385889530182,-0.851232647895813,-0.06641429662704468,0.10594320297241211,-0.03642928600311279,0.02912828905263344,0.016782365259352075,1.5298498255607649,0.04094325751066208,-0.7364264130592346,-1.0,1.0,1.0,-0.11546595,-0.15679224,-0.15679224
276,9.3632,0.2992163598537445,0.18745379149913788,-0.8536050319671631,-0.07925871014595032,0.09974083304405212,-0.0631023496389389,0.026682373247882814,0.02177155621264174,1.530092439536071,0.04051131010055542,-0.19759611785411835,-1.0,1.0,1.0,-0.034594346,-0.17507604,-0.17507604
277,9.3981,0.2952372133731842,0.190860778093338,-0.8562649488449097,-0.08850231766700745,0.0929168090224266,-0.08148428052663803,0.024494499027409453,0.025433394389122285,1.5302860513473198,0.04031461849808693,0.2596609592437744,-1.0,1.0,1.0,0.04514731,-0.17387024,-0.17387024
278,9.4318,0.2910271883010864,0.19395077228546143,-0.8595635890960693,-0.09699194878339767,0.08484809845685959,-0.09909883141517639,0.020924687630753353,0.02968031865412023,1.5304876526418387,0.040384482592344284,0.7549367547035217,-1.0,1.0,1.0,0.11773077,-0.15594786,-0.15594786
279,9.4658,0.28664690256118774,0.19664591550827026,-0.8634620904922485,-0.10429113358259201,0.07559458911418915,-0.11475244909524918,0.017027501955612763,0.03239254848728418,1.530618280693307,0.040817905217409134,1.0,-1.0,1.0,1.0,0.14433756,-0.14433756,-0.14433756
280,9.5,0.28216785192489624,0.1988684982061386,-0.8678185939788818,-0.11012576520442963,0.06558305770158768,-0.12656718492507935,0.010506244361470952,0.0348301294300607,1.5307575640183182,0.04169722646474838,1.0,-1.0,1.0,1.0,0.14433756,-0.14433756,-0.14433756
281,9.5344,0.2776470184326172,0.20057222247123718,-0.8724830150604248,-0.1139618381857872,0.054754603654146194,-0.13434410095214844,0.0049722793602190105,0.03578367217776897,1.5308425188570918,0.04304886609315872,1.0,-1.0,1.0,1.0,0.14433756,-0.14433756,-0.14433756
282,9.5689,0.272007554769516,0.2019512951374054,-0.8784627914428711,-0.11593171954154968,0.04073238745331764,-0.13997778296470642,-0.0034939599394876518,0.03609424669514265,1.5309325337019366,0.045355912297964096,1.0,-1.0,1.0,1.0,0.14433756,-0.14433756,-0.14433756
283,9.603,0.2676013708114624,0.2024317979812622,-0.8833409547805786,-0.11490560322999954,0.029237322509288788,-0.1431281715631485,-0.009997244577237656,0.03565380562392478,1.5310109637960394,0.04757020249962807,1.0,-1.0,1.0,1.0,0.14433756,-0.14433756,-0.14433756
284,9.6375,0.26342785358428955,0.20239652693271637,-0.888258695602417,-0.11163383722305298,0.017758013680577278,-0.14530979096889496,-0.015084358715452773,0.034951509238524865,1.531078208613564,0.05001738294959068,1.0,-1.0,1.0,1.0,0.14433756,-0.14433756,-0.14433756
285,9.672,0.25950267910957336,0.20192597806453705,-0.8931988477706909,-0.10661020129919052,0.0064783282577991486,-0.14687831699848175,-0.021202003843420067,0.03358228241476345,1.5311523776499225,0.052676618099212646,1.0,-1.0,1.0,1.0,0.14433756,-0.14433756,-0.14433756
286,9.7062,0.25587889552116394,0.20099495351314545,-0.8981281518936157,-0.0999634861946106,-0.004492052365094423,-0.14781880378723145,-0.02508165530755547,0.032287386913739675,1.5312146956194304,0.055423472076654434,1.0,-1.0,0.7167973518371582,1.0,0.15767933,-0.15767933,-0.11302413
287,9.74,0.2526068091392517,0.1996462345123291,-0.9030096530914307,-0.09208758920431137,-0.015205435454845428,-0.14845766127109528,-0.028729226846852675,0.030533786882084968,1.5313071073092561,0.05819631367921829,1.0,-1.0,0.3955496847629547,1.0,0.17024302,-0.17024302,-0.06733958
288,9.7738,0.24906280636787415,0.19742290675640106,-0.9089118242263794,-0.08064473420381546,-0.027845831587910652,-0.14659833908081055,-0.030555115057346222,0.029250663385317184,1.5313426605098086,0.061565808951854706,1.0,-1.0,-0.0471724271774292,1.0,0.17667843,-0.17667843,0.008334351
289,9.8086,0.24669119715690613,0.19524744153022766,-0.9133927822113037,-0.07088189572095871,-0.03722890466451645,-0.1393273025751114,-0.03249155566199708,0.027584745851958734,1.5313940595188473,0.06408867239952087,1.0,-0.6748977899551392,-0.47026413679122925,1.0,0.19307263,-0.13030429,0.09079513
290,9.8429,0.24476924538612366,0.19278903305530548,-0.917473554611206,-0.060784973204135895,-0.04594065248966217,-0.1253807097673416,-0.03365171809840346,0.02649424796459854,1.5314123021723143,0.06631526350975037,1.0,-0.19410842657089233,-0.9549442529678345,1.0,0.17904724,-0.034754578,0.17098013
291,9.8766,0.24328924715518951,0.19007903337478638,-0.9209460020065308,-0.050614893436431885,-0.054125264286994934,-0.10353735089302063,-0.034402771137697845,0.025646807219194705,1.5313977879443734,0.06807398796081543,1.0,0.2774428725242615,-1.0,1.0,0.17347,0.04812802,0.17347
292,9.9108,0.24223273992538452,0.18708562850952148,-0.9234744310379028,-0.04039691761136055,-0.06174043193459511,-0.07058929651975632,-0.03511928006482145,0.02396004004733338,1.5313602373730033,0.06907151639461517,1.0,0.758375883102417,-1.0,1.0,0.15579018,0.11814752,0.15579018
293,9.9449,0.2415771186351776,0.18385611474514008,-0.9247308969497681,-0.03029182180762291,-0.06887120008468628,-0.03133153170347214,-0.035294033366601085,0.02106257695738141,1.531368626330437,0.06904925405979156,1.0,1.0,-1.0,1.0,0.14433756,0.14433756,0.14433756
294,9.9789,0.2413942515850067,0.1794566959142685,-0.9244809150695801,-0.01716488040983677,-0.07697191834449768,0.012715252116322517,-0.03482663403112997,0.0153718136656132,1.5314233542908382,0.06743796914815903,1.0,1.0,-1.0,1.0,0.14433756,0.14433756,0.14433756
295,10.0132,0.24177472293376923,0.17569409310817719,-0.9228990077972412,-0.006387142464518547,-0.08220614492893219,0.03977429121732712,-0.03404034196106788,0.010282135194551581,1.5314555785400281,0.06491946429014206,1.0,1.0,-1.0,1.0,0.14433756,0.14433756,0.14433756
296,10.0476,0.24256494641304016,0.17175403237342834,-0.9203755855560303,0.004682323895394802,-0.08594050258398056,0.061198364943265915,-0.03227931836787458,0.002314008967825216,1.5315336091599674,0.061572879552841187,1.0,1.0,-1.0,1.0,0.14433756,0.14433756,0.14433756
297,10.0813,0.24375732243061066,0.16773244738578796,-0.9170774221420288,0.015509670600295067,-0.0876898318529129,0.07912102341651917,-0.03056180000780124,-0.003972408272590696,1.5315313454730408,0.057574234902858734,1.0,1.0,-1.0,1.0,0.14433756,0.14433756,0.14433756
298,10.1157,0.24531298875808716,0.16370469331741333,-0.9131565093994141,0.025802819058299065,-0.08750297129154205,0.09413672238588333,-0.028906100274531367,-0.009052618217694647,1.5315071107071212,0.05311040207743645,1.0,1.0,-1.0,1.0,0.14433756,0.14433756,0.14433756
299,10.1499,0.2472658008337021,0.15975894033908844,-0.9087462425231934,0.035699788480997086,-0.0855407863855362,0.10674116015434265,-0.026500612503484906,-0.015368038426708553,1.5314128348045324,0.04831303283572197,1.0,1.0,-1.0,1.0,0.14433756,0.14433756,0.14433756
300,10.1839,0.2502395808696747,0.15509195625782013,-0.9028384685516357,0.04750654101371765,-0.08045937120914459,0.11933218687772751,-0.024565166423053626,-0.019520546348982086,1.531299384142095,0.042161617428064346,1.0,1.0,-1.0,1.0,0.14433756,0.14433756,0.14433756
301,10.2183,0.2560412883758545,0.14869628846645355,-0.8925176858901978,0.06442554295063019,-0.06757856160402298,0.13448576629161835,-0.02223796102389328,-0.023598143502921432,1.5311153597107705,0.0324506051838398,1.0,1.0,-1.0,1.0,0.14433756,0.14433756,0.14433756
302,10.252,0.2560412883758545,0.14869628846645355,-0.8925176858901978,0.06442554295063019,-0.06757856160402298,0.13448576629161835,-0.02066989801583843,-0.025759292485736926,1.5309865958720652,0.0324506051838398,1.0,1.0,-1.0,1.0,0.14433756,0.14433756,0.14433756
303,10.2872,0.262986958026886,0.14398479461669922,-0.8815460205078125,0.0793989822268486,-0.05065719783306122,0.14456748962402344,-0.01859010444313565,-0.027939393604778623,1.530765686659643,0.024248182773590088,1.0,1.0,-1.0,1.0,0.14433756,0.14433756,0.14433756
304,10.321,0.26679447293281555,0.142332524061203,-0.8758741617202759,0.08601054549217224,-0.04116154462099075,0.1484430432319641,-0.01702188955167488,-0.029038854693682614,1.5305975080368046,0.021581903100013733,0.6330249309539795,1.0,-0.4724471867084503,1.0,0.12418741,0.19618091,0.09268512
305,10.3553,0.271807461977005,0.14092153310775757,-0.8687760829925537,0.09357015043497086,-0.02862752042710781,0.15029320120811462,-0.01575015939094559,-0.029545292225664013,1.5304560941829213,0.020601067692041397,0.6184679865837097,1.0,-0.47761133313179016,1.0,0.12183198,0.19698997,0.094084635
306,10.3889,0.2760681211948395,0.14028193056583405,-0.863231897354126,0.09938003122806549,-0.018246766179800034,0.14509782195091248,-0.013963046181745218,-0.029941872282085037,1.5302598192105825,0.02189517952501774,-0.11465249955654144,1.0,0.7148898839950562,1.0,-0.023216715,0.20249636,-0.1447626
307,10.423,0.28049901127815247,0.14003212749958038,-0.8579869270324707,0.1047239676117897,-0.007469764444977045,0.1305260956287384,-0.012433196414441102,-0.03031074297960163,1.5301390448551473,0.024662066251039505,-0.4927237629890442,1.0,1.0,1.0,-0.08225276,0.16693485,-0.16693485
308,10.4567,0.28506800532341003,0.14017009735107422,-0.8538296222686768,0.1100163608789444,0.004309996962547302,0.08824693411588669,-0.010593750009226072,-0.03057323703632637,1.5300487636941937,0.02777019515633583,-0.9202369451522827,1.0,1.0,1.0,-0.13635103,0.14816949,-0.14816949
309,10.491,0.28979694843292236,0.14071156084537506,-0.8511344194412231,0.11420989036560059,0.01625942438840866,0.04387999325990677,-0.006196322292679071,-0.030703118154332774,1.5299507593660788,0.030447401106357574,-1.0,1.0,1.0,1.0,-0.14433756,0.14433756,-0.14433756
310,10.5252,0.29466143250465393,0.14166893064975739,-0.8498826026916504,0.11703816801309586,0.028003819286823273,0.005961003713309765,-0.0013066910420061993,-0.030145547929421857,1.5298831150743908,0.032525643706321716,-1.0,1.0,1.0,1.0,-0.14433756,0.14433756,-0.14433756
311,10.5589,0.30072569847106934,0.14346285164356232,-0.8500626087188721,0.11786387860774994,0.04210103303194046,-0.031392861157655716,0.00601085652944432,-0.028447778573307138,1.5298479613480018,0.034449271857738495,-1.0,1.0,1.0,1.0,-0.14433756,0.14433756,-0.14433756
312,10.5932,0.3055337965488434,0.14538876712322235,-0.8514412641525269,0.11612079292535782,0.05258803814649582,-0.05475202202796936,0.011282583907256172,-0.026797120120757002,1.5298512902993644,0.035681746900081635,-1.0,1.0,1.0,1.0,-0.14433756,0.14433756,-0.14433756
313,10.6271,0.3101433515548706,0.14774106442928314,-0.8536962270736694,0.11223866045475006,0.06250123679637909,-0.07392451167106628,0.018252419778102807,-0.02414757028056159,1.529871796639758,0.03686271607875824,-1.0,1.0,1.0,1.0,-0.14433756,0.14433756,-0.14433756
314,10.6608,0.31445783376693726,0.15055806934833527,-0.8567110300064087,0.10652574151754379,0.07178685069084167,-0.08940646052360535,0.02301000934331265,-0.021997115553998442,1.5299130756366541,0.038125332444906235,-1.0,0.8873796463012695,1.0,1.0,-0.14973973,0.13287598,-0.14973973
315,10.6943,0.3183978199958801,0.15371854603290558,-0.8602656126022339,0.09920012205839157,0.08050103485584259,-0.1019553393125534,0.026479375874386125,-0.02015362967436436,1.5299678035970552,0.03965858742594719,-1.0,0.4790177047252655,1.0,1.0,-0.16743274,0.08020325,-0.16743274
316,10.7278,0.32196924090385437,0.15715494751930237,-0.8642463684082031,0.09057439863681793,0.08833448588848114,-0.11260422319173813,0.030334934053034716,-0.017616071999790584,1.5300835179464192,0.04157904535531998,-1.0,0.033451348543167114,1.0,1.0,-0.17672727,0.0059117656,-0.17672727
317,10.7618,0.32586658000946045,0.1618145853281021,-0.8697987794876099,0.07849760353565216,0.0974363461136818,-0.12580163776874542,0.03262093119551529,-0.01546090784734666,1.5302128144173426,0.04453808814287186,-1.0,-0.5240542888641357,1.0,1.0,-0.16576177,-0.08686816,-0.16576177
318,10.7961,0.3284890651702881,0.16581308841705322,-0.87471604347229,0.06803445518016815,0.10394692420959473,-0.1362382024526596,0.034197880423113676,-0.013222906901433662,1.5303467714201735,0.047352757304906845,-1.0,-1.0,1.0,1.0,-0.14433756,-0.14433756,-0.14433756
319,10.8297,0.33065783977508545,0.17002004384994507,-0.8799455165863037,0.05683343484997749,0.109523244202137,-0.1446121335029602,0.03579750813186977,-0.008757095761966422,1.5305797980155555,0.05058172717690468,-1.0,-1.0,1.0,1.0,-0.14433756,-0.14433756,-0.14433756
320,10.8639,0.3323632776737213,0.1744120717048645,-0.885392427444458,0.045525167137384415,0.11379428952932358,-0.1491718590259552,0.036395949557135,-0.0035819430837038435,1.530828803577478,0.05420106649398804,-1.0,-1.0,1.0,1.0,-0.14433756,-0.14433756,-0.14433756
321,10.8974,0.33364471793174744,0.17888885736465454,-0.8909307718276978,0.03397514298558235,0.11623159795999527,-0.151515394449234,0.03631632520173083,0.0018959205046355722,1.531082735987417,0.058164194226264954,-1.0,-1.0,1.0,1.0,-0.14433756,-0.14433756,-0.14433756
322,10.9309,0.3345973491668701,0.18340446054935455,-0.8965599536895752,0.022500500082969666,0.11658544093370438,-0.15284433960914612,0.03547558605153883,0.010101926573726485,1.5314844738378555,0.062483418732881546,-1.0,-1.0,1.0,1.0,-0.14433756,-0.14433756,-0.14433756
323,10.9649,0.33529964089393616,0.18902024626731873,-0.9036251306533813,0.00841711089015007,0.11401102691888809,-0.15364010632038116,0.034375900258417864,0.016171379929233655,1.5317651710167497,0.06820512562990189,-1.0,-1.0,0.819371223449707,1.0,-0.1529583,-0.1529583,-0.12532963
324,10.9991,0.3354068398475647,0.19337573647499084,-0.9092421531677246,-0.002457156777381897,0.10982632637023926,-0.15381650626659393,0.03268298284891413,0.022740324751644697,1.5320962019402466,0.07284943759441376,-1.0,-1.0,0.42842862010002136,1.0,-0.16918363,-0.16918363,-0.07248311
325,11.0332,0.3351729214191437,0.19750016927719116,-0.9148032665252686,-0.01279932726174593,0.10409024357795715,-0.15195730328559875,0.03142291234033234,0.026556399486538262,1.5322876832226233,0.07748447358608246,-1.0,-1.0,0.021498560905456543,1.0,-0.17675628,-0.17675628,-0.0038000054
326,11.067,0.33458468317985535,0.20129936933517456,-0.9201326370239258,-0.022531963884830475,0.09706728160381317,-0.14521591365337372,0.02966299562346711,0.031013314003488956,1.5325037987450834,0.08191312104463577,-1.0,-1.0,-0.4348602294921875,1.0,-0.16896893,-0.16896893,0.07347787
327,11.1013,0.3336409330368042,0.20469863712787628,-0.9251062870025635,-0.031636979430913925,0.0889751985669136,-0.13034847378730774,0.028460108176916365,0.033921758471748296,1.5326498731308742,0.08597469329833984,-1.0,-1.0,-0.9524127244949341,1.0,-0.14662594,-0.14662594,0.13964841
328,11.1351,0.33236896991729736,0.20769520103931427,-0.9294347763061523,-0.04022645950317383,0.08024278283119202,-0.10746809840202332,0.02755407580693619,0.03604626402243998,1.5327490758814795,0.08946317434310913,-1.0,-1.0,-1.0,1.0,-0.14433756,-0.14433756,0.14433756
329,11.1689,0.330301433801651,0.21074502170085907,-0.9334442615509033,-0.05012839287519455,0.06853317469358444,-0.06506945937871933,0.02629550332646757,0.03821838814177905,1.5328635918083529,0.09254638850688934,-1.0,-1.0,-1.0,1.0,-0.14433756,-0.14433756,0.14433756
330,11.2025,0.3283858895301819,0.21261811256408691,-0.9351555109024048,-0.057533618062734604,0.05855392664670944,-0.028982631862163544,0.02510197023324573,0.03908269210642905,1.532934698209458,0.09374132007360458,-1.0,-1.0,-1.0,1.0,-0.14433756,-0.14433756,0.14433756
331,11.2378,0.32626304030418396,0.21404507756233215,-0.9356201887130737,-0.06467583775520325,0.048124536871910095,0.002896038582548499,0.02392835675273984,0.039333345499275946,1.532980637738262,0.09385521709918976,-1.0,-1.0,-1.0,1.0,-0.14433756,-0.14433756,0.14433756
332,11.2719,0.323961466550827,0.21498429775238037,-0.9349386692047119,-0.07147818803787231,0.037351012229919434,0.030052879825234413,0.02220130094701266,0.03897545826066132,1.5330247130543027,0.0929189920425415,-1.0,-1.0,-1.0,1.0,-0.14433756,-0.14433756,0.14433756
333,11.3058,0.3214567005634308,0.21544425189495087,-0.9332386255264282,-0.07810276746749878,0.02630217745900154,0.053140800446271896,0.020828882491132357,0.038279399497877085,1.5330513446652037,0.0910007432103157,-1.0,-1.0,-1.0,1.0,-0.14433756,-0.14433756,0.14433756
334,11.34,0.31879547238349915,0.2154533565044403,-0.9306830167770386,-0.0842239111661911,0.0154378367587924,0.07261943817138672,0.019179497362478416,0.0370295821594921,1.5330856994432656,0.08824596554040909,-1.0,-1.0,-1.0,1.0,-0.14433756,-0.14433756,0.14433756
335,11.374,0.31531232595443726,0.21475353837013245,-0.926496148109436,-0.09115687757730484,0.0019817594438791275,0.09268723428249359,0.018089011958685827,0.03598768280083665,1.5331125973702753,0.08374521881341934,-1.0,-1.0,-1.0,1.0,-0.14433756,-0.14433756,0.14433756
336,11.4079,0.3124569058418274,0.21365457773208618,-0.9225356578826904,-0.09620895236730576,-0.008520159870386124,0.10578092932701111,0.01659216874414188,0.03432218970877693,1.533147351622501,0.07946228981018066,-1.0,-1.0,-1.0,1.0,-0.14433756,-0.14433756,0.14433756
337,11.4431,0.30958694219589233,0.2121434211730957,-0.9181439876556396,-0.10068982094526291,-0.018764488399028778,0.1167294830083847,0.015521718426065636,0.03290843816054076,1.5331627979568234,0.07471416145563126,-0.8257637023925781,-1.0,-1.0,1.0,-0.12605952,-0.1526581,0.1526581
338,11.478,0.30667534470558167,0.21030791103839874,-0.9134020805358887,-0.1048450842499733,-0.028656616806983948,0.12571260333061218,0.014634110761580145,0.031567992201903615,1.533185701142198,0.06961707025766373,-0.5877140164375305,-1.0,-1.0,1.0,-0.09593937,-0.1632416,0.1632416
339,11.512,0.30366677045822144,0.20818553864955902,-0.9084094762802124,-0.10861320793628693,-0.03812079876661301,0.1337786614894867,0.013409805674200281,0.029692621209999638,1.5332107348564448,0.06426119059324265,-0.34178426861763,-1.0,-1.0,1.0,-0.05872871,-0.17182976,0.17182976
340,11.546,0.30061066150665283,0.20578743517398834,-0.9031867980957031,-0.11197603493928909,-0.04708399251103401,0.14170856773853302,0.012262843570243901,0.0282804529942553,1.533252013853341,0.05872049182653427,-0.0819595605134964,-1.0,-1.0,1.0,-0.01446427,-0.17648058,0.17648058
341,11.5798,0.296720415353775,0.20229224860668182,-0.8963371515274048,-0.1157284528017044,-0.05772608146071434,0.15169279277324677,0.010326664080215547,0.02672343170175127,1.5333165955097754,0.051527589559555054,0.2593156099319458,-1.0,-1.0,1.0,0.045089222,-0.17387778,0.17387778
342,11.6139,0.293546587228775,0.19911251962184906,-0.8906947374343872,-0.11805494874715805,-0.06586291640996933,0.15945744514465332,0.008430714447255551,0.025794585611964283,1.5333665297802144,0.04570804908871651,0.5411415696144104,-1.0,-1.0,1.0,0.08934383,-0.16510251,0.16510251
343,11.6479,0.29030054807662964,0.19561241567134857,-0.8848906755447388,-0.11973225325345993,-0.07367125153541565,0.16629156470298767,0.004771877008339198,0.02457180768102201,1.5334272498530683,0.0399828664958477,0.8305635452270508,-1.0,-1.0,1.0,0.12660475,-0.15243234,0.15243234
344,11.6815,0.2869820296764374,0.19183234870433807,-0.8789435625076294,-0.1206197440624237,-0.08118962496519089,0.17131753265857697,0.000975758686678602,0.023599183800222242,1.533467596743583,0.03464040905237198,1.0,-0.7411766052246094,-1.0,1.0,0.15657626,-0.11605066,0.15657626
345,11.7154,0.28364139795303345,0.18784743547439575,-0.8728901147842407,-0.12068289518356323,-0.08856620639562607,0.17393407225608826,-0.0028354631913438365,0.02261607372263029,1.5335157999593134,0.030176788568496704,1.0,-0.17859110236167908,-1.0,1.0,0.17538378,-0.03132198,0.17538378
346,11.7493,0.2803425192832947,0.18370893597602844,-0.8668297529220581,-0.11919447034597397,-0.09562019258737564,0.17426910996437073,-0.008876427225045287,0.020866141779258246,1.5335602747495176,0.027215678244829178,1.0,0.41166749596595764,-0.9380837678909302,1.0,0.17463009,0.071889535,0.16381766
347,11.783,0.2763729393482208,0.17834976315498352,-0.8591952323913574,-0.11538863182067871,-0.10375756025314331,0.1753971427679062,-0.013972093647370383,0.018706884056935626,1.5336312479925682,0.026510801166296005,1.0,1.0,-0.358530730009079,1.0,0.17135574,0.17135574,0.0614363
348,11.8166,0.2733997702598572,0.1739429384469986,-0.8530993461608887,-0.11049167066812515,-0.10957838594913483,0.1775112897157669,-0.018269884289188843,0.015882734878961097,1.53370728124169,0.028507353737950325,1.0,1.0,0.09510162472724915,1.0,0.17637834,0.17637834,-0.016773866
349,11.851,0.2706577479839325,0.1693938821554184,-0.8470962047576904,-0.10377345234155655,-0.11458759754896164,0.1745883971452713,-0.023625318149013246,0.009740799849317139,1.5338666714329312,0.032243333756923676,1.0,1.0,0.5820952653884888,1.0,0.1634708,0.1634708,-0.09515558
350,11.8851,0.26818975806236267,0.16472619771957397,-0.8415862321853638,-0.0952940434217453,-0.11831074208021164,0.15647141635417938,-0.027048179229551213,0.0031991560691199614,1.534029656891644,0.03677849471569061,1.0,1.0,1.0,1.0,0.14433756,0.14433756,-0.14433756
351,11.9189,0.2643958032131195,0.15528547763824463,-0.8332459926605225,-0.07362697273492813,-0.11977287381887436,0.08770749717950821,-0.030202466755938493,-0.005630289769374696,1.5342557592681918,0.04534754157066345,1.0,1.0,1.0,1.0,0.14433756,0.14433756,-0.14433756
352,11.9533,0.2643958032131195,0.15528547763824463,-0.8332459926605225,-0.07362697273492813,-0.11977287381887436,0.08770749717950821,-0.031563369120698806,-0.011420482596559936,1.5343863873196604,0.04534754157066345,1.0,1.0,1.0,1.0,0.14433756,0.14433756,-0.14433756
353,11.9869,0.26227447390556335,0.14535251259803772,-0.8303165435791016,-0.04516337439417839,-0.10976779460906982,0.002354758558794856,-0.03236238402674983,-0.018532946348239824,1.534505430620387,0.050367798656225204,1.0,1.0,1.0,1.0,0.14433756,0.14433756,-0.14433756
354,12.0209,0.2620345950126648,0.1413920521736145,-0.8310481309890747,-0.03248196467757225,-0.10227502137422562,-0.026851695030927658,-0.03219858089435854,-0.0230527260310786,1.5345546991005532,0.050948504358530045,1.0,1.0,1.0,1.0,0.14433756,0.14433756,-0.14433756
355,12.0553,0.26224029064178467,0.1378316581249237,-0.8328087329864502,-0.020005444064736366,-0.09338236600160599,-0.050692975521087646,-0.031649412110448985,-0.026177791606286065,1.5345393859242853,0.05064968019723892,1.0,1.0,1.0,1.0,0.14433756,0.14433756,-0.14433756
356,12.0891,0.2628955841064453,0.1347372680902481,-0.8354839086532593,-0.007952744141221046,-0.08333709090948105,-0.0702807754278183,-0.030432060370227748,-0.029429902449057924,1.5344746711097963,0.04954340681433678,1.0,1.0,1.0,1.0,0.14433756,0.14433756,-0.14433756
357,12.123,0.2640121281147003,0.13213181495666504,-0.838891863822937,0.003596668830141425,-0.07255647331476212,-0.08622166514396667,-0.029211267326535426,-0.03114238993138453,1.5343838573166246,0.047775935381650925,1.0,1.0,1.0,1.0,0.14433756,0.14433756,-0.14433756
358,12.1568,0.2660427689552307,0.12960031628608704,-0.8440179824829102,0.017495669424533844,-0.05842924118041992,-0.10198763757944107,-0.02800457239186371,-0.03210408860993117,1.5342789287696756,0.04479319229722023,1.0,1.0,1.0,1.0,0.14433756,0.14433756,-0.14433756
359,12.191,0.26814979314804077,0.12814675271511078,-0.8485814332962036,0.028008902445435524,-0.04687584191560745,-0.11188841611146927,-0.026192493087741145,-0.03269884530215692,1.5340982332897137,0.042026225477457047,1.0,1.0,1.0,1.0,0.14433756,0.14433756,-0.14433756
360,12.2251,0.27062103152275085,0.12715774774551392,-0.8534668684005737,0.03798915818333626,-0.03531043231487274,-0.11985796689987183,-0.024710029902786326,-0.032638947064170754,1.5339624120741198,0.0391121432185173,0.7309300303459167,1.0,1.0,1.0,0.11478638,0.15704153,-0.15704153
361,12.259,0.2734106183052063,0.12658895552158356,-0.8586105108261108,0.047353632748126984,-0.023877250030636787,-0.12624283134937286,-0.02283658346088885,-0.032044475413405424,1.5337745260592146,0.03626026585698128,0.4324619174003601,1.0,1.0,1.0,0.07310737,0.16904926,-0.16904926
362,12.2926,0.27646854519844055,0.12641523778438568,-0.8639546632766724,0.05623338744044304,-0.012509369291365147,-0.13280610740184784,-0.02145409908832589,-0.031403267366103806,1.5336514880168528,0.033713411539793015,0.10154600441455841,1.0,1.0,1.0,0.01790487,0.17632274,-0.17632274
363,12.3269,0.2798541486263275,0.12664006650447845,-0.8694939613342285,0.06475527584552765,-0.001479953178204596,-0.14005011320114136,-0.01902547094412016,-0.030393571450692297,1.533500353624991,0.03171227499842644,-0.26997798681259155,1.0,1.0,1.0,-0.046879224,0.17364092,-0.17364092
364,12.3607,0.2845797538757324,0.12748709321022034,-0.8766289949417114,0.07458044588565826,0.012052560225129128,-0.149164617061615,-0.016355705006478063,-0.029562259474640258,1.5334071429868381,0.03048214130103588,-0.7994635701179504,1.0,1.0,1.0,-0.12302894,0.15388937,-0.15388937
365,12.3943,0.28867465257644653,0.12863968312740326,-0.8825225830078125,0.08136217296123505,0.022780491039156914,-0.1554172784090042,-0.01340285128674435,-0.028848621768066893,1.5333261828896998,0.03087848424911499,-1.0,1.0,1.0,1.0,-0.14433756,0.14433756,-0.14433756
366,12.4279,0.2929843068122864,0.13022875785827637,-0.8885388374328613,0.08695840835571289,0.03311992809176445,-0.15883728861808777,-0.007780709125829616,-0.027658392659072432,1.5332303090904569,0.032668761909008026,-1.0,1.0,1.0,1.0,-0.14433756,0.14433756,-0.14433756
367,12.4617,0.29743269085884094,0.1322290450334549,-0.8945716619491577,0.0907827690243721,0.04314234107732773,-0.15958745777606964,-0.002054433985326555,-0.026336998705202366,1.5331714532303662,0.03576815873384476,-1.0,1.0,1.0,1.0,-0.14433756,0.14433756,-0.14433756
368,12.4959,0.30189958214759827,0.134588822722435,-0.9004783630371094,0.0926741361618042,0.05274561792612076,-0.15931926667690277,0.0034121504396031296,-0.02488603572251614,1.5331417589842118,0.03986643627285957,-1.0,1.0,1.0,1.0,-0.14433756,0.14433756,-0.14433756
369,12.5297,0.3062615990638733,0.13726204633712769,-0.9062238931655884,0.09235972911119461,0.061969954520463943,-0.15859296917915344,0.010998392369728393,-0.02260785329335927,1.5331144615830383,0.044631097465753555,-1.0,1.0,1.0,1.0,-0.14433756,0.14433756,-0.14433756
370,12.5639,0.31147438287734985,0.14098328351974487,-0.9131096601486206,0.08944574743509293,0.0726512148976326,-0.15745145082473755,0.01641683703706299,-0.020725506067756045,1.5331100673672398,0.05110589787364006,-1.0,1.0,0.5490986108779907,1.0,-0.16479105,0.16479105,-0.090486534
371,12.5987,0.31538110971450806,0.1442345827817917,-0.918474555015564,0.08508233726024628,0.08061245828866959,-0.15612806379795074,0.022111471275087526,-0.01840715151803101,1.533156140054098,0.05654449015855789,-1.0,1.0,0.10773837566375732,1.0,-0.17626593,0.17626593,-0.018990604
372,12.6328,0.31898370385169983,0.14771457016468048,-0.9236708879470825,0.07930708676576614,0.0878542885184288,-0.14985889196395874,0.02541567396490025,-0.01689623932279088,1.5331845027197075,0.06203377619385719,-1.0,1.0,-0.3724956214427948,1.0,-0.17094629,0.17094629,0.063676745
373,12.6669,0.32223305106163025,0.1514192372560501,-0.9285464286804199,0.07245136052370071,0.09438743442296982,-0.1361103504896164,0.029337927684098514,-0.015133791562592766,1.5332560085949762,0.06735912710428238,-1.0,0.7029794454574585,-0.9028759002685547,1.0,-0.16451053,0.115647525,0.1485326
374,12.7008,0.3251199722290039,0.15530826151371002,-0.9327754974365234,0.0649171844124794,0.1003589779138565,-0.11208982765674591,0.0319259668254915,-0.014034231645445195,1.533312733926195,0.07221412658691406,-1.0,0.25589719414711,-1.0,1.0,-0.1739519,0.0445138,0.1739519
375,12.7348,0.3275960087776184,0.15934143960475922,-0.9360570907592773,0.05674939975142479,0.10582826286554337,-0.0799478143453598,0.033768212670743016,-0.013199039360461127,1.5333734539990487,0.07629746943712234,-1.0,-0.19203975796699524,-1.0,1.0,-0.17516905,-0.03363942,0.17516905
376,12.7688,0.3300832211971283,0.16455508768558502,-0.9384136199951172,0.045909106731414795,0.11210554838180542,-0.030712168663740158,0.035570257267101946,-0.011350615189540086,1.5334770509654527,0.0799473375082016,-1.0,-0.7961603403091431,-1.0,1.0,-0.15404327,-0.12264314,0.15404327
377,12.803,0.33155226707458496,0.1688719093799591,-0.9387624263763428,0.03665832430124283,0.116615891456604,0.006313919555395842,0.036455080055713164,-0.008578621316741778,1.533638571685566,0.08158925920724869,-1.0,-1.0,-1.0,1.0,-0.14433756,-0.14433756,0.14433756
378,12.8395,0.332576721906662,0.17327578365802765,-0.9378958940505981,0.02660354971885681,0.12035081535577774,0.036749180406332016,0.03685906494832137,-0.003405819450304712,1.5339082167459366,0.08226151764392853,-1.0,-1.0,-1.0,1.0,-0.14433756,-0.14433756,0.14433756
379,12.8738,0.3331155478954315,0.1777113527059555,-0.935998797416687,0.016003703698515892,0.12297037988901138,0.059231121093034744,0.03657687806369226,0.0013647418420232845,1.534153493882333,0.08212178200483322,-1.0,-1.0,-1.0,1.0,-0.14433756,-0.14433756,0.14433756
380,12.9074,0.33316659927368164,0.1821361929178238,-0.9333041906356812,0.005341446492820978,0.12377732247114182,0.07724925130605698,0.03546815000643263,0.008959436707866296,1.5344791984836494,0.08138623088598251,-1.0,-1.0,-1.0,1.0,-0.14433756,-0.14433756,0.14433756
381,12.9419,0.33271142840385437,0.18650034070014954,-0.929963231086731,-0.005278395488858223,0.122855544090271,0.09251902997493744,0.03416510897754349,0.01494994606240403,1.5347523056534371,0.08019006252288818,-1.0,-1.0,-1.0,1.0,-0.14433756,-0.14433756,0.14433756
382,12.9758,0.3314301669597626,0.19175440073013306,-0.9250283241271973,-0.018483782187104225,0.11891456693410873,0.10803933441638947,0.03284003029063395,0.01976793320830443,1.5349757448688948,0.07818621397018433,-1.0,-1.0,-1.0,1.0,-0.14433756,-0.14433756,0.14433756
383,13.0099,0.3298465311527252,0.19569891691207886,-0.9205765724182129,-0.028756875544786453,0.11365507543087006,0.11819423735141754,0.03079036580835729,0.0257505498272209,1.5352837394489625,0.0762665644288063,-1.0,-1.0,-1.0,1.0,-0.14433756,-0.14433756,0.14433756
384,13.0441,0.3277827203273773,0.19932788610458374,-0.9157835245132446,-0.03867488354444504,0.10674624890089035,0.12676848471164703,0.029089440190231908,0.029580533337026326,1.5354708265155406,0.07414349168539047,-1.0,-1.0,-1.0,1.0,-0.14433756,-0.14433756,0.14433756
385,13.0795,0.32528990507125854,0.20253244042396545,-0.9106787443161011,-0.048311345279216766,0.09846921265125275,0.13375091552734375,0.026941840039462192,0.03325753072577431,1.5356995920531784,0.07183858007192612,-1.0,-1.0,-1.0,1.0,-0.14433756,-0.14433756,0.14433756
386,13.1138,0.32245054841041565,0.20530511438846588,-0.9054125547409058,-0.05733048915863037,0.08903788030147552,0.1396327167749405,0.025476624983754838,0.035106147351695996,1.5358260922049571,0.06949862837791443,-1.0,-1.0,-1.0,1.0,-0.14433756,-0.14433756,0.14433756
387,13.1475,0.3192613124847412,0.20761346817016602,-0.8999991416931152,-0.06593697518110275,0.07872471958398819,0.14465084671974182,0.02341274171797068,0.0368798500883916,1.5359644434235866,0.0671277642250061,-1.0,-1.0,-1.0,1.0,-0.14433756,-0.14433756,0.14433756
388,13.1821,0.3148280382156372,0.209911048412323,-0.8931001424789429,-0.07598108798265457,0.06502576172351837,0.14966841042041779,0.02186486463874079,0.03760763375766141,1.5360488656301423,0.06427401304244995,-1.0,-1.0,-1.0,1.0,-0.14433756,-0.14433756,0.14433756
389,13.2157,0.31092190742492676,0.21125894784927368,-0.8875077962875366,-0.08353972434997559,0.053682513535022736,0.15280237793922424,0.020526628271570573,0.03784913253426116,1.5361205046634654,0.062129464000463486,-0.6792766451835632,-1.0,-1.0,1.0,-0.10824157,-0.1593483,0.1593483
390,13.2499,0.30674248933792114,0.21217560768127441,-0.8819217681884766,-0.0905991792678833,0.04224843531847,0.15521317720413208,0.01875279653800967,0.03762398307004097,1.536207590031111,0.06020796298980713,-0.2834567427635193,-1.0,-1.0,1.0,-0.049131364,-0.17332932,0.17332932
391,13.2839,0.30231261253356934,0.21264958381652832,-0.8764292001724243,-0.09715089946985245,0.03078065626323223,0.15757529437541962,0.01732174380536369,0.037076840785273395,1.536274169058363,0.05856721103191376,0.1280588060617447,-1.0,-0.8541878461837769,1.0,0.024228295,-0.18919663,0.16160947
392,13.3178,0.2976423501968384,0.2126529961824417,-0.8709660768508911,-0.10319695621728897,0.019513487815856934,0.16121278703212738,0.015812952776319916,0.036478391037629766,1.5363186438485672,0.05723217874765396,0.5606377720832825,-1.0,-0.5844494104385376,1.0,0.10891956,-0.19427796,0.113545634
393,13.3518,0.29273849725723267,0.21219325065612793,-0.8654584884643555,-0.10877673327922821,0.00841797050088644,0.16578687727451324,0.01246577644530794,0.035684952125111094,1.5363888181432908,0.05629687383770943,1.0,-1.0,-0.307816743850708,1.0,0.1727324,-0.1727324,0.053169925
394,13.386,0.28638237714767456,0.2110007256269455,-0.8585134744644165,-0.11473461240530014,-0.00561943044885993,0.16597959399223328,0.008390599543038932,0.03511992921033716,1.5364515355869621,0.05589195713400841,1.0,-1.0,0.10740280151367188,1.0,0.1762691,-0.1762691,-0.018931795
395,13.4198,0.27562931180000305,0.2076444774866104,-0.8479441404342651,-0.12065587192773819,-0.028461217880249023,0.14083793759346008,0.001589343329640265,0.03429958404843028,1.5365247725169393,0.05706644430756569,1.0,-1.0,1.0,1.0,0.14433756,-0.14433756,-0.14433756
396,13.4539,0.27562931180000305,0.2076444774866104,-0.8479441404342651,-0.12065587192773819,-0.028461217880249023,0.14083793759346008,-0.003958903913254527,0.033456572888933306,1.5365687146749256,0.05706644430756569,1.0,-1.0,1.0,1.0,0.14433756,-0.14433756,-0.14433756
397,13.4877,0.26471129059791565,0.20268097519874573,-0.8405210971832275,-0.11854670941829681,-0.051775816828012466,0.06896692514419556,-0.011799868619193138,0.031808675385419524,1.5366388889696494,0.05914502218365669,1.0,-1.0,1.0,1.0,0.14433756,-0.14433756,-0.14433756
398,13.5219,0.25941622257232666,0.19961504638195038,-0.8388317823410034,-0.11420261859893799,-0.06282539665699005,0.02954583615064621,-0.01733940389234228,0.03000559673354359,1.5367078648418824,0.05967439338564873,1.0,-1.0,1.0,1.0,0.14433756,-0.14433756,-0.14433756
399,13.5559,0.25314489006996155,0.19529186189174652,-0.8386000394821167,-0.10618177056312561,-0.07543843984603882,-0.01185712218284607,-0.021448766524361923,0.028170930494425792,1.5367612612217385,0.05962684378027916,1.0,-1.0,1.0,1.0,0.14433756,-0.14433756,-0.14433756
400,13.5902,0.24850046634674072,0.19142889976501465,-0.8397605419158936,-0.09823437035083771,-0.08455116301774979,-0.038660790771245956,-0.0260788260434652,0.025422631473248084,1.5368466155346754,0.05903682857751846,1.0,0.12547919154167175,1.0,1.0,0.17608495,0.022094997,-0.17608495
401,13.6238,0.2442423552274704,0.18730783462524414,-0.8418606519699097,-0.08909851312637329,-0.09279242902994156,-0.06156367436051369,-0.02879828178168059,0.023274024314691177,1.5368978813856595,0.05816618725657463,1.0,0.727372407913208,1.0,1.0,0.15720253,0.11434478,-0.15720253
402,13.6579,0.24039338529109955,0.18294192850589752,-0.8448258638381958,-0.0791846215724945,-0.10041271150112152,-0.08326437324285507,-0.03061839010037082,0.02101568451625,1.5369418235436458,0.057103924453258514,1.0,1.0,1.0,1.0,0.14433756,0.14433756,-0.14433756
403,13.692,0.23699446022510529,0.178370401263237,-0.8485169410705566,-0.06870339065790176,-0.10681412369012833,-0.10039782524108887,-0.03254867630619008,0.015828038127478992,1.5370578042091187,0.055997058749198914,1.0,1.0,1.0,1.0,0.14433756,0.14433756,-0.14433756
404,13.726,0.23407669365406036,0.17364153265953064,-0.8527660369873047,-0.05790012702345848,-0.11137475818395615,-0.11284027993679047,-0.03336580694943744,0.009736941386628426,1.537189497525023,0.05501166731119156,1.0,1.0,1.0,1.0,0.14433756,0.14433756,-0.14433756
405,13.7596,0.2311498075723648,0.16759935021400452,-0.8586512804031372,-0.04386921226978302,-0.11400437355041504,-0.1237439215183258,-0.0334470895387391,0.0009804536134157488,1.5373835088104355,0.054147280752658844,1.0,1.0,1.0,1.0,0.14433756,0.14433756,-0.14433756
406,13.7939,0.22942382097244263,0.1627121865749359,-0.8635883331298828,-0.03264665603637695,-0.11359748244285583,-0.1302470862865448,-0.03303394586869454,-0.00507952204851379,1.5374940299956736,0.05385653302073479,1.0,1.0,1.0,1.0,0.14433756,0.14433756,-0.14433756
407,13.828,0.22823825478553772,0.15787973999977112,-0.8686002492904663,-0.021487731486558914,-0.11092269420623779,-0.13521377742290497,-0.03199371098572039,-0.012848622496763643,1.5375837785244093,0.0539669431746006,1.0,1.0,1.0,1.0,0.14433756,0.14433756,-0.14433756
408,13.8615,0.22757001221179962,0.15321560204029083,-0.8735606670379639,-0.010439295321702957,-0.10637523233890533,-0.1390373259782791,-0.030890479859398256,-0.018070319896784835,1.5375853764210634,0.05446347966790199,1.0,1.0,1.0,1.0,0.14433756,0.14433756,-0.14433756
409,13.8951,0.22736166417598724,0.14884881675243378,-0.8785372972488403,0.0002817969361785799,-0.09998009353876114,-0.14198742806911469,-0.029776612733472613,-0.021894687881760473,1.5375603427068167,0.055300287902355194,1.0,1.0,1.0,1.0,0.14433756,0.14433756,-0.14433756
410,13.9287,0.22762855887413025,0.14483577013015747,-0.8834924697875977,0.010594403371214867,-0.09226963669061661,-0.14417792856693268,-0.02809126036594039,-0.026134234358301058,1.5374325109744928,0.05635898560285568,1.0,1.0,1.0,1.0,0.14433756,0.14433756,-0.14433756
411,13.9631,0.22862334549427032,0.14039720594882965,-0.8895137310028076,0.02302553504705429,-0.08108237385749817,-0.1460365355014801,-0.02666533317809551,-0.02858940256724511,1.5373222561053637,0.05781346932053566,1.0,1.0,1.0,1.0,0.14433756,0.14433756,-0.14433756
412,13.9985,0.22994256019592285,0.13734902441501617,-0.8943159580230713,0.03251780942082405,-0.0711054801940918,-0.14719246327877045,-0.024862887026978468,-0.030639131547954418,1.5371518137955986,0.05900242552161217,1.0,1.0,0.890587329864502,1.0,0.14958678,0.14958678,-0.13322009
413,14.0328,0.231697678565979,0.13470235466957092,-0.8990808725357056,0.041668858379125595,-0.060663770884275436,-0.1480068564414978,-0.023588683039267845,-0.031504602726175925,1.537043289981178,0.060199398547410965,1.0,1.0,0.6048330068588257,1.0,0.16253574,0.16253574,-0.09830698
414,14.0668,0.23383769392967224,0.13240641355514526,-0.9037867784500122,0.05034971237182617,-0.05010053142905235,-0.14755700528621674,-0.02181820314361016,-0.03203229145141831,1.5368439523735853,0.06143135204911232,1.0,1.0,0.3203791677951813,1.0,0.17240794,0.17240794,-0.05523591
415,14.1006,0.23628288507461548,0.1304457187652588,-0.9084434509277344,0.05845542624592781,-0.03958680480718613,-0.14376181364059448,-0.02052529252983633,-0.032079252552171575,1.5366974785136311,0.0627535879611969,1.0,1.0,0.00792732834815979,1.0,0.1767739,0.1767739,-0.0014013449
416,14.135,0.23898062109947205,0.1288299709558487,-0.9129548072814941,0.06603007763624191,-0.029167402535676956,-0.1357046663761139,-0.01953820227477147,-0.0319637566652408,1.5365655188816176,0.0641278550028801,1.0,1.0,-0.3357798159122467,1.0,0.17199512,0.17199512,0.05775249
417,14.1692,0.24261605739593506,0.12728403508663177,-0.9181193113327026,0.07477425038814545,-0.016774315387010574,-0.11540670692920685,-0.01844525344697056,-0.03170599180004556,1.536422906605244,0.0657602921128273,1.0,1.0,-0.8345143795013428,1.0,0.15224628,0.15224628,0.12705171
418,14.2031,0.24567915499210358,0.126409113407135,-0.9215124845504761,0.08132931590080261,-0.007103386335074902,-0.09229785948991776,-0.01775374702517467,-0.03142392558990334,1.536328098070437,0.06672093272209167,1.0,1.0,-1.0,1.0,0.14433756,0.14433756,0.14433756
419,14.2374,0.2489246428012848,0.12583763897418976,-0.9240317344665527,0.0875474140048027,0.002391871763393283,-0.06390697509050369,-0.0171494830559168,-0.031067669537456395,1.5362479369216258,0.0671144500374794,1.0,1.0,-1.0,1.0,0.14433756,0.14433756,0.14433756
420,14.271,0.2522324025630951,0.125570610165596,-0.9255026578903198,0.09333087503910065,0.011568605899810791,-0.030468933284282684,-0.016145211250631723,-0.030139324870968397,1.536143940481058,0.06679155677556992,1.0,1.0,-1.0,1.0,0.14433756,0.14433756,0.14433756
421,14.3048,0.2555328607559204,0.12564660608768463,-0.9258242845535278,0.09876154363155365,0.020720932632684708,0.0012086178176105022,-0.015091431696800994,-0.028998944728034257,1.5360652440708462,0.0656077191233635,1.0,1.0,-1.0,1.0,0.14433756,0.14433756,0.14433756
422,14.3397,0.2588860094547272,0.1260114163160324,-0.9250547885894775,0.10388641804456711,0.029530122876167297,0.02845367044210434,-0.013635452400530252,-0.02728128904871721,1.5359841508156533,0.06354864686727524,0.8325787782669067,1.0,-1.0,1.0,0.12683293,0.15233746,0.15233746
423,14.3742,0.26312506198883057,0.12687429785728455,-0.9227479696273804,0.1096637025475502,0.04014870896935463,0.05659885331988335,-0.012607371310921487,-0.02596439542097046,1.5359472660345557,0.05985315889120102,0.49251556396484375,1.0,-1.0,1.0,0.08222177,0.16694248,0.16694248
424,14.4081,0.266574889421463,0.12788698077201843,-0.9201408624649048,0.11376015841960907,0.048216596245765686,0.07610122114419937,-0.011407879394760595,-0.024465776418934028,1.5359010601896428,0.05622916668653488,0.21511881053447723,1.0,-1.0,1.0,0.037595537,0.17476638,0.17476638
425,14.4419,0.2701086103916168,0.12914343178272247,-0.9168781042098999,0.11746454983949661,0.055952996015548706,0.09385431557893753,-0.009665210807142824,-0.022699659530155947,1.5358766922656686,0.05204983055591583,-0.07118441164493561,1.0,-1.0,1.0,-0.012567834,0.17655317,0.17655317
426,14.476,0.2736431956291199,0.13066211342811584,-0.9130510091781616,0.12069838494062424,0.06305743008852005,0.11086545139551163,-0.007931004517918509,-0.021646069310433967,1.5358573843477656,0.04741869866847992,-0.3631727397441864,1.0,-1.0,1.0,-0.06218282,0.17122106,0.17122106
427,14.5099,0.2771795988082886,0.13245248794555664,-0.9087585210800171,0.1233152225613594,0.07001172751188278,0.1259336769580841,-0.004533678054777627,-0.020408641912901655,1.5358504601289313,0.04244176670908928,-0.6673969626426697,1.0,-1.0,1.0,-0.10669587,0.15986867,0.15986867
428,14.5437,0.28077438473701477,0.13445021212100983,-0.9041097164154053,0.12527629733085632,0.07674860209226608,0.13813380897045135,-0.0009477027137172538,-0.019524942645375316,1.5358504601289313,0.0373048298060894,-0.9792789220809937,1.0,-1.0,1.0,-0.14232293,0.14533441,0.14533441
429,14.578,0.2851979434490204,0.13730375468730927,-0.8980194330215454,0.1261267066001892,0.08503495156764984,0.14906372129917145,0.002740258303265406,-0.018715121130963457,1.5358588490863652,0.030980713665485382,-1.0,1.0,-1.0,1.0,-0.14433756,0.14433756,0.14433756
430,14.612,0.2886756956577301,0.13983730971813202,-0.892890453338623,0.12524926662445068,0.09134791046380997,0.15361331403255463,0.008732738240965205,-0.017366063591270194,1.5358938696546995,0.026239216327667236,-1.0,1.0,-1.0,1.0,-0.14433756,0.14433756,0.14433756
431,14.6462,0.2920883595943451,0.14259269833564758,-0.8876297473907471,0.12291723489761353,0.0974426120519638,0.15583236515522003,0.015103706164653279,-0.015664744740765103,1.5359296891713612,0.022256582975387573,-1.0,1.0,-0.6124745607376099,1.0,-0.16221714,0.16221714,0.09935387
432,14.6797,0.2953946590423584,0.14556585252285004,-0.8822765350341797,0.11903305351734161,0.10317540168762207,0.15721279382705688,0.0199326081098338,-0.014205431291645258,1.5359704355360395,0.019657505676150322,-1.0,0.8571040630340576,-0.20121899247169495,1.0,-0.1876405,0.16082743,0.03775683
433,14.7133,0.2984848916530609,0.1487198770046234,-0.8769140243530273,0.1134122982621193,0.10851510614156723,0.15650682151317596,0.023776275690334105,-0.012955181189583137,1.5359995971499758,0.019071824848651886,-1.0,0.41170433163642883,0.22096839547157288,1.0,-0.22649467,0.09324884,-0.050048165
434,14.747,0.30128902196884155,0.15203852951526642,-0.8717089891433716,0.10619285702705383,0.11341017484664917,0.14832858741283417,0.028618218802477606,-0.011430088701835634,1.536040343514654,0.02057521417737007,-1.0,-0.050105124711990356,0.6896147727966309,1.0,-0.20563222,-0.010303228,-0.14180702
435,14.7813,0.30420711636543274,0.15644656121730804,-0.8657008409500122,0.0947713702917099,0.11933426558971405,0.12278769165277481,0.03216903020923167,-0.010090465618363437,1.5361078546482876,0.02429366484284401,-1.0,-0.6462502479553223,1.0,1.0,-0.16078453,-0.10390704,-0.16078453
436,14.8149,0.30602967739105225,0.1602085381746292,-0.8618468046188354,0.08382975310087204,0.12387869507074356,0.0911891758441925,0.03503380507739752,-0.008392329037301532,1.5361964047545327,0.02767445333302021,-1.0,-1.0,1.0,1.0,-0.14433756,-0.14433756,-0.14433756
437,14.8492,0.30731427669525146,0.16415619850158691,-0.8591978549957275,0.07125837355852127,0.12797518074512482,0.05075180530548096,0.03802103126024737,-0.00402824518991449,1.5364098571159024,0.030679037794470787,-1.0,-1.0,1.0,1.0,-0.14433756,-0.14433756,-0.14433756
438,14.8829,0.30798810720443726,0.1682424694299698,-0.8578773736953735,0.05758814513683319,0.13101401925086975,0.012341761961579323,0.039065510556208834,0.001224296504927133,1.5366705805866212,0.03298809006810188,-1.0,-1.0,1.0,1.0,-0.14433756,-0.14433756,-0.14433756
439,14.9179,0.3080589175224304,0.17238637804985046,-0.8578826189041138,0.0435042567551136,0.1323700100183487,-0.01928563416004181,0.03903769300638511,0.006608466757166199,1.5369338340603755,0.034575190395116806,-1.0,-1.0,1.0,1.0,-0.14433756,-0.14433756,-0.14433756
440,14.9525,0.30760812759399414,0.17653396725654602,-0.8589673042297363,0.029484648257493973,0.13173913955688477,-0.04496341198682785,0.0379251449774369,0.014439610536436491,1.5373311776950154,0.03569500893354416,-1.0,-1.0,1.0,1.0,-0.14433756,-0.14433756,-0.14433756
441,14.9868,0.3045669198036194,0.18519854545593262,-0.8647087812423706,-0.0009610739070922136,0.12241321802139282,-0.08695189654827118,0.03603405093212845,0.021493289168242086,1.5376745923175812,0.03707624971866608,-1.0,-1.0,1.0,1.0,-0.14433756,-0.14433756,-0.14433756
442,15.021,0.3025166392326355,0.1886114776134491,-0.8683109283447266,-0.013522827997803688,0.11528132855892181,-0.10006226599216461,0.034263452442578474,0.026189929795191944,1.5378994962716384,0.03771999478340149,-1.0,-1.0,1.0,1.0,-0.14433756,-0.14433756,-0.14433756
443,15.055,0.3000972867012024,0.1916552037000656,-0.872368335723877,-0.025217415764927864,0.10662952810525894,-0.110540471971035,0.03261696350160999,0.02957958042469878,1.538052361718209,0.038564283400774,-1.0,-1.0,1.0,1.0,-0.14433756,-0.14433756,-0.14433756
444,15.089,0.29735663533210754,0.19427084922790527,-0.876745343208313,-0.03630730137228966,0.09670387208461761,-0.11880640685558319,0.030169408188313283,0.033266427348290856,1.5382427777361496,0.039677031338214874,-0.5128435492515564,-1.0,1.0,1.0,-0.08522791,-0.16618694,-0.16618694
445,15.123,0.29436177015304565,0.19642768800258636,-0.8813513517379761,-0.046612586826086044,0.08589248359203339,-0.12549449503421783,0.028233724920097417,0.035306858151725504,1.538378998425907,0.041098617017269135,-0.14355666935443878,-1.0,1.0,1.0,-0.025247728,-0.1758729,-0.1758729
446,15.1569,0.2902388572692871,0.1984694004058838,-0.887485146522522,-0.058422695845365524,0.07153316587209702,-0.13516126573085785,0.02650512531317583,0.036540821359246106,1.5384487732464671,0.043355025351047516,0.324599951505661,-1.0,1.0,1.0,0.05592742,-0.17229645,-0.17229645
447,15.1908,0.28668463230133057,0.19961370527744293,-0.8926246166229248,-0.06712167710065842,0.059538599103689194,-0.14376799762248993,0.023337255665229144,0.03773909820815965,1.538545712310146,0.0456201396882534,0.7327046990394592,-1.0,1.0,1.0,0.11500615,-0.15696111,-0.15696111
448,15.2251,0.28294360637664795,0.20025187730789185,-0.8979440927505493,-0.07478740811347961,0.0473388209939003,-0.15106500685214996,0.019646262116596036,0.03832196430223712,1.5386025707994193,0.04824915528297424,1.0,-1.0,0.7877883911132812,1.0,0.15443252,-0.15443252,-0.12166015
449,15.2595,0.2790602445602417,0.20038850605487823,-0.9033539295196533,-0.08083352446556091,0.03487859666347504,-0.15535342693328857,0.013360667231196416,0.0384427261741046,1.5386847293190482,0.05121590942144394,1.0,-1.0,0.42810842394828796,1.0,0.16919425,-0.16919425,-0.07243348
450,15.2931,0.2750827372074127,0.2000509351491928,-0.9087748527526855,-0.08522050082683563,0.02259608916938305,-0.1542746126651764,0.008018672972201204,0.03806157372665462,1.5387218804162548,0.054484885185956955,1.0,-1.0,0.01295250654220581,1.0,0.17676927,-0.17676927,-0.0022896053
451,15.3271,0.27101778984069824,0.19924889504909515,-0.9140387773513794,-0.08765498548746109,0.010763673111796379,-0.14651228487491608,-0.0003664480726680353,0.03695602481794627,1.5387877936532341,0.05792815610766411,1.0,-1.0,-0.4737411141395569,1.0,0.16762184,-0.16762184,0.07940935
452,15.3607,0.26591700315475464,0.19762085378170013,-0.9200440645217896,-0.08760666847229004,-0.003584326943382621,-0.12638969719409943,-0.007094951907066668,0.03585431668687252,1.5388562368932492,0.06216176971793175,1.0,-1.0,-1.0,1.0,0.14433756,-0.14433756,0.14433756
453,15.3948,0.2619195580482483,0.19587723910808563,-0.9240231513977051,-0.08534612506628036,-0.014405948109924793,-0.10046718269586563,-0.012558009203997949,0.03488615360089864,1.5389242806591008,0.0651567354798317,1.0,-1.0,-1.0,1.0,0.14433756,-0.14433756,0.14433756
454,15.4292,0.2580650746822357,0.1938171237707138,-0.9268914461135864,-0.08137039840221405,-0.024484235793352127,-0.0648035779595375,-0.019286897655814265,0.033322927975292564,1.5390049744401302,0.06745574623346329,1.0,-1.0,-1.0,1.0,0.14433756,-0.14433756,0.14433756
455,15.4634,0.2544454336166382,0.19150398671627045,-0.9284448623657227,-0.07601738721132278,-0.03415710851550102,-0.02878480777144432,-0.023386948586694344,0.03175590734513313,1.5390703550448916,0.0688302293419838,1.0,-0.504305362701416,-1.0,1.0,0.16650675,-0.08397025,0.16650675
456,15.498,0.2510993480682373,0.18896858394145966,-0.9287149906158447,-0.06955590844154358,-0.0433625765144825,0.0029507095459848642,-0.02612893300325612,0.030236873548865558,1.5391305424855275,0.06925642490386963,1.0,-0.005060553550720215,-1.0,1.0,0.17677556,-0.0008945822,0.17677556
457,15.5319,0.24808943271636963,0.18625158071517944,-0.9277651309967041,-0.06204651668667793,-0.05210110917687416,0.03212801739573479,-0.028927126763575384,0.02782931974737968,1.5392137662695924,0.06875606626272202,1.0,0.4892909824848175,-1.0,1.0,0.16706045,0.08174117,0.16706045
458,15.5658,0.2447822391986847,0.18263106048107147,-0.9249567985534668,-0.05161586403846741,-0.06207657605409622,0.06570019572973251,-0.030547381487211984,0.02512876829171465,1.5392838074062616,0.06693486124277115,1.0,1.0,-1.0,1.0,0.14433756,0.14433756,0.14433756
459,15.5999,0.24257716536521912,0.17955395579338074,-0.9216679334640503,-0.04250522330403328,-0.06931118667125702,0.08717775344848633,-0.03198661823872345,0.020151719688520066,1.5393405327374803,0.06471168249845505,1.0,1.0,-1.0,1.0,0.14433756,0.14433756,0.14433756
460,15.6339,0.24087578058242798,0.17631375789642334,-0.9176723957061768,-0.032752007246017456,-0.0751848891377449,0.1019173189997673,-0.03244307364659003,0.015428408959669286,1.5394422654911213,0.061942726373672485,1.0,1.0,-1.0,1.0,0.14433756,0.14433756,0.14433756
461,15.6679,0.23973792791366577,0.17294707894325256,-0.9131869077682495,-0.02255684696137905,-0.07942207902669907,0.11322669684886932,-0.03225238090956735,0.007420524390626155,1.5395919351443836,0.05878518894314766,1.0,1.0,-1.0,1.0,0.14433756,0.14433756,0.14433756
462,15.7023,0.23915627598762512,0.1695157140493393,-0.9081763029098511,-0.012190593406558037,-0.08166459947824478,0.1225891262292862,-0.03158281851903479,0.0008296874217796583,1.5396782215637022,0.055277712643146515,1.0,1.0,-1.0,1.0,0.14433756,0.14433756,0.14433756
463,15.7359,0.2390557825565338,0.16609588265419006,-0.9027749300003052,-0.001803219667635858,-0.08183588087558746,0.13038669526576996,-0.03071489848096717,-0.004644009905907167,1.539735745843248,0.05164267495274544,1.0,1.0,-1.0,1.0,0.14433756,0.14433756,0.14433756
464,15.7698,0.2396424114704132,0.16194887459278107,-0.895548939704895,0.011075007729232311,-0.07921250909566879,0.13844797015190125,-0.029167566517522905,-0.011572352478613606,1.5397272237277597,0.04708385840058327,1.0,1.0,-1.0,1.0,0.14433756,0.14433756,0.14433756
465,15.8034,0.240622878074646,0.15887750685214996,-0.8895074129104614,0.021086150780320168,-0.07511283457279205,0.14364422857761383,-0.02776955674804262,-0.016214990232381002,1.5396810178828468,0.04367785528302193,1.0,1.0,-1.0,1.0,0.14433756,0.14433756,0.14433756
466,15.8378,0.2420317381620407,0.1561012864112854,-0.8832473754882812,0.030734309926629066,-0.06955139338970184,0.14792416989803314,-0.026485078784189178,-0.019593221518416824,1.5396016556823624,0.04066213592886925,1.0,1.0,-1.0,1.0,0.14433756,0.14433756,0.14433756
467,15.8719,0.24384711682796478,0.1536506712436676,-0.8768116235733032,0.04000072181224823,-0.06267120689153671,0.15139058232307434,-0.024616064008793164,-0.023354200027664775,1.539465168676496,0.03824030980467796,1.0,1.0,-0.7469199895858765,1.0,0.15631445,0.15631445,0.11675438
468,15.906,0.2460424304008484,0.1515476256608963,-0.8703320026397705,0.04886557161808014,-0.054688453674316406,0.15423765778541565,-0.023103900335900155,-0.025541814173812932,1.5393312116736648,0.03662355616688728,1.0,1.0,-0.20720264315605164,1.0,0.17490931,0.17490931,0.036241673
469,15.9398,0.24863122403621674,0.14981935918331146,-0.8638783693313599,0.057643841952085495,-0.04589376598596573,0.1545315682888031,-0.021307094676748115,-0.027395532417697807,1.5391640983152624,0.035912755876779556,1.0,1.0,0.3760020434856415,1.0,0.17084152,0.17084152,-0.06423676
470,15.9739,0.25237149000167847,0.14822867512702942,-0.8561179637908936,0.06807690113782883,-0.03394675999879837,0.1426944136619568,-0.020216692496739595,-0.02832189011634125,1.5390461202789718,0.036287516355514526,1.0,1.0,1.0,1.0,0.14433756,0.14433756,-0.14433756
471,16.0079,0.25571778416633606,0.14740954339504242,-0.8506814241409302,0.07624241709709167,-0.02354559674859047,0.11653764545917511,-0.018973780651837403,-0.029284631172783303,1.5388859311394036,0.03718213737010956,1.0,1.0,1.0,1.0,0.14433756,0.14433756,-0.14433756
472,16.0438,0.2594069540500641,0.14703220129013062,-0.8463106155395508,0.08450107276439667,-0.012437287718057632,0.08136241137981415,-0.01800695122700316,-0.029592763072094675,1.5387557025620988,0.03799374774098396,1.0,1.0,1.0,1.0,0.14433756,0.14433756,-0.14433756
473,16.078,0.2634586989879608,0.1470838040113449,-0.8432110548019409,0.09244178235530853,-0.0011534970253705978,0.04247039183974266,-0.01702827905769647,-0.029400638885986076,1.5386529045440218,0.038273923099040985,0.8315115571022034,1.0,1.0,1.0,0.12671214,0.15238772,-0.15238772
474,16.1119,0.26786237955093384,0.14752697944641113,-0.8414573669433594,0.0998474508523941,0.009969200007617474,0.007847586646676064,-0.015385495655713483,-0.028452376687376726,1.5385333286110772,0.03778845816850662,0.4240327477455139,1.0,1.0,1.0,0.07180104,0.16932899,-0.16932899
475,16.146,0.2725873589515686,0.14833581447601318,-0.8409274816513062,0.10697991400957108,0.020688338205218315,-0.02193119190633297,-0.013965322352239396,-0.02729717230790601,1.5384510369333937,0.03658270090818405,-0.02280353382229805,1.0,1.0,1.0,-0.0040306095,0.17675373,-0.17675373
476,16.1799,0.2788310945034027,0.149884432554245,-0.841822624206543,0.11500238627195358,0.03348518908023834,-0.05400196090340614,-0.011769250589035633,-0.025751215617493422,1.5383688784137648,0.034275371581315994,-0.6276636719703674,1.0,1.0,1.0,-0.10141645,0.1615777,-0.1615777
477,16.2138,0.28407150506973267,0.15154767036437988,-0.8436881303787231,0.12060665339231491,0.04320250824093819,-0.07700154930353165,-0.00962064551107333,-0.024760061961171587,1.5383176125627807,0.0320456437766552,-1.0,1.0,1.0,1.0,-0.14433756,0.14433756,-0.14433756
478,16.2479,0.28945809602737427,0.15355046093463898,-0.8464058637619019,0.1254236400127411,0.05251377075910568,-0.09686799347400665,-0.0048885739185037585,-0.02339557473191268,1.5382932446388065,0.029935678467154503,-1.0,1.0,1.0,1.0,-0.14433756,0.14433756,-0.14433756
479,16.2821,0.29489412903785706,0.15587487816810608,-0.8496849536895752,0.12903857231140137,0.06143266335129738,-0.1119627058506012,0.0004396434882810538,-0.02213188190812946,1.5383033646509487,0.028589528053998947,-1.0,1.0,1.0,1.0,-0.14433756,0.14433756,-0.14433756
480,16.3161,0.30026599764823914,0.15854263305664062,-0.8534858226776123,0.13088743388652802,0.06982570886611938,-0.12229214608669281,0.005857102148830228,-0.020836335180995376,1.5382969730643326,0.028376860544085503,-1.0,0.7669585943222046,1.0,1.0,-0.15539569,0.11918206,-0.15539569
481,16.35,0.30549857020378113,0.16154508292675018,-0.8576655387878418,0.1308106780052185,0.07798541337251663,-0.12964047491550446,0.013695492118949328,-0.018749201270538064,1.5383362546904114,0.029604800045490265,-1.0,0.2387113869190216,1.0,1.0,-0.17431094,0.041610006,-0.17431094
482,16.3841,0.31174206733703613,0.16568444669246674,-0.8632751703262329,0.1274222880601883,0.08730025589466095,-0.1372329592704773,0.019412517716076542,-0.01693306168605043,1.5383828600094878,0.03310282155871391,-1.0,-0.3739301264286041,1.0,1.0,-0.17090352,-0.06390598,-0.17090352
483,16.418,0.31642839312553406,0.16926352679729462,-0.868013858795166,0.12230060994625092,0.09422523528337479,-0.14358465373516083,0.02386139073489196,-0.015078443585000354,1.5384297316446731,0.037127166986465454,-1.0,-0.8840750455856323,1.0,1.0,-0.14989722,-0.13252039,-0.14989722
484,16.4518,0.32079315185546875,0.1730504333972931,-0.8729922771453857,0.11546237766742706,0.10046631097793579,-0.15115951001644135,0.02933712873577149,-0.011281371960900725,1.5385507723162173,0.04189985617995262,-1.0,-1.0,1.0,1.0,-0.14433756,-0.14433756,-0.14433756
485,16.4859,0.3247668743133545,0.17703577876091003,-0.8782256841659546,0.10711731761693954,0.10592778027057648,-0.15739929676055908,0.032804799582244644,-0.0066931490380469135,1.5387401230697217,0.047164998948574066,-1.0,-1.0,1.0,1.0,-0.14433756,-0.14433756,-0.14433756
486,16.5198,0.3313229978084564,0.18540480732917786,-0.8890095949172974,0.08683422952890396,0.1126866266131401,-0.16109737753868103,0.03571724711451751,0.0009013098103459767,1.5390383971118107,0.058375466614961624,-1.0,-1.0,1.0,1.0,-0.14433756,-0.14433756,-0.14433756
487,16.5541,0.3344053030014038,0.19070468842983246,-0.8956996202468872,0.07245611399412155,0.11280858516693115,-0.16084939241409302,0.036874378124589324,0.006667004286282902,1.5392482542057089,0.06538154184818268,-1.0,-1.0,1.0,1.0,-0.14433756,-0.14433756,-0.14433756
488,16.5879,0.3363184630870819,0.1948797106742859,-0.9009950160980225,0.06066347286105156,0.11063849925994873,-0.16033270955085754,0.03754348902609333,0.014523092314232069,1.5395776872325517,0.07084249705076218,-1.0,-1.0,1.0,1.0,-0.14433756,-0.14433756,-0.14433756
489,16.6221,0.33774691820144653,0.19892257452011108,-0.9062395095825195,0.04881218820810318,0.10653258115053177,-0.15953905880451202,0.03746002389305456,0.02004972894114844,1.5397971317063743,0.07610730081796646,-1.0,-1.0,0.8416218757629395,1.0,-0.15191108,-0.15191108,-0.12785168
490,16.6558,0.3386797606945038,0.2027433067560196,-0.9114331007003784,0.03678340092301369,0.10069617629051208,-0.15816505253314972,0.037043800942999604,0.024203486260480245,1.5399807566635353,0.08110138028860092,-1.0,-1.0,0.4757607877254486,1.0,-0.16754961,-0.16754961,-0.07971354
491,16.6899,0.3391435742378235,0.2062610387802124,-0.9164974689483643,0.02497759833931923,0.09341631829738617,-0.15490928292274475,0.0360689549871653,0.02900184299631432,1.5401826242741632,0.08575107902288437,-1.0,-1.0,0.09719657897949219,1.0,-0.17636065,-0.17636065,-0.017141653
492,16.7239,0.33918145298957825,0.2093699723482132,-0.9213560819625854,0.013717449270188808,0.08519363403320312,-0.14632058143615723,0.03510480744877255,0.032030531268385336,1.5403180460155939,0.08997253328561783,-1.0,-1.0,-0.3328164219856262,1.0,-0.17207584,-0.17207584,0.057269663
493,16.7579,0.3386565148830414,0.21263961493968964,-0.9269065856933594,0.0004854296857956797,0.07385791838169098,-0.12411230057477951,0.03397048807791294,0.03502368506525522,1.5404346924713392,0.09448818117380142,-1.0,-1.0,-0.9678869247436523,1.0,-0.14588225,-0.14588225,0.14119752
494,16.7922,0.33781787753105164,0.2147543728351593,-0.9305769205093384,-0.009518589824438095,0.06422678381204605,-0.09692344814538956,0.033223458908578106,0.03667596846218922,1.5405264383708925,0.09728322923183441,-1.0,-1.0,-1.0,1.0,-0.14433756,-0.14433756,0.14433756
495,16.8274,0.33662042021751404,0.21638505160808563,-0.9332274198532104,-0.019033053889870644,0.05430684983730316,-0.06186635047197342,0.03209520030979303,0.0382992691763226,1.5406201816412632,0.0991019457578659,-1.0,-1.0,-1.0,1.0,-0.14433756,-0.14433756,0.14433756
496,16.8619,0.3350902497768402,0.21751035749912262,-0.9346500635147095,-0.028297225013375282,0.04398765414953232,-0.026190046221017838,0.030906171703883704,0.0388023860793198,1.540680901714117,0.09978243708610535,-1.0,-1.0,-1.0,1.0,-0.14433756,-0.14433756,0.14433756
497,16.8957,0.33319079875946045,0.2181500643491745,-0.934857964515686,-0.0372757725417614,0.03328937664628029,0.0053033120930194855,0.029677043798217274,0.038761697971290435,1.5407248438721033,0.09929453581571579,-1.0,-1.0,-1.0,1.0,-0.14433756,-0.14433756,0.14433756
498,16.9299,0.33090078830718994,0.21833179891109467,-0.933976411819458,-0.046020232141017914,0.02241164818406105,0.032133087515830994,0.027846574118410954,0.038087855797662336,1.5407629270756915,0.09770692139863968,-1.0,-1.0,-1.0,1.0,-0.14433756,-0.14433756,0.14433756
499,16.9637,0.32751041650772095,0.2179337441921234,-0.9316251277923584,-0.0565202534198761,0.008793046697974205,0.05971468985080719,0.02630366341849514,0.037183117557524376,1.5407790392002865,0.09436982870101929,-1.0,-1.0,-1.0,1.0,-0.14433756,-0.14433756,0.14433756
500,16.9979,0.3243645429611206,0.21709905564785004,-0.9288489818572998,-0.06464677304029465,-0.002089578192681074,0.0779338926076889,0.024956347336483435,0.036219290430700275,1.5408196524069102,0.09067477285861969,-1.0,-1.0,-1.0,1.0,-0.14433756,-0.14433756,0.14433756
501,17.0319,0.32092803716659546,0.21585962176322937,-0.9254317283630371,-0.07232971489429474,-0.012635866180062294,0.0932529866695404,0.023096986520038956,0.03459934987684852,1.5408506782336095,0.08625403791666031,-1.0,-1.0,-1.0,1.0,-0.14433756,-0.14433756,0.14433756
502,17.0658,0.31727132201194763,0.2142653912305832,-0.9215669631958008,-0.0795467272400856,-0.02286900207400322,0.10615116357803345,0.021656083212251584,0.03314795204989055,1.540883035640854,0.08130159974098206,-1.0,-1.0,-1.0,1.0,-0.14433756,-0.14433756,0.14433756
503,17.0997,0.31339892745018005,0.21236403286457062,-0.9172475337982178,-0.08630990236997604,-0.032705072313547134,0.11675707995891571,0.019927643811114323,0.03126344724768545,1.5409280430632764,0.07586812973022461,-1.0,-1.0,-1.0,1.0,-0.14433756,-0.14433756,0.14433756
504,17.1348,0.3093661665916443,0.2102057784795761,-0.9125572443008423,-0.09262607246637344,-0.042014844715595245,0.1257854849100113,0.018781533710647308,0.029895834965334895,1.5409681236376822,0.07009075582027435,-0.9353601932525635,-1.0,-1.0,1.0,-0.13791376,-0.14744456,0.14744456
505,17.169,0.3041437268257141,0.20723773539066315,-0.9063637256622314,-0.09982718527317047,-0.05283275619149208,0.13481095433235168,0.01720607002759448,0.02793447299854578,1.5410149952728676,0.06263864040374756,-0.5043172240257263,-1.0,-1.0,1.0,-0.083972,-0.1665063,0.1665063
506,17.2029,0.2998012602329254,0.2046736776828766,-0.9011482000350952,-0.10520461201667786,-0.06090463325381279,0.14101195335388184,0.01602413000749289,0.02640007609173981,1.5410635979627614,0.056586816906929016,-0.1341191679239273,-1.0,-1.0,1.0,-0.023603236,-0.17598705,0.17598705
507,17.238,0.295280396938324,0.20194633305072784,-0.8957818746566772,-0.11025325953960419,-0.06831853836774826,0.14711205661296844,0.014968463354358488,0.025100207969618153,1.541092759576698,0.0505988672375679,0.2606761157512665,-1.0,-1.0,1.0,0.045318026,-0.17384802,0.17384802
508,17.2718,0.29061082005500793,0.19907230138778687,-0.8902585506439209,-0.11477383226156235,-0.07520837336778641,0.15468718111515045,0.012800750095574867,0.023546290924259746,1.5411288454094685,0.044857557862997055,0.6729654669761658,-1.0,-1.0,1.0,0.10742229,-0.15962526,0.15962526
509,17.3059,0.28576964139938354,0.1960793435573578,-0.8845473527908325,-0.11892610043287277,-0.08148335665464401,0.1618124544620514,0.009845111499966879,0.02258487312598433,1.5411757170446538,0.0396382138133049,1.0,-1.0,-1.0,1.0,0.14433756,-0.14433756,0.14433756
510,17.3397,0.280832439661026,0.19295641779899597,-0.8786900043487549,-0.1221817135810852,-0.08753607422113419,0.16675367951393127,0.004580502356435834,0.021459217351045883,1.5412058107649718,0.0353572741150856,1.0,-0.7644270658493042,-1.0,1.0,0.1555122,-0.11887773,0.1555122
511,17.3755,0.27460774779319763,0.18885329365730286,-0.8713619709014893,-0.12438853830099106,-0.0948195680975914,0.1680164635181427,3.262927025118789e-05,0.02057106769166667,1.541232042901709,0.03208873048424721,1.0,-0.17255449295043945,-1.0,1.0,0.17547531,-0.030279053,0.17547531
512,17.4091,0.2696135640144348,0.18536294996738434,-0.8655929565429688,-0.12438571453094482,-0.10029466450214386,0.16823945939540863,-0.007227121158986207,0.018959014671949673,1.5412842408590746,0.03158753365278244,1.0,0.39485546946525574,-0.7710071206092834,1.0,0.18896265,0.07461294,0.14569156
513,17.443,0.2646409273147583,0.18167820572853088,-0.8598346710205078,-0.1224520280957222,-0.10555613785982132,0.17006394267082214,-0.013110642177919211,0.017098699902880352,1.541312070892466,0.03311014547944069,1.0,0.9437824487686157,-0.3272745907306671,1.0,0.1768725,0.16692917,0.057885878
514,17.4783,0.2597726583480835,0.17778116464614868,-0.854030966758728,-0.11870034784078598,-0.11039500683546066,0.1721556931734085,-0.017926654839542668,0.014643447429854935,1.541352018308817,0.03642088547348976,1.0,1.0,0.11738035082817078,1.0,0.1761709,0.1761709,-0.020679003
515,17.5119,0.2551262676715851,0.17372968792915344,-0.8483937978744507,-0.11300570517778397,-0.11459457129240036,0.16450443863868713,-0.024016931826120195,0.008938464314281924,1.5414689310806715,0.04093996062874794,1.0,1.0,0.6367465257644653,1.0,0.16119152,0.16119152,-0.10263814
516,17.5458,0.2507726848125458,0.16956262290477753,-0.8433542251586914,-0.10524573922157288,-0.11755421757698059,0.14319753646850586,-0.028818012060287793,0.0009520306105629578,1.5416606786791571,0.045891378074884415,1.0,1.0,1.0,1.0,0.14433756,0.14433756,-0.14433756
517,17.58,0.24582993984222412,0.16426809132099152,-0.8384013175964355,-0.09305159747600555,-0.11851204186677933,0.10412877798080444,-0.03162121589240777,-0.005899232108918521,1.5418287241439412,0.05176137015223503,1.0,1.0,1.0,1.0,0.14433756,0.14433756,-0.14433756
518,17.6152,0.2423173487186432,0.1600397825241089,-0.8358160257339478,-0.08177302032709122,-0.11668656021356583,0.06555894017219543,-0.03325846699334504,-0.01151541284615095,1.5419488327091038,0.05571107566356659,1.0,1.0,1.0,1.0,0.14433756,0.14433756,-0.14433756
519,17.6492,0.239249125123024,0.15585093200206757,-0.8346326351165771,-0.06990966945886612,-0.11257552355527878,0.027423661202192307,-0.03434376547479578,-0.018409862532796927,1.5420645470584677,0.0587245412170887,1.0,1.0,1.0,1.0,0.14433756,0.14433756,-0.14433756
520,17.683,0.23666399717330933,0.15178507566452026,-0.8347892761230469,-0.05754125118255615,-0.10654646903276443,-0.006018900778144598,-0.03436689544498203,-0.02279453256339542,1.5421155465933427,0.060787513852119446,1.0,1.0,1.0,1.0,0.14433756,0.14433756,-0.14433756
521,17.718,0.2345898449420929,0.14793221652507782,-0.8361895084381104,-0.04515187814831734,-0.09898199886083603,-0.03386973217129707,-0.03395641493602755,-0.025792914894499176,1.5421008992073473,0.06194517761468887,1.0,1.0,1.0,1.0,0.14433756,0.14433756,-0.14433756
522,17.7519,0.23303984105587006,0.14435702562332153,-0.8386515378952026,-0.033081915229558945,-0.09016790986061096,-0.056837547570466995,-0.03290643038675019,-0.028920450135498772,1.542024200167953,0.06232297793030739,1.0,1.0,1.0,1.0,0.14433756,0.14433756,-0.14433756
523,17.7859,0.2318468689918518,0.14037871360778809,-0.8428866863250732,-0.018328096717596054,-0.07806253433227539,-0.07962145656347275,-0.03178306534646813,-0.030606060496761598,1.5419297911073098,0.06192343682050705,1.0,1.0,1.0,1.0,0.14433756,0.14433756,-0.14433756
524,17.8198,0.23148652911186218,0.1352624148130417,-0.8514755964279175,0.003987215459346771,-0.05692906677722931,-0.1053260862827301,-0.03016857386987803,-0.031772651970487,1.5417604140619807,0.059971850365400314,1.0,1.0,1.0,1.0,0.14433756,0.14433756,-0.14433756
525,17.8564,0.2320277839899063,0.13333283364772797,-0.856442928314209,0.014546124264597893,-0.04606638103723526,-0.11467903852462769,-0.02894778498737491,-0.03211520730748225,1.5416216633691875,0.05851273611187935,1.0,1.0,1.0,1.0,0.14433756,0.14433756,-0.14433756
526,17.89,0.23296096920967102,0.131855770945549,-0.8616930246353149,0.024392221122980118,-0.03507353737950325,-0.1221172958612442,-0.027113233180960206,-0.032045653029949946,1.541453484746349,0.05690758302807808,1.0,1.0,1.0,1.0,0.14433756,0.14433756,-0.14433756
527,17.9239,0.2342527210712433,0.13084663450717926,-0.867142915725708,0.03384183719754219,-0.024138029664754868,-0.12817132472991943,-0.025668268552510462,-0.03159818995195159,1.5412960919259253,0.05524090677499771,1.0,1.0,1.0,1.0,0.14433756,0.14433756,-0.14433756
528,17.9579,0.23638933897018433,0.13024559617042542,-0.8739042282104492,0.04490486532449722,-0.010637352243065834,-0.13396263122558594,-0.024384258722442383,-0.030997266377326627,1.5411653307164024,0.05314688757061958,1.0,1.0,1.0,1.0,0.14433756,0.14433756,-0.14433756
529,17.992,0.23853181302547455,0.13028298318386078,-0.8794444799423218,0.05324660614132881,-9.591234993422404e-05,-0.137458935379982,-0.022594252446448453,-0.029863117615224352,1.540978909440097,0.05148398131132126,1.0,1.0,1.0,1.0,0.14433756,0.14433756,-0.14433756
530,18.0268,0.24108794331550598,0.1307906061410904,-0.8850538730621338,0.0611901581287384,0.010073130019009113,-0.1401829719543457,-0.020866503802718928,-0.02846199735681464,1.5408160571394385,0.049890559166669846,1.0,1.0,1.0,1.0,0.14433756,0.14433756,-0.14433756
531,18.0609,0.24401946365833282,0.13175028562545776,-0.8906797170639038,0.06880086660385132,0.019951818510890007,-0.14235322177410126,-0.019510794602084273,-0.02726432804152477,1.5407143243857975,0.04850035533308983,1.0,1.0,1.0,1.0,0.14433756,0.14433756,-0.14433756
532,18.0969,0.24723097681999207,0.13311667740345,-0.8962501287460327,0.07583464682102203,0.02956175059080124,-0.1438542753458023,-0.01840676244684051,-0.02611617479715896,1.5406365600819671,0.04749508202075958,1.0,1.0,1.0,1.0,0.14433756,0.14433756,-0.14433756
533,18.131,0.2507483661174774,0.1348949372768402,-0.9017443656921387,0.08262310177087784,0.038823116570711136,-0.14501096308231354,-0.01683798475454,-0.024454041865380867,1.540524973632293,0.046941306442022324,1.0,1.0,1.0,1.0,0.14433756,0.14433756,-0.14433756
534,18.1648,0.25557395815849304,0.13768771290779114,-0.90851891040802,0.0905441865324974,0.049783818423748016,-0.14596006274223328,-0.015631288779570984,-0.02307342586677016,1.5404834283192876,0.04705851152539253,1.0,1.0,0.9715077877044678,1.0,0.14570814,0.14570814,-0.1415566
535,18.1989,0.25970152020454407,0.14030590653419495,-0.9138510227203369,0.09651432931423187,0.05822399631142616,-0.14643719792366028,-0.014243219050799961,-0.021356677326699425,1.5404219092981069,0.04797808825969696,0.6478756070137024,1.0,0.6058464050292969,1.0,0.12116985,0.18702641,-0.11330928
536,18.2331,0.2640537917613983,0.1432763934135437,-0.919151782989502,0.10216613113880157,0.06638001650571823,-0.14662949740886688,-0.013332640581615235,-0.020177009315902814,1.5403962097935875,0.04972701147198677,0.18060167133808136,1.0,0.22526535391807556,1.0,0.043378558,0.24018912,-0.054106288
537,18.2666,0.268560528755188,0.1465970277786255,-0.924404501914978,0.10724881291389465,0.07404161244630814,-0.1445162296295166,-0.01195886141686547,-0.018633466115228106,1.540373572924322,0.05233113095164299,-0.3083766996860504,1.0,-0.19755402207374573,1.0,-0.07239213,0.23475225,0.04637625
538,18.3001,0.2731652855873108,0.1502261757850647,-0.9294896125793457,0.1119544729590416,0.08122488856315613,-0.13632534444332123,-0.01049373894761789,-0.01791025767348727,1.540361455541362,0.05565445125102997,-0.805467426776886,1.0,-0.691106915473938,1.0,-0.13809083,0.17144185,0.118484646
539,18.3338,0.27781930565834045,0.15413007140159607,-0.9341694116592407,0.11601518094539642,0.08802518993616104,-0.12014278769493103,-0.008442414670997787,-0.01787305664201022,1.5403501371067292,0.059381529688835144,-1.0,1.0,-1.0,1.0,-0.14433756,0.14433756,0.14433756
540,18.3677,0.2836988866329193,0.15935033559799194,-0.9388535022735596,0.1197960376739502,0.09625272452831268,-0.08208846300840378,-0.003525100198890164,-0.01815774648194509,1.5403678471279783,0.06386321038007736,-1.0,0.777854323387146,-1.0,1.0,-0.15489286,0.12048408,0.15489286
541,18.402,0.2883960008621216,0.16375617682933807,-0.9412479400634766,0.12137464433908463,0.102775439620018,-0.04567908123135567,0.0020440942103794576,-0.017780736498346945,1.5404048650671303,0.06680284440517426,-1.0,0.17541804909706116,-1.0,1.0,-0.17543226,0.030773986,0.17543226
542,18.4361,0.29310837388038635,0.16831719875335693,-0.942333459854126,0.12128198146820068,0.10913268476724625,-0.010886697098612785,0.007362850308269127,-0.01678117828013185,1.5404196456111803,0.06904233992099762,-1.0,-0.44611987471580505,-1.0,1.0,-0.1685874,-0.07521019,0.1685874
543,18.4699,0.29777586460113525,0.17301888763904572,-0.9420830011367798,0.11954332143068314,0.11528728902339935,0.021764833480119705,0.014897363195037178,-0.014217629817794583,1.5404802325259797,0.07057861983776093,-1.0,-1.0,-1.0,1.0,-0.14433756,-0.14433756,0.14433756
544,18.504,0.3023018538951874,0.17784489691257477,-0.9406275749206543,0.11592656373977661,0.12075372785329819,0.04986277595162392,0.020506280056366687,-0.010612122699855717,1.5405562657751013,0.0715777724981308,-1.0,-1.0,-1.0,1.0,-0.14433756,-0.14433756,0.14433756
545,18.5381,0.3065609931945801,0.18276025354862213,-0.938139796257019,0.11047130823135376,0.12530295550823212,0.071708083152771,0.024812884096917627,-0.0061652059601144775,1.5406665206442307,0.07222893834114075,-1.0,-1.0,-1.0,1.0,-0.14433756,-0.14433756,0.14433756
546,18.5719,0.31138747930526733,0.1889413595199585,-0.9339191913604736,0.1014317199587822,0.12891151010990143,0.09122830629348755,0.029586415177965116,0.0017121189570077958,1.5408646598293325,0.07287680357694626,-1.0,-1.0,-1.0,1.0,-0.14433756,-0.14433756,0.14433756
547,18.6062,0.31477513909339905,0.19385208189487457,-0.929876446723938,0.09251804649829865,0.1295202523469925,0.10375242680311203,0.0323200813773096,0.008463128030554259,1.5410758485037759,0.07343726605176926,-1.0,-1.0,-1.0,1.0,-0.14433756,-0.14433756,0.14433756
548,18.6399,0.3177104890346527,0.19867634773254395,-0.9254050254821777,0.08261973410844803,0.12812189757823944,0.11434517055749893,0.03457290760005648,0.016471530667653195,1.5413315119684234,0.07413358986377716,-1.0,-1.0,-1.0,1.0,-0.14433756,-0.14433756,0.14433756
549,18.6741,0.32012441754341125,0.2033226639032364,-0.9205470085144043,0.07209345698356628,0.12463108450174332,0.12336889654397964,0.0355120463913377,0.021446394646516074,1.5414954295335177,0.0749034509062767,-1.0,-1.0,-1.0,1.0,-0.14433756,-0.14433756,0.14433756
550,18.7079,0.32197460532188416,0.20770251750946045,-0.9154428243637085,0.06084543094038963,0.11907993257045746,0.13075043261051178,0.03608936145901803,0.027462167621004032,1.541701025569672,0.0757303535938263,-1.0,-1.0,-1.0,1.0,-0.14433756,-0.14433756,0.14433756
551,18.7418,0.32325950264930725,0.21176519989967346,-0.9101783037185669,0.04924795776605606,0.11188163608312607,0.13690321147441864,0.036034496179373196,0.03127612847178234,1.5418280583536688,0.07657785713672638,-1.0,-1.0,-1.0,1.0,-0.14433756,-0.14433756,0.14433756
552,18.7758,0.3240750730037689,0.21636568009853363,-0.90351402759552,0.03437748923897743,0.10103663057088852,0.14310400187969208,0.03569427735011557,0.033893096200516316,1.5419106163474612,0.07762814313173294,-1.0,-1.0,-1.0,1.0,-0.14433756,-0.14433756,0.14433756
553,18.8099,0.3241361975669861,0.21961848437786102,-0.8981080055236816,0.022589433938264847,0.09119702130556107,0.14722737669944763,0.03477476688830607,0.03661850243929236,1.542001163824524,0.07838492095470428,-1.0,-1.0,-1.0,1.0,-0.14433756,-0.14433756,0.14433756
554,18.844,0.32370397448539734,0.2224399298429489,-0.8926875591278076,0.010892553254961967,0.08068792521953583,0.15072090923786163,0.03378185096835667,0.03798713837418691,1.5420359180767493,0.07901806384325027,-1.0,-1.0,-1.0,1.0,-0.14433756,-0.14433756,0.14433756
555,18.8795,0.32277369499206543,0.22477775812149048,-0.8872902393341064,-0.0006146173691377044,0.06960929930210114,0.15344107151031494,0.03230314117606318,0.03889655379098932,1.542091311827423,0.07945486903190613,-1.0,-1.0,-0.7984118461608887,1.0,-0.1539384,-0.1539384,0.12290624
556,18.9138,0.32143014669418335,0.22664029896259308,-0.8818882703781128,-0.011667505837976933,0.05813474580645561,0.1557503491640091,0.031149823895896135,0.03905220723432605,1.5421332566145918,0.07971567660570145,-1.0,-1.0,-0.5782250165939331,1.0,-0.16362797,-0.16362797,0.09461379
557,18.948,0.3197146952152252,0.22797183692455292,-0.8765114545822144,-0.02222788892686367,0.046436842530965805,0.15668252110481262,0.02942561018239477,0.03877317036992379,1.542176399824251,0.07976187765598297,-1.0,-1.0,-0.35343608260154724,1.0,-0.17150193,-0.17150193,0.06061497
558,18.9819,0.31713247299194336,0.22888250648975372,-0.8699377775192261,-0.03505567088723183,0.03146454319357872,0.1522771567106247,0.028125479905353305,0.0383201458625553,1.5422202088241828,0.07953223586082458,-1.0,-1.0,-0.038670629262924194,1.0,-0.17671065,-0.17671065,0.006833512
559,19.0159,0.3146607279777527,0.22902067005634308,-0.8649873733520508,-0.044964421540498734,0.019391069188714027,0.14450818300247192,0.02709565631776568,0.03780561481757358,1.5422666809852048,0.07906686514616013,-1.0,-1.0,0.22899910807609558,1.0,-0.17450373,-0.17450373,-0.0399612
560,19.0498,0.3118257224559784,0.22864766418933868,-0.8604691028594971,-0.05464674532413483,0.0073497360572218895,0.12986378371715546,0.02577234613626752,0.03698939755535633,1.542329132112767,0.07830475270748138,-0.8709575533866882,-1.0,0.528312087059021,1.0,-0.1525348,-0.1751346,-0.09252572
561,19.0839,0.30860722064971924,0.2277834564447403,-0.8565897941589355,-0.06415491551160812,-0.004999413620680571,0.1095053032040596,0.024867678636346008,0.03624513557684165,1.5423782674348792,0.07717004418373108,-0.6098646521568298,-1.0,0.8379465341567993,1.0,-0.10586679,-0.17359063,-0.14545967
562,19.1179,0.30502715706825256,0.22639603912830353,-0.853547215461731,-0.07348675280809402,-0.017268866300582886,0.08411969244480133,0.02399699348805283,0.03550136877984216,1.5424411180366049,0.0755346342921257,-0.32156798243522644,-1.0,1.0,1.0,-0.055430815,-0.17237666,-0.17237666
563,19.152,0.30110061168670654,0.22445210814476013,-0.8515371084213257,-0.08277694135904312,-0.029496729373931885,0.05303769186139107,0.022311807568088735,0.034158663295467656,1.542510626541056,0.07325420528650284,-0.0034348852932453156,-1.0,1.0,1.0,-0.0006072059,-0.17677617,-0.17677617
564,19.1862,0.29583725333213806,0.22128786146640778,-0.8506861925125122,-0.09375176578760147,-0.04456136375665665,0.009341038763523102,0.0201741734654608,0.03292259452621021,1.542581466626052,0.06942518055438995,0.4393045902252197,-1.0,1.0,1.0,0.07416304,-0.16881919,-0.16881919
565,19.22,0.2867276668548584,0.2144145667552948,-0.8536033630371094,-0.10839451849460602,-0.06759290397167206,-0.05381219834089279,0.016255634647923737,0.031152707600013985,1.5426310014223277,0.06073243170976639,1.0,-1.0,1.0,1.0,0.14433756,-0.14433756,-0.14433756
566,19.2539,0.2867276668548584,0.2144145667552948,-0.8536033630371094,-0.10839451849460602,-0.06759290397167206,-0.05381219834089279,0.012602616111959475,0.02978496007901433,1.5426702830484063,0.06073243170976639,1.0,-1.0,1.0,1.0,0.14433756,-0.14433756,-0.14433756
567,19.2878,0.27713727951049805,0.20560166239738464,-0.8606101274490356,-0.11733290553092957,-0.08821530640125275,-0.09445427358150482,0.005881457069088193,0.027581086086054477,1.542766689479867,0.05014815181493759,1.0,-1.0,1.0,1.0,0.14433756,-0.14433756,-0.14433756
568,19.3223,0.27229219675064087,0.2006167620420456,-0.8650360107421875,-0.11889630556106567,-0.09748233109712601,-0.1069079115986824,-0.0005156494295986698,0.02545477665984318,1.5428599001180199,0.04498748853802681,1.0,-1.0,1.0,1.0,0.14433756,-0.14433756,-0.14433756
569,19.356,0.2662714123725891,0.19399642944335938,-0.8711953163146973,-0.11782097816467285,-0.10783039778470993,-0.11893967539072037,-0.0062313803117164425,0.02345185689648122,1.5429318054674521,0.03957943245768547,1.0,-0.9616334438323975,1.0,1.0,0.14618286,-0.14057432,-0.14618286
570,19.3901,0.261578768491745,0.18846866488456726,-0.8764731884002686,-0.11456324905157089,-0.11538675427436829,-0.1262362152338028,-0.013758273020756044,0.020597331037322975,1.5430583056192309,0.0367722362279892,1.0,0.7531213760375977,1.0,1.0,0.15603098,0.11751027,-0.15603098
571,19.4247,0.25711044669151306,0.1827913224697113,-0.8818930387496948,-0.10932613909244537,-0.12205065786838531,-0.13219019770622253,-0.01890202718581118,0.018441947382148577,1.5431604378470354,0.03580532968044281,1.0,1.0,1.0,1.0,0.14433756,0.14433756,-0.14433756
572,19.4588,0.2529425323009491,0.17694103717803955,-0.8873788118362427,-0.10277115553617477,-0.12806083261966705,-0.13856227695941925,-0.02410554435020338,0.014981385927429177,1.5432905332662856,0.03677669167518616,1.0,1.0,0.9278984069824219,1.0,0.14780238,0.14780238,-0.1371456
573,19.4929,0.24913787841796875,0.1709391176700592,-0.8929917812347412,-0.0948081985116005,-0.13307751715183258,-0.14330747723579407,-0.026953000348905305,0.010760684436492803,1.5434452629256192,0.03953579068183899,1.0,1.0,0.448277086019516,1.0,0.16851349,0.16851349,-0.07554074
574,19.5271,0.24577456712722778,0.1648232340812683,-0.8986610174179077,-0.08579771220684052,-0.13634507358074188,-0.14582160115242004,-0.029881978205288075,0.002461799063939427,1.5436921379586697,0.04366543889045715,1.0,1.0,-0.07345643639564514,1.0,0.1765387,0.1765387,0.012967904
575,19.5607,0.24229325354099274,0.1570945829153061,-0.9057037830352783,-0.07370725274085999,-0.13730064034461975,-0.14029116928577423,-0.03142922486435368,-0.004740361721759743,1.5439053240039304,0.05003327503800392,1.0,1.0,-0.7812588214874268,1.0,0.15473528,0.15473528,0.1208883
576,19.5948,0.24010740220546722,0.1509648859500885,-0.9109536409378052,-0.06355960667133331,-0.13559962809085846,-0.12290125340223312,-0.032425719407017876,-0.010912801909304068,1.5440636489307358,0.055468108505010605,1.0,1.0,-1.0,1.0,0.14433756,0.14433756,0.14433756
577,19.6292,0.23847676813602448,0.14499923586845398,-0.9153639078140259,-0.053435325622558594,-0.132028266787529,-0.09141768515110016,-0.03339644370494636,-0.019024840523955866,1.544276435501833,0.06057086959481239,1.0,1.0,-1.0,1.0,0.14433756,0.14433756,0.14433756
578,19.6649,0.2373877763748169,0.13932554423809052,-0.9185507297515869,-0.04315311461687088,-0.12655401229858398,-0.054222472012043,-0.03367719914048956,-0.024419955484022454,1.544374439829948,0.06487738341093063,1.0,1.0,-1.0,1.0,0.14433756,0.14433756,0.14433756
579,19.6993,0.23676985502243042,0.134002223610878,-0.9204175472259521,-0.03251825273036957,-0.11947517842054367,-0.01928900182247162,-0.03329327117984101,-0.02948715209011622,1.5444133219818632,0.0682302787899971,1.0,1.0,-1.0,1.0,0.14433756,0.14433756,0.14433756
580,19.733,0.23667311668395996,0.1290978044271469,-0.9210299253463745,-0.02181098610162735,-0.11105134338140488,0.010813946835696697,-0.03268080030517703,-0.03210129853257039,1.5443954788025596,0.070551797747612,1.0,1.0,-1.0,1.0,0.14433756,0.14433756,0.14433756
581,19.7668,0.23724143207073212,0.1235923245549202,-0.9204698801040649,-0.008356746286153793,-0.09904088824987411,0.0423366017639637,-0.03147537453321231,-0.03467635684424384,1.5443225081886913,0.07226157188415527,1.0,1.0,-1.0,1.0,0.14433756,0.14433756,0.14433756
582,19.8009,0.23819324374198914,0.11971572041511536,-0.9189521074295044,0.0022766401525586843,-0.08854618668556213,0.06331021338701248,-0.03028849310093186,-0.03591772904914083,1.5442287649183206,0.07268035411834717,1.0,1.0,-1.0,1.0,0.14433756,0.14433756,0.14433756
583,19.8349,0.23960430920124054,0.11634912341833115,-0.9166768789291382,0.012784342281520367,-0.07755715399980545,0.08113739639520645,-0.029143639679604226,-0.03649103273042923,1.544137951125149,0.07234932482242584,1.0,1.0,-1.0,1.0,0.14433756,0.14433756,0.14433756
584,19.8692,0.24139074981212616,0.11351984739303589,-0.9138034582138062,0.02290460467338562,-0.0661991760134697,0.096138134598732,-0.027395515772940995,-0.03667859417257647,1.5439644461801303,0.07140246033668518,1.0,1.0,-1.0,1.0,0.14433756,0.14433756,0.14433756
585,19.9034,0.24351367354393005,0.11121140420436859,-0.9103589057922363,0.032792579382658005,-0.054472047835588455,0.1086636409163475,-0.025965639616542233,-0.03634443403479878,1.543838079186406,0.06989803165197372,1.0,1.0,-1.0,1.0,0.14433756,0.14433756,0.14433756
586,19.938,0.2459426373243332,0.10944515466690063,-0.9064154624938965,0.041991159319877625,-0.04283939674496651,0.11930081993341446,-0.024672032003576858,-0.03580104098150333,1.543709981137973,0.06789856404066086,1.0,1.0,-1.0,1.0,0.14433756,0.14433756,0.14433756
587,19.9719,0.24935202300548553,0.10794275254011154,-0.9008615016937256,0.05289110541343689,-0.02841881290078163,0.1301402598619461,-0.022834234469583617,-0.03465870924083286,1.543551656211168,0.06486181169748306,1.0,1.0,-1.0,1.0,0.14433756,0.14433756,0.14433756
588,20.006,0.25236159563064575,0.10733666270971298,-0.8960710763931274,0.06108054146170616,-0.01701286993920803,0.1372251659631729,-0.021366227255920883,-0.03350744966872683,1.543433278700714,0.06210486590862274,1.0,1.0,-1.0,1.0,0.14433756,0.14433756,0.14433756
589,20.0398,0.25559309124946594,0.10725804418325424,-0.891076922416687,0.06877325475215912,-0.005754904821515083,0.14296889305114746,-0.019623150871761193,-0.03189540497138824,1.5433049143361721,0.05915955454111099,1.0,1.0,-1.0,1.0,0.14433756,0.14433756,0.14433756
590,20.0738,0.25898879766464233,0.10767969489097595,-0.8859297037124634,0.07604918628931046,0.005141727160662413,0.14758217334747314,-0.01842928072221389,-0.030650938922318634,1.543226617400124,0.056144360452890396,1.0,1.0,-1.0,1.0,0.14433756,0.14433756,0.14433756
591,20.108,0.2625555694103241,0.1085890606045723,-0.8806964159011841,0.08282230794429779,0.01572195254266262,0.1513228863477707,-0.016787165191098023,-0.028778372571937647,1.543134472026407,0.05315154418349266,1.0,1.0,-0.6384514570236206,1.0,0.16111873,0.16111873,0.102866486
592,20.1414,0.2662995457649231,0.10998035967350006,-0.8753862380981445,0.08911086618900299,0.02588091790676117,0.15432660281658173,-0.015556169951776635,-0.027232112114713217,1.5430801435401695,0.05027860775589943,0.9008750319480896,1.0,-0.19825437664985657,1.0,0.16554472,0.18375991,0.03643121
593,20.175,0.2712010145187378,0.11231337487697601,-0.868640661239624,0.09644026309251785,0.03808724880218506,0.15433678030967712,-0.014552793842467559,-0.02588904460687803,1.5430215539961878,0.047147735953330994,0.5055067539215088,1.0,0.42111441493034363,1.0,0.10557544,0.20885071,-0.08795004
594,20.2089,0.2752789556980133,0.11466124653816223,-0.8634872436523438,0.10198834538459778,0.04773956164717674,0.142339825630188,-0.01338686503812277,-0.024314683638964062,1.5429796092090189,0.045136693865060806,0.1553627997636795,1.0,1.0,1.0,0.027300276,0.17571951,-0.17571951
595,20.2429,0.27945685386657715,0.11738169938325882,-0.8589495420455933,0.10733053833246231,0.05719707906246185,0.11825715005397797,-0.012496150005599753,-0.0234221210384348,1.5429408602151582,0.04356836527585983,-0.22653590142726898,1.0,1.0,1.0,-0.039542172,0.17455146,-0.17455146
596,20.2781,0.28372105956077576,0.12048768997192383,-0.8555254936218262,0.1125432699918747,0.06671959906816483,0.08161887526512146,-0.011277168119508144,-0.022908266186698615,1.5429235496680729,0.04215066879987717,-0.642275869846344,1.0,1.0,1.0,-0.103377566,0.16095509,-0.16095509
597,20.3118,0.28803810477256775,0.12394293397665024,-0.8535124063491821,0.11724592000246048,0.0760645791888237,0.03810549154877663,-0.008160709964167599,-0.022056743314686395,1.5429248812486178,0.04060067981481552,-1.0,1.0,1.0,1.0,-0.14433756,0.14433756,-0.14433756
598,20.3459,0.29242220520973206,0.12779615819454193,-0.852941632270813,0.12113212049007416,0.08519966900348663,-0.0008744673687033355,-0.004110134012468199,-0.021029649467216104,1.5429049075404422,0.0387423075735569,-1.0,1.0,1.0,1.0,-0.14433756,0.14433756,-0.14433756
599,20.3799,0.2978666126728058,0.13309775292873383,-0.8538388013839722,0.12386087328195572,0.09593416750431061,-0.039163727313280106,0.0025825939652462113,-0.019240157098088774,1.542911165969004,0.03629269450902939,-1.0,1.0,1.0,1.0,-0.14433756,0.14433756,-0.14433756
600,20.4141,0.30221080780029297,0.13766981661319733,-0.8557937145233154,0.12404929846525192,0.10401252657175064,-0.06185282766819,0.00781988308113765,-0.017662833363462093,1.542937131789632,0.0345165990293026,-1.0,1.0,1.0,1.0,-0.14433756,0.14433756,-0.14433756
601,20.4478,0.3065008819103241,0.1425086408853531,-0.8585788011550903,0.12217617779970169,0.11146692931652069,-0.07973293960094452,0.015163045762988906,-0.015226691151852597,1.5429800086831824,0.03337523713707924,-1.0,1.0,1.0,1.0,-0.14433756,0.14433756,-0.14433756
602,20.4819,0.31071990728378296,0.147589772939682,-0.8620152473449707,0.11830693483352661,0.11817441135644913,-0.09404996782541275,0.02038249508054304,-0.01327793134656552,1.5430350029596926,0.03330257534980774,-1.0,0.6130447387695312,1.0,1.0,-0.16219328,0.09943174,-0.16219328
603,20.5159,0.3147300183773041,0.15285183489322662,-0.8659693002700806,0.11253972351551056,0.12423092871904373,-0.10559969395399094,0.02430879971743067,-0.011656590552546874,1.5430942582939469,0.034493450075387955,-1.0,0.03741803765296936,1.0,1.0,-0.17671485,0.0066123228,-0.17671485
604,20.5499,0.31845325231552124,0.1582542061805725,-0.8703457117080688,0.10538207739591599,0.12960690259933472,-0.11532394587993622,0.028808722205391542,-0.009312973423168917,1.5431765499716303,0.03693520650267601,-1.0,-0.5861198902130127,1.0,1.0,-0.16330676,-0.09571733,-0.16330676
605,20.5838,0.3226281702518463,0.1651691496372223,-0.8762639760971069,0.09436767548322678,0.13553333282470703,-0.1284014880657196,0.031684153879106905,-0.006878252777820982,1.5432688285034015,0.04148600995540619,-1.0,-1.0,1.0,1.0,-0.14433756,-0.14433756,-0.14433756
606,20.6181,0.3280266225337982,0.1763562560081482,-0.886932373046875,0.07363279163837433,0.1421988606452942,-0.1459171324968338,0.03449017067512828,-0.002326618931557011,1.5434601766277238,0.05119389668107033,-1.0,-1.0,1.0,1.0,-0.14433756,-0.14433756,-0.14433756
607,20.652,0.3280266225337982,0.1763562560081482,-0.886932373046875,0.07363279163837433,0.1421988606452942,-0.1459171324968338,0.035752263521662844,0.00209583677760158,1.54365045948761,0.05119389668107033,-1.0,-1.0,1.0,1.0,-0.14433756,-0.14433756,-0.14433756
608,20.6875,0.3316696584224701,0.18745598196983337,-0.898369550704956,0.050547271966934204,0.1427568644285202,-0.1514935940504074,0.03647586103459419,0.00973710159241275,1.543985218836633,0.06252007186412811,-1.0,-1.0,1.0,1.0,-0.14433756,-0.14433756,-0.14433756
609,20.7213,0.3327881991863251,0.1928446888923645,-0.9041421413421631,0.038678210228681564,0.14017826318740845,-0.15261203050613403,0.03631603807967581,0.015965513415781327,1.5442390180885175,0.06835833191871643,-1.0,-1.0,0.9739947319030762,1.0,-0.14558856,-0.14558856,-0.14180249
610,20.7548,0.3336105942726135,0.1993250697851181,-0.9113054275512695,0.024096501991152763,0.1342867910861969,-0.15314723551273346,0.035781941123060414,0.021015151884031982,1.5444302330547852,0.07564281672239304,-1.0,-1.0,0.999824047088623,1.0,-0.14434603,-0.14434603,-0.14432064
611,20.7889,0.3337169289588928,0.20425072312355042,-0.9170089960098267,0.01264068204909563,0.12746524810791016,-0.15298150479793549,0.03459889214603616,0.027236387736619554,1.5446857633613782,0.08131685107946396,-1.0,-1.0,0.10750129818916321,1.0,-0.17626816,-0.17626816,-0.018949056
612,20.8229,0.33341172337532043,0.20893540978431702,-0.9226392507553101,0.0014826467959210277,0.11918480694293976,-0.15204234421253204,0.03342947522484175,0.031225946610585767,1.5448712525313022,0.0868464931845665,-1.0,-1.0,-0.2978978455066681,1.0,-0.17298064,-0.17298064,0.05153056
613,20.857,0.3327566683292389,0.21333928406238556,-0.9279823303222656,-0.008785399608314037,0.1103428527712822,-0.1391831338405609,0.032305340364557095,0.034051814359701234,1.5450048100599698,0.09209859371185303,-1.0,-1.0,-0.7946840524673462,1.0,-0.154112,-0.154112,0.12247034
614,20.8911,0.33176472783088684,0.21739095449447632,-0.9326586723327637,-0.018256226554512978,0.1009598970413208,-0.11417451500892639,0.03085140837337435,0.03733031130321089,1.5451562107679406,0.09677594900131226,-1.0,-1.0,-1.0,1.0,-0.14433756,-0.14433756,0.14433756
615,20.9252,0.33047211170196533,0.22105613350868225,-0.9363141059875488,-0.027092479169368744,0.09117471426725388,-0.07994440943002701,0.02985849245342494,0.03939788554381833,1.5452583429957452,0.10061314702033997,-1.0,-1.0,-1.0,1.0,-0.14433756,-0.14433756,0.14433756
616,20.9588,0.32837212085723877,0.22506318986415863,-0.9390548467636108,-0.037726130336523056,0.07833513617515564,-0.03415577486157417,0.02849874481866853,0.04097049048988853,1.5453386373026112,0.10387232154607773,-1.0,-1.0,-1.0,1.0,-0.14433756,-0.14433756,0.14433756
617,20.993,0.32636910676956177,0.22780165076255798,-0.9398102760314941,-0.045919019728899,0.06759882718324661,-0.0014848653227090836,0.027369601967177762,0.04145313018081655,1.5453940310532848,0.10526233166456223,-1.0,-1.0,-1.0,1.0,-0.14433756,-0.14433756,0.14433756
618,21.0269,0.32401710748672485,0.23008477687835693,-0.9393186569213867,-0.05389643833041191,0.05661895126104355,0.02663654461503029,0.025666703945370038,0.04139179009077146,1.5454375737371076,0.10553450882434845,-1.0,-1.0,-1.0,1.0,-0.14433756,-0.14433756,0.14433756
619,21.0608,0.32137244939804077,0.23193389177322388,-0.9376977682113647,-0.06165478006005287,0.04556011036038399,0.05061844363808632,0.024245730653271628,0.04089712872423525,1.545471262724897,0.10481559485197067,-1.0,-1.0,-1.0,1.0,-0.14433756,-0.14433756,0.14433756
620,21.095,0.318431556224823,0.23329277336597443,-0.9351325035095215,-0.06899651885032654,0.03430085629224777,0.07057347148656845,0.02304267051736895,0.04019202769731235,1.5454969622294163,0.10320238769054413,-1.0,-1.0,-1.0,1.0,-0.14433756,-0.14433756,0.14433756
621,21.1291,0.3152293562889099,0.23415760695934296,-0.9318225383758545,-0.0760682225227356,0.023101909086108208,0.08762770146131516,0.0213080996039407,0.03888782361604091,1.545535711223277,0.10085117071866989,-1.0,-1.0,-1.0,1.0,-0.14433756,-0.14433756,0.14433756
622,21.1629,0.3108796775341034,0.234441339969635,-0.9268112182617188,-0.08441624790430069,0.009210245683789253,0.10509328544139862,0.01999067334397593,0.03765858335826599,1.5455655386274858,0.09694646298885345,-0.8718476891517639,-1.0,-1.0,1.0,-0.13119484,-0.1504791,0.1504791
623,21.1979,0.3071537911891937,0.23405200242996216,-0.9223220348358154,-0.0906679630279541,-0.0016628646990284324,0.11654499918222427,0.01887840619529894,0.0364813870938561,1.5456010918280385,0.09322945028543472,-0.5736926198005676,-1.0,-1.0,1.0,-0.09397732,-0.16381127,0.16381127
624,21.2318,0.3032635450363159,0.23313279449939728,-0.9174677133560181,-0.09655461460351944,-0.012477452866733074,0.12672220170497894,0.017317191464375336,0.034696494919392966,1.5456484960954417,0.08907810598611832,-0.26338478922843933,-1.0,-1.0,1.0,-0.04577322,-0.1737884,0.1737884
625,21.2658,0.299270361661911,0.2317759245634079,-0.912338376045227,-0.10187336057424545,-0.022773049771785736,0.13706174492835999,0.015878648591163506,0.03326249294389918,1.5456828508735039,0.0846642479300499,0.06621797382831573,-1.0,-1.0,1.0,0.011692984,-0.17658325,0.17658325
626,21.2995,0.29517558217048645,0.23000690340995789,-0.9069209098815918,-0.10672818124294281,-0.032636016607284546,0.1471315175294876,0.013440819017332094,0.0317020740404107,1.545751560429628,0.08005301654338837,0.41813886165618896,-1.0,-1.0,1.0,0.07088378,-0.1695221,0.1695221
627,21.3331,0.29096031188964844,0.22786258161067963,-0.9012184143066406,-0.11100170016288757,-0.04226522147655487,0.15645109117031097,0.011094717657999797,0.030694119582680746,1.5457947036392872,0.07534903287887573,0.7926691174507141,-1.0,-1.0,1.0,0.12223413,-0.15420574,0.15420574
628,21.3668,0.28553536534309387,0.22467096149921417,-0.8938416242599487,-0.11509817093610764,-0.05392415449023247,0.16484980285167694,0.006488054425191788,0.02932603500535563,1.5458644784598472,0.06956186890602112,1.0,-1.0,-1.0,1.0,0.14433756,-0.14433756,0.14433756
629,21.401,0.281141459941864,0.221689373254776,-0.8877832889556885,-0.11711256951093674,-0.06295836716890335,0.16816146671772003,0.0018538097900473447,0.028140591263944904,1.5459277285357367,0.06514982134103775,1.0,-1.0,-1.0,1.0,0.14433756,-0.14433756,0.14433756
630,21.435,0.2767844796180725,0.21832364797592163,-0.8817083835601807,-0.11749225854873657,-0.07194149494171143,0.16904635727405548,-0.002676149722028529,0.026925950538489583,1.5459728691162136,0.06109587475657463,1.0,-1.0,-1.0,1.0,0.14433756,-0.14433756,0.14433756
631,21.4707,0.27252399921417236,0.21460850536823273,-0.875708818435669,-0.11624398827552795,-0.08041355013847351,0.16858477890491486,-0.009498551018363504,0.02492291218123533,1.5460369181404299,0.05756575986742973,1.0,-1.0,-1.0,1.0,0.14433756,-0.14433756,0.14433756
632,21.5048,0.26840925216674805,0.21059006452560425,-0.8697819709777832,-0.11313986033201218,-0.08835789561271667,0.1678449660539627,-0.014708206977127795,0.0231575006140272,1.5461076250673715,0.05471756309270859,1.0,-1.0,-0.9105724096298218,1.0,0.14863211,-0.14863211,0.13534029
633,21.5387,0.26452258229255676,0.20631128549575806,-0.8639256954193115,-0.10830304026603699,-0.0958128497004509,0.16712096333503723,-0.02040390647958836,0.020950738755760295,1.546196042015562,0.05268566682934761,1.0,-1.0,-0.4619826376438141,1.0,0.16803794,-0.16803794,0.07763061
634,21.5731,0.2601308226585388,0.20059512555599213,-0.8570569753646851,-0.10002653300762177,-0.10434035956859589,0.165474534034729,-0.02375486637188339,0.01947034784302869,1.5462582268270155,0.051233962178230286,1.0,-0.6992495059967041,0.1008334755897522,1.0,0.20418423,-0.14277573,-0.020588607
635,21.607,0.25700241327285767,0.19582033157348633,-0.8517847061157227,-0.09169245511293411,-0.11075611412525177,0.15732233226299286,-0.027650199277531234,0.017595992181290307,1.5463494400943507,0.05100921168923378,1.0,-0.038057178258895874,0.6212811470031738,1.0,0.21224286,-0.008077364,-0.13186249
636,21.6409,0.2542344033718109,0.1908743679523468,-0.8470170497894287,-0.08209142833948135,-0.11673896014690399,0.1356945037841797,-0.030335441718117515,0.0162908123011507,1.5463991080486807,0.051379259675741196,1.0,0.6348384618759155,1.0,1.0,0.16127288,0.10238223,-0.16127288
637,21.6749,0.2518111765384674,0.18574275076389313,-0.8431353569030762,-0.07118584960699081,-0.12255015969276428,0.10237593948841095,-0.032455253447387936,0.014795329795476216,1.5464334628267427,0.05195087939500809,1.0,1.0,1.0,1.0,0.14433756,0.14433756,-0.14433756
638,21.7091,0.24980372190475464,0.18043038249015808,-0.8406431674957275,-0.05908222496509552,-0.1279720664024353,0.06020919978618622,-0.034759601434254835,0.010757536496860546,1.5465427855894904,0.052153490483760834,1.0,1.0,1.0,1.0,0.14433756,0.14433756,-0.14433756
639,21.7428,0.24827420711517334,0.17497189342975616,-0.839638352394104,-0.04624250531196594,-0.1323445737361908,0.020230498164892197,-0.03557015739856107,0.005565715395021381,1.5466895257655537,0.051702581346035004,1.0,1.0,1.0,1.0,0.14433756,0.14433756,-0.14433756
640,21.7781,0.24708612263202667,0.1680411696434021,-0.8403958082199097,-0.030046915635466576,-0.13541926443576813,-0.020314684137701988,-0.03540544920751808,-8.121132563483016e-07,1.5468356001513446,0.050112534314394,1.0,1.0,1.0,1.0,0.14433756,0.14433756,-0.14433756
641,21.812,0.24669235944747925,0.16254596412181854,-0.8422278165817261,-0.01713673025369644,-0.13543742895126343,-0.04580249264836311,-0.03417167533410622,-0.008259391005676693,1.5470272145917758,0.04829983040690422,1.0,1.0,1.0,1.0,0.14433756,0.14433756,-0.14433756
642,21.846,0.24682658910751343,0.1572088748216629,-0.8450294733047485,-0.004723130259662867,-0.13294711709022522,-0.06657378375530243,-0.03271840705260139,-0.014360225449411512,1.5471072425825327,0.04610120877623558,1.0,1.0,1.0,1.0,0.14433756,0.14433756,-0.14433756
643,21.8797,0.24745337665081024,0.15211743116378784,-0.8486013412475586,0.007131770718842745,-0.12829653918743134,-0.0835045650601387,-0.030600012208254673,-0.02085062470471933,1.5471569105368628,0.0437287874519825,1.0,1.0,1.0,1.0,0.14433756,0.14433756,-0.14433756
644,21.914,0.24858665466308594,0.14735956490039825,-0.8527570962905884,0.018463581800460815,-0.12173885107040405,-0.09718833863735199,-0.02904093736887884,-0.02455958834892667,1.5471521168469007,0.041350726038217545,1.0,1.0,1.0,1.0,0.14433756,0.14433756,-0.14433756
645,21.948,0.2502165734767914,0.14295342564582825,-0.8573747873306274,0.029421739280223846,-0.1136193498969078,-0.10810726881027222,-0.02675273687671515,-0.028653830259679013,1.5470870025582482,0.03913060575723648,1.0,1.0,1.0,1.0,0.14433756,0.14433756,-0.14433756
646,21.9818,0.25292646884918213,0.13794492185115814,-0.8635622262954712,0.04222302511334419,-0.10183446854352951,-0.11895780265331268,-0.024964120437915103,-0.030984903484203775,1.5469792776921545,0.03688916191458702,1.0,1.0,1.0,1.0,0.14433756,0.14433756,-0.14433756
647,22.0162,0.2555563151836395,0.13441570103168488,-0.8687407970428467,0.05186758562922478,-0.09138933569192886,-0.12550298869609833,-0.02342547495693262,-0.03244782156347093,1.5468574380722833,0.03572600334882736,1.0,1.0,1.0,1.0,0.14433756,0.14433756,-0.14433756
648,22.0499,0.25855711102485657,0.13136380910873413,-0.8740825653076172,0.061018653213977814,-0.08042152971029282,-0.13067032396793365,-0.02130212829743404,-0.03363706655121883,1.546694585771625,0.03522869572043419,1.0,1.0,1.0,1.0,0.14433756,0.14433756,-0.14433756
649,22.0839,0.26186367869377136,0.12877802550792694,-0.8795772790908813,0.06949801743030548,-0.06897987425327301,-0.13484220206737518,-0.019676176905778192,-0.034008852161772296,1.546579936686697,0.035514432936906815,0.9814026951789856,1.0,1.0,1.0,0.14253134,0.14523226,-0.14523226
650,22.118,0.2654745876789093,0.12669962644577026,-0.8851515054702759,0.0773528516292572,-0.057222869247198105,-0.1379808783531189,-0.018335060995679327,-0.033981760739464545,1.5464666191823142,0.036562997847795486,0.6460906863212585,1.0,1.0,1.0,0.103885815,0.16079138,-0.16079138
651,22.1519,0.26938173174858093,0.12514513731002808,-0.8907798528671265,0.08481919020414352,-0.045532673597335815,-0.14042267203330994,-0.01647299956744194,-0.033436087354485715,1.5463196126901417,0.03832809254527092,0.2788980007171631,1.0,1.0,1.0,0.048371017,0.17343622,-0.17343622
652,22.1859,0.2790067493915558,0.12363611906766891,-0.9037272930145264,0.0995425209403038,-0.019101334735751152,-0.14816349744796753,-0.01450637889779722,-0.032564041497323074,1.546208958346849,0.04470333456993103,-0.21845673024654388,1.0,1.0,1.0,-0.038165398,0.17470461,-0.17470461
653,22.2199,0.28356990218162537,0.12382355332374573,-0.9096602201461792,0.10522323101758957,-0.007539155427366495,-0.15336094796657562,-0.01242813432777535,-0.031814305474411525,1.546157958811974,0.04854277893900871,-1.0,1.0,0.5226149559020996,1.0,-0.16581668,0.16581668,-0.08665828
654,22.2539,0.28356990218162537,0.12382355332374573,-0.9096602201461792,0.10522323101758957,-0.007539155427366495,-0.15336094796657562,-0.010054154041078588,-0.031145034367123195,1.5461048287482269,0.04854277893900871,-1.0,1.0,0.5253229141235352,1.0,-0.16571327,0.16571327,-0.08705298
655,22.2881,0.29299232363700867,0.12562890350818634,-0.9217720031738281,0.11389955878257751,0.014670956879854202,-0.15116249024868011,-0.004925033738153974,-0.030072252742795832,1.5460568918486055,0.05782848596572876,-1.0,1.0,-0.2832377851009369,1.0,-0.1733345,0.1733345,0.049094878
656,22.3221,0.29771897196769714,0.12720626592636108,-0.9275146722793579,0.11586882919073105,0.025313356891274452,-0.1428155153989792,0.0010431362721461189,-0.029027061883480608,1.546039314985411,0.06279195100069046,-1.0,1.0,-0.763746976852417,1.0,-0.15554348,0.15554348,0.11879586
657,22.3557,0.30350083112716675,0.12979955971240997,-0.9340609312057495,0.11558713018894196,0.03779120743274689,-0.11723055690526962,0.006891316311175931,-0.02798075166426971,1.5460611529063497,0.06883364170789719,-1.0,1.0,-1.0,1.0,-0.14433756,0.14433756,0.14433756
658,22.3901,0.3079310655593872,0.13231293857097626,-0.9383125305175781,0.1130228340625763,0.04706895351409912,-0.08249153196811676,0.015164732084913523,-0.02629540345792669,1.5461036303257365,0.07304330915212631,-1.0,1.0,-1.0,1.0,-0.14433756,0.14433756,0.14433756
659,22.424,0.3121175467967987,0.1351972073316574,-0.9413622617721558,0.1084444671869278,0.055953603237867355,-0.04479754716157913,0.020980380987049636,-0.02480660902359913,1.5461622198697182,0.076341412961483,-1.0,1.0,-1.0,1.0,-0.14433756,0.14433756,0.14433756
660,22.4582,0.31597718596458435,0.1384143829345703,-0.943149209022522,0.10226431488990784,0.06435690075159073,-0.010782185941934586,0.025187703214400264,-0.02334675149899096,1.546214817301247,0.07862517982721329,-1.0,1.0,-1.0,1.0,-0.14433756,0.14433756,0.14433756
661,22.4919,0.3194277286529541,0.14195524156093597,-0.9437479972839355,0.09460043162107468,0.07244665175676346,0.018322909250855446,0.029817498497989134,-0.02115334913866108,1.5463204116384688,0.07991691678762436,-1.0,1.0,-1.0,1.0,-0.14433756,0.14433756,0.14433756
662,22.5261,0.322378009557724,0.14580680429935455,-0.9432550668716431,0.08556678146123886,0.08022716641426086,0.04314809292554855,0.03254593408250513,-0.01941128184288318,1.5464338623009062,0.08026575297117233,-1.0,1.0,-1.0,1.0,-0.14433756,0.14433756,0.14433756
663,22.5598,0.3253292739391327,0.15102164447307587,-0.9413563013076782,0.07287009805440903,0.08949144929647446,0.06906069815158844,0.03483462559499481,-0.01730239115467668,1.5465916545954934,0.07960732281208038,-1.0,0.6915253400802612,-1.0,1.0,-0.15880756,0.10981946,0.15880756
664,22.5942,0.3270960748195648,0.155475452542305,-0.9389646053314209,0.06190813332796097,0.09621575474739075,0.08621454983949661,0.035822171500277424,-0.01589449543994678,1.5467282747594144,0.07837165892124176,-1.0,0.2157195508480072,-1.0,1.0,-0.17475532,0.037698142,0.17475532
665,22.6279,0.3282809853553772,0.1602010875940323,-0.9358915090560913,0.0505327545106411,0.10255330055952072,0.102533720433712,0.036516087250622,-0.013851482618611516,1.5469121660326846,0.07660084217786789,-1.0,-0.3194586932659149,-1.0,1.0,-0.1724321,-0.05508493,0.1724321
666,22.6619,0.32890599966049194,0.1651688814163208,-0.932166576385498,0.03895789012312889,0.10836571455001831,0.11876992136240005,0.036726693358576826,-0.011764336224586596,1.547100185205644,0.07439882308244705,-1.0,-0.907607913017273,-1.0,1.0,-0.1487739,-0.13502836,0.1487739
667,22.6961,0.3289943039417267,0.1703452318906784,-0.9278488159179688,0.027094289660453796,0.1136159598827362,0.13235796988010406,0.03672424241813611,-0.009073068382034014,1.5473011207098906,0.07191567867994308,-1.0,-1.0,-1.0,1.0,-0.14433756,-0.14433756,0.14433756
668,22.7304,0.3285489082336426,0.17569495737552643,-0.9231165647506714,0.014989632181823254,0.11788521707057953,0.14053116738796234,0.036251839252648084,-0.0033493344277625114,1.5476674385178308,0.06939321011304855,-1.0,-1.0,-1.0,1.0,-0.14433756,-0.14433756,0.14433756
669,22.7641,0.3272463381290436,0.18253299593925476,-0.9170083999633789,-0.0003542463527992368,0.12109160423278809,0.1469055563211441,0.035357408278166566,0.0025013709329650222,1.5480079236631976,0.06660923361778259,-1.0,-1.0,-1.0,1.0,-0.14433756,-0.14433756,0.14433756
670,22.7988,0.3256131708621979,0.18800459802150726,-0.9118705987930298,-0.012451215647161007,0.12147849798202515,0.15060268342494965,0.033710343012493434,0.01030507479033179,1.5484553347263308,0.06470520049333572,-1.0,-1.0,-1.0,1.0,-0.14433756,-0.14433756,0.14433756
671,22.8328,0.32349008321762085,0.19334900379180908,-0.9065322875976562,-0.024017831310629845,0.11980369687080383,0.15353451669216156,0.032307260753374395,0.015518811835407167,1.5487329692699716,0.06318182498216629,-1.0,-1.0,-1.0,1.0,-0.14433756,-0.14433756,0.14433756
672,22.8672,0.3209831714630127,0.19849219918251038,-0.9010076522827148,-0.035302769392728806,0.11617074906826019,0.1560344696044922,0.030135519463442027,0.02215278564209198,1.549100352342348,0.0621604360640049,-1.0,-1.0,-1.0,1.0,-0.14433756,-0.14433756,0.14433756
673,22.9008,0.3180900514125824,0.20335513353347778,-0.8954228162765503,-0.04589659720659256,0.11078788340091705,0.15815216302871704,0.02832458656694496,0.026562343745315103,1.5493512221170336,0.06169423833489418,-1.0,-1.0,-1.0,1.0,-0.14433756,-0.14433756,0.14433756
674,22.9348,0.31484103202819824,0.20783735811710358,-0.889802098274231,-0.056074026972055435,0.10365278273820877,0.15984311699867249,0.026698179525071353,0.029775799220983376,1.5495284554875783,0.061740756034851074,-1.0,-1.0,-1.0,1.0,-0.14433756,-0.14433756,0.14433756
675,22.9689,0.3103473484516144,0.2128012776374817,-0.8827427625656128,-0.06799205392599106,0.09302613884210587,0.16141586005687714,0.024444308843834466,0.0332685287488385,1.5497676073534674,0.06243467703461647,-0.7096973061561584,-1.0,-0.9300036430358887,1.0,-0.1152841,-0.16244122,0.15107094
676,23.003,0.30643951892852783,0.21625658869743347,-0.8771364688873291,-0.07680235058069229,0.08339343965053558,0.16241203248500824,0.022697872299393154,0.03526378152109347,1.5499103527878957,0.06346213072538376,-0.28510016202926636,-1.0,-0.6410439014434814,1.0,-0.05834735,-0.20465562,0.13119324
677,23.0397,0.3023532032966614,0.21920141577720642,-0.8715764284133911,-0.08501650393009186,0.07301365584135056,0.16357100009918213,0.02048795417911558,0.036865535597532424,1.5500646829730658,0.06483398377895355,0.13415296375751495,-1.0,-0.3696165382862091,1.0,0.031212026,-0.23266,0.08599498
678,23.074,0.2981373965740204,0.2216005027294159,-0.8660814762115479,-0.09256676584482193,0.06200297549366951,0.16283077001571655,0.018584549255549313,0.03776846788155618,1.5501710762586145,0.06645804643630981,0.5612785816192627,-1.0,-0.08951747417449951,1.0,0.12199186,-0.21734636,0.019456297
679,23.1075,0.29383987188339233,0.22341978549957275,-0.8607670068740845,-0.0994420051574707,0.05040029436349869,0.15759414434432983,0.014741184401563542,0.03909037366169824,1.5502886548207415,0.06821849942207336,0.982848584651947,-1.0,0.21287575364112854,1.0,0.17325564,-0.17627908,-0.037525542
680,23.1419,0.28945210576057434,0.22470903396606445,-0.8558067083358765,-0.10537683963775635,0.038187649101018906,0.14370518922805786,0.010205291553832487,0.04013362124565555,1.5503811996686216,0.07003256678581238,1.0,-1.0,0.572116494178772,1.0,0.1638748,-0.1638748,-0.09375548
681,23.1759,0.2839169204235077,0.2254968285560608,-0.8504279851913452,-0.11104375123977661,0.02188350446522236,0.11604853719472885,0.005213730803291572,0.0407159463851366,1.5504453818508925,0.07205929607152939,1.0,-1.0,1.0,1.0,0.14433756,-0.14433756,-0.14433756
682,23.2098,0.27951371669769287,0.2254285216331482,-0.8471957445144653,-0.11320168524980545,0.007724554277956486,0.08454903215169907,-0.003000702714233221,0.040512256173637566,1.550522613522505,0.07316932827234268,1.0,-1.0,1.0,1.0,0.14433756,-0.14433756,-0.14433756
683,23.2441,0.27522239089012146,0.22474412620067596,-0.8451123237609863,-0.11307758092880249,-0.006391528062522411,0.04992542788386345,-0.00953954497379931,0.03942609840661636,1.5505943857138824,0.07362208515405655,1.0,-1.0,1.0,1.0,0.14433756,-0.14433756,-0.14433756
684,23.2779,0.27113792300224304,0.22347496449947357,-0.8442617654800415,-0.1105465516448021,-0.020323514938354492,0.01509123109281063,-0.014699250017367802,0.03792200744077765,1.55066083158308,0.0733083114027977,1.0,-1.0,1.0,1.0,0.14433756,-0.14433756,-0.14433756
685,23.3121,0.2673172056674957,0.22160443663597107,-0.8445844650268555,-0.10566888004541397,-0.03368585184216499,-0.015333564020693302,-0.020884675715969515,0.035143327577227025,1.5507523111665242,0.07216915488243103,1.0,-1.0,1.0,1.0,0.14433756,-0.14433756,-0.14433756
686,23.3464,0.263801246881485,0.21916420757770538,-0.8459138870239258,-0.09910527616739273,-0.0463535413146019,-0.04083829000592232,-0.025565374827081728,0.032081901149099444,1.5508563076070918,0.07027162611484528,1.0,-1.0,1.0,1.0,0.14433756,-0.14433756,-0.14433756
687,23.3799,0.2599547803401947,0.21546176075935364,-0.8486909866333008,-0.08881193399429321,-0.06075645238161087,-0.06648814678192139,-0.02835021949243697,0.02957620986144415,1.5509395313911567,0.06705819815397263,1.0,-1.0,1.0,1.0,0.14433756,-0.14433756,-0.14433756
688,23.414,0.2573893666267395,0.2120642066001892,-0.851645827293396,-0.0794730857014656,-0.07103679329156876,-0.08275406807661057,-0.030131942921321833,0.027450071043990186,1.5509870688166147,0.06394017487764359,1.0,-1.0,1.0,1.0,0.14433756,-0.14433756,-0.14433756
689,23.4477,0.25537070631980896,0.20832057297229767,-0.8551375865936279,-0.0693342387676239,-0.08048409968614578,-0.09590624272823334,-0.031739595483456395,0.024595869757589796,1.5510567104791202,0.060395676642656326,1.0,-1.0,1.0,1.0,0.14433756,-0.14433756,-0.14433756
690,23.4819,0.2539244592189789,0.2042468786239624,-0.858980655670166,-0.05869058892130852,-0.08916080743074417,-0.10644826292991638,-0.03240626584749269,0.022457544897554117,1.5511065115915048,0.05650715157389641,1.0,-0.7403831481933594,1.0,1.0,0.15661237,-0.115953155,-0.15661237
691,23.5164,0.25308528542518616,0.19986744225025177,-0.8631051778793335,-0.04755931720137596,-0.09694048017263412,-0.11501806229352951,-0.032587560538699836,0.020747227475397003,1.5510995873726705,0.052321333438158035,1.0,-0.1348426640033722,1.0,1.0,0.17597857,-0.02372942,-0.17597857
692,23.5502,0.2528553903102875,0.1951986700296402,-0.8674437999725342,-0.03630969673395157,-0.10417717695236206,-0.12230392545461655,-0.03235358935336876,0.018384300347521372,1.5511034489562512,0.04790709167718887,1.0,0.4726143479347229,1.0,1.0,0.16766201,0.07923947,-0.16766201
693,23.5839,0.2534313499927521,0.18906211853027344,-0.8731759786605835,-0.02185588888823986,-0.11221929639577866,-0.13235676288604736,-0.03203433875650631,0.01606624332282437,1.5510931957860543,0.04226764291524887,1.0,1.0,1.0,1.0,0.14433756,0.14433756,-0.14433756
694,23.6182,0.2564796805381775,0.17864885926246643,-0.8830190896987915,0.0015213203150779009,-0.12273330241441727,-0.14751176536083221,-0.03147738230700287,0.011745532850874416,1.5511111721234123,0.03377022221684456,1.0,1.0,1.0,1.0,0.14433756,0.14433756,-0.14433756
695,23.6521,0.2564796805381775,0.17864885926246643,-0.8830190896987915,0.0015213203150779009,-0.12273330241441727,-0.14751176536083221,-0.03083680676046015,0.007356359373260709,1.5511295479349338,0.03377022221684456,1.0,1.0,1.0,1.0,0.14433756,0.14433756,-0.14433756
696,23.6861,0.25879451632499695,0.17333202064037323,-0.8881654739379883,0.012979826889932156,-0.1259707510471344,-0.15019413828849792,-0.029719331883495292,0.0011582385365856965,1.5511931974849869,0.030719831585884094,1.0,1.0,1.0,1.0,0.14433756,0.14433756,-0.14433756
697,23.7199,0.2651267349720001,0.1627798229455948,-0.8985506296157837,0.03524645417928696,-0.12627528607845306,-0.15254446864128113,-0.02786258429387045,-0.006975213167594533,1.5512649696763645,0.029263345524668694,1.0,1.0,0.6911314725875854,1.0,0.15882501,0.15882501,-0.109768964
698,23.7539,0.2651267349720001,0.1627798229455948,-0.8985506296157837,0.03524645417928696,-0.12627528607845306,-0.15254446864128113,-0.026416059219469493,-0.01231134639159697,1.551284677068431,0.029263345524668694,1.0,1.0,0.6541372537612915,1.0,0.16044457,0.16044457,-0.10495277
699,23.7879,0.27470651268959045,0.1516484171152115,-0.910132646560669,0.05827045813202858,-0.1167658343911171,-0.14821238815784454,-0.024282509324044542,-0.01900314408345013,1.551277752849597,0.036334484815597534,0.07865746319293976,1.0,-0.28879085183143616,1.0,0.018838614,0.23950194,0.06916597
700,23.8217,0.27971309423446655,0.14718890190124512,-0.9150360822677612,0.06770046055316925,-0.10986503213644028,-0.14179198443889618,-0.022662410645003066,-0.023504393990766835,1.5512379385913002,0.04143707826733589,-0.4007885158061981,1.0,-0.698586106300354,1.0,-0.0780352,0.19470417,0.13601764
701,23.8554,0.2850564420223236,0.1431320309638977,-0.9194226264953613,0.07631295919418335,-0.10193390399217606,-0.1179514154791832,-0.021203612143047123,-0.02692254876631593,1.5511933306430414,0.04685935750603676,-0.44846490025520325,1.0,-0.7209159135818481,1.0,-0.08546694,0.19057666,0.13738975
702,23.8894,0.29068905115127563,0.13950863480567932,-0.9227526187896729,0.08418159931898117,-0.09306379407644272,-0.08140832930803299,-0.01761218752966935,-0.031334308138627566,1.5511045142206872,0.05186641588807106,-1.0,1.0,-1.0,1.0,-0.14433756,0.14433756,0.14433756
703,23.9233,0.29651662707328796,0.136322021484375,-0.9248021841049194,0.09082993119955063,-0.08331555128097534,-0.04431768134236336,-0.012754727342986934,-0.03422336770698357,1.551027548865184,0.05616043880581856,-1.0,1.0,-1.0,1.0,-0.14433756,0.14433756,0.14433756
704,23.9569,0.30406904220581055,0.1330076903104782,-0.9256037473678589,0.0971338078379631,-0.0696612000465393,-0.003498061327263713,-0.007717490258859258,-0.03607823860027775,1.5509271476920878,0.06055425480008125,-1.0,1.0,-1.0,1.0,-0.14433756,0.14433756,0.14433756
705,23.9912,0.31024426221847534,0.13090328872203827,-0.9249681234359741,0.10028042644262314,-0.057972315698862076,0.02408965677022934,0.0002818638723172126,-0.03734524165007215,1.5508039764916717,0.06344006955623627,-1.0,1.0,-1.0,1.0,-0.14433756,0.14433756,0.14433756
706,24.0251,0.31642594933509827,0.12930524349212646,-0.9232923984527588,0.10133274644613266,-0.04594551399350166,0.04751880466938019,0.006773874027995339,-0.03733325742516679,1.5507352669355476,0.06586551666259766,-1.0,1.0,-1.0,1.0,-0.14433756,0.14433756,0.14433756
707,24.0589,0.32251104712486267,0.12819446623325348,-0.9206801652908325,0.10044845193624496,-0.033887412399053574,0.06722765415906906,0.014247347990786884,-0.036438048308304265,1.5506714842274403,0.06793902814388275,-1.0,1.0,-1.0,1.0,-0.14433756,0.14433756,0.14433756
708,24.0931,0.3284374177455902,0.12757568061351776,-0.917292594909668,0.09765984863042831,-0.021967807784676552,0.08396033197641373,0.01885507232684172,-0.03543834756935896,1.550662163163625,0.06980253756046295,-1.0,1.0,-1.0,1.0,-0.14433756,0.14433756,0.14433756
709,24.1286,0.33410248160362244,0.12743787467479706,-0.9132457971572876,0.09334321320056915,-0.010186916217207909,0.09815380722284317,0.024384968205201536,-0.03365062786683221,1.550679340552656,0.07152198255062103,-1.0,1.0,-1.0,1.0,-0.14433756,0.14433756,0.14433756
710,24.1628,0.3407669961452484,0.12791581451892853,-0.9074037075042725,0.08584984391927719,0.004229248501360416,0.11272408068180084,0.027912745349121016,-0.032035050319860064,1.550728742190877,0.07359059900045395,-1.0,1.0,-1.0,1.0,-0.14433756,0.14433756,0.14433756
711,24.1972,0.3457091152667999,0.12882906198501587,-0.9022575616836548,0.07852128148078918,0.015211108140647411,0.12224723398685455,0.03035268984736498,-0.030547042350291917,1.550781872254624,0.07524790614843369,-1.0,1.0,-1.0,1.0,-0.14433756,0.14433756,0.14433756
712,24.231,0.3502500057220459,0.130288764834404,-0.8967232704162598,0.07030872255563736,0.02600124478340149,0.13033393025398254,0.03292023929312117,-0.02836568039092164,1.5508698897286513,0.07687634974718094,-1.0,1.0,-1.0,1.0,-0.14433756,0.14433756,0.14433756
713,24.2651,0.35431891679763794,0.13219323754310608,-0.8908506631851196,0.06137103959918022,0.03618098050355911,0.13701392710208893,0.03429698330517825,-0.026582775184303055,1.5509845388135792,0.07849843055009842,-1.0,1.0,-1.0,1.0,-0.14433756,0.14433756,0.14433756
714,24.2991,0.3578605651855469,0.1345478892326355,-0.8847324848175049,0.05196184292435646,0.04585212841629982,0.142698273062706,0.035239846360796384,-0.024418996329911104,1.5511310126735334,0.08010586351156235,-1.0,1.0,-0.9675039052963257,1.0,-0.14590065,0.14590065,0.14115946
715,24.3332,0.3608621656894684,0.13731442391872406,-0.8784129619598389,0.04210757836699486,0.055043499916791916,0.14736820757389069,0.03547670957262371,-0.022931217225749135,1.5512390038557362,0.08172407001256943,-1.0,1.0,-0.6022771596908569,1.0,-0.16264184,0.16264184,0.097955465
716,24.3674,0.36383023858070374,0.14124810695648193,-0.8705406188964844,0.02932806685566902,0.06579012423753738,0.15136611461639404,0.03536776131690425,-0.020880512446171666,1.5514284877672953,0.08378510177135468,-1.0,0.927764892578125,-0.1323205530643463,1.0,-0.18241584,0.16923901,0.024137367
717,24.401,0.3656027317047119,0.14475607872009277,-0.864219069480896,0.018907399848103523,0.07413991540670395,0.14889870584011078,0.034971682683782215,-0.019380778245428762,1.551581619529975,0.08547970652580261,-1.0,0.5864927768707275,0.30050423741340637,1.0,-0.2087486,0.12242954,-0.062729836
718,24.4351,0.36687591671943665,0.14853796362876892,-0.858129620552063,0.008109367452561855,0.08208483457565308,0.13867387175559998,0.034573467280004315,-0.018236411683237908,1.551732221289619,0.08721350878477097,-1.0,0.21718254685401917,0.775442361831665,1.0,-0.19471449,0.04228859,-0.15098986
719,24.4688,0.3676513433456421,0.1525842398405075,-0.8526428937911987,-0.0031002452597022057,0.08976174145936966,0.11283423751592636,0.03417418037000657,-0.016672003239600813,1.5519509999731689,0.0888579785823822,-1.0,-0.1821405589580536,1.0,1.0,-0.17532854,-0.031934436,-0.17532854
720,24.503,0.36791935563087463,0.156855970621109,-0.8483192920684814,-0.014598957262933254,0.09730806201696396,0.0741666853427887,0.034026651648589194,-0.014795517048990361,1.5521528675837968,0.09015445411205292,-1.0,-0.609856367111206,1.0,1.0,-0.16232654,-0.09899588,-0.16232654
721,24.538,0.3676943778991699,0.1613544225692749,-0.8454740047454834,-0.02628500759601593,0.10418836772441864,0.03300311043858528,0.03358724879407753,-0.01100030859735649,1.5524540711030848,0.09088999778032303,-1.0,-1.0,1.0,1.0,-0.14433756,-0.14433756,-0.14433756
722,24.5722,0.36675432324409485,0.16720442473888397,-0.8440289497375488,-0.04053853824734688,0.1112658903002739,-0.013679774478077888,0.03288583666138331,-0.00726356433387961,1.5527068050905333,0.0909050703048706,-1.0,-1.0,1.0,1.0,-0.14433756,-0.14433756,-0.14433756
723,24.6073,0.3655145466327667,0.1719871312379837,-0.8443686962127686,-0.051423750817775726,0.11517076194286346,-0.04255947470664978,0.031199903807957233,-0.0002697268374911539,1.5530892350230687,0.09025810658931732,-1.0,-1.0,1.0,1.0,-0.14433756,-0.14433756,-0.14433756
724,24.641,0.36384233832359314,0.1767861694097519,-0.8458245992660522,-0.06156989559531212,0.11689353734254837,-0.06502799689769745,0.029326199372329158,0.006088818489761789,1.5534101459344234,0.08911459147930145,-1.0,-1.0,1.0,1.0,-0.14433756,-0.14433756,-0.14433756
725,24.6749,0.3617376685142517,0.18154169619083405,-0.8482009172439575,-0.0711808055639267,0.11636374890804291,-0.08268816769123077,0.027471093371845,0.011629207846994895,1.5536358488368076,0.08758176118135452,-1.0,-1.0,1.0,1.0,-0.14433756,-0.14433756,-0.14433756
726,24.7088,0.35925742983818054,0.18618635833263397,-0.8512740135192871,-0.08009043335914612,0.1138746589422226,-0.09694157540798187,0.024806028537705277,0.018776740020685165,1.553955960799835,0.08583057671785355,-1.0,-1.0,1.0,1.0,-0.14433756,-0.14433756,-0.14433756
727,24.7429,0.35638535022735596,0.1906757354736328,-0.8549500703811646,-0.08831756561994553,0.10932503640651703,-0.10854356735944748,0.022708751728565048,0.023578810617883136,1.5541616899940436,0.08392936736345291,-1.0,-1.0,1.0,1.0,-0.14433756,-0.14433756,-0.14433756
728,24.778,0.3522975444793701,0.19590573012828827,-0.8601922988891602,-0.09760089218616486,0.10143767297267914,-0.1200656071305275,0.0209713678512354,0.027050211970477002,1.5543012396351639,0.08148205280303955,-1.0,-1.0,1.0,1.0,-0.14433756,-0.14433756,-0.14433756
729,24.8124,0.3486012816429138,0.19967100024223328,-0.8647537231445312,-0.10438888520002365,0.0935593768954277,-0.1271832436323166,0.01868040224884615,0.030906989377562144,1.5544521077109168,0.07948886603116989,-1.0,-1.0,1.0,1.0,-0.14433756,-0.14433756,-0.14433756
730,24.8482,0.3445458710193634,0.20302768051624298,-0.8695622682571411,-0.11061836034059525,0.08456148952245712,-0.13280867040157318,0.01661333879421341,0.03354196881376238,1.5546020436802883,0.07752323150634766,-1.0,-1.0,1.0,1.0,-0.14433756,-0.14433756,-0.14433756
731,24.882,0.34017619490623474,0.2059224396944046,-0.874549150466919,-0.11627226322889328,0.07476633787155151,-0.13716073334217072,0.015109457968429468,0.03492290522394173,1.5546971185312042,0.07563889771699905,-1.0,-1.0,1.0,1.0,-0.14433756,-0.14433756,-0.14433756
732,24.9156,0.33557698130607605,0.20833706855773926,-0.87962806224823,-0.12132478505373001,0.06445708870887756,-0.1407487541437149,0.013908875820697325,0.03564738490898416,1.5547650291390012,0.07392338663339615,-1.0,-1.0,1.0,1.0,-0.14433756,-0.14433756,-0.14433756
733,24.9498,0.33080172538757324,0.21031007170677185,-0.8847326040267944,-0.12591776251792908,0.05363156273961067,-0.1434960663318634,0.012345669960739967,0.036003640961431105,1.5548184255188573,0.07245893031358719,-1.0,-1.0,1.0,1.0,-0.14433756,-0.14433756,-0.14433756
734,24.984,0.32465630769729614,0.21220903098583221,-0.8909810781478882,-0.13110564649105072,0.04013483226299286,-0.14572300016880035,0.011227179753609515,0.03586459482420455,1.5548784798014386,0.0710582435131073,-1.0,-1.0,0.749363899230957,1.0,-0.15620282,-0.15620282,-0.11705276
735,25.0179,0.3196573853492737,0.21321077644824982,-0.895950198173523,-0.13461104035377502,0.029284421354532242,-0.14686737954616547,0.010339851929097943,0.0354768260859214,1.5549013829868132,0.0702790915966034,-1.0,-1.0,0.40443703532218933,1.0,-0.16996309,-0.16996309,-0.06873937
736,25.0519,0.3146195411682129,0.2137102335691452,-0.9009217023849487,-0.13777859508991241,0.018389081582427025,-0.14729228615760803,0.009219237434879233,0.03460484472719141,1.5549350719746027,0.06979648023843765,-0.8548255562782288,-1.0,0.0344788134098053,1.0,-0.16238809,-0.18996634,-0.006549814
737,25.086,0.3095918297767639,0.2136930227279663,-0.9058535099029541,-0.14059816300868988,0.007758732885122299,-0.143706277012825,0.008582467816011533,0.03383049110895344,1.5549534477861242,0.06960409879684448,-0.4688054323196411,-1.0,-0.3848831355571747,1.0,-0.10020821,-0.21375223,0.08226963
738,25.1198,0.2994682788848877,0.21217936277389526,-0.9144426584243774,-0.14520181715488434,-0.01213119551539421,-0.11305668205022812,0.008107717739812875,0.032987153296104015,1.5550024499501818,0.06943459063768387,0.3342861533164978,-1.0,-1.0,1.0,0.057509214,-0.17203589,0.17203589
739,25.1541,0.2994682788848877,0.21217936277389526,-0.9144426584243774,-0.14520181715488434,-0.01213119551539421,-0.11305668205022812,0.0077244576500314485,0.032636958015731604,1.5550245541872294,0.06943459063768387,0.332083523273468,-1.0,-1.0,1.0,0.057150148,-0.1720957,0.1720957
740,25.1878,0.2879384756088257,0.2083396017551422,-0.9197967052459717,-0.14916571974754333,-0.03281228989362717,-0.036417096853256226,0.006114623064308435,0.03239946646433458,1.5550623710747085,0.06778581440448761,0.8483211994171143,-1.0,-1.0,1.0,0.12860087,-0.15159455,0.15159455
741,25.2221,0.2827724814414978,0.2060011476278305,-0.9201301336288452,-0.15016399323940277,-0.041784390807151794,-0.000129799940623343,0.0030741864547450173,0.03191266766479792,1.5550783500412488,0.06601103395223618,1.0,-1.0,-1.0,1.0,0.14433756,-0.14433756,0.14433756
742,25.2557,0.27766305208206177,0.20328590273857117,-0.919182538986206,-0.15007750689983368,-0.05078612267971039,0.028304651379585266,-0.0005580721683585597,0.031187274598725372,1.555096859010825,0.06352082639932632,1.0,-1.0,-1.0,1.0,0.14433756,-0.14433756,0.14433756
743,25.2899,0.2726123631000519,0.2001965045928955,-0.9173018932342529,-0.14863041043281555,-0.05982542037963867,0.05098740756511688,-0.006913180759695751,0.029635581708996103,1.5551225585153443,0.06056729331612587,1.0,-1.0,-1.0,1.0,0.14433756,-0.14433756,0.14433756
744,25.3239,0.2676495313644409,0.19679176807403564,-0.9146268367767334,-0.14547111093997955,-0.06843992322683334,0.06983151286840439,-0.01241503282356892,0.028038446552572757,1.555132545369432,0.0573442280292511,1.0,-0.8275488615036011,-1.0,1.0,0.15257417,-0.12626259,0.15257417
745,25.3581,0.2616470754146576,0.19210602343082428,-0.910205602645874,-0.13927510380744934,-0.07866441458463669,0.08972218632698059,-0.01707935661486905,0.026509846182326914,1.5551611743511504,0.05310879275202751,1.0,-0.10396553575992584,-1.0,1.0,0.17630094,-0.018329222,0.17630094
746,25.3922,0.25708746910095215,0.1880817413330078,-0.9060550928115845,-0.13256730139255524,-0.08629351854324341,0.10446344316005707,-0.023059248695154695,0.024127502945628924,1.5551955291292123,0.04990673437714577,1.0,0.5352100133895874,-1.0,1.0,0.16533287,0.088487804,0.16533287
747,25.4261,0.25280144810676575,0.18382927775382996,-0.9014110565185547,-0.12444166094064713,-0.09337040781974792,0.11931733787059784,-0.028173674798705334,0.021007353815465094,1.5552650376336634,0.047064684331417084,1.0,1.0,-1.0,1.0,0.14433756,0.14433756,0.14433756
748,25.4597,0.24886025488376617,0.1793782114982605,-0.8963544368743896,-0.11510689556598663,-0.09960576891899109,0.1309162825345993,-0.03156435324194538,0.017030845471137573,1.555352123001309,0.04479182884097099,1.0,1.0,-1.0,1.0,0.14433756,0.14433756,0.14433756
749,25.4939,0.24530407786369324,0.1748051643371582,-0.8910613059997559,-0.1045689582824707,-0.10463999956846237,0.13751494884490967,-0.033872635633203946,0.012342201609539059,1.5554746284114527,0.04335083067417145,1.0,1.0,-1.0,1.0,0.14433756,0.14433756,0.14433756
750,25.5278,0.24222169816493988,0.17017552256584167,-0.8856350183486938,-0.09320220351219177,-0.10789802670478821,0.1421169936656952,-0.035939275686835255,0.004318367982502851,1.5556682402227016,0.042818717658519745,1.0,1.0,-1.0,1.0,0.14433756,0.14433756,0.14433756
751,25.5618,0.2390805184841156,0.16440357267856598,-0.8787590265274048,-0.07810786366462708,-0.10896725207567215,0.1464482694864273,-0.036695709143769434,-0.002365155184619648,1.5558397477969026,0.04340611770749092,1.0,1.0,-1.0,1.0,0.14433756,0.14433756,0.14433756
752,25.596,0.23711983859539032,0.15994320809841156,-0.8732266426086426,-0.06587272137403488,-0.10730348527431488,0.14927217364311218,-0.03689459318173871,-0.007932022968976002,1.5559678458453354,0.0447879359126091,1.0,1.0,-1.0,1.0,0.14433756,0.14433756,0.14433756
753,25.6295,0.23564545810222626,0.15574252605438232,-0.8676681518554688,-0.05341576039791107,-0.10350768268108368,0.15165242552757263,-0.03652488816578687,-0.014914373096202757,1.5560493385746919,0.046804070472717285,1.0,1.0,-0.6088656187057495,1.0,0.16236788,0.16236788,0.09886022
754,25.6638,0.234661266207695,0.15188726782798767,-0.8620935678482056,-0.041104335337877274,-0.09801533073186874,0.15368323028087616,-0.035832137548419206,-0.01958105836237573,1.5560792991369552,0.049259036779403687,1.0,1.0,-0.17087379097938538,1.0,0.17550027,0.17550027,0.029988399
755,25.6988,0.23414047062397003,0.14842192828655243,-0.8566195964813232,-0.028884464874863625,-0.0909116342663765,0.15043921768665314,-0.03467351059082882,-0.024264345733172363,1.5560348243467508,0.051966458559036255,1.0,1.0,0.33627715706825256,1.0,0.17198153,0.17198153,-0.05783346
756,25.733,0.23403587937355042,0.14538325369358063,-0.8514959812164307,-0.016537804156541824,-0.08231791108846664,0.13738173246383667,-0.033847855751498596,-0.026950518199545567,1.555982226915222,0.05469656363129616,1.0,1.0,0.9373160600662231,1.0,0.14735071,0.14735071,-0.1381142
757,25.7668,0.23443470895290375,0.1422487199306488,-0.8462573289871216,-0.0009189484408125281,-0.06957096606492996,0.10371283441781998,-0.03266762806075415,-0.03003477707283137,1.5558296277847603,0.057580601423978806,1.0,1.0,1.0,1.0,0.14433756,0.14433756,-0.14433756
758,25.8008,0.23520129919052124,0.140386164188385,-0.8433963060379028,0.01151591818779707,-0.05793347954750061,0.06534840911626816,-0.031573703434085075,-0.03162547070836809,1.5556931407788936,0.0589723102748394,1.0,1.0,1.0,1.0,0.14433756,0.14433756,-0.14433756
759,25.835,0.23635970056056976,0.1390908658504486,-0.8419010639190674,0.02362896129488945,-0.045631930232048035,0.02843976765871048,-0.030324021334349197,-0.03236086103150144,1.5555266932107639,0.059285081923007965,1.0,1.0,1.0,1.0,0.14433756,0.14433756,-0.14433756
760,25.8686,0.2378971129655838,0.13835418224334717,-0.8417081832885742,0.03495388850569725,-0.03312605991959572,-0.004283206537365913,-0.02821734855998803,-0.0325084937826489,1.5553116429527398,0.058465659618377686,1.0,1.0,1.0,1.0,0.14433756,0.14433756,-0.14433756
761,25.903,0.23981264233589172,0.1382124423980713,-0.8427207469940186,0.045551497489213943,-0.020540209487080574,-0.031690195202827454,-0.02638431766822711,-0.03199345091139519,1.5551258874667069,0.05650394409894943,1.0,1.0,1.0,1.0,0.14433756,0.14433756,-0.14433756
762,25.9374,0.24209605157375336,0.13863526284694672,-0.8447853326797485,0.055327847599983215,-0.008215750567615032,-0.05446594953536987,-0.024726693384950735,-0.03120810759247144,1.5549675625399015,0.05348370596766472,1.0,1.0,1.0,1.0,0.14433756,0.14433756,-0.14433756
763,25.9713,0.24535734951496124,0.13991472125053406,-0.8486365079879761,0.06643674522638321,0.006534283049404621,-0.07725381851196289,-0.02242415551538725,-0.029733130386893264,1.5547668933517642,0.048440225422382355,1.0,1.0,1.0,1.0,0.14433756,0.14433756,-0.14433756
764,26.0049,0.24828383326530457,0.14152520895004272,-0.8524655103683472,0.07466582208871841,0.0180379506200552,-0.09177590906620026,-0.020648274396143747,-0.028377071646365534,1.5546184221209922,0.043578341603279114,1.0,1.0,1.0,1.0,0.14433756,0.14433756,-0.14433756
765,26.0389,0.25141945481300354,0.14355280995368958,-0.8567501306533813,0.08205727487802505,0.028874756768345833,-0.10353769361972809,-0.018563699617046434,-0.026488732308309632,1.5544591650878055,0.03823133930563927,1.0,1.0,1.0,1.0,0.14433756,0.14433756,-0.14433756
766,26.0728,0.25476107001304626,0.14601083099842072,-0.8614116907119751,0.08890998363494873,0.03915732726454735,-0.11303505301475525,-0.01719603219893894,-0.025139687252183976,1.5543792702551031,0.03250940516591072,1.0,1.0,1.0,1.0,0.14433756,0.14433756,-0.14433756
767,26.1069,0.25827786326408386,0.14886954426765442,-0.866388201713562,0.0951513722538948,0.04887913912534714,-0.12088585644960403,-0.015413398509915867,-0.02314197521710988,1.554290986464967,0.026623664423823357,0.9845963716506958,1.0,1.0,1.0,0.1428439,0.14507863,-0.14507863
768,26.141,0.26198315620422363,0.15208011865615845,-0.8715665340423584,0.1007985845208168,0.058128561824560165,-0.12712885439395905,-0.014104922967927288,-0.02157351273489152,1.55422307585717,0.020935209468007088,0.6055219173431396,1.0,1.0,1.0,0.09840162,0.16250712,-0.16250712
769,26.177,0.2669055759906769,0.15653309226036072,-0.878227710723877,0.10716752707958221,0.0688372552394867,-0.13330873847007751,-0.01300196023830876,-0.02022147786432333,1.5541885879210535,0.015304622240364552,0.08205939829349518,1.0,1.0,1.0,0.014481831,0.17647986,-0.17647986
770,26.2109,0.2710336744785309,0.16047625243663788,-0.8837181329727173,0.11188764870166779,0.07683718204498291,-0.13886292278766632,-0.011394170356930492,-0.01843033142248771,1.5541746063253306,0.014101800508797169,-0.3630297780036926,1.0,1.0,1.0,-0.062159855,0.17122522,-0.17122522
771,26.245,0.2752997875213623,0.16472579538822174,-0.8894437551498413,0.11625974625349045,0.08455356955528259,-0.14536726474761963,-0.00951527067658216,-0.01725494943657044,1.5541738073770035,0.017262984067201614,-0.8325639367103577,0.5069431066513062,1.0,1.0,-0.14904697,0.09075379,-0.17902166
772,26.2789,0.27969685196876526,0.16921000182628632,-0.8954383134841919,0.12003270536661148,0.09165621548891068,-0.1522614061832428,-0.005839771315947347,-0.01607505568125955,1.5541935147690702,0.02347060665488243,-1.0,-0.08513489365577698,1.0,1.0,-0.17645724,-0.015022669,-0.17645724
773,26.3129,0.2841987609863281,0.1738281548023224,-0.901557207107544,0.1228814646601677,0.09845052659511566,-0.15843376517295837,-0.0020048482144833417,-0.01508039726333128,1.5541957784559968,0.03107772022485733,-1.0,-0.7530099153518677,1.0,1.0,-0.1560361,-0.11749672,-0.1560361
774,26.3469,0.2887980043888092,0.1785719096660614,-0.9078154563903809,0.124443918466568,0.10483377426862717,-0.1643667221069336,0.005178242101171664,-0.012414257802079815,1.5542148200577908,0.03942737355828285,-1.0,-1.0,1.0,1.0,-0.14433756,-0.14433756,-0.14433756
775,26.381,0.29456189274787903,0.18466949462890625,-0.9159202575683594,0.12398768961429596,0.11214473843574524,-0.16980305314064026,0.011543413488299613,-0.008528857134911475,1.5542624906413032,0.05055363476276398,-1.0,-1.0,0.823824405670166,1.0,-0.15274924,-0.15274924,-0.12583855
776,26.4155,0.29903772473335266,0.18964418768882751,-0.9223818778991699,0.12139040976762772,0.11672571301460266,-0.1709122359752655,0.016828329755291162,-0.003725721013203147,1.5543370591518253,0.05959802865982056,-1.0,-1.0,0.3796277940273285,1.0,-0.17073232,-0.17073232,-0.06481473
777,26.4499,0.303296834230423,0.19462619721889496,-0.9287614822387695,0.11667439341545105,0.11973544210195541,-0.16906243562698364,0.023247867079359556,0.0045204127037463205,1.5545174883156783,0.06858287006616592,-1.0,-1.0,-0.06563818454742432,1.0,-0.1765866,-0.1765866,0.0115908235
778,26.4838,0.307244211435318,0.19955883920192719,-0.9349914789199829,0.11030375957489014,0.12067092210054398,-0.16362816095352173,0.027370854485127938,0.011322801800905571,1.5546847348321353,0.07736006379127502,-1.0,-1.0,-0.5344033241271973,1.0,-0.16536406,-0.16536406,0.088371105
779,26.518,0.31080251932144165,0.20435310900211334,-0.9408456087112427,0.1025935485959053,0.11920566111803055,-0.15041114389896393,0.030411578996969356,0.01706265776259641,1.5548238849990919,0.08566085249185562,-1.0,-1.0,-1.0,1.0,-0.14433756,-0.14433756,0.14433756
780,26.5519,0.31397324800491333,0.2089218944311142,-0.945988655090332,0.09400486946105957,0.11596789211034775,-0.12707000970840454,0.03391412893134414,0.024458209296367918,1.5550402668376608,0.09317311644554138,-1.0,-1.0,-1.0,1.0,-0.14433756,-0.14433756,0.14433756
781,26.586,0.3173823952674866,0.21429771184921265,-0.950965166091919,0.08211026340723038,0.10934571921825409,-0.08474744111299515,0.03589785520950611,0.02929493635784515,1.555160774876987,0.10110170394182205,-1.0,-1.0,-1.0,1.0,-0.14433756,-0.14433756,0.14433756
782,26.6199,0.3211698532104492,0.22190603613853455,-0.9542369842529297,0.061193495988845825,0.09427989274263382,-0.011907429434359074,0.03720923318096396,0.03373089304537368,1.555286875554602,0.10922633856534958,-1.0,-1.0,-1.0,1.0,-0.14433756,-0.14433756,0.14433756
783,26.6554,0.3222208619117737,0.22518356144428253,-0.9537700414657593,0.049736201763153076,0.085224449634552,0.017659947276115417,0.0375145063432927,0.035888425954771555,1.5553483945757829,0.11122684925794601,-1.0,-1.0,-1.0,1.0,-0.14433756,-0.14433756,0.14433756
784,26.6891,0.3226888179779053,0.22804631292819977,-0.9522218704223633,0.03810436278581619,0.07526691257953644,0.04280105233192444,0.03728245762737353,0.03792549867851918,1.5554152399191439,0.11208051443099976,-1.0,-1.0,-1.0,1.0,-0.14433756,-0.14433756,0.14433756
785,26.723,0.32264232635498047,0.23045414686203003,-0.9497706890106201,0.026270560920238495,0.06490872800350189,0.06410772353410721,0.036676692509110584,0.038789569616573795,1.5554570515482582,0.11193718016147614,-1.0,-1.0,-1.0,1.0,-0.14433756,-0.14433756,0.14433756
786,26.7569,0.3219309449195862,0.2328300178050995,-0.9456121921539307,0.011739050969481468,0.051423609256744385,0.0862807035446167,0.03589957378064706,0.039108204357434166,1.5554912731682657,0.11053938418626785,-1.0,-1.0,-1.0,1.0,-0.14433756,-0.14433756,0.14433756
787,26.791,0.3209169805049896,0.2341499775648117,-0.9416712522506714,0.00017301688785664737,0.04036327823996544,0.10069601982831955,0.0344950621530367,0.0389618470107775,1.5555260274204912,0.10861728340387344,-1.0,-1.0,-1.0,1.0,-0.14433756,-0.14433756,0.14433756
788,26.825,0.31946027278900146,0.23500749468803406,-0.9373455047607422,-0.011086570098996162,0.029232200235128403,0.11280249804258347,0.033192641141338845,0.03844496073270674,1.5555442700739583,0.10611234605312347,-1.0,-1.0,-1.0,1.0,-0.14433756,-0.14433756,0.14433756
789,26.8589,0.31752002239227295,0.23536299169063568,-0.9326741695404053,-0.021793626248836517,0.018241897225379944,0.12296465784311295,0.031388557562270325,0.037433537923775885,1.5555678390496055,0.1030157282948494,-1.0,-1.0,-1.0,1.0,-0.14433756,-0.14433756,0.14433756
790,26.8929,0.3151584565639496,0.23526230454444885,-0.9277775287628174,-0.032325807958841324,0.007396982982754707,0.1311635673046112,0.030066518624073755,0.036531179883862175,1.5556036585662671,0.09946411103010178,-1.0,-1.0,-1.0,1.0,-0.14433756,-0.14433756,0.14433756
791,26.9273,0.31245434284210205,0.23474226891994476,-0.9227073192596436,-0.04226355254650116,-0.003118236782029271,0.13805948197841644,0.028131998408240197,0.035028229083865166,1.5556424075601276,0.09555479884147644,-1.0,-1.0,-1.0,1.0,-0.14433756,-0.14433756,0.14433756
792,26.9612,0.30871742963790894,0.23350878059864044,-0.9161039590835571,-0.053995005786418915,-0.0159150343388319,0.14490002393722534,0.026555088711939238,0.033702472123115494,1.5556843523472965,0.09023010730743408,-1.0,-1.0,-1.0,1.0,-0.14433756,-0.14433756,0.14433756
793,26.995,0.30545341968536377,0.23205965757369995,-0.9106842279434204,-0.06288561224937439,-0.02571064978837967,0.1491757184267044,0.025199552200656516,0.032496990175096524,1.5557264302925198,0.08569392561912537,-0.7198622822761536,-1.0,-1.0,1.0,-0.113408126,-0.15754142,0.15754142
794,27.0289,0.30194091796875,0.2302251011133194,-0.9051427841186523,-0.07125557214021683,-0.035182055085897446,0.15278226137161255,0.02327617564950926,0.030677992893923558,1.5557729024535416,0.08097096532583237,-0.416503369808197,-1.0,-1.0,1.0,-0.070628695,-0.16957533,0.16957533
795,27.0627,0.29821306467056274,0.228033646941185,-0.8994579315185547,-0.07886593788862228,-0.044269245117902756,0.15708927810192108,0.021717500284296937,0.02925073412553364,1.5558056593349496,0.0761418342590332,-0.08490447700023651,-1.0,-1.0,1.0,-0.014982156,-0.17645897,0.17645897
796,27.0985,0.2942458391189575,0.22552981972694397,-0.8936061859130859,-0.08600303530693054,-0.05274483561515808,0.16215945780277252,0.019293345418484698,0.02765090667969579,1.5558719720460925,0.07131795585155487,0.2806091010570526,-1.0,-1.0,1.0,0.04865657,-0.17339627,0.17339627
797,27.1323,0.29005882143974304,0.22270959615707397,-0.8875702619552612,-0.09249670058488846,-0.06087189540266991,0.16793806850910187,0.01704336961034205,0.026700297570375807,1.5559188436812779,0.06661780178546906,0.6762964129447937,-1.0,-1.0,1.0,0.10785523,-0.15947923,0.15947923
798,27.1658,0.28459444642066956,0.21876148879528046,-0.8796678781509399,-0.09947572648525238,-0.07065741717815399,0.17418456077575684,0.013600125984789272,0.025765946227272924,1.5559956758787268,0.06119782477617264,1.0,-1.0,-1.0,1.0,0.14433756,-0.14433756,0.14433756
799,27.1999,0.2800725996494293,0.2152789980173111,-0.8732657432556152,-0.10372505336999893,-0.07819152623414993,0.17632311582565308,0.00798391767967837,0.02464139524806794,1.5560846254591354,0.057530563324689865,1.0,-1.0,-1.0,1.0,0.14433756,-0.14433756,0.14433756
800,27.234,0.27559027075767517,0.21145951747894287,-0.866796612739563,-0.10628893971443176,-0.08553124964237213,0.1751093715429306,0.0032096029946890427,0.023693522120649096,1.556145611848098,0.05464256554841995,1.0,-1.0,-0.790663480758667,1.0,0.15429898,-0.15429898,0.12199857
801,27.268,0.2712549567222595,0.2073928266763687,-0.8602935075759888,-0.10688777267932892,-0.0927593931555748,0.1731702983379364,-0.0042141398157115005,0.022052267955698302,1.5562346945865613,0.05280346795916557,1.0,-1.0,-0.3020739257335663,1.0,0.17287698,-0.17287698,0.05222163
802,27.3019,0.26711782813072205,0.20314183831214905,-0.853863000869751,-0.10548923909664154,-0.09945289045572281,0.1688910871744156,-0.009984436436870055,0.020642184495744793,1.556291153601671,0.05215511843562126,1.0,-1.0,0.22804924845695496,1.0,0.17452219,-0.17452219,-0.039799653
803,27.336,0.2631821632385254,0.198722243309021,-0.8476519584655762,-0.10214164853096008,-0.10579712688922882,0.15893931686878204,-0.014727046761245505,0.019471710632492756,1.556337093130475,0.052647292613983154,1.0,-0.7042536735534668,0.8196969032287598,1.0,0.16979416,-0.11957816,-0.13917975
804,27.3698,0.258604496717453,0.1930166631937027,-0.8410021066665649,-0.09498888999223709,-0.11313903331756592,0.1261157989501953,-0.020794159447825845,0.018102340247703835,1.5564117947990517,0.05419747158885002,1.0,0.14704817533493042,1.0,1.0,0.17582875,0.0258553,-0.17582875
805,27.404,0.25530579686164856,0.18824300169944763,-0.8368848562240601,-0.08719100803136826,-0.11907006800174713,0.08718515932559967,-0.024866813108991734,0.01708131549468648,1.5564659901272346,0.05554460734128952,1.0,0.8260109424591064,1.0,1.0,0.15264648,0.12608767,-0.15264648
806,27.4379,0.2523787021636963,0.18329113721847534,-0.8342317342758179,-0.07774168252944946,-0.12476246803998947,0.04451458528637886,-0.027777760532556827,0.015740768627211157,1.5565147259751833,0.05640492960810661,1.0,1.0,1.0,1.0,0.14433756,0.14433756,-0.14433756
807,27.4722,0.24987934529781342,0.17816010117530823,-0.8331038951873779,-0.0671146959066391,-0.12976479530334473,0.00534739438444376,-0.03084714315444102,0.011812632026776803,1.5566694556345169,0.0565066821873188,1.0,1.0,1.0,1.0,0.14433756,0.14433756,-0.14433756
808,27.5059,0.24785737693309784,0.17284706234931946,-0.8333389759063721,-0.05592886358499527,-0.13366033136844635,-0.026343580335378647,-0.03221754967534155,0.006368159641124531,1.5568434932117534,0.05584356188774109,1.0,1.0,1.0,1.0,0.14433756,0.14433756,-0.14433756
809,27.5401,0.24629998207092285,0.1673436462879181,-0.8347680568695068,-0.04437541216611862,-0.1357383131980896,-0.05153198167681694,-0.032727634489659596,-0.00202585233713539,1.557083843500133,0.05453687161207199,1.0,1.0,1.0,1.0,0.14433756,0.14433756,-0.14433756
810,27.5741,0.24511674046516418,0.16039608418941498,-0.8379740715026855,-0.029658444225788116,-0.13524140417575836,-0.0762406438589096,-0.03252054874777072,-0.007890819913782734,1.5572212626123811,0.052225399762392044,1.0,1.0,1.0,1.0,0.14433756,0.14433756,-0.14433756
811,27.6077,0.24470411241054535,0.15494641661643982,-0.8413046598434448,-0.01816253550350666,-0.13225023448467255,-0.09172224998474121,-0.03166244703562816,-0.015462042811701845,1.5574023575665066,0.05023536458611488,1.0,1.0,1.0,1.0,0.14433756,0.14433756,-0.14433756
812,27.6419,0.24482625722885132,0.14964622259140015,-0.8452401161193848,-0.0067720673978328705,-0.12719139456748962,-0.10422138124704361,-0.030655066822008258,-0.020551526747168213,1.5574625450071424,0.04819637909531593,1.0,1.0,1.0,1.0,0.14433756,0.14433756,-0.14433756
813,27.6758,0.2454795241355896,0.14460228383541107,-0.8496017456054688,0.004298275336623192,-0.12040447443723679,-0.11415153741836548,-0.029631193734981277,-0.024250540987990583,1.5574966334690954,0.04627961665391922,1.0,1.0,1.0,1.0,0.14433756,0.14433756,-0.14433756
814,27.7101,0.24659986793994904,0.13990285992622375,-0.8542717695236206,0.015056594274938107,-0.1121857762336731,-0.12222154438495636,-0.02794716670621029,-0.02837491406976365,1.557444169195621,0.04463210329413414,1.0,1.0,1.0,1.0,0.14433756,0.14433756,-0.14433756
815,27.7444,0.24815067648887634,0.13560061156749725,-0.8591759204864502,0.025390155613422394,-0.10300125926733017,-0.12867853045463562,-0.02652692370281705,-0.03070846736305355,1.5573797206972408,0.04333701729774475,1.0,1.0,1.0,1.0,0.14433756,0.14433756,-0.14433756
816,27.7782,0.2506505846977234,0.1309194266796112,-0.8656089305877686,0.037648461759090424,-0.09012711048126221,-0.13491356372833252,-0.025256529283822,-0.03215939705622615,1.5573026221836832,0.042226746678352356,1.0,1.0,1.0,1.0,0.14433756,0.14433756,-0.14433756
817,27.8119,0.25305068492889404,0.12777628004550934,-0.870806097984314,0.0468374527990818,-0.07919832319021225,-0.13859343528747559,-0.023418536173936202,-0.0334306902920891,1.5571723936063782,0.04179865121841431,1.0,1.0,1.0,1.0,0.14433756,0.14433756,-0.14433756
818,27.8461,0.25574392080307007,0.1252116560935974,-0.8760489225387573,0.05552604794502258,-0.06773244589567184,-0.1416022926568985,-0.021982312123407885,-0.03382894314656983,1.5570562797828509,0.04175081476569176,1.0,1.0,1.0,1.0,0.14433756,0.14433756,-0.14433756
819,27.8798,0.2586851418018341,0.12319424748420715,-0.8812915086746216,0.06369459629058838,-0.05594847723841667,-0.14375600218772888,-0.02019771539337818,-0.033724790661407114,1.5568987538043726,0.042095787823200226,1.0,1.0,1.0,1.0,0.14433756,0.14433756,-0.14433756
820,27.9139,0.2619483172893524,0.12178207188844681,-0.8865364789962769,0.07158119976520538,-0.04411870241165161,-0.14532119035720825,-0.018974987396706344,-0.033336258344905174,1.5567861020902622,0.04271509498357773,0.9511829614639282,1.0,1.0,1.0,0.13952428,0.146685,-0.146685
821,27.9481,0.2654997408390045,0.1209498792886734,-0.8917360305786133,0.07877098768949509,-0.03224428370594978,-0.146505206823349,-0.01729849836217704,-0.03239115240830649,1.556660534044865,0.04362697899341583,0.6252571940422058,1.0,1.0,1.0,0.101091295,0.16167955,-0.16167955
822,27.9817,0.27036118507385254,0.1207682192325592,-0.8981794118881226,0.08749838173389435,-0.017603032290935516,-0.147748664021492,-0.016008735688035472,-0.031412796489379245,1.5565826365829802,0.04514872282743454,0.16594095528125763,1.0,1.0,1.0,0.029134614,0.17557217,-0.17557217
823,28.016,0.27450039982795715,0.12124989926815033,-0.9031997919082642,0.09385420382022858,-0.005959923844784498,-0.14923901855945587,-0.014830704064893034,-0.030453717279436056,1.5565385612669393,0.04672054201364517,-0.2390623837709427,1.0,0.9356200695037842,1.0,-0.042991985,0.17983584,-0.16825801
824,28.0502,0.27885496616363525,0.12224678695201874,-0.9081408977508545,0.09983950108289719,0.0054167634807527065,-0.15308724343776703,-0.012394886426041392,-0.02915152097195518,1.5564952848992255,0.04867102950811386,-0.690660297870636,1.0,0.705919623374939,1.0,-0.12285256,0.17787696,-0.12556684
825,28.0839,0.2833849787712097,0.12370074540376663,-0.9130755662918091,0.1054026335477829,0.01647110842168331,-0.15785986185073853,-0.009413109320453198,-0.028215838048307254,1.556475577507159,0.05111082270741463,-1.0,1.0,0.47086867690086365,1.0,-0.16772415,0.16772415,-0.07897605
826,28.1184,0.29285043478012085,0.12786607444286346,-0.9231632947921753,0.11347485333681107,0.03752349317073822,-0.1579168140888214,-0.004045316208546493,-0.027079839637604134,1.5564521416895662,0.05774092301726341,-1.0,1.0,0.1879086196422577,1.0,-0.17523658,0.17523658,-0.032928463
827,28.152,0.29285043478012085,0.12786607444286346,-0.9231632947921753,0.11347485333681107,0.03752349317073822,-0.1579168140888214,0.000904814571952413,-0.026230830123870678,1.5564566690634194,0.05774092301726341,-1.0,1.0,-0.1859283745288849,1.0,-0.17526846,0.17526846,0.03258738
828,28.1868,0.3037106692790985,0.1342184841632843,-0.9336535930633545,0.11489442735910416,0.05908225104212761,-0.12714558839797974,0.00895198713889518,-0.024843219166209313,1.5564823685679388,0.06686805188655853,-1.0,1.0,-0.7661185264587402,1.0,-0.15543437,0.15543437,0.11908115
829,28.2206,0.30840763449668884,0.13749967515468597,-0.9373571872711182,0.1123340055346489,0.06765224784612656,-0.10329975932836533,0.01546250886489261,-0.023650025209907537,1.5565264438839794,0.07073146849870682,-1.0,1.0,-1.0,1.0,-0.14433756,0.14433756,0.14433756
830,28.2546,0.3129180669784546,0.14102131128311157,-0.9400628805160522,0.10801658034324646,0.07575888186693192,-0.07108744233846664,0.02067768776202691,-0.022558020972055764,1.556575712364146,0.07400739938020706,-1.0,1.0,-1.0,1.0,-0.14433756,0.14433756,0.14433756
831,28.2889,0.3172112703323364,0.14472569525241852,-0.9415140151977539,0.10228332132101059,0.08320162445306778,-0.0355069562792778,0.026842123381990136,-0.020810870783666092,1.5566522782454857,0.0764380395412445,-1.0,1.0,-1.0,1.0,-0.14433756,0.14433756,0.14433756
832,28.3229,0.32121944427490234,0.14861278235912323,-0.941704273223877,0.09516580402851105,0.09029892086982727,-0.0030869918409734964,0.03048924135166419,-0.01912962967106668,1.55671419674083,0.07798288762569427,-1.0,1.0,-1.0,1.0,-0.14433756,0.14433756,0.14433756
833,28.357,0.3256853222846985,0.15367652475833893,-0.9403570890426636,0.084746815264225,0.09857091307640076,0.030997077003121376,0.032905949769397216,-0.017630082723837922,1.5567703894398308,0.07879050821065903,-1.0,0.4542081654071808,-1.0,1.0,-0.16830896,0.0764473,0.16830896
834,28.391,0.32879024744033813,0.15784673392772675,-0.9382089376449585,0.07530512660741806,0.1045357882976532,0.05417971312999725,0.03524421144827059,-0.015479566619734028,1.5568730542998532,0.07872065156698227,-1.0,-0.030210882425308228,-1.0,1.0,-0.17673637,-0.0053393617,0.17673637
835,28.4249,0.33139538764953613,0.16208523511886597,-0.9351285696029663,0.06536968797445297,0.10999061167240143,0.0766526609659195,0.03642333434328158,-0.013616913262332478,1.556979447585402,0.07801986485719681,-1.0,-0.5313612222671509,-1.0,1.0,-0.16548148,-0.08793044,0.16548148
836,28.4589,0.33346593379974365,0.1663629710674286,-0.931243896484375,0.05485720559954643,0.11470438539981842,0.09707561135292053,0.037456853066881686,-0.01028748752416426,1.5571711951838878,0.07681042701005936,-1.0,-1.0,-1.0,1.0,-0.14433756,-0.14433756,0.14433756
837,28.493,0.33496716618537903,0.17065976560115814,-0.9266695976257324,0.04387633875012398,0.11854143440723419,0.11275376379489899,0.0378798004986891,-0.0069071163465806665,1.557346164867506,0.07520570605993271,-1.0,-1.0,-1.0,1.0,-0.14433756,-0.14433756,0.14433756
838,28.5272,0.33586689829826355,0.174936443567276,-0.9216151237487793,0.03229470178484917,0.12113555520772934,0.12272549420595169,0.03786843629097503,-0.000414296969639671,1.5576401778518507,0.07337712496519089,-1.0,-1.0,-1.0,1.0,-0.14433756,-0.14433756,0.14433756
839,28.5607,0.3361364006996155,0.18021783232688904,-0.9147679805755615,0.01741819828748703,0.1218150332570076,0.13170479238033295,0.03724045458355594,0.0056758261829744985,1.5579371203133945,0.07093172520399094,-1.0,-1.0,-1.0,1.0,-0.14433756,-0.14433756,0.14433756
840,28.5942,0.3357103168964386,0.18433906137943268,-0.9090977907180786,0.005665093194693327,0.12001828849315643,0.13744229078292847,0.03634090118516522,0.011072290928788888,1.558188522720298,0.06905455887317657,-1.0,-1.0,-1.0,1.0,-0.14433756,-0.14433756,0.14433756
841,28.6277,0.33474379777908325,0.1883116066455841,-0.9032886028289795,-0.005718259606510401,0.11647330224514008,0.14213348925113678,0.03472886689079964,0.01825140028674801,1.5585355326103354,0.06730470806360245,-1.0,-1.0,-1.0,1.0,-0.14433756,-0.14433756,0.14433756
842,28.6618,0.3333161175251007,0.19207870960235596,-0.8973802328109741,-0.016902152448892593,0.11092580854892731,0.14596743881702423,0.033194526160047914,0.023196913317565775,1.5587905302847105,0.06577206403017044,-1.0,-1.0,-1.0,1.0,-0.14433756,-0.14433756,0.14433756
843,28.6954,0.33141615986824036,0.1955181509256363,-0.8913955688476562,-0.027680853381752968,0.10380726307630539,0.14905771613121033,0.031791123489360223,0.026877818062975605,1.5589838757798502,0.06441960483789444,-1.0,-1.0,-1.0,1.0,-0.14433756,-0.14433756,0.14433756
844,28.7289,0.3291150629520416,0.19860656559467316,-0.8853391408920288,-0.03804474696516991,0.09533186256885529,0.1516668200492859,0.029706026481017903,0.031033836988639377,1.5592059834147627,0.06330845504999161,-1.0,-1.0,-0.8968874216079712,1.0,-0.14928614,-0.14928614,0.13389286
845,28.7628,0.32578203082084656,0.20186734199523926,-0.8777633905410767,-0.050156839191913605,0.08340543508529663,0.15415523946285248,0.028020345379538625,0.03346725050042884,1.5593533893810987,0.06230435147881508,-1.0,-1.0,-0.5023914575576782,1.0,-0.16657795,-0.16657795,0.08368734
846,28.7979,0.3227892816066742,0.20396895706653595,-0.871637225151062,-0.05932639539241791,0.07301818579435349,0.1542874425649643,0.026565077646621638,0.03500732326930804,1.5594414068551257,0.06181753799319267,-1.0,-1.0,-0.17355826497077942,1.0,-0.17546031,-0.17546031,0.030452587
847,28.8317,0.3195437490940094,0.2056020051240921,-0.8656536340713501,-0.06810911744832993,0.061757177114486694,0.1466245800256729,0.024623239979574166,0.03651279158877302,1.5595896117697887,0.06161123514175415,-1.0,-1.0,0.21025994420051575,1.0,-0.17485471,-0.17485471,-0.036764942
848,28.8658,0.3160807192325592,0.20675912499427795,-0.8601443767547607,-0.07658165693283081,0.049810051918029785,0.131536066532135,0.023362774158018067,0.0373163588358124,1.5596635144900384,0.06158212572336197,-1.0,-1.0,0.6163541078567505,1.0,-0.1620546,-0.1620546,-0.09988302
849,28.8998,0.31242430210113525,0.20742444694042206,-0.8553210496902466,-0.08467554301023483,0.037339359521865845,0.10899845510721207,0.022064248019414458,0.037901634258438545,1.5597440751130132,0.0615442618727684,-0.7018173933029175,-1.0,1.0,1.0,-0.11113284,-0.15835008,-0.15835008
850,28.9339,0.308572918176651,0.20762701332569122,-0.8514506816864014,-0.09244721382856369,0.024563878774642944,0.07850059121847153,0.021234431990880986,0.0379526795663948,1.559788416745163,0.0612742155790329,-0.38114649057388306,-1.0,1.0,1.0,-0.065056495,-0.17068633,-0.17068633
851,28.9679,0.3034411668777466,0.20717284083366394,-0.8482770919799805,-0.10179288685321808,0.007956753484904766,0.03181670606136322,0.019685743479756462,0.03741658107777265,1.5598247688940428,0.06017482653260231,0.036897655576467514,-1.0,1.0,1.0,0.006520427,-0.17671657,-0.17671657
852,29.0019,0.29907119274139404,0.20624293386936188,-0.8472559452056885,-0.1087304949760437,-0.005025544669479132,-0.004946852568536997,0.01771781515640462,0.03657681980704341,1.5598511341888344,0.05844549834728241,0.39999765157699585,-1.0,1.0,1.0,0.06804101,-0.17010354,-0.17010354
853,29.0361,0.294479638338089,0.20483042299747467,-0.8475196361541748,-0.11492173373699188,-0.01760375127196312,-0.03753335028886795,0.015365344056699448,0.03565699725604367,1.559875901586972,0.055938415229320526,0.790785014629364,-1.0,1.0,1.0,0.12201285,-0.15429333,-0.15429333
854,29.0727,0.2896832227706909,0.20298093557357788,-0.8489233255386353,-0.11992543935775757,-0.029615525156259537,-0.0652134120464325,0.010706663878256228,0.03414218290562819,1.5599063947814535,0.052771713584661484,1.0,-1.0,1.0,1.0,0.14433756,-0.14433756,-0.14433756
855,29.107,0.2847275137901306,0.20072373747825623,-0.8513439893722534,-0.12374209612607956,-0.04094410687685013,-0.08675189316272736,0.004262699073193137,0.03237311365311041,1.5599576606324377,0.049112655222415924,1.0,-1.0,1.0,1.0,0.14433756,-0.14433756,-0.14433756
856,29.1409,0.2796882688999176,0.19807544350624084,-0.8545491695404053,-0.12570820748806,-0.051754213869571686,-0.10262779146432877,-0.0018074140908770717,0.030644923923325337,1.5599866890883194,0.04523508995771408,1.0,-1.0,1.0,1.0,0.14433756,-0.14433756,-0.14433756
857,29.1752,0.27341988682746887,0.1942375749349594,-0.8592644929885864,-0.12547825276851654,-0.06429073214530945,-0.11660715937614441,-0.007259943579124134,0.028948519437269286,1.5600207775502726,0.04058147966861725,1.0,-0.8531241416931152,1.0,1.0,0.1513673,-0.1291351,-0.1513673
858,29.2089,0.26853975653648376,0.19079910218715668,-0.8634008169174194,-0.12283959239721298,-0.07359470427036285,-0.12490156292915344,-0.014553873671065802,0.026372872317323576,1.5600998734346478,0.03742391616106033,1.0,-0.17629137635231018,1.0,1.0,0.17541902,-0.030924859,-0.17541902
859,29.243,0.2638510465621948,0.18704260885715485,-0.8677818775177002,-0.11830336600542068,-0.08212365955114365,-0.1316392868757248,-0.019610028561608747,0.024325687903812055,1.5601789693190231,0.03507865592837334,1.0,0.4498639702796936,1.0,1.0,0.16845895,0.07578362,-0.16845895
860,29.2779,0.25939998030662537,0.1829957365989685,-0.8723592758178711,-0.1119207888841629,-0.08990839868783951,-0.13859805464744568,-0.023422385273949207,0.02238405621563014,1.560241819920749,0.033830974251031876,1.0,1.0,1.0,1.0,0.14433756,0.14433756,-0.14433756
861,29.3117,0.255236953496933,0.17866526544094086,-0.8771781921386719,-0.10416413843631744,-0.09724315255880356,-0.14686319231987,-0.027965775544327217,0.018383409853031878,1.5603317016075393,0.03386009857058525,1.0,1.0,1.0,1.0,0.14433756,0.14433756,-0.14433756
862,29.3459,0.25142163038253784,0.17409707605838776,-0.882203221321106,-0.09525679796934128,-0.10354811698198318,-0.15285427868366241,-0.0307811550160559,0.01331404942855242,1.5604629954492801,0.03522694110870361,1.0,1.0,1.0,1.0,0.14433756,0.14433756,-0.14433756
863,29.3798,0.24718508124351501,0.16812463104724884,-0.8887190818786621,-0.0827552080154419,-0.10928396880626678,-0.1557038128376007,-0.03299630999294576,0.0050765343146658565,1.5606733851753964,0.03864365443587303,1.0,1.0,1.0,1.0,0.14433756,0.14433756,-0.14433756
864,29.4141,0.24425867199897766,0.16318446397781372,-0.8939162492752075,-0.07197051495313644,-0.111540287733078,-0.1566437929868698,-0.03380708233909056,-0.0009698719693462122,1.560842362746562,0.04238223284482956,1.0,1.0,0.6695114374160767,1.0,0.15977636,0.15977636,-0.106972106
865,29.4477,0.24172767996788025,0.15813736617565155,-0.8990797996520996,-0.060832731425762177,-0.11181166023015976,-0.15710847079753876,-0.03416181123509992,-0.009070363609051902,1.5610443635152444,0.04675009474158287,1.0,1.0,0.190098375082016,1.0,0.17520095,0.17520095,-0.033305418
866,29.4818,0.2396048605442047,0.15314224362373352,-0.9042208194732666,-0.04956464841961861,-0.10988941043615341,-0.15636292099952698,-0.03396266088102163,-0.014771398796368332,1.5611570152293548,0.05153193697333336,1.0,1.0,-0.25884512066841125,1.0,0.17388803,0.17388803,0.045010068
867,29.516,0.23790648579597473,0.14827410876750946,-0.9091805219650269,-0.03858588635921478,-0.10604370385408401,-0.1501094400882721,-0.03361294205681299,-0.019142614661975418,1.5612037537064858,0.05643559247255325,1.0,1.0,-0.7107350826263428,1.0,0.15795146,0.15795146,0.112261645
868,29.5532,0.23660989105701447,0.14360971748828888,-0.9136908054351807,-0.027933485805988312,-0.10071130841970444,-0.13396011292934418,-0.03308108590058355,-0.024558400329409143,1.5612327821623675,0.06115157529711723,1.0,1.0,-1.0,1.0,0.14433756,0.14433756,0.14433756
869,29.5868,0.23510654270648956,0.13410519063472748,-0.9204655885696411,-0.005395177286118269,-0.08486068993806839,-0.06444479525089264,-0.03241508340741438,-0.02885905803058864,1.561179252624457,0.0693359524011612,1.0,1.0,-1.0,1.0,0.14433756,0.14433756,0.14433756
870,29.6211,0.23507311940193176,0.1304267942905426,-0.9215530157089233,0.004188538994640112,-0.0762755498290062,-0.02880103886127472,-0.03158302865908955,-0.03124996499466692,1.5610932325212474,0.07140341401100159,1.0,1.0,-1.0,1.0,0.14433756,0.14433756,0.14433756
871,29.6552,0.23540353775024414,0.12715363502502441,-0.9213948249816895,0.013644016347825527,-0.06698128581047058,0.002759121358394623,-0.030621837645625715,-0.032639155123630914,1.560992698190097,0.07240783423185349,1.0,1.0,-1.0,1.0,0.14433756,0.14433756,0.14433756
872,29.6891,0.23608192801475525,0.12430127710103989,-0.9201047420501709,0.02288718894124031,-0.05704241245985031,0.02974272146821022,-0.028996277405754972,-0.033690958112590104,1.5607989532207935,0.07242518663406372,1.0,1.0,-1.0,1.0,0.14433756,0.14433756,0.14433756
873,29.7228,0.23711185157299042,0.12189026921987534,-0.9179192781448364,0.03185059502720833,-0.04680367186665535,0.05249827355146408,-0.027546677212532813,-0.03391347562463923,1.5606310409140642,0.0716058537364006,1.0,1.0,-1.0,1.0,0.14433756,0.14433756,0.14433756
874,29.757,0.238898366689682,0.11953599750995636,-0.9140968322753906,0.04249425232410431,-0.033666349947452545,0.07595358788967133,-0.0262709481489792,-0.03374152488378798,1.560481238102747,0.06951446086168289,1.0,1.0,-1.0,1.0,0.14433756,0.14433756,0.14433756
875,29.7914,0.2406989485025406,0.11818057298660278,-0.9104262590408325,0.0506659597158432,-0.02301987260580063,0.09163287281990051,-0.024395483530318146,-0.033069896462816016,1.5602838978659723,0.06718060374259949,1.0,1.0,-1.0,1.0,0.14433756,0.14433756,0.14433756
876,29.8249,0.24285365641117096,0.11728627234697342,-0.9063454866409302,0.05835949257016182,-0.012579920701682568,0.104530930519104,-0.022929065890931053,-0.03222296546308958,1.560123176094186,0.06434404104948044,1.0,1.0,-1.0,1.0,0.14433756,0.14433756,0.14433756
877,29.8589,0.24531184136867523,0.11685597896575928,-0.9019732475280762,0.06567756086587906,-0.00217628781683743,0.11525077372789383,-0.021150078443947326,-0.0308969421862309,1.5599583264227102,0.06111477315425873,1.0,1.0,-1.0,1.0,0.14433756,0.14433756,0.14433756
878,29.893,0.24805642664432526,0.11691746115684509,-0.8972675800323486,0.07258807122707367,0.007968933321535587,0.12419237196445465,-0.019928436517657543,-0.029842334555748723,1.5598564605110146,0.05749567225575447,1.0,1.0,-1.0,1.0,0.14433756,0.14433756,0.14433756
879,29.927,0.2510581612586975,0.11741438508033752,-0.8922758102416992,0.0792342871427536,0.01775253191590309,0.13159415125846863,-0.018306496512393626,-0.02823417432853137,1.5597408793197052,0.05361579358577728,1.0,1.0,-1.0,1.0,0.14433756,0.14433756,0.14433756
880,29.9609,0.2551117539405823,0.11864442378282547,-0.8858381509780884,0.08679310977458954,0.029653286561369896,0.13891065120697021,-0.01701846489296061,-0.026856903926040076,1.5596551255326045,0.04861413314938545,1.0,1.0,-0.7189866304397583,1.0,0.15758084,0.15758084,0.11329852
881,29.9949,0.25858554244041443,0.12006346136331558,-0.8805480003356934,0.09235521405935287,0.03871557116508484,0.1433015614748001,-0.015989144809266574,-0.02561280822280956,1.5596031938913482,0.04465901851654053,1.0,1.0,-0.2927091419696808,1.0,0.17310767,0.17310767,0.0506702
