step,t_s,north_m,east_m,down_m,vn_m_s,ve_m_s,vd_m_s,roll_rad,pitch_rad,yaw_rad,pos_error_m,raw_action_0,raw_action_1,raw_action_2,raw_action_3,cmd_vn_m_s,cmd_ve_m_s,cmd_vd_m_s
1,0.0,0.1455814391374588,0.009521711617708206,-0.8879777193069458,0.0059970892034471035,-0.003902696305885911,-0.058548491448163986,0.004043444713702332,0.00352023394819129,1.5047031932838006,0.03846585005521774,-1.2060171365737915,0.746822714805603,-0.965139627456665,5.029470443725586,-0.17572984,0.10882021,0.14063136
2,0.0344,0.14582481980323792,0.010332702659070492,-0.8899596929550171,0.004913566168397665,-0.004145178012549877,-0.05756550654768944,0.00400387700586594,0.003560485911577291,1.5047584538764198,0.040562838315963745,-1.2249603271484375,0.6830645799636841,-1.1498600244522095,5.019179821014404,-0.16885401,0.09415668,0.15850186
3,0.068,0.1460304707288742,0.01110497023910284,-0.8919334411621094,0.003994513303041458,-0.00434317858889699,-0.05647483468055725,0.003925204002343367,0.0036203768674823505,1.5048286281711434,0.04263550043106079,-1.2410082817077637,0.6231383085250854,-1.3322057723999023,5.010435581207275,-0.16122322,0.08095382,0.17307097
4,0.102,0.14619769155979156,0.012054658494889736,-0.8942930698394775,0.0028542643412947655,-0.004667792934924364,-0.04758235439658165,0.004184551419807474,0.0034678040045276557,1.5048737687516203,0.04510480910539627,-1.2472697496414185,0.5408893823623657,-1.635901689529419,5.014918804168701,-0.14659497,0.06357218,0.19227192
5,0.1359,0.1463637501001358,0.013571175746619701,-0.8957098722457886,0.0009114887216128409,-0.005053048022091389,0.01908733882009983,0.006207724471244623,0.0021336820131821524,1.504937151985564,0.046897079795598984,-1.1842045783996582,0.3453993499279022,-2.479539632797241,5.128823757171631,-0.10689956,0.03117961,0.223831
6,0.1718,0.1463504582643509,0.014382613822817802,-0.8946952819824219,-0.0007322167512029409,-0.004438481293618679,0.05520980432629585,0.0085600759367602,0.0006025158796810211,1.5049838904626949,0.04624076932668686,-1.2195395231246948,0.31445786356925964,-2.493731737136841,5.119981288909912,-0.10913232,0.028139733,0.22315532
7,0.2062,0.1462339162826538,0.015210667625069618,-0.8924868106842041,-0.0033424170687794685,-0.0034233571495860815,0.0902058556675911,0.011929621780631542,-0.0014661713490011247,1.5050440779033307,0.0445316806435585,-1.1075551509857178,0.035337239503860474,-2.9755756855010986,5.220229625701904,-0.08720321,0.002782273,0.23428157
8,0.2402,0.1459496170282364,0.016044631600379944,-0.8890347480773926,-0.0066485111601650715,-0.001950734411366284,0.12154214084148407,0.014030928701515117,-0.002660987648943516,1.505086422164663,0.041764624416828156,-1.03288996219635,-0.1322590410709381,-3.038393259048462,5.249451160430908,-0.080396,-0.010294512,0.2364963
9,0.2741,0.14533531665802002,0.017060713842511177,-0.8831346035003662,-0.011583966203033924,0.00022270146291702986,0.15602008998394012,0.015375368361490076,-0.0033108041564093543,1.505123706419924,0.0371042937040329,-0.8989867568016052,-0.3391478955745697,-2.955280065536499,5.2734150886535645,-0.07232274,-0.027284168,0.23774984
10,0.308,0.1446605771780014,0.017832908779382706,-0.8773136138916016,-0.015988824889063835,0.002104545710608363,0.1794012188911438,0.01635287019633335,-0.00350307112332249,1.5052126560003327,0.032783012837171555,-0.7715481519699097,-0.5128222703933716,-2.770469903945923,5.281233787536621,-0.066028655,-0.043887038,0.23709524
11,0.342,0.14376693964004517,0.018584012985229492,-0.8706823587417603,-0.020748356357216835,0.003923851065337658,0.19929005205631256,0.016445050940158322,-0.0030416280100471725,1.5052736423892956,0.028425876051187515,-0.6095152497291565,-0.67914879322052,-2.4886739253997803,5.285632610321045,-0.05748609,-0.06405354,0.23471789
12,0.3756,0.14268584549427032,0.01930086687207222,-0.8633432388305664,-0.02536243200302124,0.005404740106314421,0.21565449237823486,0.01585516283930037,-0.001879556758130959,1.5053475451095453,0.024740584194660187,-0.4237053394317627,-0.8356527090072632,-2.1152143478393555,5.290648937225342,-0.045787506,-0.09030439,0.22857958
13,0.4098,0.1414220929145813,0.020005520433187485,-0.8553922176361084,-0.029955260455608368,0.006608792580664158,0.228805273771286,0.015084647918102398,-0.0007134038347364272,1.5054162546656693,0.02281622402369976,-0.2025265246629715,-0.984512448310852,-1.6528007984161377,5.300969123840332,-0.026173882,-0.12723525,0.2136027
14,0.4433,0.13997308909893036,0.020698608830571175,-0.8470126390457153,-0.03440706431865692,0.00734738539904356,0.2391970306634903,0.013586190162147592,0.001393966784057839,1.5055283737475615,0.023699896410107613,0.04086427018046379,-1.123121738433838,-1.1254178285598755,5.3202924728393555,0.006423246,-0.17653778,0.17689869
15,0.477,0.13795720040798187,0.02152705378830433,-0.8361843824386597,-0.03946632891893387,0.007518031168729067,0.24598146975040436,0.01201457869999967,0.003529569056020128,1.5056210517534965,0.028739003464579582,0.3711884021759033,-1.2709407806396484,-0.37087464332580566,5.360197067260742,0.0674889,-0.23108049,0.06743185
16,0.5109,0.13624191284179688,0.022101787850260735,-0.8274412155151367,-0.04305608570575714,0.0066284858621656895,0.24449576437473297,0.010369496240981888,0.005788604813355549,1.5057108002822321,0.03481927514076233,0.6390214562416077,-1.3516845703125,0.30111345648765564,5.405044078826904,0.10474762,-0.22156648,-0.04935815
17,0.545,0.13442395627498627,0.02255563996732235,-0.8190399408340454,-0.04615619406104088,0.004733476787805557,0.22694708406925201,0.00726922563179063,0.009765346704427103,1.505823052522179,0.041578009724617004,0.9238960146903992,-1.3606570959091187,1.1050853729248047,5.455180644989014,0.11656756,-0.1716735,-0.13942814
18,0.5788,0.13248217105865479,0.022829823195934296,-0.8116285800933838,-0.04862429201602936,0.0013490564888343215,0.19053155183792114,0.003892597183821034,0.013499707126639171,1.5059329079171446,0.047972988337278366,1.1814255714416504,-1.2708243131637573,1.9843251705169678,5.499778747558594,0.112048715,-0.12052747,-0.18819728
19,0.6142,0.13047944009304047,0.022822163999080658,-0.8057887554168701,-0.05008299648761749,-0.0037396326661109924,0.14134570956230164,0.00042287152261374363,0.01663841932183869,1.5060277164519515,0.05316781625151634,1.3955671787261963,-1.0623224973678589,2.8124449253082275,5.528963088989258,0.10526192,-0.080126636,-0.2121312
20,0.6482,0.12853756546974182,0.02249099127948284,-0.8018277883529663,-0.04996470361948013,-0.01025254838168621,0.08982948958873749,-0.0048281154804211066,0.020006598215056765,1.5061181307709597,0.056708917021751404,1.5821001529693604,-0.7273448705673218,3.4905221462249756,5.539795398712158,0.10139729,-0.046615757,-0.22370864
21,0.682,0.1263255476951599,0.021547924727201462,-0.7996063232421875,-0.04773476719856262,-0.019685886800289154,0.027473781257867813,-0.008783022051297263,0.021290674624152097,1.5062074798255318,0.05856628715991974,1.7159168720245361,-0.2508435547351837,4.103041648864746,5.518080711364746,0.09630323,-0.014078214,-0.23027699
22,0.7159,0.12477331608533859,0.02036230079829693,-0.799901008605957,-0.044349972158670425,-0.027875453233718872,-0.017453983426094055,-0.012875584922206093,0.02087723759026871,1.5063371757706188,0.05804494395852089,1.771962285041809,0.17047032713890076,4.442336082458496,5.485219478607178,0.09256479,0.008905128,-0.23206133
23,0.7501,0.12341512739658356,0.018837114796042442,-0.8018338680267334,-0.03979945182800293,-0.03577756509184837,-0.05663605406880379,-0.015084257806614593,0.019386135776527945,1.5064612790774163,0.055926743894815445,1.7846084833145142,0.6075961589813232,4.6716203689575195,5.4465413093566895,0.08856333,0.030152686,-0.23183474
24,0.784,0.12231029570102692,0.016963018104434013,-0.8052017688751221,-0.03439169377088547,-0.04297546297311783,-0.08974508941173553,-0.01725983155180315,0.0159579265275665,1.506637447183525,0.05238470807671547,1.7487250566482544,1.01902437210083,4.798406600952148,5.405160427093506,0.08394744,0.048918203,-0.23034722
25,0.8181,0.12149044126272202,0.014813304878771305,-0.8097902536392212,-0.02838822454214096,-0.04904048144817352,-0.11709219962358475,-0.018253907403242967,0.012484369678965355,1.5067567568003606,0.04764147475361824,1.6822497844696045,1.3832390308380127,4.833669185638428,5.364619731903076,0.07932646,0.065226614,-0.22793159
26,0.852,0.12093822658061981,0.012414257973432541,-0.815435528755188,-0.021992510184645653,-0.05405658110976219,-0.13941648602485657,-0.01864790544176338,0.009131239726500831,1.5068576906056748,0.04187709838151932,1.593719482421875,1.7147586345672607,4.7859649658203125,5.326610565185547,0.07478273,0.0804623,-0.22457373
27,0.8859,0.12064172327518463,0.009163115173578262,-0.8235335350036621,-0.013666260987520218,-0.05839932709932327,-0.16106584668159485,-0.018604140134318208,0.004037148054214841,1.5069849897057805,0.03372468799352646,1.443147897720337,2.0919487476348877,4.617497444152832,5.28420352935791,0.068451524,0.0992255,-0.21901755
28,0.9201,0.12073399871587753,0.0064381384290754795,-0.8306256532669067,-0.006971918512135744,-0.060399267822504044,-0.17399142682552338,-0.018092648838049466,-1.3111158449836707e-05,1.5070663492770824,0.02675671875476837,1.29714035987854,2.36106276512146,4.394559860229492,5.256804466247559,0.06291244,0.114513606,-0.21314
29,0.9542,0.12114740908145905,0.003641021205112338,-0.8381118774414062,-0.00035514275077730417,-0.061122044920921326,-0.18384288251399994,-0.017389175876402336,-0.0034346190407803967,1.507119079866666,0.019736437126994133,1.1323087215423584,2.6054069995880127,4.094496726989746,5.237895488739014,0.056803,0.13070193,-0.20540307
30,0.9882,0.12186764925718307,0.0008307460229843855,-0.8458995819091797,0.006154241040349007,-0.06044505909085274,-0.19072610139846802,-0.01603722110872631,-0.00813853966824134,1.507167149924342,0.013407605700194836,0.9243900179862976,2.8296420574188232,3.703422784805298,5.225749969482422,0.04863679,0.14888164,-0.19485563
31,1.0221,0.12282965332269669,-0.0019089869456365705,-0.8538222312927246,0.012241137214004993,-0.05857475847005844,-0.19481851160526276,-0.014743277479732777,-0.011659942390450092,1.507189919951662,0.010158916935324669,0.7112669944763184,3.027949571609497,3.2315123081207275,5.22592306137085,0.039645188,0.16877437,-0.1801207
32,1.0559,0.12404301762580872,-0.004531532060354948,-0.8617734909057617,0.017983373254537582,-0.055620916187763214,-0.19673925638198853,-0.012862744532622167,-0.015812109095208957,1.5071630220246524,0.012812924571335316,0.46624356508255005,3.202190399169922,2.680236577987671,5.232959747314453,0.027740743,0.19052519,-0.15946977
33,1.0901,0.12584398686885834,-0.007449720986187458,-0.8716157674789429,0.02477753534913063,-0.05022214353084564,-0.1957370936870575,-0.011427889513341718,-0.018517566592944616,1.5071293330368627,0.020718777552247047,0.17274583876132965,3.3719608783721924,1.9179482460021973,5.254912376403809,0.011121637,0.21709192,-0.123480394
34,1.1239,0.12747405469417572,-0.009452387690544128,-0.8793224096298218,0.029464831575751305,-0.04468324035406113,-0.19227586686611176,-0.0092367404369654,-0.022081577291851385,1.5070497045202693,0.027950597926974297,-0.09523139894008636,3.460016965866089,1.2479852437973022,5.268054962158203,-0.006470515,0.23509149,-0.08479459
35,1.1579,0.12921454012393951,-0.01113030593842268,-0.8867697715759277,0.03364952281117439,-0.038135211914777756,-0.18455712497234344,-0.007310856249174533,-0.024820359673321263,1.5069883186571431,0.035219088196754456,-0.3511507511138916,3.503655195236206,0.5419085025787354,5.283736228942871,-0.024641028,0.24585927,-0.038026925
36,1.192,0.13106471300125122,-0.012476933188736439,-0.8937968015670776,0.037300512194633484,-0.030730929225683212,-0.1728726327419281,-0.005472972370505322,-0.027158779477384366,1.5069262670037442,0.04218732565641403,-0.597976803779602,3.501152992248535,-0.17025092244148254,5.2985029220581055,-0.042040825,0.24614894,0.01196951
37,1.2264,0.13299605250358582,-0.013479062356054783,-0.9002593755722046,0.040262624621391296,-0.022589735686779022,-0.15636970102787018,-0.002624898435206715,-0.030387972570619325,1.5068222705631766,0.04864465817809105,-0.853204071521759,3.4422147274017334,-0.8834398984909058,5.308660984039307,-0.058362532,0.2354611,0.060430784
38,1.2633,0.13495638966560364,-0.014134131371974945,-0.9059628248214722,0.04254819080233574,-0.013973361812531948,-0.13434316217899323,0.0005101989219282268,-0.03320220355412791,1.5067181409645545,0.05437013879418373,-1.074942708015442,3.3389809131622314,-1.5646332502365112,5.325204849243164,-0.06996718,0.21733166,0.10184076
39,1.2972,0.13735094666481018,-0.014458220452070236,-0.9117773771286011,0.044439200311899185,-0.002188948215916753,-0.09944078326225281,0.003168434009232375,-0.03497544439882195,1.5066229329555842,0.06022616848349571,-1.3120206594467163,3.140881299972534,-2.342125415802002,5.353487014770508,-0.07938481,0.19004142,0.14171208
40,1.3312,0.1391497552394867,-0.014271976426243782,-0.9151749610900879,0.04487112909555435,0.007906998507678509,-0.06781265139579773,0.005544016873921039,-0.036052268618460274,1.5065387770651377,0.0636456310749054,-1.4591224193572998,2.935079336166382,-2.8695764541625977,5.380664825439453,-0.08373446,0.16843499,0.164676
41,1.3651,0.1408344954252243,-0.013672009110450745,-0.9173212051391602,0.04461890459060669,0.018315069377422333,-0.03472314029932022,0.00882285191405346,-0.03661174466802628,1.5064628769740704,0.06579949706792831,-1.587315320968628,2.6757967472076416,-3.300255298614502,5.404902458190918,-0.08749314,0.14749044,0.18191072
42,1.399,0.14240328967571259,-0.012640013359487057,-0.9181438684463501,0.043502744287252426,0.02897310070693493,-0.00027872450300492346,0.011252434010884034,-0.03615166694495828,1.5064049532203612,0.06661824882030487,-1.6756300926208496,2.3856680393218994,-3.6339027881622314,5.429875373840332,-0.08991752,0.12801951,0.19500218
43,1.4341,0.14381051063537598,-0.011164539493620396,-0.9175926446914673,0.04164537042379379,0.039694011211395264,0.03385618329048157,0.013163219843799562,-0.03510182803730302,1.506390572150475,0.0660557821393013,-1.7341935634613037,2.064011335372925,-3.865907907485962,5.448590278625488,-0.09198898,0.10948391,0.20506415
44,1.4681,0.14502906799316406,-0.009236685931682587,-0.9157166481018066,0.038969360291957855,0.05033247545361519,0.06606084853410721,0.015501443031672807,-0.03263513125367137,1.5063880421474392,0.06417271494865417,-1.7633836269378662,1.6897486448287964,-3.992945671081543,5.452492713928223,-0.094184965,0.09025201,0.21326923
45,1.5018,0.14630994200706482,-0.006215556990355253,-0.9117069244384766,0.03475317358970642,0.06326749920845032,0.1025150865316391,0.017009101176955997,-0.029966985058926643,1.5064391748403687,0.06021157652139664,-1.7720398902893066,1.1918995380401611,-4.016896724700928,5.437443733215332,-0.097379625,0.06549893,0.22074215
46,1.5354,0.14788854122161865,-0.00010384370398242027,-0.9020015001296997,0.026283221319317818,0.08166342228651047,0.1511199176311493,0.018420989552726415,-0.02602923090994628,1.5065318528463034,0.05102499574422836,-1.755112886428833,0.7477238178253174,-3.9315710067749023,5.406321048736572,-0.10040727,0.04277611,0.22491904
47,1.5697,0.14788854122161865,-0.00010384370398242027,-0.9020015001296997,0.026283221319317818,0.08166342228651047,0.1511199176311493,0.01911708160502428,-0.022951226304032957,1.5066132124176055,0.05102499574422836,-1.704968810081482,0.24987760186195374,-3.755305051803589,5.359769344329834,-0.10316168,0.015119216,0.22722033
48,1.604,0.1487043797969818,0.007285637781023979,-0.8893190622329712,0.016061486676335335,0.09687583148479462,0.18879029154777527,0.019783206853274955,-0.018225792328391218,1.5067566236423062,0.04026227071881294,-1.5554258823394775,-0.8272826671600342,-3.1971042156219482,5.243736267089844,-0.10652514,-0.05665741,0.21895738
49,1.6385,0.14866569638252258,0.011348644271492958,-0.8821303844451904,0.010416558012366295,0.1027199774980545,0.2036197930574417,0.020033995484770955,-0.014158183068836969,1.5068821916877033,0.035170067101716995,-1.402889370918274,-1.4325915575027466,-2.805858612060547,5.190517902374268,-0.10169813,-0.1038513,0.20340206
50,1.6719,0.1481521725654602,0.016711287200450897,-0.872544527053833,0.0028118276968598366,0.1083710715174675,0.2169148474931717,0.020107679742587484,-0.01032074999006043,1.5070077597331006,0.0303423460572958,-1.1619508266448975,-2.21103572845459,-2.226480484008789,5.1440653800964355,-0.086815216,-0.16519766,0.1663516
51,1.7063,0.1473393589258194,0.02116200514137745,-0.8645305633544922,-0.00361131620593369,0.11143046617507935,0.221959188580513,0.01993574772708765,-0.004141327587107378,1.507253036869497,0.028795724734663963,-0.8777590394020081,-2.8621714115142822,-1.6628565788269043,5.134219169616699,-0.06407832,-0.20894477,0.12139216
52,1.7403,0.14615941047668457,0.02570526674389839,-0.856494665145874,-0.010361088439822197,0.11274071037769318,0.21961933374404907,0.019382332449596175,0.0022717471500540453,1.5075254782490122,0.030034532770514488,-0.5504781603813171,-3.481452703475952,-1.033914566040039,5.149097442626953,-0.037465677,-0.23694852,0.070368476
53,1.7743,0.1446308195590973,0.030260203406214714,-0.8486325740814209,-0.017224887385964394,0.1121714636683464,0.2101103663444519,0.018729358639822374,0.006982900964647535,1.5077204216408058,0.0337490551173687,-0.2239724099636078,-4.030932903289795,-0.3841871917247772,5.1857757568359375,-0.013807084,-0.24849235,0.023683742
54,1.8083,0.14283014833927155,0.03472783416509628,-0.8411977291107178,-0.0240242350846529,0.10939355939626694,0.19376610219478607,0.016992430412710483,0.015247392027841459,1.5080345414913807,0.03903257101774216,0.15000858902931213,-4.505354404449463,0.27964112162590027,5.247990608215332,0.008303335,-0.24938217,-0.015478807
55,1.8421,0.14076374471187592,0.03903374448418617,-0.8344882726669312,-0.030377501621842384,0.10424062609672546,0.1709854006767273,0.014941356327591224,0.021803154202856608,1.5082727612508884,0.04494559019804001,0.4877729117870331,-4.865015506744385,0.888451099395752,5.318401336669922,0.024538472,-0.24474514,-0.044695456
56,1.8758,0.1378418207168579,0.04406357929110527,-0.827307939529419,-0.037954505532979965,0.09454581886529922,0.13670974969863892,0.011684228130937552,0.029353473886961853,1.5085452026304034,0.05227043107151985,0.8905824422836304,-5.165086269378662,1.5439136028289795,5.405261993408203,0.040747985,-0.23632497,-0.070640706
57,1.9101,0.13523362576961517,0.047676317393779755,-0.8226603269577026,-0.04318061098456383,0.08445955812931061,0.10815899074077606,0.009003112549743597,0.033901480996760866,1.5087494670860124,0.05757633224129677,1.1906840801239014,-5.294877052307129,1.962780237197876,5.462832450866699,0.051579315,-0.2293691,-0.085025795
58,1.9439,0.1324175000190735,0.05081525072455406,-0.8190963268280029,-0.04723091423511505,0.07239080965518951,0.07968492805957794,0.004884690488679826,0.03909322407630247,1.5089883526357926,0.062100134789943695,1.5048351287841797,-5.3178887367248535,2.309201955795288,5.5086588859558105,0.06280895,-0.22195855,-0.096381694
59,1.9781,0.1294749528169632,0.05342607572674751,-0.8165225982666016,-0.05019508674740791,0.05904523283243179,0.05281340330839157,0.0014885887155363267,0.04202703723453942,1.5091773039151337,0.065788634121418,1.7857515811920166,-5.266819477081299,2.5795233249664307,5.534198760986328,0.0728232,-0.21478163,-0.10519332
60,2.012,0.12645715475082397,0.05545597895979881,-0.8149086236953735,-0.05199272930622101,0.044768325984478,0.027896912768483162,-0.0014610724618183562,0.043706176946591194,1.5093225793525975,0.06858976185321808,2.045034885406494,-5.146231174468994,2.7918453216552734,5.541288375854492,0.082439356,-0.20745465,-0.112544745
61,2.0463,0.12340796738862991,0.05689285695552826,-0.8141921758651733,-0.052652303129434586,0.029859719797968864,0.005662841256707907,-0.005477353582587692,0.044798913553742735,1.509520319063536,0.07052138447761536,2.299382209777832,-4.936636447906494,2.9622411727905273,5.532913684844971,0.09272618,-0.19907758,-0.119457
62,2.0799,0.1196809783577919,0.05788154900074005,-0.8143863677978516,-0.052030764520168304,0.011041929945349693,-0.018747014924883842,-0.008418908113188635,0.04470111312389878,1.5096769129356327,0.0718236044049263,2.5702614784240723,-4.62044620513916,3.1162798404693604,5.500622749328613,0.10469905,-0.1882129,-0.126941
63,2.1146,0.11684110760688782,0.057970281690359116,-0.8153374195098877,-0.0503046028316021,-0.0039938041009008884,-0.03620263934135437,-0.01080386925804412,0.044042638221998276,1.5098149978381532,0.07196857035160065,2.7599103450775146,-4.29067850112915,3.2121670246124268,5.461270809173584,0.1144491,-0.17792763,-0.13320346
64,2.1482,0.1141834706068039,0.05745147913694382,-0.816907525062561,-0.04768214747309685,-0.018777376040816307,-0.05180664360523224,-0.013845741217808334,0.04230645276715917,1.5099939622634064,0.07137638330459595,2.920236587524414,-3.8790793418884277,3.2895383834838867,5.411783218383789,0.124481104,-0.16535375,-0.14022335
65,2.1821,0.11176086962223053,0.05629962310194969,-0.8190512657165527,-0.04405166581273079,-0.032927896827459335,-0.0659564808011055,-0.016031614946572233,0.04030271533011877,1.5101558824576833,0.0700480043888092,3.0432777404785156,-3.4238431453704834,3.345700263977051,5.357176780700684,0.13412274,-0.15089494,-0.14745104
66,2.2159,0.1095818355679512,0.05454172566533089,-0.8217014074325562,-0.03965852037072182,-0.04664567857980728,-0.0785081684589386,-0.01846783414018199,0.03729301872557138,1.5103364447795906,0.06805185973644257,3.128342390060425,-2.8981165885925293,3.383420944213867,5.300583362579346,0.14366978,-0.13309662,-0.15538432
67,2.2502,0.1076463982462883,0.05224725976586342,-0.824830174446106,-0.034507669508457184,-0.05937262251973152,-0.09017771482467651,-0.019929443525444727,0.03489036264377773,1.5104331175271606,0.06548147648572922,3.1834592819213867,-2.357752561569214,3.3982529640197754,5.248943328857422,0.15248375,-0.11293341,-0.16277209
68,2.2841,0.10565253347158432,0.048646021634340286,-0.8293336629867554,-0.027106229215860367,-0.07431446015834808,-0.10339920222759247,-0.021740938182484234,0.031114268614748974,1.5105903771895297,0.061531875282526016,3.200315475463867,-1.635826587677002,3.382279634475708,5.197338581085205,0.1621116,-0.0828626,-0.17132898
69,2.318,0.1044885590672493,0.04516592249274254,-0.8334063291549683,-0.02043316140770912,-0.08509207516908646,-0.1136307343840599,-0.022963318719857597,0.02780222832507193,1.510712216809401,0.05778532847762108,3.1511216163635254,-1.0023409128189087,3.3382558822631836,5.16958475112915,0.16765761,-0.053330243,-0.17761423
70,2.3519,0.10371905565261841,0.04133579134941101,-0.8378044366836548,-0.013230649754405022,-0.09480468928813934,-0.12327147275209427,-0.023900218791347475,0.02467277477584964,1.5108022316542455,0.05375005304813385,3.068726062774658,-0.383584588766098,3.2558577060699463,5.158923625946045,0.17084447,-0.021355214,-0.1812626
71,2.386,0.10332881659269333,0.037169940769672394,-0.8425242900848389,-0.005608227103948593,-0.10349705070257187,-0.132547527551651,-0.02494893625851245,0.019816429787873693,1.5109060949367588,0.04952602833509445,2.933159351348877,0.25339820981025696,3.1246259212493896,5.16433572769165,0.1708056,0.014756046,-0.1819552
72,2.4201,0.10334695130586624,0.032744430005550385,-0.8475466966629028,0.002529046032577753,-0.1108076274394989,-0.14138874411582947,-0.025575467791494208,0.015569977817850316,1.510984391872807,0.04528430849313736,2.7659082412719727,0.8624107837677002,2.9398977756500244,5.187233924865723,0.1675256,0.05223452,-0.17806381
73,2.4542,0.10373629629611969,0.028130145743489265,-0.8529356718063354,0.01094302162528038,-0.1165640577673912,-0.14927369356155396,-0.02594901358508065,0.0115464709220667,1.5110392529912626,0.04129054769873619,2.5719363689422607,1.438483715057373,2.684565305709839,5.225842475891113,0.16129646,0.09021309,-0.16835988
74,2.4879,0.10471643507480621,0.02222529426217079,-0.8600306510925293,0.02175906114280224,-0.12168226391077042,-0.15740536153316498,-0.026063385950926547,0.005451708693676721,1.5111123567631852,0.03721502423286438,2.2833690643310547,2.1138837337493896,2.2579400539398193,5.294989585876465,0.14848088,0.13745974,-0.1468273
75,2.522,0.1058901771903038,0.017358819022774696,-0.8659747838973999,0.030448701232671738,-0.12396428734064102,-0.16171517968177795,-0.025817869546151062,0.0002935286609326385,1.5111665520913684,0.0351189523935318,2.025333881378174,2.614022731781006,1.8241899013519287,5.366235256195068,0.13407099,0.17304042,-0.12075587
76,2.5559,0.1073988676071167,0.012452889233827591,-0.8720892667770386,0.03924023360013962,-0.12447774410247803,-0.16312815248966217,-0.024982348527219936,-0.006457276189249958,1.5111842621126175,0.03450535982847214,1.7293169498443604,3.0742766857147217,1.3014613389968872,5.446924209594727,0.11498965,0.20442176,-0.08653971
77,2.592,0.10925029963254929,0.007525202352553606,-0.878243088722229,0.04761447384953499,-0.12343790382146835,-0.16059772670269012,-0.024009439604959746,-0.01140697433610889,1.5112154210973714,0.035504937171936035,1.4409927129745483,3.47550630569458,0.7215602397918701,5.534466743469238,0.09403601,0.22680388,-0.04708743
78,2.6261,0.11141405254602432,0.002700354205444455,-0.8842356204986572,0.055895961821079254,-0.12055749446153641,-0.1541842371225357,-0.02204132610868836,-0.01858302001851712,1.5111842621126175,0.03793327882885933,1.1132045984268188,3.8173444271087646,0.1022132933139801,5.614635467529297,0.069966026,0.23992392,-0.0064242077
79,2.66,0.11386523395776749,-0.0019261876586824656,-0.8900338411331177,0.06356152892112732,-0.11588229238986969,-0.14318634569644928,-0.020017637850012985,-0.024217072543228853,1.5111460457509749,0.04146372154355049,0.7998773455619812,4.080430507659912,-0.5160319805145264,5.684854030609131,0.047725502,0.24346307,0.030789578
80,2.6941,0.11728674918413162,-0.007249338552355766,-0.8965495824813843,0.07234213501214981,-0.1075398176908493,-0.12224111706018448,-0.01786908478691572,-0.028918242624626448,1.511070278817962,0.046476781368255615,0.4362345337867737,4.29547643661499,-1.233475923538208,5.756079196929932,0.024287554,0.23915257,0.068674326
81,2.7282,0.12030459195375443,-0.011045827530324459,-0.9009925127029419,0.07851723581552505,-0.09904640913009644,-0.10128213465213776,-0.014272994440143807,-0.0350039360612966,1.5109460423531098,0.05040676146745682,0.10387657582759857,4.374059200286865,-1.7594678401947021,5.7869873046875,0.00550682,0.23188245,0.093274854
82,2.7621,0.12356007099151611,-0.014354453422129154,-0.9046285152435303,0.08386852592229843,-0.08897411078214645,-0.07709617167711258,-0.011062754523432342,-0.03907291331180141,1.5108178111466226,0.05391461029648781,-0.20972461998462677,4.37965726852417,-2.208561897277832,5.807739734649658,-0.010679544,0.2230198,0.112463824
83,2.796,0.12700799107551575,-0.01715746708214283,-0.9072664976119995,0.08835898339748383,-0.07759302109479904,-0.050084441900253296,-0.006727463244514204,-0.042953900517671055,1.5106440398854948,0.05669698491692543,-0.534751832485199,4.311655521392822,-2.590156316757202,5.816409587860107,-0.026430022,0.21310288,0.12801805
84,2.8321,0.13061679899692535,-0.019396133720874786,-0.9088488817214966,0.09202183037996292,-0.06511008739471436,-0.022255370393395424,-0.003573358030228891,-0.044778544532592834,1.5105249965847682,0.05861220508813858,-0.8349195122718811,4.198300838470459,-2.879810094833374,5.82285737991333,-0.040458724,0.20344225,0.1395505
85,2.8662,0.13430172204971313,-0.020993057638406754,-0.9093780517578125,0.09452251344919205,-0.05169285461306572,0.004505254793912172,0.0009432042081142166,-0.04618044501397815,1.5103829169406127,0.05959976464509964,-1.1469776630401611,4.018948554992676,-3.0910024642944336,5.817041397094727,-0.055161722,0.19328374,0.14865592
86,2.9001,0.13892468810081482,-0.022177468985319138,-0.9086676836013794,0.09621415287256241,-0.0340314544737339,0.0357547365128994,0.004454994128133395,-0.04633459626801251,1.5102879752477512,0.05962781235575676,-1.5025997161865234,3.7622292041778564,-3.241041421890259,5.807892799377441,-0.072405875,0.1812908,0.1561763
87,2.9341,0.14258332550525665,-0.022455362603068352,-0.9070421457290649,0.09617381542921066,-0.019644321873784065,0.05883196368813515,0.007388948766803253,-0.04584391299835461,1.510209678311703,0.058710258454084396,-1.7785791158676147,3.5142476558685303,-3.286982536315918,5.793376922607422,-0.08667435,0.17125756,0.1601824
88,2.9679,0.14625263214111328,-0.022166918963193893,-0.9046140909194946,0.095157690346241,-0.005094852298498154,0.07959596812725067,0.011351825055300932,-0.04425264095751864,1.5101466945519226,0.057126693427562714,-2.0568292140960693,3.2150189876556396,-3.2701992988586426,5.7690911293029785,-0.10230859,0.15991804,0.16266276
89,3.0019,0.14989300072193146,-0.02132195420563221,-0.9015183448791504,0.09317760169506073,0.009269637987017632,0.09803701937198639,0.014304638203439912,-0.04238169955152152,1.5101482924485765,0.05504664406180382,-2.3205485343933105,2.8988382816314697,-3.195847511291504,5.7387261390686035,-0.11841592,0.14792563,0.1630818
90,3.0359,0.1569642275571823,-0.017943788319826126,-0.8937238454818726,0.08661022782325745,0.03725302591919899,0.12847264111042023,0.01771904270721958,-0.03938176093565574,1.5101903703937998,0.0500241257250309,-2.8083677291870117,2.2132506370544434,-2.9018375873565674,5.653506278991699,-0.1524628,0.120154634,0.15753716
91,3.0713,0.16110973060131073,-0.014759588986635208,-0.8879661560058594,0.08054331690073013,0.05342978984117508,0.14274494349956512,0.019971477778181344,-0.036923288742484316,1.5102629415335045,0.04677880182862282,-2.804858922958374,2.170459270477295,-2.8957221508026123,5.649776458740234,-0.15315135,0.11851176,0.15811267
92,3.1051,0.16418972611427307,-0.011721977032721043,-0.8829857110977173,0.07492028921842575,0.06535196304321289,0.15128184854984283,0.023008927434119805,-0.03300413718983707,1.5104074180226412,0.044453032314777374,-3.2390546798706055,1.2681636810302734,-2.3332529067993164,5.50836181640625,-0.19332884,0.075692646,0.13926443
93,3.1391,0.16701333224773407,-0.008199293166399002,-0.877769947052002,0.06827624142169952,0.07646948844194412,0.15753987431526184,0.025337622539014913,-0.02954171776413842,1.5105730666424442,0.04259834811091423,-3.3668112754821777,0.7784698009490967,-2.002248525619507,5.434262275695801,-0.21075241,0.048729904,0.12533483
94,3.1731,0.1695212423801422,-0.004259371664375067,-0.8724559545516968,0.06063499674201012,0.08683457970619202,0.16003775596618652,0.027298379052774956,-0.026319272039196526,1.5107433757941549,0.041454918682575226,-3.450429916381836,0.2420017421245575,-1.6213535070419312,5.360608100891113,-0.22581024,0.015837584,0.106108
95,3.2071,0.17165639996528625,3.77033902623225e-05,-0.8671473264694214,0.05209675431251526,0.09610806405544281,0.1596691608428955,0.030087857202308013,-0.021268676497429122,1.5110226082344496,0.04116194695234299,-3.4682540893554688,-0.37579837441444397,-1.198489785194397,5.2964091300964355,-0.2350604,-0.025469678,0.08122747
96,3.2412,0.17337141931056976,0.004607696086168289,-0.8618893623352051,0.04273588955402374,0.10403002053499222,0.15579985082149506,0.0322514238360506,-0.016851450362801713,1.511298511723382,0.04174032062292099,-3.4345943927764893,-1.026796817779541,-0.7493466138839722,5.248826026916504,-0.2344576,-0.07009279,0.051153056
97,3.2751,0.1747964471578598,0.01069744024425745,-0.8555724620819092,0.02945907600224018,0.11230713129043579,0.14567799866199493,0.034736494350609194,-0.010815111750973997,1.5116979858868937,0.04354456439614296,-3.321594715118408,-1.8740837574005127,-0.17933282256126404,5.208874225616455,-0.2174941,-0.12271279,0.0117425015
98,3.3091,0.17534083127975464,0.015716085210442543,-0.8509061336517334,0.017728712409734726,0.11705657094717026,0.13250812888145447,0.03621109704915908,-0.0062349209635797565,1.5120018525672718,0.04566295072436333,-3.1474661827087402,-2.598870277404785,0.2846088111400604,5.189356327056885,-0.1923099,-0.15879074,-0.017389573
99,3.3432,0.1753234565258026,0.020789282396435738,-0.8467410802841187,0.005057059228420258,0.12012971937656403,0.11513148248195648,0.03744385351181074,-0.0005269199455370878,1.5123916061928049,0.048127807676792145,-2.9380078315734863,-3.2778499126434326,0.706997275352478,5.173545837402344,-0.16475101,-0.18380791,-0.039645404
100,3.3779,0.17475594580173492,0.025813382118940353,-0.8431739807128906,-0.00823201797902584,0.1210637018084526,0.09526648372411728,0.03799999228763574,0.007084667007802188,1.512936488951835,0.050717853009700775,-2.701552391052246,-3.8843772411346436,1.0613422393798828,5.158719539642334,-0.13928275,-0.20026514,-0.054719158
101,3.412,0.17365019023418427,0.03067493997514248,-0.8403077125549316,-0.02181890234351158,0.11984048783779144,0.07421735674142838,0.037607076158308175,0.012515723199314535,1.513304804130593,0.053214944899082184,-2.412120819091797,-4.419376850128174,1.3511134386062622,5.148072242736816,-0.11567952,-0.2119427,-0.06479616
102,3.4459,0.1719990074634552,0.03528454899787903,-0.8381513357162476,-0.03525896742939949,0.11634461581707001,0.05373528599739075,0.035849285809125796,0.02014498480379461,1.5138141336890707,0.05544646829366684,-2.0948917865753174,-4.845715045928955,1.5654575824737549,5.139161109924316,-0.09511208,-0.2200047,-0.07107476
103,3.48,0.16919131577014923,0.04058423265814781,-0.8364720344543457,-0.05157937481999397,0.10892438888549805,0.02960142306983471,0.033490725849318975,0.025781604782244748,1.5142057515273668,0.05770296975970268,-1.7028032541275024,-5.236021518707275,1.7294554710388184,5.118832588195801,-0.073763266,-0.22681777,-0.07491781
104,3.5141,0.1663888841867447,0.04434605687856674,-0.8358852863311768,-0.0638134628534317,0.10067805647850037,0.01209331676363945,0.030823145576305885,0.030238904209196744,1.5145168087426881,0.05900653824210167,-1.3540886640548706,-5.447971820831299,1.8071463108062744,5.101255416870117,-0.0574016,-0.23094669,-0.07660731
105,3.5479,0.16314633190631866,0.047620393335819244,-0.8358334302902222,-0.07483348250389099,0.09061679989099503,-0.0034871508833020926,0.026261862192353904,0.03565259471786663,1.5149109565840198,0.05987676978111267,-0.9555997252464294,-5.562175273895264,1.85931396484375,5.086677551269531,-0.040204935,-0.23401734,-0.078226894
106,3.5815,0.15960517525672913,0.050356585532426834,-0.8362941741943359,-0.08445540070533752,0.07926429808139801,-0.016584239900112152,0.022192722655470162,0.03908818071498813,1.5151762074285917,0.06034807860851288,-0.5601053833961487,-5.602108478546143,1.871788501739502,5.063972473144531,-0.023601126,-0.23605569,-0.07887144
107,3.6183,0.15582554042339325,0.05251084640622139,-0.8372128009796143,-0.09271155297756195,0.06668740510940552,-0.02791004441678524,0.018447716870978882,0.04147198036790726,1.515377675565056,0.06041930243372917,-0.16049836575984955,-5.56736421585083,1.8571655750274658,5.032735824584961,-0.0068341997,-0.23706459,-0.07908019
108,3.652,0.1518632173538208,0.05408664792776108,-0.838566780090332,-0.09944634139537811,0.05307906121015549,-0.03727128729224205,0.013020449442236095,0.04386670314248492,1.515641062196865,0.06012149155139923,0.2641090750694275,-5.431617259979248,1.8263590335845947,4.995797634124756,0.011509961,-0.23671168,-0.07959333
109,3.6861,0.1468132734298706,0.05513406917452812,-0.8406769037246704,-0.1056637391448021,0.035119738429784775,-0.04693591594696045,0.00765725444439898,0.04522982550168517,1.5159019188256384,0.05922957509756088,0.7678766250610352,-5.161966800689697,1.7615749835968018,4.934974193572998,0.034852434,-0.23429167,-0.079954475
110,3.72,0.14273525774478912,0.05526381731033325,-0.8426327705383301,-0.1090988963842392,0.020291166380047798,-0.053033679723739624,0.0034927695793011975,0.04561654145909989,1.5161020553815578,0.05814570561051369,1.1579198837280273,-4.856229305267334,1.6945018768310547,4.8779802322387695,0.054907866,-0.23027948,-0.08035226
111,3.7541,0.13870108127593994,0.054763130843639374,-0.8448656797409058,-0.11102356761693954,0.005204323213547468,-0.05792577192187309,-1.9492265899368796e-05,0.04550113919892619,1.5162691687399603,0.05674201250076294,1.5204577445983887,-4.481044292449951,1.6098374128341675,4.8161234855651855,0.07604855,-0.22412786,-0.08051904
112,3.788,0.13475890457630157,0.053635839372873306,-0.8473055362701416,-0.11155907809734344,-0.009944197721779346,-0.0621604286134243,-0.004883357867837486,0.04470443791407217,1.5165321558976055,0.055048197507858276,1.859075903892517,-3.998826742172241,1.5200245380401611,4.755764961242676,0.099640325,-0.2143239,-0.08146829
113,3.822,0.13099558651447296,0.05191381275653839,-0.8499057292938232,-0.11054755747318268,-0.02488297037780285,-0.06555115431547165,-0.008667303020595466,0.043552629064991306,1.5167358877209967,0.053115878254175186,2.147134780883789,-3.4682533740997314,1.414520263671875,4.704374313354492,0.12433067,-0.20083055,-0.081908345
114,3.8561,0.1274525225162506,0.04962627589702606,-0.8526210784912109,-0.10820997506380081,-0.03967411071062088,-0.06843027472496033,-0.01320701011837995,0.041572814304680385,1.5169766374835398,0.05098824203014374,2.3859894275665283,-2.8854758739471436,1.2961221933364868,4.669181823730469,0.15054788,-0.18206377,-0.08178093
115,3.8903,0.12349531054496765,0.04596555978059769,-0.8561707735061646,-0.1033160388469696,-0.057323332875967026,-0.07141955941915512,-0.01623826064270287,0.039822435033468995,1.5171438839999967,0.0480567030608654,2.6011300086975098,-2.068697690963745,1.1279065608978271,4.660162925720215,0.18528478,-0.14735833,-0.08034351
116,3.9239,0.12063899636268616,0.042460620403289795,-0.8590625524520874,-0.09813633561134338,-0.07088217884302139,-0.07324958592653275,-0.020411407023127215,0.036843726804918195,1.517369054270163,0.045602086931467056,2.7134079933166504,-1.3396130800247192,0.9704544544219971,4.688470840454102,0.21346046,-0.10538571,-0.07634445
117,3.958,0.11819804459810257,0.038418300449848175,-0.8621996641159058,-0.09155526757240295,-0.08372873067855835,-0.07490600645542145,-0.02366371968357543,0.03396510557967854,1.5175621334491938,0.04308678209781647,2.7644827365875244,-0.5881216526031494,0.7734591960906982,4.749608516693115,0.2358555,-0.05017638,-0.0659887
118,3.992,0.11612280458211899,0.03383347764611244,-0.8653079271316528,-0.08385790884494781,-0.09572391957044601,-0.07599812746047974,-0.026522144577017116,0.031004920884866,1.5177197925857264,0.04057567939162254,2.7690062522888184,0.18728667497634888,0.5479282140731812,4.846795558929443,0.24470663,0.01655117,-0.048422307
119,4.026,0.11443325877189636,0.028777649626135826,-0.8683493137359619,-0.0751018077135086,-0.10676857829093933,-0.07608003169298172,-0.0305600835172549,0.025894304350030938,1.5179522865488904,0.03822953626513481,2.7186622619628906,1.0124070644378662,0.28006407618522644,4.983941078186035,0.23319843,0.08684114,-0.02402303
120,4.0601,0.11312388628721237,0.023286905139684677,-0.8713862895965576,-0.06549947708845139,-0.11662780493497849,-0.07438924908638,-0.033609134568692016,0.02085463401051666,1.5181707989163313,0.03626573085784912,2.6371326446533203,1.8015369176864624,-0.03411000967025757,5.147826194763184,0.20641774,0.1410127,0.0026699116
121,4.0941,0.11210253089666367,0.01589363068342209,-0.8749336004257202,-0.05167491361498833,-0.12675495445728302,-0.06838492304086685,-0.03599960876909316,0.015622208024432193,1.5183843844357556,0.03453626483678818,2.500009059906006,2.695650577545166,-0.4542061984539032,5.375574111938477,0.16871704,0.18192022,0.03065282
122,4.1285,0.1117943748831749,0.009644266217947006,-0.8774619102478027,-0.03975260257720947,-0.13296003639698029,-0.06045901030302048,-0.03854387220006797,0.0069158101111235545,1.5187143500948164,0.03389645740389824,2.3285319805145264,3.3853936195373535,-0.8166607618331909,5.5676960945129395,0.1389585,0.20202823,0.048735406
123,4.1623,0.11201581358909607,0.0032052434980869293,-0.8795523643493652,-0.027143290266394615,-0.13695715367794037,-0.04946663975715637,-0.03949069254661839,-0.0007883086863797146,1.5189652198695018,0.03389587253332138,2.1411595344543457,3.961660146713257,-1.1379241943359375,5.741608619689941,0.115244925,0.21323083,0.061247185
124,4.1962,0.11272035539150238,-0.003266366431489587,-0.8811619281768799,-0.014082270674407482,-0.13859784603118896,-0.035599954426288605,-0.0390166748397195,-0.010771708466989511,1.5192729481334606,0.03455326706171036,1.9141936302185059,4.444408893585205,-1.424201488494873,5.889570236206055,0.09486859,0.2202676,0.07058428
125,4.2306,0.11397327482700348,-0.009707118384540081,-0.8822038173675537,-0.0009505332564003766,-0.13789935410022736,-0.019959336146712303,-0.037589149755220576,-0.01754996110632397,1.5194331372730288,0.035693272948265076,1.6972194910049438,4.81462287902832,-1.6279621124267578,6.008260250091553,0.07918643,0.22463377,0.07595512
126,4.2651,0.11576907336711884,-0.016043756157159805,-0.8827718496322632,0.012011045590043068,-0.13473539054393768,-0.004596027545630932,-0.03432309892861784,-0.026368906704012877,1.5195844048229454,0.03731057420372963,1.4374324083328247,5.09899377822876,-1.7785954475402832,6.093408584594727,0.06430518,0.22810932,0.0795675
127,4.299,0.11874152719974518,-0.02366277202963829,-0.8826520442962646,0.027386609464883804,-0.12742434442043304,0.013789528980851173,-0.030985225976367027,-0.03245631455063477,1.5196014490539218,0.0397256463766098,1.138500690460205,5.344945430755615,-1.8516309261322021,6.16915225982666,0.049328256,0.23158251,0.080226324
128,4.3339,0.12168183922767639,-0.029357384890317917,-0.8819317817687988,0.0388745442032814,-0.11924953758716583,0.027091950178146362,-0.027698901835966058,-0.036975698920499234,1.5195621674278432,0.04184803366661072,0.8766642212867737,5.465928554534912,-1.8486037254333496,6.202870845794678,0.037552305,0.23413551,0.07918577
129,4.3674,0.12505529820919037,-0.03457571566104889,-0.8807785511016846,0.049462560564279556,-0.10917939990758896,0.0386958047747612,-0.022669794675244232,-0.04216197211683317,1.5194130304067988,0.04409494251012802,0.5741807818412781,5.5170111656188965,-1.80805242061615,6.20967960357666,0.024604723,0.23641427,0.07747843
130,4.4025,0.1287802904844284,-0.03926057368516922,-0.8791176080703735,0.058827802538871765,-0.09750852733850479,0.04880337789654732,-0.018516528376238406,-0.04523636272992347,1.5192491128417045,0.046332698315382004,0.2732267379760742,5.519803047180176,-1.7127323150634766,6.202005386352539,0.011805769,0.23850344,0.07400492
131,4.436,0.1370089203119278,-0.04692037031054497,-0.8746280670166016,0.07391244173049927,-0.07052170485258102,0.06344208866357803,-0.01335175604451766,-0.04789227086722144,1.518964420921175,0.05076972767710686,-0.34361180663108826,5.414559841156006,-1.381692886352539,6.149137496948242,-0.015343579,0.24178077,0.061697867
132,4.4701,0.1370089203119278,-0.04692037031054497,-0.8746280670166016,0.07391244173049927,-0.07052170485258102,0.06344208866357803,-0.009811173881122483,-0.04903918199661009,1.5187577596205848,0.05076972767710686,-0.3856475353240967,5.383640766143799,-1.3920296430587769,6.137192726135254,-0.01729655,0.2414599,0.062433466
133,4.504,0.1470569372177124,-0.05240444466471672,-0.8683135509490967,0.08479570597410202,-0.0364956296980381,0.07153945416212082,-0.004926677407889257,-0.049817607338483436,1.5184837203444157,0.05534455180168152,-1.1563308238983154,5.08536958694458,-0.8462554216384888,6.017980098724365,-0.05471536,0.24062996,0.040043186
134,4.5381,0.15173301100730896,-0.0537082776427269,-0.8652331829071045,0.08781508356332779,-0.020700644701719284,0.07253525406122208,-0.0011284523541573537,-0.04983467237540595,1.5182869127398588,0.057175781577825546,-1.5655932426452637,4.862032890319824,-0.5611629486083984,5.93833065032959,-0.076168075,0.236544,0.027301282
135,4.5718,0.15646040439605713,-0.05432174727320671,-0.8621326684951782,0.08947374671697617,-0.004632818512618542,0.07041294872760773,0.002084153848801971,-0.049414725161014084,1.5181188672750747,0.05890049785375595,-1.9702154397964478,4.62378454208374,-0.2411910593509674,5.854267120361328,-0.097887635,0.22972682,0.011983269
136,4.6061,0.16121424734592438,-0.054231468588113785,-0.8591073751449585,0.09001929312944412,0.01147539634257555,0.06625352799892426,0.006635593549582178,-0.04825759831213147,1.5179510881263998,0.060507748275995255,-2.389416456222534,4.343213081359863,0.09173086285591125,5.76182746887207,-0.120484196,0.21900265,-0.004625447
137,4.6401,0.16589169204235077,-0.05346592515707016,-0.8561780452728271,0.0893009677529335,0.027387278154492378,0.060052696615457535,0.010236956123074608,-0.04685498210620319,1.5178510864274672,0.06197510287165642,-2.7867074012756348,4.0517401695251465,0.4314027726650238,5.669546127319336,-0.14112939,0.20519543,-0.021847866
138,4.6742,0.1715790182352066,-0.051578957587480545,-0.8528777360916138,0.08676881343126297,0.04705742001533508,0.049363873898983,0.013363543653233162,-0.04533749211113002,1.5178112721691706,0.06360285729169846,-3.245814085006714,3.6753337383270264,0.8438941240310669,5.555301189422607,-0.16309004,0.18467179,-0.042402525
139,4.7083,0.1758648157119751,-0.049416955560445786,-0.8506369590759277,0.08313647657632828,0.06213337182998657,0.03874219208955765,0.017790296830541407,-0.04259265936055862,1.5177938284640307,0.06471282988786697,-3.579211711883545,3.3363850116729736,1.1521576642990112,5.463177680969238,-0.17800306,0.16592668,-0.05729965
140,4.7421,0.1799030900001526,-0.046690937131643295,-0.8488478660583496,0.07819600403308868,0.07647232711315155,0.026328645646572113,0.021218346914015827,-0.03994751621972945,1.5178337758803817,0.06562807410955429,-3.865652561187744,2.9949305057525635,1.42941415309906,5.377793312072754,-0.18968941,0.14696266,-0.07014203
141,4.7758,0.1836329996585846,-0.04346117749810219,-0.8475514650344849,0.07197161018848419,0.09002071619033813,0.013331680558621883,0.025290736339667306,-0.036078117925790854,1.5179490907555822,0.06633288413286209,-4.104001045227051,2.628164052963257,1.6648553609848022,5.301827430725098,-0.19922593,0.12758243,-0.080819264
142,4.8101,0.1870129108428955,-0.03975589573383331,-0.8467669486999512,0.06463471055030823,0.10262467712163925,-0.00025518270558677614,0.02792055382066091,-0.03302744192996987,1.5180711966915623,0.06680741906166077,-4.294520854949951,2.264383554458618,1.8516209125518799,5.238298416137695,-0.20662466,0.10894754,-0.08908806
143,4.8439,0.18999753892421722,-0.03560158982872963,-0.8465495109558105,0.0562470480799675,0.11407152563333511,-0.013680116273462772,0.03126295206617026,-0.02826896603145973,1.5182881111623492,0.06703408062458038,-4.434190273284912,1.8661689758300781,1.9899935722351074,5.187107086181641,-0.21292762,0.089612514,-0.09555851
144,4.8781,0.19309554994106293,-0.02987498790025711,-0.8470003604888916,0.04410804063081741,0.12649030983448029,-0.029722200706601143,0.03351528102680734,-0.024191728820386466,1.518495171937103,0.06699341535568237,-4.550791263580322,1.3672029972076416,2.0824055671691895,5.135559558868408,-0.21929406,0.065882936,-0.1003472
145,4.912,0.19502566754817963,-0.024948136880993843,-0.8479115962982178,0.033459752798080444,0.13501310348510742,-0.04163217917084694,0.035153921964938495,-0.020480108256872853,1.5187018332376931,0.06673772633075714,-4.594322681427002,0.9333659410476685,2.104175567626953,5.099765777587891,-0.22351459,0.045408413,-0.1023685
146,4.9456,0.19636371731758118,-0.019773300737142563,-0.8492412567138672,0.022097045555710793,0.14193451404571533,-0.05254104733467102,0.03694587983866875,-0.015122720718717524,1.519048443653567,0.06625013798475266,-4.581213474273682,0.45147815346717834,2.091201066970825,5.064827919006348,-0.2265177,0.022323297,-0.103399254
147,4.9799,0.19713447988033295,-0.014439601451158524,-0.8509454727172852,0.010346277616918087,0.1474376618862152,-0.06214713677763939,0.03790368988590495,-0.010757298268778661,1.5193660256135588,0.06561728566884995,-4.531193256378174,-0.05646607279777527,2.0345382690429688,5.025161266326904,-0.2280503,-0.0028418796,-0.10239623
148,5.0143,0.19732441008090973,-0.009021003730595112,-0.8529567718505859,-0.0019802155438810587,0.15146520733833313,-0.07044089585542679,0.03842648505264432,-0.006929984161847121,1.5196673622909014,0.06487923860549927,-4.4412970542907715,-0.5953582525253296,1.939871072769165,4.976885795593262,-0.22739054,-0.030481825,-0.09931971
149,5.0481,0.1969749480485916,-0.003555526491254568,-0.8551486730575562,-0.01458566915243864,0.1539669930934906,-0.07731762528419495,0.03866537060242443,-0.0014897496873240333,1.5200938675394775,0.06411658972501755,-4.296519756317139,-1.1770784854888916,1.824878215789795,4.921603202819824,-0.2231206,-0.061126325,-0.094766915
150,5.0819,0.1958012878894806,0.0032667205668985844,-0.8581546545028687,-0.030505061149597168,0.15497063100337982,-0.08392459899187088,0.038471334349876936,0.0028126107204625695,1.5204419426939508,0.06320694833993912,-4.084517955780029,-1.9044933319091797,1.6292688846588135,4.8381547927856445,-0.21308288,-0.09935442,-0.084996395
151,5.116,0.1942560374736786,0.008649313822388649,-0.8607127666473389,-0.04308433458209038,0.1541500836610794,-0.08742477744817734,0.03773382182024993,0.00816838423735569,1.5208938811309374,0.06253445893526077,-3.8569140434265137,-2.4886045455932617,1.4557222127914429,4.767159938812256,-0.20023856,-0.12920034,-0.07557641
152,5.1502,0.19221217930316925,0.013892914168536663,-0.8634301424026489,-0.05547469109296799,0.15194633603096008,-0.08896986395120621,0.03691854498679261,0.011943915465544701,1.5212170557292184,0.06197979673743248,-3.61171817779541,-3.0324599742889404,1.2454564571380615,4.691140174865723,-0.18511565,-0.15542623,-0.063834846
153,5.1843,0.18966823816299438,0.019006896764039993,-0.8661876916885376,-0.06765928119421005,0.14839421212673187,-0.08878772705793381,0.03522670532529252,0.017426686916475025,1.521654213622155,0.061557888984680176,-3.32358980178833,-3.535022497177124,1.0184531211853027,4.61651086807251,-0.16759364,-0.17825525,-0.051356
154,5.2181,0.18663837015628815,0.023926658555865288,-0.8689243793487549,-0.0793728455901146,0.1432708501815796,-0.08693454414606094,0.03341149264569991,0.021797162090403933,1.522008280889081,0.06127709150314331,-2.983710289001465,-3.973283529281616,0.7818129062652588,4.548917770385742,-0.1482962,-0.19747993,-0.038857624
155,5.2523,0.18315944075584412,0.028585189953446388,-0.8714801073074341,-0.09046106785535812,0.1367897093296051,-0.08314239978790283,0.03150230574973573,0.025567062189303647,1.5223098838825324,0.061111629009246826,-2.621593952178955,-4.34312629699707,0.5256025791168213,4.487715244293213,-0.12850516,-0.21289115,-0.02576396
156,5.2861,0.1782069355249405,0.03388720378279686,-0.8744162321090698,-0.10346877574920654,0.126559779047966,-0.07627660781145096,0.028294253578247875,0.030681024320258123,1.5227502375687771,0.06099182739853859,-2.100100517272949,-4.693441390991211,0.19853493571281433,4.426667213439941,-0.10203181,-0.22802733,-0.009645671
157,5.32,0.17376163601875305,0.03767341375350952,-0.876442551612854,-0.11306890845298767,0.11700472235679626,-0.06925105303525925,0.02534239750362564,0.03439587188599886,1.5230714147962405,0.06087895855307579,-1.6332523822784424,-4.890364170074463,-0.06212937831878662,4.390176773071289,-0.07918782,-0.23710804,0.0030123268
158,5.354,0.16895925998687744,0.04100283980369568,-0.8782126903533936,-0.12166838347911835,0.10615021735429764,-0.06078147143125534,0.02249597347984612,0.037361320485153504,1.5233720856833106,0.060758013278245926,-1.1389288902282715,-5.0142669677734375,-0.32442933320999146,4.362553596496582,-0.05526407,-0.2433065,0.015742235
159,5.388,0.1638219803571701,0.043825481086969376,-0.8796106576919556,-0.12927864491939545,0.09408827871084213,-0.05087585747241974,0.01799354595598489,0.04102008770400205,1.5237380040170874,0.06053970754146576,-0.5940979719161987,-5.045651912689209,-0.5656753778457642,4.3466925621032715,-0.029054644,-0.24676,0.027664622
160,5.422,0.15845952928066254,0.0460970401763916,-0.8806060552597046,-0.1358179897069931,0.08126690983772278,-0.0399034209549427,0.01408417631885719,0.04344104677650619,1.5240426696457925,0.060209374874830246,-0.050163526087999344,-5.009578227996826,-0.7892657518386841,4.335194110870361,-0.0024727564,-0.24694172,0.038905997
161,5.4559,0.1528790295124054,0.047810886055231094,-0.8811581134796143,-0.14126095175743103,0.06755880266427994,-0.028791900724172592,0.008944486595356325,0.04569754316813033,1.5243589200252394,0.05972069129347801,0.5115517377853394,-4.879264831542969,-0.972171425819397,4.329370975494385,0.025570413,-0.24389482,0.048594937
162,5.4896,0.14571459591388702,0.04910710081458092,-0.8812469244003296,-0.14601291716098785,0.04958626627922058,-0.014590712264180183,0.005202711454132719,0.046773447764954734,1.5245709076480096,0.05886828526854515,1.1712782382965088,-4.647922039031982,-1.1595182418823242,4.326266765594482,0.059377547,-0.23562482,0.05878138
163,5.523,0.13992996513843536,0.04946446791291237,-0.8808495998382568,-0.14832523465156555,0.03441900387406349,-0.003362718503922224,0.0008930306042774629,0.04747088388136525,1.5248039342433917,0.05800837650895119,1.6924713850021362,-4.354614734649658,-1.2640801668167114,4.332590103149414,0.08742211,-0.22493118,0.06529419
164,5.5571,0.13413335382938385,0.049171656370162964,-0.880018949508667,-0.14927825331687927,0.019036978483200073,0.008031902834773064,-0.004630420502266658,0.04754673403816207,1.5251054040787886,0.05694542080163956,2.1944351196289062,-3.9632985591888428,-1.333907961845398,4.350480079650879,0.11616762,-0.2098066,0.07061358
165,5.591,0.12837685644626617,0.04823414236307144,-0.8787856101989746,-0.14875099062919617,0.0035345517098903656,0.019305182620882988,-0.008620551539748316,0.04701402691874056,1.5253172585435044,0.055715788155794144,2.6492252349853516,-3.5267908573150635,-1.376596450805664,4.380697727203369,0.14333196,-0.19081119,0.07447848
166,5.625,0.12275571376085281,0.0466916449368,-0.8771789073944092,-0.14684893190860748,-0.011981538496911526,0.029667384922504425,-0.014344037383113574,0.04549626228517998,1.5256143341631028,0.05438607558608055,3.0627827644348145,-2.9853556156158447,-1.3853604793548584,4.430596351623535,0.1703136,-0.16600807,0.07703639
167,5.659,0.11738032847642899,0.044547125697135925,-0.875361442565918,-0.14335571229457855,-0.02726139687001705,0.03901049122214317,-0.018870614368515858,0.04361287476227595,1.5258388386429964,0.05303015932440758,3.4134273529052734,-2.401577949523926,-1.3718433380126953,4.4995598793029785,0.19424085,-0.13666162,0.07806465
168,5.694,0.11109485477209091,0.041067395359277725,-0.8727297782897949,-0.13674296438694,-0.045641303062438965,0.049492042511701584,-0.022749635412486965,0.0414858662562785,1.5260304530834277,0.05130652338266373,3.7707111835479736,-1.6327611207962036,-1.3136495351791382,4.613508224487305,0.21852036,-0.094621815,0.076128654
169,5.7276,0.1064915657043457,0.037722595036029816,-0.8703689575195312,-0.12970682978630066,-0.05974411964416504,0.05651574209332466,-0.02808398244602391,0.037678607000712024,1.5263035602532153,0.04997466877102852,3.982895851135254,-0.9034311771392822,-1.2381176948547363,4.737046241760254,0.23332064,-0.05292359,0.07252974
170,5.7621,0.10225733369588852,0.03395600989460945,-0.8678008317947388,-0.12119647115468979,-0.07282906025648117,0.062346603721380234,-0.032041749834477294,0.0339881044724049,1.5265271326267273,0.048784151673316956,4.142826557159424,-0.17978893220424652,-1.1288251876831055,4.875514507293701,0.24099511,-0.010458621,0.06566564
171,5.7959,0.09841341525316238,0.02985965833067894,-0.8651119470596313,-0.11150798201560974,-0.08474183082580566,0.06674471497535706,-0.03660136250096417,0.028394130441504253,1.5268220777174537,0.04784613102674484,4.243092060089111,0.5724290609359741,-1.0003973245620728,5.030893325805664,0.24125743,0.03254767,0.056881465
172,5.83,0.09502919018268585,0.025443950667977333,-0.862341046333313,-0.10047981888055801,-0.09553162753582001,0.06947185099124908,-0.03943308088209941,0.023860914278728187,1.527021681641155,0.047144316136837006,4.302189350128174,1.2681540250778198,-0.8397448062896729,5.189205169677734,0.2357035,0.06947819,0.04600699
173,5.8639,0.09211316704750061,0.020765306428074837,-0.8595125675201416,-0.08822135627269745,-0.10478474199771881,0.07068821787834167,-0.04276638484860506,0.016688230837196182,1.5273062404036302,0.04671679437160492,4.296848773956299,1.9581899642944336,-0.671649694442749,5.3557000160217285,0.22522333,0.10264035,0.035205144
174,5.898,0.08916320651769638,0.014650609344244003,-0.8559221029281616,-0.07118051499128342,-0.11386509239673615,0.06965477019548416,-0.04469274497241105,0.010482549509850354,1.5275127685461658,0.04658546671271324,4.255699634552002,2.683446168899536,-0.4082748591899872,5.548372268676758,0.21077721,0.1329063,0.020221125
175,5.9321,0.08743977546691895,0.00964036863297224,-0.8530863523483276,-0.05667666345834732,-0.11892297863960266,0.06695717573165894,-0.04577428798060585,0.004810569305996957,1.527677751375696,0.04673812910914421,4.173508167266846,3.1932427883148193,-0.18185201287269592,5.690975189208984,0.1984308,0.15182376,0.008646213
176,5.9657,0.08629263937473297,0.004619307816028595,-0.8502999544143677,-0.04143539071083069,-0.12180648744106293,0.06222451105713844,-0.046225997552186114,-0.0034499605651497995,1.5278704310805633,0.04707888141274452,4.032627582550049,3.64807391166687,0.05136951804161072,5.818937301635742,0.18538697,0.16770835,-0.002361547
177,6.0001,0.08575201034545898,-0.0003447700582910329,-0.8477054834365845,-0.0258374884724617,-0.12245006114244461,0.056144293397665024,-0.04572024661642326,-0.009916766137749522,1.5279555190773915,0.047510962933301926,3.872082471847534,4.014939785003662,0.30467960238456726,5.925829887390137,0.17328797,0.17968129,-0.013635378
178,6.0351,0.08657507598400116,-0.00982468668371439,-0.8432332277297974,0.005628370214253664,-0.11741086840629578,0.04098222404718399,-0.04465686303791143,-0.015279340598246703,1.527990007013508,0.048227958381175995,3.684178113937378,4.311011791229248,0.5700925588607788,6.0133585929870605,0.16160418,0.18909985,-0.025006754
179,6.069,0.08657507598400116,-0.00982468668371439,-0.8432332277297974,0.005628370214253664,-0.11741086840629578,0.04098222404718399,-0.04232931850183102,-0.022319143744654064,1.5279669706700787,0.048227958381175995,3.4534597396850586,4.549372673034668,0.8278689384460449,6.079384803771973,0.14959483,0.1970669,-0.035861112
180,6.103,0.09032925218343735,-0.018919512629508972,-0.8398480415344238,0.03920487314462662,-0.10194852948188782,0.020550334826111794,-0.03986333536214773,-0.027245683833299613,1.5278712300288904,0.048095181584358215,3.160517692565918,4.748642444610596,1.1734468936920166,6.134188652038574,0.13567488,0.20384997,-0.050373793
181,6.137,0.0929214283823967,-0.02218051627278328,-0.8390153646469116,0.05286228656768799,-0.09227041155099869,0.01085837185382843,-0.03618407428647318,-0.03243256456325722,1.527677751375696,0.047424133867025375,2.6311025619506836,4.88908576965332,1.711890697479248,6.15841007232666,0.11321384,0.2103727,-0.07366103
182,6.1712,0.09601203352212906,-0.024903247132897377,-0.8385193347930908,0.06579078733921051,-0.08112616091966629,0.000497025961522013,-0.03336478537748804,-0.035419563961295496,1.527503314324296,0.04634670913219452,2.595003366470337,4.880285263061523,1.6978869438171387,6.149229049682617,0.11219757,0.21100402,-0.07340984
183,6.2052,0.09958388656377792,-0.0270529855042696,-0.8384339809417725,0.07760019600391388,-0.06889301538467407,-0.011474071070551872,-0.02904726445706238,-0.03874062154797598,1.5271951865861737,0.04479559138417244,1.9609134197235107,4.831316947937012,2.235527276992798,6.091527938842773,0.08641235,0.21290356,-0.098513864
184,6.2393,0.10350415110588074,-0.028529338538646698,-0.8388170003890991,0.08816578984260559,-0.05551527068018913,-0.02286672778427601,-0.02538124428543257,-0.040635905910812106,1.5269445831275974,0.042758092284202576,1.5905498266220093,4.736269474029541,2.4702823162078857,6.02983283996582,0.071343735,0.21244425,-0.11080393
185,6.2728,0.10889656841754913,-0.029489101842045784,-0.8398545980453491,0.09962581098079681,-0.03800657391548157,-0.038991909474134445,-0.02212158504544602,-0.041758569790713414,1.5267252718118294,0.03955676034092903,1.0964434146881104,4.574241638183594,2.7446296215057373,5.9322733879089355,0.050332554,0.20998189,-0.12599303
186,6.3072,0.113477922976017,-0.02955484390258789,-0.8411595821380615,0.10741639137268066,-0.023495294153690338,-0.05246719345450401,-0.01739255996352188,-0.04257760833921047,1.526462817286402,0.036551449447870255,0.6497617363929749,4.383824825286865,2.92749285697937,5.8316545486450195,0.030583704,0.20634271,-0.13779448
187,6.3411,0.11825408041477203,-0.028962017968297005,-0.8429133892059326,0.11392281949520111,-0.008485826663672924,-0.06647521257400513,-0.013541159853184635,-0.042610490056294546,1.5262200701530413,0.03317038342356682,0.18118681013584137,4.15494966506958,3.0710878372192383,5.7227325439453125,0.008761596,0.20091964,-0.14850767
188,6.375,0.12321481853723526,-0.027698270976543427,-0.8450782299041748,0.11917074769735336,0.00655785808339715,-0.08012286573648453,-0.010133624432482233,-0.042219134372918195,1.52605535363962,0.02950148470699787,-0.31362998485565186,3.881620168685913,3.160065174102783,5.60969877243042,-0.015634244,0.19349617,-0.15752713
189,6.4091,0.12832605838775635,-0.025802593678236008,-0.847681999206543,0.12312202155590057,0.02140967547893524,-0.0934661254286766,-0.005253890960440776,-0.041037564698655694,1.5258626739347527,0.025769149884581566,-0.8420738577842712,3.5372302532196045,3.1885263919830322,5.492363452911377,-0.0435307,0.18285581,-0.1648297
190,6.4432,0.1335272341966629,-0.023366272449493408,-0.8507931232452393,0.1257537603378296,0.03599879890680313,-0.10639970004558563,-0.0004042176916385548,-0.039200948942396174,1.525729116406085,0.022443700581789017,-1.3750483989715576,3.1541478633880615,3.147204637527466,5.383213996887207,-0.073719986,0.16910222,-0.16872998
191,6.477,0.14004254341125488,-0.01956837624311447,-0.855330228805542,0.1268351972103119,0.053554717451334,-0.12143804132938385,0.003517008766484447,-0.03728108859612566,1.5256665321204683,0.019934793934226036,-2.0278241634368896,2.6036176681518555,2.997530221939087,5.261573791503906,-0.11371163,0.14599966,-0.16808857
192,6.5105,0.14515358209609985,-0.01600291021168232,-0.8594303131103516,0.12631170451641083,0.06681955605745316,-0.13238953053951263,0.0069600653985974065,-0.035300587239596205,1.5256461589381292,0.020272649824619293,-2.516083240509033,2.122483253479004,2.807269811630249,5.1803789138793945,-0.14539658,0.12265166,-0.16222332
193,6.5439,0.150120809674263,-0.012005939148366451,-0.8639631271362305,0.1243407353758812,0.07934830337762833,-0.14185269176959991,0.011912487043789863,-0.03204177896280172,1.5256940958377507,0.023029720410704613,-2.9603500366210938,1.5735344886779785,2.555499315261841,5.1110382080078125,-0.1755643,0.09331886,-0.15155452
194,6.5779,0.15490910410881042,-0.007628001272678375,-0.86882483959198,0.12096016108989716,0.09086903929710388,-0.14911533892154694,0.01603199049389783,-0.028981711162949002,1.5257657348710738,0.027735469862818718,-3.343755006790161,1.0021374225616455,2.2504935264587402,5.052295684814453,-0.20127216,0.060322113,-0.13546498
195,6.6122,0.15940247476100922,-0.002955947769805789,-0.8739098310470581,0.1159953847527504,0.10126994550228119,-0.15384243428707123,0.01974654469579973,-0.025941425656568526,1.5258702639438595,0.03364362567663193,-3.6546196937561035,0.4059453308582306,1.9041192531585693,4.997241973876953,-0.22064386,0.024508527,-0.11495922
196,6.6461,0.16356158256530762,0.0019791556987911463,-0.8789893388748169,0.10971490293741226,0.1103808656334877,-0.15572768449783325,0.025083305219074557,-0.02100478428113209,1.5260524241624207,0.04013657197356224,-3.881969451904297,-0.2655027210712433,1.5380280017852783,4.940715312957764,-0.23195422,-0.015864234,-0.09189977
197,6.6799,0.1682446002960205,0.008429961279034615,-0.8853949308395386,0.0997733473777771,0.11983828246593475,-0.15351298451423645,0.029238321298140347,-0.016615640972140105,1.5262644117851911,0.048699747771024704,-4.0693745613098145,-1.0983428955078125,1.0355162620544434,4.863508224487305,-0.2343932,-0.0632638,-0.05964503
198,6.714,0.17157046496868134,0.013760212808847427,-0.890404224395752,0.09043698757886887,0.12578818202018738,-0.14768770337104797,0.032625666628828584,-0.01244464488623654,1.5264526972742598,0.0556289441883564,-4.139891624450684,-1.8010324239730835,0.6089321374893188,4.796403884887695,-0.22718845,-0.09883683,-0.0334169
199,6.7479,0.1744866520166397,0.019144205376505852,-0.8951503038406372,0.07998409867286682,0.13014554977416992,-0.13759997487068176,0.036992755635043346,-0.005940186012908245,1.5267794671400123,0.06238944083452225,-4.1306233406066895,-2.545837640762329,0.17267847061157227,4.727838039398193,-0.21268985,-0.13108768,-0.008891383
200,6.782,0.17693455517292023,0.02448999509215355,-0.8995031118392944,0.06847398728132248,0.1327381581068039,-0.12387080490589142,0.03984064023623321,-0.00023767722821056898,1.5270742790726841,0.06877793371677399,-4.071418285369873,-3.2272441387176514,-0.27324727177619934,4.661107540130615,-0.19564645,-0.15508081,0.013130525
201,6.8159,0.17887888848781586,0.029731858521699905,-0.9033608436584473,0.05604778602719307,0.1333160102367401,-0.10810108482837677,0.042356948798140594,0.0072425914201465855,1.527477215345613,0.07464969158172607,-3.9496514797210693,-3.859347105026245,-0.6966068744659424,4.598853588104248,-0.17740305,-0.17334694,0.031288885
202,6.8501,0.18032361567020416,0.03485257923603058,-0.9066210985183716,0.042902640998363495,0.1321796476840973,-0.09043194353580475,0.04329958298835255,0.012496404878438451,1.5277665677980503,0.07991589605808258,-3.807559013366699,-4.378976345062256,-1.110166072845459,4.54340934753418,-0.16111661,-0.18529609,0.046976604
203,6.884,0.18135805428028107,0.040914155542850494,-0.9097356796264648,0.02597471885383129,0.12788201868534088,-0.06734298169612885,0.04345300603427633,0.01971207548503462,1.5282007962137878,0.08544071763753891,-3.5773749351501465,-4.90415620803833,-1.5703551769256592,4.4901604652404785,-0.14263588,-0.19553685,0.06261267
204,6.918,0.18157298862934113,0.04544788971543312,-0.9114773273468018,0.012414570897817612,0.12260214984416962,-0.048072755336761475,0.04260786434590729,0.02504558820013631,1.5284882844534617,0.08900578320026398,-3.3642501831054688,-5.228550434112549,-1.8974452018737793,4.462484836578369,-0.12938471,-0.2010833,0.07297329
205,6.952,0.18124054372310638,0.04964510351419449,-0.9125640392303467,-0.0009693026077002287,0.11555380374193192,-0.02930285409092903,0.041241741769291504,0.029271773098145264,1.528745678972818,0.09179124236106873,-3.137538194656372,-5.47475528717041,-2.184004545211792,4.446894645690918,-0.11746949,-0.20497493,0.08176917
206,6.9859,0.18040049076080322,0.05344189703464508,-0.9129694700241089,-0.014107383787631989,0.10689438879489899,-0.011146795004606247,0.03844262630556372,0.03447171580101187,1.5290712504160802,0.09377062320709229,-2.875570774078369,-5.656382083892822,-2.4181346893310547,4.446690082550049,-0.10586736,-0.20824605,0.08902634
207,7.0201,0.17909976840019226,0.05677745118737221,-0.9127439260482788,-0.026678651571273804,0.09686342626810074,0.006083156913518906,0.03565085534077967,0.03790088108319276,1.5293109349141873,0.09496830403804779,-2.6150927543640137,-5.778877258300781,-2.6163179874420166,4.455573081970215,-0.095282316,-0.2105565,0.09532696
208,7.0559,0.17734983563423157,0.059630900621414185,-0.9119101762771606,-0.03844529390335083,0.0856630802154541,0.02196088247001171,0.031686829523764594,0.041176481839016954,1.529554747311984,0.09539471566677094,-2.350951671600342,-5.8545098304748535,-2.7734172344207764,4.471766948699951,-0.08528328,-0.21237858,0.10060866
209,7.09,0.17458991706371307,0.06252608448266983,-0.9101471900939941,-0.05182845517992973,0.07023327052593231,0.0396130234003067,0.028740919788513807,0.042839438686257295,1.5297120069743533,0.09496640413999557,-2.0057361125946045,-5.8842973709106445,-2.9155709743499756,4.500511646270752,-0.073026404,-0.21424009,0.106152385
210,7.1239,0.17195865511894226,0.06426571309566498,-0.9082126617431641,-0.06150851771235466,0.0571439154446125,0.05212854593992233,0.024432724093092623,0.044347474459460676,1.5299343809253747,0.09388352185487747,-1.7166041135787964,-5.850589275360107,-2.9921092987060547,4.527827739715576,-0.063186444,-0.2153542,0.11013648
211,7.158,0.16901439428329468,0.06550303846597672,-0.9059884548187256,-0.07021337747573853,0.04351381957530975,0.06366117298603058,0.02100437440399557,0.04491514805175709,1.5301064211317938,0.09228508174419403,-1.4300854206085205,-5.778896808624268,-3.049669027328491,4.554349422454834,-0.05345001,-0.21598858,0.113982596
212,7.192,0.16581648588180542,0.06621336191892624,-0.9033443927764893,-0.0778316929936409,0.029645515605807304,0.0742717832326889,0.018002184584770837,0.045018058421942626,1.5302568897333835,0.0901058167219162,-1.1410253047943115,-5.666196823120117,-3.076941967010498,4.580188274383545,-0.043564398,-0.21633565,0.11747778
213,7.2261,0.16238074004650116,0.06640280038118362,-0.900290846824646,-0.08445414900779724,0.01567235216498375,0.08375004678964615,0.013830852482839108,0.04457810004867234,1.5304775326296964,0.08737101405858994,-0.8405361771583557,-5.486190319061279,-3.0732741355895996,4.606003761291504,-0.03312185,-0.21618673,0.12110428
214,7.2597,0.15877626836299896,0.066073939204216,-0.89695143699646,-0.090068019926548,0.0017333740834146738,0.09233558177947998,0.01063524850885277,0.04381476317884997,1.53066714969931,0.08418413251638412,-0.5376332402229309,-5.263757228851318,-3.0420689582824707,4.6292500495910645,-0.022022206,-0.21561082,0.12460738
215,7.2939,0.15405334532260895,0.06498362123966217,-0.8923296928405762,-0.09554924070835114,-0.01545979455113411,0.10209724307060242,0.007944927336843929,0.0428997759297044,1.5308241430455702,0.07960629463195801,-0.14826600253582,-4.9310784339904785,-2.9560933113098145,4.657105445861816,-0.006445032,-0.21435095,0.12849957
216,7.328,0.15021343529224396,0.06358816474676132,-0.8883270025253296,-0.09876424819231033,-0.02887514792382717,0.10888682305812836,0.00427186643308222,0.04129339877206064,1.5310545064798622,0.07556670159101486,0.16798223555088043,-4.570950031280518,-2.8537895679473877,4.682223320007324,0.0077895317,-0.21196027,0.13233355
217,7.3621,0.14634555578231812,0.061751026660203934,-0.8841148614883423,-0.1009352058172226,-0.0418575294315815,0.11509092897176743,0.00149199035767282,0.039787992870433705,1.531219356151338,0.07127062976360321,0.4837665557861328,-4.172382354736328,-2.718585252761841,4.710572242736816,0.024172133,-0.20847945,0.13583826
218,7.3959,0.14251405000686646,0.0594724602997303,-0.8796854019165039,-0.10205709934234619,-0.05441569536924362,0.12095347046852112,-0.0018314977536138498,0.03769322941957224,1.531431210616054,0.06675585359334946,0.7906941175460815,-3.7050397396087646,-2.554725170135498,4.7473249435424805,0.04326057,-0.20271067,0.1397745
219,7.4301,0.1387130171060562,0.05674951523542404,-0.8750450611114502,-0.1023273915052414,-0.0664968192577362,0.12642307579517365,-0.0040914978665471235,0.03609870748996853,1.5315587760322686,0.06206202507019043,1.0907076597213745,-3.2108843326568604,-2.354729652404785,4.792425155639648,0.06604811,-0.19443601,0.14259131
220,7.4638,0.13503120839595795,0.05358785390853882,-0.8703887462615967,-0.10164514929056168,-0.07816426455974579,0.13128067553043365,-0.007261199217966214,0.033700006618512565,1.5317453304666286,0.057320404797792435,1.3652915954589844,-2.642224073410034,-2.1370975971221924,4.85162353515625,0.09319866,-0.18036567,0.14588432
221,7.4982,0.13061311841011047,0.04909425228834152,-0.8643484115600586,-0.0994829386472702,-0.09186899662017822,0.1370263546705246,-0.009749713116590498,0.03165958205686172,1.5318887416913294,0.05142779275774956,1.6787612438201904,-1.9194438457489014,-1.8173409700393677,4.942007064819336,0.13402937,-0.15324506,0.14509334
222,7.5321,0.12726673483848572,0.04509526118636131,-0.859379768371582,-0.0968642458319664,-0.10217177122831345,0.141372412443161,-0.011965041823129595,0.02975516804491367,1.5320100486789825,0.0469101257622242,1.8976032733917236,-1.302262783050537,-1.5325157642364502,5.029387950897217,0.17157166,-0.117744,0.1385623
223,7.566,0.12410159409046173,0.040722575038671494,-0.8543050289154053,-0.09329202026128769,-0.11182603985071182,0.1450260877609253,-0.015279569463652882,0.026755470778021685,1.5321759636148946,0.04272250458598137,2.0821378231048584,-0.6293437480926514,-1.2210941314697266,5.1313581466674805,0.20867433,-0.063073575,0.122379504
224,7.6002,0.12119057029485703,0.03598500043153763,-0.8491153717041016,-0.08877687156200409,-0.12092937529087067,0.14793656766414642,-0.01815746560167387,0.02400398844710349,1.5322836884809883,0.03908165544271469,2.237752914428711,0.05110907554626465,-0.8769649267196655,5.240927696228027,0.23271139,0.005315003,0.091198504
225,7.6341,0.11853892356157303,0.030930666252970695,-0.8438706398010254,-0.08327724784612656,-0.12933945655822754,0.14894422888755798,-0.020912199901954406,0.021154612059584268,1.5324003349367337,0.03630928695201874,2.366131067276001,0.7333241701126099,-0.4957774579524994,5.3535943031311035,0.23415087,0.07256931,0.04906183
226,7.668,0.11622001975774765,0.025532381609082222,-0.8386785984039307,-0.0766538679599762,-0.13682512938976288,0.14669771492481232,-0.025181122293675327,0.01603748742483532,1.532564518817937,0.03461703658103943,2.451306104660034,1.453035593032837,-0.08494165539741516,5.471161842346191,0.21496163,0.1274206,0.0074487627
227,7.7021,0.11380418390035629,0.018364308401942253,-0.8325505256652832,-0.06652859598398209,-0.14480942487716675,0.13590851426124573,-0.028645790842138336,0.010811151339149805,1.5327068647782018,0.03421841561794281,2.519487142562866,2.2721481323242188,0.4988301694393158,5.604745864868164,0.18367977,0.16564786,-0.036366533
228,7.736,0.11119440943002701,0.006303541827946901,-0.824270486831665,-0.04610655829310417,-0.15251046419143677,0.10252049565315247,-0.03243993819052538,0.002996038281210704,1.532914591343228,0.036950912326574326,2.5070574283599854,3.3689069747924805,1.4952751398086548,5.790127754211426,0.14060394,0.18893927,-0.0838599
229,7.7707,0.11054261773824692,0.00015910044021438807,-0.8212525844573975,-0.03407212719321251,-0.1531619429588318,0.07906289398670197,-0.03439558476394383,-0.0030920738466838327,1.5330707857411612,0.03905439376831055,2.464816093444824,3.4362757205963135,1.4564424753189087,5.797967910766602,0.13777179,0.19207188,-0.08140838
230,7.804,0.11036955565214157,-0.005974442232400179,-0.8192218542098999,-0.021220609545707703,-0.15142804384231567,0.05205195024609566,-0.03574870986608327,-0.012126834060838412,1.5332984860143628,0.041105255484580994,2.266676425933838,4.206084251403809,2.3777244091033936,5.928305625915527,0.10617938,0.19702831,-0.11138127
231,7.8375,0.1107136458158493,-0.012032958678901196,-0.8181742429733276,-0.007970293052494526,-0.14727255702018738,0.02617531828582287,-0.03545691895677306,-0.019190847006030274,1.5334446935582082,0.042927805334329605,2.088496446609497,4.490945816040039,2.7134716510772705,5.970528602600098,0.092453584,0.19880523,-0.12011999
232,7.8711,0.11183778941631317,-0.019284207373857498,-0.8181376457214355,0.008141197264194489,-0.1388169378042221,-0.004888777621090412,-0.03439694755340789,-0.024902176975435543,1.5335179304881854,0.04481453821063042,2.038302421569824,4.5119757652282715,2.6798946857452393,5.966965675354004,0.09051428,0.20036195,-0.11900528
233,7.9053,0.11328481882810593,-0.024708954617381096,-0.8190865516662598,0.020440421998500824,-0.1295662373304367,-0.02760603092610836,-0.03173151445402368,-0.03194248050484459,1.5335898358376177,0.045943550765514374,1.60504150390625,4.887511730194092,3.2130367755889893,5.996169567108154,0.06615702,0.20145473,-0.13243578
234,7.9394,0.11518967896699905,-0.02971353754401207,-0.8207770586013794,0.031804170459508896,-0.11861036717891693,-0.047212570905685425,-0.028832509643471914,-0.03646443440904207,1.5335325778741808,0.04678387567400932,1.3544814586639404,4.988565444946289,3.3218250274658203,5.9815263748168945,0.05510947,0.2029686,-0.13515432
235,7.973,0.1175430566072464,-0.034233953803777695,-0.8231308460235596,0.04214290529489517,-0.10612186789512634,-0.0648304894566536,-0.025983921801306705,-0.03964348309178328,1.5334617377891848,0.04736020788550377,1.0887203216552734,5.057178020477295,3.3856394290924072,5.954312801361084,0.0440245,0.20449671,-0.13690484
236,8.007,0.12023362517356873,-0.03819957375526428,-0.8260413408279419,0.05115014314651489,-0.09268663078546524,-0.08013401925563812,-0.021612869262375847,-0.04287468395880881,1.533285835999185,0.04774411767721176,0.7929739952087402,5.093392848968506,3.403320074081421,5.911766529083252,0.032094356,0.20614694,-0.13774393
237,8.041,0.12320877611637115,-0.04158666729927063,-0.829499363899231,0.059065017849206924,-0.07846200466156006,-0.0931997075676918,-0.018004373370291746,-0.04453838565891653,1.5331404274036666,0.04795584827661514,0.49386507272720337,5.107422351837158,3.3803911209106445,5.864652633666992,0.0200933,0.2077996,-0.13753393
238,8.0749,0.12719665467739105,-0.04498661682009697,-0.8343656063079834,0.06731639802455902,-0.06012968346476555,-0.10643989592790604,-0.014842849535880016,-0.04538077264003301,1.5329799719479895,0.04814526066184044,0.11852546036243439,5.099299430847168,3.29850697517395,5.803356170654297,0.0048781573,0.20987208,-0.13575679
239,8.1084,0.13056500256061554,-0.04703415930271149,-0.838568925857544,0.07257235050201416,-0.04514942690730095,-0.11481886357069016,-0.010395795997043721,-0.04576742201842049,1.5327566658905862,0.048309724777936935,-0.20972560346126556,5.049014091491699,3.2006871700286865,5.742480278015137,-0.008765277,0.21101862,-0.1337696
240,8.1429,0.1339685469865799,-0.0485215000808239,-0.8430726528167725,0.07653232663869858,-0.030305448919534683,-0.12126480787992477,-0.006976597283153263,-0.04550267051655298,1.5325788998878236,0.0485437847673893,-0.5307440161705017,4.980823040008545,3.0604984760284424,5.684475898742676,-0.022604076,0.21213034,-0.13034484
241,8.1769,0.13741348683834076,-0.049408357590436935,-0.8477481603622437,0.07932242006063461,-0.015467937104403973,-0.12621548771858215,-0.002817796082358468,-0.0446369725535199,1.5324059275750228,0.04886065423488617,-0.8619323372840881,4.873669147491455,2.8925631046295166,5.6214141845703125,-0.037589185,0.21254249,-0.12614574
242,8.2104,0.14085882902145386,-0.04966773837804794,-0.8525643348693848,0.08095049113035202,-0.0010261985007673502,-0.12968319654464722,-4.1039789471961354e-05,-0.043737152839020174,1.532308455879126,0.04925105348229408,-1.1875256299972534,4.746490001678467,2.6865575313568115,5.561634063720703,-0.053186983,0.21258613,-0.12032573
243,8.2439,0.14430737495422363,-0.049330487847328186,-0.8574297428131104,0.08163546025753021,0.01302666962146759,-0.13184823095798492,0.0037197606298181433,-0.04213923537902661,1.5322081878640845,0.0497671402990818,-1.523348331451416,4.573399543762207,2.4540975093841553,5.497428894042969,-0.07040577,0.21137235,-0.11342292
244,8.278,0.14858973026275635,-0.048131514340639114,-0.8636056184768677,0.08111003041267395,0.030167382210493088,-0.13247263431549072,0.006599337628202921,-0.04064980844394016,1.532161848861117,0.05067799985408783,-1.9368655681610107,4.327759265899658,2.107246160507202,5.4227294921875,-0.09332337,0.20852304,-0.101532765
245,8.3121,0.15197135508060455,-0.04658086597919464,-0.8685616254806519,0.079708531498909,0.04338841512799263,-0.13146355748176575,0.009011803193394582,-0.03924514077173468,1.5321542588520103,0.05166664347052574,-2.2671685218811035,4.0920844078063965,1.7925350666046143,5.363644123077393,-0.11313601,0.20420277,-0.0894509
246,8.3461,0.15528365969657898,-0.044508036226034164,-0.8734718561172485,0.0775279700756073,0.05610775202512741,-0.12884777784347534,0.012370450882742615,-0.037096660529448475,1.5321473346331762,0.05288500338792801,-2.5941574573516846,3.8100316524505615,1.4477697610855103,5.304773330688477,-0.13423538,0.19715112,-0.07491524
247,8.3801,0.1584712564945221,-0.041940342634916306,-0.8782597780227661,0.07449351996183395,0.06817395985126495,-0.12461814284324646,0.015007630547734067,-0.03524084088501596,1.5321682404477333,0.054311469197273254,-2.9009876251220703,3.5065648555755615,1.0742918252944946,5.251768589019775,-0.15509683,0.18747307,-0.057435356
248,8.4143,0.16149024665355682,-0.03892941027879715,-0.8828369379043579,0.07055521756410599,0.07982931286096573,-0.1186930388212204,0.017342950265840748,-0.033524560478730585,1.5322480021223812,0.055911146104335785,-3.181107521057129,3.1771364212036133,0.6820383071899414,5.203427314758301,-0.1748862,0.17466788,-0.037496086
249,8.4481,0.16433720290660858,-0.035469215363264084,-0.8871263265609741,0.0658654272556305,0.09068795293569565,-0.11109360307455063,0.020682862200801153,-0.030918297409221973,1.532366379632835,0.05761156976222992,-3.431008815765381,2.8014259338378906,0.2822342813014984,5.1571245193481445,-0.19325674,0.15779454,-0.01589727
250,8.482,0.16763073205947876,-0.03056381456553936,-0.8919827938079834,0.058839574456214905,0.10333164781332016,-0.099075086414814,0.023318584409274166,-0.028669884127625146,1.5324758355536374,0.0598008967936039,-3.6849470138549805,2.3090713024139404,-0.22324088215827942,5.104514122009277,-0.21156634,0.13257226,0.012817079
251,8.5159,0.17000442743301392,-0.02616817317903042,-0.8954010009765625,0.05233187600970268,0.11269363760948181,-0.08705957233905792,0.026538125624152194,-0.025622582856247994,1.5326713115776491,0.061506934463977814,-3.8326292037963867,1.8499583005905151,-0.6191593408584595,5.059076309204102,-0.22279866,0.107541904,0.035993014
252,8.55,0.1721106767654419,-0.021434087306261063,-0.8982744216918945,0.04496292397379875,0.12129933387041092,-0.07232923805713654,0.028731659061941976,-0.02326544602314868,1.532830834926945,0.06307954341173172,-3.923370361328125,1.3675897121429443,-1.0055903196334839,5.011449813842773,-0.22944489,0.07997881,0.05880851
253,8.5839,0.17391598224639893,-0.0164174884557724,-0.9005805253982544,0.036965761333703995,0.12905867397785187,-0.055823225528001785,0.0316815801835847,-0.019524618072617465,1.5330791746985948,0.06447944790124893,-3.950244426727295,0.8224310874938965,-1.357755422592163,4.9549946784973145,-0.23197065,0.048295714,0.07973163
254,8.618,0.1754494160413742,-0.01112857274711132,-0.9022533893585205,0.028140993788838387,0.1358446180820465,-0.03793827444314957,0.033840103456012946,-0.016164912400914503,1.533314864455067,0.0656690001487732,-3.922262668609619,0.24177464842796326,-1.673405408859253,4.891905784606934,-0.22957781,0.01415155,0.09794774
255,8.6519,0.17668554186820984,-0.005623168312013149,-0.9032641649246216,0.01869591698050499,0.14184696972370148,-0.018842177465558052,0.03547081316752271,-0.012970142745363417,1.5335257868134011,0.0666232630610466,-3.8443973064422607,-0.38204964995384216,-1.945935606956482,4.825056076049805,-0.22218154,-0.022080023,0.11246261
256,8.6864,0.1778026819229126,0.0015125443460419774,-0.9034938812255859,0.006271167658269405,0.14759351313114166,0.005086264573037624,0.03724989216066891,-0.00798130653345333,1.5338669377490404,0.06742797791957855,-3.681335926055908,-1.226085901260376,-2.1994857788085938,4.742949485778809,-0.2063443,-0.068723924,0.12328442
257,8.72,0.17836064100265503,0.007390138693153858,-0.9027929306030273,-0.004228849429637194,0.150759756565094,0.024148566648364067,0.03817143328280959,-0.0036782909984415415,1.5341586870464585,0.06776245683431625,-3.5088961124420166,-1.9327051639556885,-2.3331241607666016,4.6859002113342285,-0.18922585,-0.10422588,0.12581946
258,8.7546,0.17860624194145203,0.013363532721996307,-0.9014145135879517,-0.015097369439899921,0.15279372036457062,0.04254020005464554,0.03853114312229523,0.0003589596550945919,1.5343853220552242,0.06794145703315735,-3.3103134632110596,-2.6416914463043213,-2.411821126937866,4.640322685241699,-0.16980267,-0.13550568,0.12371446
259,8.7881,0.17852433025836945,0.0193648561835289,-0.8993655443191528,-0.025987396016716957,0.15334822237491608,0.05933094024658203,0.03818762446999943,0.006580608635747749,1.5347495093342927,0.06800337880849838,-3.0666913986206055,-3.3418262004852295,-2.4168293476104736,4.610258102416992,-0.14917547,-0.16255908,0.117563725
260,8.822,0.1780651956796646,0.025327268987894058,-0.8967379331588745,-0.03700599446892738,0.15231923758983612,0.07352662086486816,0.03716824546731196,0.01187866905913506,1.5350303396712415,0.06801752746105194,-2.8081295490264893,-3.9831230640411377,-2.367706775665283,4.591550827026367,-0.12956929,-0.18378441,0.10924784
261,8.856,0.17720186710357666,0.031185628846287727,-0.8937565088272095,-0.04773034527897835,0.14977681636810303,0.08486247062683105,0.03501874989486016,0.018594224020446866,1.535384540096222,0.06813342869281769,-2.5100550651550293,-4.561385154724121,-2.26375150680542,4.585749626159668,-0.11053126,-0.2008624,0.09968519
262,8.89,0.17550773918628693,0.03819417953491211,-0.8894845247268677,-0.06091894954442978,0.14399774372577667,0.09480559825897217,0.03302131874005729,0.02315757343483826,1.5355991908800823,0.06832390278577805,-2.1497254371643066,-5.163818836212158,-2.0943617820739746,4.584893226623535,-0.08998188,-0.21614392,0.0876645
263,8.9243,0.173752561211586,0.04340771213173866,-0.8857579231262207,-0.070913165807724,0.13739275932312012,0.09987007081508636,0.029536154254173677,0.02936966091296249,1.5359041228248964,0.06857079267501831,-1.8251547813415527,-5.552938938140869,-1.9140702486038208,4.5967864990234375,-0.074185945,-0.22570689,0.077800035
264,8.958,0.17167897522449493,0.04824911057949066,-0.8818644285202026,-0.08003465831279755,0.12894664704799652,0.1016383022069931,0.02627823647186869,0.033853931087735344,1.5360864162015124,0.0689409151673317,-1.4790527820587158,-5.858019828796387,-1.6980583667755127,4.618292808532715,-0.058917604,-0.23335238,0.06764162
265,8.9916,0.1693529337644577,0.052640512585639954,-0.8779783248901367,-0.08811887353658676,0.11884761601686478,0.1013001948595047,0.023164316641942125,0.03741948974902572,1.536244607970263,0.06944726407527924,-1.1587648391723633,-6.0912346839904785,-1.4848792552947998,4.641883850097656,-0.0454361,-0.2388422,0.058223307
266,9.0251,0.1667858213186264,0.05653204396367073,-0.8742001056671143,-0.09515415132045746,0.10730953514575958,0.09924384206533432,0.01851094822151685,0.041722438184861606,1.5364095907997934,0.0700206607580185,-0.8209273219108582,-6.245349407196045,-1.2656328678131104,4.673120975494385,-0.031942885,-0.24301115,0.049246706
267,9.0592,0.16404980421066284,0.059884414076805115,-0.8706039190292358,-0.10100046545267105,0.09424959123134613,0.09554558992385864,0.01468979267460612,0.044463530026339286,1.5365364904257357,0.07060188055038452,-0.5100786089897156,-6.335216045379639,-1.059119462966919,4.703539848327637,-0.019790864,-0.24580407,0.04109345
268,9.094,0.1603924185037613,0.06328004598617554,-0.8664113283157349,-0.10681426525115967,0.07667803019285202,0.08953937143087387,0.011354881448770717,0.046346064505456655,1.5366199805259098,0.07118783891201019,-0.14853601157665253,-6.376254558563232,-0.8206764459609985,4.738746643066406,-0.0057746074,-0.24788849,0.03190529
269,9.128,0.15728409588336945,0.06526768207550049,-0.8633110523223877,-0.1100359782576561,0.06159506365656853,0.08413554728031158,0.006749596089737634,0.048204796982331446,1.536761128063684,0.07137414067983627,0.15449829399585724,-6.314415454864502,-0.6345562934875488,4.769599437713623,0.0060844305,-0.24867344,0.024990007
270,9.1621,0.15403850376605988,0.0665859803557396,-0.8603483438491821,-0.11223168671131134,0.045937154442071915,0.0780818983912468,0.0032722265515290104,0.04901978669373374,1.5368680539814505,0.0712207481265068,0.44109299778938293,-6.196244716644287,-0.45359304547309875,4.796066761016846,0.017704727,-0.24870679,0.018206459
271,9.196,0.15063364803791046,0.06720168143510818,-0.8576483726501465,-0.11327521502971649,0.02973589114844799,0.07129693776369095,-0.0008425496576069003,0.04928941927053666,1.5370189220572037,0.07065971940755844,0.7288240790367126,-5.991605281829834,-0.27581512928009033,4.8183488845825195,0.030156232,-0.247912,0.011412281
272,9.2297,0.1471243053674698,0.06714390218257904,-0.8552432060241699,-0.11337794363498688,0.013465608470141888,0.06450100243091583,-0.003515698772108399,0.04902317390174519,1.537119989020572,0.06969592720270157,1.0041284561157227,-5.731847763061523,-0.11024701595306396,4.833279609680176,0.043131325,-0.24620573,0.0047355494
273,9.264,0.14355382323265076,0.06638035178184509,-0.8531020879745483,-0.11233244836330414,-0.002992521971464157,0.057637251913547516,-0.007055719174961137,0.0480927902525476,1.537264465509709,0.0682738721370697,1.2719169855117798,-5.381993770599365,0.05161437392234802,4.843012809753418,0.0574957,-0.24328749,-0.0023331747
274,9.2981,0.13911032676696777,0.06447981297969818,-0.8508223295211792,-0.10971662402153015,-0.02327636070549488,0.04906870424747467,-0.009630998549811013,0.046947481181002206,1.5373984225125399,0.0658765584230423,1.585179328918457,-4.829461097717285,0.24717459082603455,4.848679542541504,0.077873334,-0.23725155,-0.01214267
275,9.3323,0.1355772763490677,0.06224370375275612,-0.8493131399154663,-0.10674895346164703,-0.03924703598022461,0.04207303747534752,-0.011729832684010557,0.045677477913792265,1.53752052844852,0.06348217278718948,1.8168387413024902,-4.301331043243408,0.39949724078178406,4.851131916046143,0.09692168,-0.22946022,-0.021311712
276,9.3663,0.1321636438369751,0.0594513900578022,-0.848044753074646,-0.10305321216583252,-0.054867252707481384,0.0347306951880455,-0.014558365674810708,0.04346981307746825,1.5376668691504198,0.060740381479263306,2.0188589096069336,-3.6786763668060303,0.5516709089279175,4.857263565063477,0.11925163,-0.2172951,-0.032586552
277,9.4002,0.12887875735759735,0.05611402913928032,-0.8470580577850342,-0.09862037748098373,-0.06988660246133804,0.027244826778769493,-0.01672541210302451,0.041439660411365625,1.537773661910132,0.057651352137327194,2.19277024269104,-3.0059893131256104,0.7001445293426514,4.87235689163208,0.14479153,-0.19848946,-0.04623147
278,9.4341,0.12582480907440186,0.05225842446088791,-0.8463672399520874,-0.09333906322717667,-0.08422937244176865,0.019263695925474167,-0.01855573926210062,0.039467306663296134,1.5378887104692234,0.054228659719228745,2.3294835090637207,-2.2867727279663086,0.8462281227111816,4.901029109954834,0.17269614,-0.16952978,-0.06273508
279,9.4686,0.12293490022420883,0.04788604751229286,-0.8459209203720093,-0.08722534775733948,-0.0979374498128891,0.010486222803592682,-0.021214062969731082,0.03625140232778174,1.5380319885358698,0.05049116909503937,2.427781581878662,-1.4928030967712402,0.9916326999664307,4.947494983673096,0.20113502,-0.12367463,-0.08215404
280,9.503,0.11959579586982727,0.04184058681130409,-0.8457764387130737,-0.07870309054851532,-0.113982193171978,-0.0019173180917277932,-0.023419801175453992,0.033316367860513646,1.53812985970593,0.04554272070527077,2.521374464035034,-0.4982706606388092,1.1682615280151367,5.0272932052612305,0.22327302,-0.04412292,-0.10345203
281,9.537,0.11493393778800964,0.030755827203392982,-0.846615195274353,-0.06270825862884521,-0.13671855628490448,-0.025821339339017868,-0.02630818455056447,0.029010102956882767,1.5382540961707825,0.03715081885457039,2.5999562740325928,1.0964133739471436,1.408456802368164,5.204714775085449,0.20610549,0.08691562,-0.11165214
282,9.571,0.11493393778800964,0.030755827203392982,-0.846615195274353,-0.06270825862884521,-0.13671855628490448,-0.025821339339017868,-0.02839699750086529,0.025391499536223976,1.5383502362861343,0.03715081885457039,2.5737788677215576,1.1637523174285889,1.3933281898498535,5.210763454437256,0.20429368,0.092372835,-0.11059542
283,9.6052,0.11149731278419495,0.018050435930490494,-0.8491547107696533,-0.04346207529306412,-0.1546478420495987,-0.05386275798082352,-0.03126821597051237,0.01882674711193521,1.5385090938451573,0.02900846116244793,2.5332863330841064,2.657172203063965,1.47465181350708,5.447157859802246,0.16007726,0.16790555,-0.0931826
284,9.6392,0.11026670783758163,0.011296896263957024,-0.8512570858001709,-0.032702360302209854,-0.16104194521903992,-0.0663825273513794,-0.03313154448086215,0.012081460453766188,1.5386821993160127,0.025894371792674065,2.45133113861084,3.3423213958740234,1.381002426147461,5.584229469299316,0.14027159,0.19125639,-0.079024576
285,9.6734,0.10926680266857147,0.002592239761725068,-0.854480504989624,-0.018583698198199272,-0.16556385159492493,-0.07703305780887604,-0.03418955388351798,0.005293567899493754,1.5388451847747255,0.023982247337698936,2.3333444595336914,4.064013481140137,1.153432011604309,5.758028984069824,0.12087147,0.21052326,-0.059749868
286,9.7103,0.1089133471250534,-0.004395561758428812,-0.8572961091995239,-0.007123234216123819,-0.16612662374973297,-0.08105884492397308,-0.03445150906624089,-0.005124343257719283,1.5390535771300242,0.024591589346528053,2.1787588596343994,4.574899196624756,0.8728667497634888,5.891167640686035,0.105932705,0.22243464,-0.04243936
287,9.7441,0.10897863656282425,-0.011368357576429844,-0.860176682472229,0.004232545383274555,-0.16410832107067108,-0.08111448585987091,-0.033130460491074695,-0.015654963865542867,1.5392317426069504,0.026989970356225967,2.0067875385284424,4.99353551864624,0.5618900060653687,6.00657320022583,0.09271892,0.23071462,-0.025960812
288,9.778,0.10945576429367065,-0.018186690285801888,-0.8630362749099731,0.015100288204848766,-0.15954385697841644,-0.07761305570602417,-0.031150527136871484,-0.023611760994589063,1.5393181621843235,0.030672119930386543,1.8464189767837524,5.319369316101074,0.2608358561992645,6.101428031921387,0.081891954,0.23592345,-0.011568532
289,9.8122,0.11027757823467255,-0.024724435061216354,-0.8657678365707397,0.02511468715965748,-0.1523277312517166,-0.0717342346906662,-0.028928691370715805,-0.029908799150297618,1.5393453264274424,0.035079408437013626,1.6944067478179932,5.567354679107666,-0.010193675756454468,6.173977375030518,0.07279008,0.23916818,0.00043791046
290,9.846,0.11144606024026871,-0.03085188753902912,-0.8682525157928467,0.03440123796463013,-0.14302335679531097,-0.06418370455503464,-0.02530770983042736,-0.03758267910600953,1.5392792800324084,0.03968621417880058,1.5149266719818115,5.7507643699646,-0.25450876355171204,6.220738410949707,0.063626714,0.24153133,0.010689333
291,9.8799,0.11340643465518951,-0.03775130957365036,-0.8709043264389038,0.04484115540981293,-0.12862515449523926,-0.05285830423235893,-0.022212411322185332,-0.04253925465832413,1.539183273075111,0.0451660118997097,1.315605878829956,5.897582530975342,-0.48293808102607727,6.258796691894531,0.054257978,0.24322702,0.019917244
292,9.9143,0.11530373245477676,-0.04253828525543213,-0.8726187944412231,0.05212818458676338,-0.11531511694192886,-0.04287679120898247,-0.019471937417304335,-0.04602140852381919,1.5390714203093276,0.04906312748789787,1.142471432685852,5.958873748779297,-0.6227726936340332,6.269928932189941,0.0468281,0.24424481,0.025526468
293,9.9484,0.11745071411132812,-0.04663688689470291,-0.873874306678772,0.058539386838674545,-0.10068164765834808,-0.03243369981646538,-0.01554941322080786,-0.04969751957926687,1.5388750121789343,0.05237502604722977,0.9436352252960205,5.970013618469238,-0.7249410152435303,6.262881278991699,0.038753305,0.2451771,0.02977195
294,9.9822,0.11975089460611343,-0.050050001591444016,-0.8747704029083252,0.06401184946298599,-0.08522951602935791,-0.022259078919887543,-0.012529287635819824,-0.051627612289788176,1.538694982489245,0.05511583760380745,0.7505972981452942,5.947039604187012,-0.7873629331588745,6.247930526733398,0.031038424,0.2459198,0.032558743
295,10.016,0.12219859659671783,-0.05272941291332245,-0.8752620220184326,0.06849662959575653,-0.06914512068033218,-0.012686268426477909,-0.008892916977560462,-0.05296630846836535,1.5384969764621976,0.05718671530485153,0.5408852696418762,5.881833076477051,-0.813483715057373,6.219823837280273,0.02267899,0.24662168,0.034108877
296,10.0501,0.12478640675544739,-0.05471530184149742,-0.8753613233566284,0.07196592539548874,-0.05250493809580803,-0.003891059197485447,-0.006520567356882722,-0.053287560597234565,1.538362087352985,0.05860874801874161,0.33043646812438965,5.789156913757324,-0.8019514083862305,6.185451507568359,0.014112116,0.24724042,0.03424934
297,10.0839,0.12806452810764313,-0.05623028799891472,-0.8750125169754028,0.07526563107967377,-0.03139115869998932,0.005614490248262882,-0.003321900487568468,-0.05300233604448708,1.538208023483924,0.0595133900642395,0.049453627318143845,5.623599529266357,-0.7412629127502441,6.128705024719238,0.00217955,0.24784665,0.032669384
298,10.1179,0.1306600123643875,-0.05666375905275345,-0.8744072914123535,0.07684676349163055,-0.014414485543966293,0.012140420265495777,-0.0009636337615633106,-0.05220808986126298,1.538105225465847,0.0595424547791481,-0.1822187453508377,5.4545769691467285,-0.6613693237304688,6.074275493621826,-0.008286365,0.24804594,0.030075654
299,10.152,0.1332147717475891,-0.056429799646139145,-0.8735612630844116,0.07763582468032837,0.00241952040232718,0.01746375672519207,0.0009772779108492757,-0.05121894189813711,1.5380422417060666,0.05898404121398926,-0.42000338435173035,5.256998062133789,-0.5556536912918091,6.012766361236572,-0.019800493,0.24783409,0.026195545
300,10.1861,0.1356462836265564,-0.05556383356451988,-0.8724994659423828,0.07761947065591812,0.018754610791802406,0.0216034147888422,0.003595087760248256,-0.04939518837770483,1.537991375329246,0.057872168719768524,-0.6603618860244751,5.021813869476318,-0.42456379532814026,5.94313907623291,-0.032480165,0.24699993,0.02088234
301,10.22,0.13798807561397552,-0.05412808060646057,-0.8712877035140991,0.07687637954950333,0.034695643931627274,0.024433113634586334,0.005584027748407577,-0.04766514067694051,1.5379809890009948,0.05628220736980438,-0.8990876078605652,4.76455545425415,-0.2737497389316559,5.868807792663574,-0.046283975,0.24527372,0.014092315
302,10.255,0.14022649824619293,-0.0521722286939621,-0.8699638843536377,0.07540395855903625,0.050073038786649704,0.02591680735349655,0.007268925506019346,-0.046002670688836955,1.5379971011255897,0.05427243560552597,-1.1337125301361084,4.484338283538818,-0.10586366057395935,5.789969444274902,-0.061260033,0.24231072,0.0057203313
303,10.2889,0.14288261532783508,-0.0489390529692173,-0.8683161735534668,0.07260449975728989,0.06875056028366089,0.026316547766327858,0.009554510690768795,-0.043452344405193015,1.5380503643473913,0.05117421969771385,-1.418948769569397,4.084471225738525,0.1158384382724762,5.684362888336182,-0.08201114,0.23607063,-0.006695127
304,10.3231,0.14480771124362946,-0.04576151818037033,-0.8670654296875,0.06964608281850815,0.0830218717455864,0.024939000606536865,0.011763368748096841,-0.04075611850570476,1.5381708723867173,0.04827483370900154,-1.6297918558120728,3.7289416790008545,0.30125072598457336,5.596511363983154,-0.099847965,0.22845079,-0.018455898
305,10.357,0.1466023176908493,-0.04209602624177933,-0.8659162521362305,0.06603822112083435,0.09669117629528046,0.021884053945541382,0.013523767122612355,-0.038468026204460354,1.5382809940977922,0.0450727604329586,-1.8219802379608154,3.3288421630859375,0.4944109618663788,5.505809783935547,-0.119024225,0.21746276,-0.032298308
306,10.391,0.1482573300600052,-0.03799987584352493,-0.8649948835372925,0.06190676987171173,0.10968087613582611,0.017480729147791862,0.01508497041026565,-0.03639336129745058,1.5384017684532272,0.04168470576405525,-1.995068073272705,2.902543544769287,0.6721773147583008,5.417303562164307,-0.13910091,0.20237225,-0.046865806
307,10.425,0.14972101151943207,-0.033440422266721725,-0.8642979860305786,0.057166896760463715,0.12184026837348938,0.0114264702424407,0.017344015530276778,-0.03329990203483639,1.5385748739240823,0.03811368718743324,-2.1349129676818848,2.417656898498535,0.8433228731155396,5.329792022705078,-0.16009685,0.18129979,-0.06324068
308,10.4586,0.150962695479393,-0.028442278504371643,-0.8638074398040771,0.051591578871011734,0.1333625316619873,0.0037678908556699753,0.019214363966812434,-0.030640076137903555,1.538762360464824,0.03444679081439972,-2.2380146980285645,1.887111783027649,0.9984575510025024,5.245031833648682,-0.18089193,0.15252951,-0.08070229
309,10.4961,0.15217968821525574,-0.021602407097816467,-0.8636393547058105,0.043746452778577805,0.14668703079223633,-0.008075380697846413,0.021629919735136158,-0.027058798584397904,1.5389969849568599,0.030010811984539032,-2.3139188289642334,1.153656005859375,1.152686595916748,5.142748832702637,-0.20434691,0.10188172,-0.10179611
310,10.5299,0.1528976410627365,-0.015740467235445976,-0.8638707399368286,0.03682508319616318,0.15643903613090515,-0.018766067922115326,0.023342875351248134,-0.024325288429648543,1.5391828736009474,0.026967134326696396,-2.311948299407959,0.4603824317455292,1.2450172901153564,5.062589168548584,-0.21680592,0.04317295,-0.116753094
311,10.5639,0.15336592495441437,-0.009538191370666027,-0.8644860982894897,0.02910960651934147,0.16515743732452393,-0.030366841703653336,0.025762348879206715,-0.019964807391888537,1.5394671660473134,0.024819696322083473,-2.253519296646118,-0.3119494616985321,1.2962127923965454,4.982946395874023,-0.21516484,-0.02978477,-0.12376171
312,10.5981,0.15360283851623535,-0.0030344906263053417,-0.8655760288238525,0.020700449123978615,0.17282848060131073,-0.04410066455602646,0.027691594787725156,-0.015800282995493322,1.5397257589891602,0.024156589061021805,-2.1508700847625732,-1.1441551446914673,1.311314344406128,4.901051044464111,-0.19435023,-0.103384584,-0.1184889
313,10.6321,0.15356145799160004,0.003707875031977892,-0.8672173023223877,0.011764549650251865,0.179298996925354,-0.05827145278453827,0.02929766609796248,-0.011502639035594278,1.5399533261043075,0.02537587843835354,-2.0033822059631348,-2.0220134258270264,1.2737157344818115,4.819669246673584,-0.16060969,-0.16210334,-0.10211287
314,10.6662,0.15319034457206726,0.010612305253744125,-0.8693252801895142,0.0020630345679819584,0.1841883510351181,-0.07159935683012009,0.03115422019228937,-0.004146151965839895,1.540308591793724,0.028385575860738754,-1.7759851217269897,-2.945146083831787,1.1943556070327759,4.745718002319336,-0.12195448,-0.20223917,-0.08201477
315,10.7004,0.15215419232845306,0.019327696412801743,-0.8726738691329956,-0.010636970400810242,0.18764865398406982,-0.08482325822114944,0.03190800713289028,0.0028125706690164884,1.54062777165037,0.034107696264982224,-1.455892562866211,-3.9983694553375244,1.002489447593689,4.662042140960693,-0.08325708,-0.22865188,-0.057328645
316,10.7369,0.14894503355026245,0.03306090459227562,-0.8791786432266235,-0.03213167190551758,0.18545381724834442,-0.09321051090955734,0.031473262729691656,0.012562034114254791,1.5410699895493776,0.04576301947236061,-1.1320980787277222,-4.747996807098389,0.7895753383636475,4.607986927032471,-0.05723972,-0.24006224,-0.039921515
317,10.7709,0.14894503355026245,0.03306090459227562,-0.8791786432266235,-0.03213167190551758,0.18545381724834442,-0.09321051090955734,0.030144068626660102,0.019615999868115408,1.5413742557039192,0.04576301947236061,-0.7143935561180115,-5.390646457672119,0.5497012138366699,4.5718865394592285,-0.03267746,-0.24657646,-0.025144178
318,10.8051,0.14393281936645508,0.04594068229198456,-0.886082649230957,-0.05253943055868149,0.17319442331790924,-0.08605580776929855,0.026983168970628857,0.029245686603030098,1.5417942362078247,0.058393556624650955,0.07478423416614532,-6.278174877166748,-0.06600400805473328,4.506189823150635,0.002977569,-0.24996844,0.0026279802
319,10.8391,0.14074884355068207,0.05189330875873566,-0.8893071413040161,-0.06152074784040451,0.1635286659002304,-0.07838880270719528,0.023549105968755746,0.03615815007773694,1.5420843876085888,0.06455405056476593,0.5417807698249817,-6.564462184906006,-0.37039899826049805,4.491928577423096,0.020530747,-0.24875988,0.014036247
320,10.8731,0.13623280823230743,0.05869729444384575,-0.8929306268692017,-0.07132980972528458,0.14857369661331177,-0.06498119980096817,0.02006929069159291,0.04142668166224069,1.5423091584045916,0.07182323187589645,1.090559959411621,-6.7972283363342285,-0.7634868621826172,4.477489471435547,0.03936263,-0.24533892,0.027557267
321,10.9069,0.13227154314517975,0.0635703057050705,-0.8953676223754883,-0.0776669830083847,0.13472548127174377,-0.05245267227292061,0.014512413662439232,0.04754026755014022,1.542575607671654,0.07716070115566254,1.5681917667388916,-6.882256984710693,-1.0373754501342773,4.479097366333008,0.054951143,-0.24116176,0.036350764
322,10.9411,0.12809902429580688,0.06787604838609695,-0.8972588777542114,-0.08267838507890701,0.11957571655511856,-0.03907088190317154,0.009774710420431714,0.05116854573569656,1.5427549715710707,0.0819440558552742,1.999070644378662,-6.906277179718018,-1.2866352796554565,4.483161926269531,0.06842385,-0.2363869,0.044038735
323,10.9747,0.12379045784473419,0.07157178223133087,-0.8986598253250122,-0.08616593480110168,0.10352543741464615,-0.025881770998239517,0.005597388286641909,0.05344428762738573,1.5428965185830086,0.08616046607494354,2.393864154815674,-6.879702568054199,-1.5014870166778564,4.4908881187438965,0.080466785,-0.2312527,0.05047063
324,11.0091,0.11946314573287964,0.07463358342647552,-0.899551510810852,-0.08817940205335617,0.08678199350833893,-0.013292481191456318,-0.00019942424485201425,0.05537030653367705,1.543080276698224,0.08976346254348755,2.7755746841430664,-6.786782741546631,-1.6751363277435303,4.5034027099609375,0.09225685,-0.2255847,0.055679567
325,11.0434,0.115163154900074,0.07707538455724716,-0.8999762535095215,-0.08879371732473373,0.06959125399589539,-0.0014425271656364202,-0.005621487293763874,0.05590643415062363,1.543266298500366,0.0927739068865776,3.1118099689483643,-6.662255764007568,-1.8223713636398315,4.517385959625244,0.10269157,-0.21985838,0.060139332
326,11.0771,0.10985751450061798,0.07918836921453476,-0.899828314781189,-0.08771678805351257,0.04773946851491928,0.012301781214773655,-0.009619640583880745,0.055483703100654785,1.5434180986825006,0.09562741219997406,3.493833065032959,-6.445375919342041,-1.9673511981964111,4.537146091461182,0.11506805,-0.21227598,0.06479396
327,11.1111,0.10576171427965164,0.0801047757267952,-0.8992183208465576,-0.08540183305740356,0.03036605753004551,0.02222774550318718,-0.012797129860968039,0.054601285479403044,1.5435480609436965,0.09716926515102386,3.765692949295044,-6.230815887451172,-2.0537302494049072,4.55403470993042,0.12445317,-0.20592354,0.06787416
328,11.145,0.10188643634319305,0.080338254570961,-0.8982570171356201,-0.08181655406951904,0.013530411757528782,0.03150621056556702,-0.01687296371098251,0.05262588574083677,1.543721299572606,0.0980711579322815,4.007883548736572,-5.954640865325928,-2.1237478256225586,4.572059631347656,0.13385673,-0.19887522,0.070929684
329,11.1789,0.09826619178056717,0.07987121492624283,-0.8969871997833252,-0.07725789397954941,-0.0031467415392398834,0.03983975946903229,-0.019737623106147965,0.05055871513558204,1.5438571207882001,0.09832245111465454,4.217372417449951,-5.638803482055664,-2.175290822982788,4.591284275054932,0.14306228,-0.19128026,0.07379051
330,11.2141,0.0949600413441658,0.07871594280004501,-0.8954721689224243,-0.07171977311372757,-0.019312100484967232,0.04730217531323433,-0.021958162661866832,0.048446274952985174,1.5439735009278366,0.097936250269413,4.394090175628662,-5.276198863983154,-2.2094712257385254,4.613681316375732,0.15229657,-0.18286994,0.07657897
331,11.2482,0.0920485258102417,0.07687835395336151,-0.8936058282852173,-0.06511460244655609,-0.034788958728313446,0.054075323045253754,-0.02470620576990854,0.04506307416674338,1.54413502164795,0.09683536738157272,4.526878833770752,-4.839535236358643,-2.226041078567505,4.642886161804199,0.1618908,-0.17307207,0.07960796
332,11.2822,0.08902350068092346,0.07368095964193344,-0.8910374641418457,-0.05589091032743454,-0.05315253883600235,0.061471957713365555,-0.026540788785242273,0.04215171062425795,1.5442651170672002,0.09457585215568542,4.642674922943115,-4.24275541305542,-2.214139223098755,4.693185329437256,0.17407411,-0.15907939,0.08301773
333,11.316,0.08707363158464432,0.07052922248840332,-0.8887978792190552,-0.047582171857357025,-0.06680236011743546,0.066798634827137,-0.028425451712637106,0.038291333788512,1.544396943541159,0.0921633392572403,4.67615270614624,-3.688009023666382,-2.1919167041778564,4.750546932220459,0.18421517,-0.14528765,0.08634969
334,11.3501,0.08558698743581772,0.06684787571430206,-0.8864057064056396,-0.03879515081644058,-0.07967779040336609,0.07184538245201111,-0.029508603020458966,0.03546757992351178,1.5444741752127715,0.08918873220682144,4.670738220214844,-3.0990939140319824,-2.1437296867370605,4.82552433013916,0.19457152,-0.12910067,0.08930253
335,11.3839,0.08459927141666412,0.06268063187599182,-0.8838974237442017,-0.029389366507530212,-0.09156590700149536,0.07641667127609253,-0.030779355301725493,0.03129125647513076,1.5445344958114617,0.08567584306001663,4.602110385894775,-2.4454667568206787,-2.0824859142303467,4.921402931213379,0.20500575,-0.10893584,0.092766486
336,11.4183,0.08407704532146454,0.058079373091459274,-0.8812538385391235,-0.019518785178661346,-0.10230471193790436,0.08086884766817093,-0.031587375021212345,0.02781707128695992,1.5445888242976993,0.08167315274477005,4.490819454193115,-1.7666535377502441,-1.9927020072937012,5.035976409912109,0.21503422,-0.08459279,0.09541669
337,11.4521,0.08401462435722351,0.05314174294471741,-0.8784184455871582,-0.009314298629760742,-0.11189853399991989,0.08512833714485168,-0.03216841643382419,0.024719856551089797,1.5446145238022186,0.07724017649888992,4.338894367218018,-1.0717685222625732,-1.8704404830932617,5.165457725524902,0.22388889,-0.055303734,0.096515566
338,11.4865,0.08456488698720932,0.04659902676939964,-0.8747128248214722,0.0038005411624908447,-0.12231689691543579,0.09017758816480637,-0.03282880964394739,0.02009949260283009,1.5446367611973209,0.0712253674864769,4.087381839752197,-0.18678301572799683,-1.689602017402649,5.34158992767334,0.23083296,-0.010548483,0.095419474
339,11.5202,0.08554238080978394,0.04119856283068657,-0.87165367603302,0.014714923687279224,-0.12927421927452087,0.09360496699810028,-0.03318265220665645,0.016255068726192094,1.5446362285651027,0.06611894071102142,3.8459136486053467,0.49840226769447327,-1.5183025598526,5.484671115875244,0.23086397,0.029918281,0.091141246
340,11.5547,0.08698040246963501,0.03571336716413498,-0.8684401512145996,0.025785310193896294,-0.13505348563194275,0.09632834792137146,-0.03338410577895873,0.0126746296523109,1.5446328996137402,0.06079337000846863,3.5830001831054688,1.1418442726135254,-1.3161214590072632,5.6221137046813965,0.2248254,0.071648225,0.08258373
341,11.5886,0.08883766084909439,0.03021717257797718,-0.8651713132858276,0.03689761832356453,-0.13924777507781982,0.09816955029964447,-0.03352216155315491,0.007068799353072899,1.5445965474648606,0.05536924675107002,3.28529691696167,1.744843602180481,-1.104956865310669,5.748709678649902,0.21165209,0.11240987,0.07118578
342,11.6229,0.09117104858160019,0.024754723533988,-0.8618708848953247,0.04812841862440109,-0.14197152853012085,0.0984116718173027,-0.03334779524197118,0.0021115594408945676,1.5446018737870406,0.04985535144805908,2.9767398834228516,2.275690793991089,-0.86201012134552,5.858902931213379,0.19355412,0.14797038,0.056049775
343,11.657,0.09398733079433441,0.019336408004164696,-0.8585693836212158,0.059469930827617645,-0.14306063950061798,0.09705747663974762,-0.03272617807343846,-0.004507192605647598,1.544574975860031,0.04429049417376518,2.6342849731445312,2.7485711574554443,-0.6056289672851562,5.951498031616211,0.17083639,0.17824799,0.039275732
344,11.6911,0.09813838452100754,0.012658908031880856,-0.8545571565628052,0.07363671809434891,-0.14205248653888702,0.09233313053846359,-0.03190236664092527,-0.009349345337697214,1.544573644279486,0.03742867708206177,2.2182323932647705,3.224949836730957,-0.2256176769733429,6.039640426635742,0.14144424,0.20563696,0.014386374
345,11.725,0.10191226005554199,0.0074660987593233585,-0.851503849029541,0.08461277931928635,-0.1391601860523224,0.08669470250606537,-0.030064177955146928,-0.016367030723192007,1.5445583311032178,0.03222047537565231,1.8368008136749268,3.5337541103363037,0.07341811060905457,6.084354400634766,0.11528147,0.22178581,-0.0046078744
346,11.7598,0.10604886710643768,0.0024617293383926153,-0.8487095832824707,0.09529878199100494,-0.1343863308429718,0.07742471992969513,-0.027945329541177056,-0.021939838865210323,1.5445143889452315,0.02749038301408291,1.4512684345245361,3.7620036602020264,0.4135826528072357,6.103710174560547,0.08950974,0.23202872,-0.025508495
347,11.7939,0.11052850633859634,-0.002271131845191121,-0.8462914228439331,0.10544457286596298,-0.12770400941371918,0.0660751461982727,-0.025615205067790633,-0.026635293553237255,1.5444599273009394,0.02348683401942253,1.0515291690826416,3.9151041507720947,0.763862133026123,6.099196434020996,0.06372602,0.23726779,-0.04629248
348,11.8282,0.11529086530208588,-0.006657891441136599,-0.8443337678909302,0.1147211417555809,-0.1189805269241333,0.052983786910772324,-0.021539684347263707,-0.03282832902659441,1.5443814972068366,0.020535802468657494,0.6016868948936462,3.990499258041382,1.0967485904693604,6.0648112297058105,0.035969008,0.23855314,-0.06556393
349,11.862,0.12026367336511612,-0.010615672916173935,-0.8429033756256104,0.12306085228919983,-0.10871168971061707,0.038218747824430466,-0.01777855603520444,-0.037094167977115726,1.5442593912708564,0.018931394442915916,0.14478112757205963,4.007349014282227,1.4242651462554932,6.009521007537842,0.008505751,0.23542787,-0.0836742
350,11.8959,0.12674908339977264,-0.014770974405109882,-0.8419511318206787,0.13185372948646545,-0.0933622270822525,0.01841609738767147,-0.012520778003899181,-0.041423847892393284,1.5441459406084193,0.01879669539630413,-0.4630543887615204,3.9416632652282715,1.791309118270874,5.910251617431641,-0.02658605,0.22630873,-0.10284717
351,11.9302,0.13209012150764465,-0.017353417351841927,-0.8419262170791626,0.13723255693912506,-0.0794203132390976,0.0019810968078672886,-0.00864926114450748,-0.04372524351552048,1.5440496673350128,0.019844140857458115,-0.9609847664833069,3.8329169750213623,2.0353620052337646,5.815146446228027,-0.054049436,0.21557781,-0.114476494
352,11.9638,0.13750942051410675,-0.01925501972436905,-0.8425986766815186,0.1410348117351532,-0.06445186585187912,-0.014518970623612404,-0.0029221345206637043,-0.045922834112783424,1.5439352845661938,0.02155972830951214,-1.4883882999420166,3.658897876739502,2.2146503925323486,5.706997871398926,-0.08216745,0.20199184,-0.12226121
353,11.9982,0.14290167391300201,-0.020426008850336075,-0.8438664674758911,0.14335358142852783,-0.04855281859636307,-0.03173457831144333,0.0018406020454790704,-0.04667469026159403,1.543866841326179,0.023703623563051224,-1.9921364784240723,3.448984384536743,2.353736639022827,5.599222183227539,-0.10764896,0.18637256,-0.12718873
354,12.032,0.14822274446487427,-0.02086549811065197,-0.8457447290420532,0.14394664764404297,-0.03217348828911781,-0.048218775540590286,0.0060879342370560975,-0.04663091038998665,1.543831953915899,0.02611161395907402,-2.4687016010284424,3.2059123516082764,2.428921937942505,5.498208999633789,-0.13077621,0.16982898,-0.12866893
355,12.0679,0.153450608253479,-0.02060268260538578,-0.8481614589691162,0.14294202625751495,-0.0157774630934,-0.06341838091611862,0.012120892922953473,-0.04548950867510311,1.543805055988889,0.028780622407794,-2.928813934326172,2.9053170680999756,2.436781167984009,5.404773235321045,-0.15281881,0.1515928,-0.12714568
356,12.1021,0.15974624454975128,-0.019333094358444214,-0.8519294261932373,0.13923975825309753,0.0046622236259281635,-0.08030357956886292,0.01682106327864499,-0.043737593925075716,1.5438541913110009,0.032469917088747025,-3.4292566776275635,2.52333664894104,2.357382297515869,5.311153411865234,-0.17616107,0.1296239,-0.12109883
357,12.1361,0.16889077425003052,-0.015174994245171547,-0.859437108039856,0.128106027841568,0.03561696037650108,-0.10060477256774902,0.02245007972412349,-0.04066330318052629,1.5439878819977229,0.03912164270877838,-4.083718299865723,1.8498690128326416,2.030977964401245,5.202602386474609,-0.20743215,0.09396395,-0.10316336
358,12.17,0.16889077425003052,-0.015174994245171547,-0.859437108039856,0.128106027841568,0.03561696037650108,-0.10060477256774902,0.026129779805258983,-0.037996205605460784,1.5441211732102813,0.03912164270877838,-4.086634159088135,1.790125846862793,2.0363824367523193,5.201249122619629,-0.2083197,0.091253206,-0.10380635
359,12.204,0.1763078272342682,-0.008492431603372097,-0.868222713470459,0.11063180863857269,0.06288188695907593,-0.11093467473983765,0.030949466796948908,-0.0336092385984221,1.5443681814013863,0.0464891716837883,-4.525148868560791,0.9920904636383057,1.5170872211456299,5.116876602172852,-0.23207286,0.05087949,-0.077804014
360,12.2381,0.17925626039505005,-0.004295018967241049,-0.8727802038192749,0.09993954747915268,0.07479126006364822,-0.11224870383739471,0.034464379624446546,-0.029578082396585614,1.5446293043462684,0.05038261413574219,-4.6501994132995605,0.49810078740119934,1.215707540512085,5.069764614105225,-0.24058269,0.025769738,-0.062895834
361,12.2721,0.18221169710159302,0.0016909815603867173,-0.8784282207489014,0.08502144366502762,0.08793811500072479,-0.10957690328359604,0.03724017578387932,-0.025799250305061125,1.5449101346832175,0.055415309965610504,-4.722226619720459,-0.1834295690059662,0.7936816215515137,4.9983673095703125,-0.24636132,-0.009569627,-0.041406833
362,12.3061,0.18391263484954834,0.007014704868197441,-0.8828023672103882,0.07220461964607239,0.09691374003887177,-0.10411386936903,0.040648422767935476,-0.02005781205117575,1.545346493627827,0.05948656052350998,-4.685220241546631,-0.8558669090270996,0.44201216101646423,4.928262233734131,-0.24487805,-0.044732798,-0.023102239
363,12.3401,0.18499796092510223,0.012682300992310047,-0.8869754076004028,0.05845944583415985,0.10437579452991486,-0.09581631422042847,0.04290679169470108,-0.015169452954064609,1.545757419384026,0.06354858726263046,-4.582732677459717,-1.5755864381790161,0.06446525454521179,4.846839427947998,-0.23639642,-0.08127531,-0.003325386
364,12.374,0.18553200364112854,0.01856609806418419,-0.8907564878463745,0.04406949505209923,0.11036742478609085,-0.08544214814901352,0.044480599224451016,-0.010628142237990922,1.5461509014350854,0.06752920150756836,-4.422235012054443,-2.3261070251464844,-0.3166976273059845,4.758787631988525,-0.22081503,-0.11614928,0.015813632
365,12.408,0.18542738258838654,0.024624718353152275,-0.8940752744674683,0.02918381616473198,0.1145872175693512,-0.07361624389886856,0.04594722284270367,-0.003799203453343318,1.5467403921423744,0.07130131870508194,-4.185972213745117,-3.104253053665161,-0.6741229295730591,4.670912742614746,-0.19914895,-0.14768583,0.032071613
366,12.4422,0.18468156456947327,0.030751723796129227,-0.8969177007675171,0.014004280790686607,0.11689544469118118,-0.06007792055606842,0.04639960652693486,0.0018107789324965488,1.5472221579835697,0.07482479512691498,-3.911412239074707,-3.819971799850464,-1.0250165462493896,4.589720249176025,-0.17579216,-0.1716825,0.046067726
367,12.4758,0.18290647864341736,0.03839379921555519,-0.8996672630310059,-0.005206868518143892,0.11754198372364044,-0.041428159922361374,0.045897921073023575,0.008983186695243839,1.5478221681771644,0.07880785316228867,-3.505880355834961,-4.6153717041015625,-1.4206464290618896,4.5077290534973145,-0.14687385,-0.1933544,0.05951595
368,12.5101,0.18087683618068695,0.0444004088640213,-0.9011849164962769,-0.02024766616523266,0.11592055857181549,-0.026235392317175865,0.04477076310878276,0.013999178827894329,1.5482350913041814,0.08164127171039581,-3.149293899536133,-5.146382808685303,-1.6919180154800415,4.4622650146484375,-0.12564507,-0.20532146,0.06750121
369,12.5439,0.1784220039844513,0.05019526928663254,-0.9020458459854126,-0.034797366708517075,0.1125958040356636,-0.011310339905321598,0.042152979786964945,0.020960919105146043,1.548795686713643,0.08414126932621002,-2.7413339614868164,-5.593184947967529,-1.899216890335083,4.440341949462891,-0.10524224,-0.21472733,0.07291262
370,12.5783,0.17552435398101807,0.055676110088825226,-0.9023535251617432,-0.048476461321115494,0.10741593688726425,0.003246498992666602,0.039197740665520474,0.026132988082134687,1.549181179281432,0.08629363775253296,-2.3258719444274902,-5.948074817657471,-2.0730514526367188,4.43465518951416,-0.08659664,-0.22145814,0.07718365
371,12.6121,0.17221243679523468,0.060706429183483124,-0.9021086692810059,-0.061410415917634964,0.10045483708381653,0.01666327565908432,0.0361326086984074,0.030271442628171545,1.5494658712019613,0.08802041411399841,-1.8998315334320068,-6.226380825042725,-2.2068281173706055,4.441425800323486,-0.069098204,-0.22645783,0.08026388
372,12.646,0.1685035228729248,0.06527455151081085,-0.9014627933502197,-0.07322310656309128,0.09175597876310349,0.02849392406642437,0.03116828917298555,0.03541940583610577,1.5498299253229753,0.08940067142248154,-1.4389538764953613,-6.4319281578063965,-2.2967586517333984,4.461483478546143,-0.051541112,-0.23038177,0.08226636
373,12.6799,0.16338111460208893,0.07019317895174026,-0.9000347852706909,-0.08623836189508438,0.07892388105392456,0.04174197465181351,0.026911500808981303,0.038845350357843346,1.5500661477116653,0.09052831679582596,-0.8901799917221069,-6.615098476409912,-2.374507427215576,4.488683223724365,-0.031412914,-0.2334354,0.08379227
374,12.714,0.15899674594402313,0.07342638075351715,-0.8984652757644653,-0.09519821405410767,0.06728459149599075,0.050793737173080444,0.02301601601992754,0.041269351259655064,1.550257096361824,0.09096363931894302,-0.4485808312892914,-6.695230484008789,-2.401625394821167,4.513267517089844,-0.015735105,-0.2348521,0.084243074
375,12.7479,0.15446072816848755,0.07600782066583633,-0.8965573310852051,-0.1027451604604721,0.05448684096336365,0.058681659400463104,0.01736439495439969,0.043897021567019794,1.550479869787009,0.0909988284111023,0.00229639932513237,-6.703806400299072,-2.4000966548919678,4.540170669555664,8.062636e-05,-0.23537001,0.08426717
376,12.7821,0.14985625445842743,0.07790765166282654,-0.8943347930908203,-0.10866376757621765,0.04099755734205246,0.06556892395019531,0.01280672244237883,0.04529047483432252,1.5506338004980156,0.09062309563159943,0.42797625064849854,-6.662774562835693,-2.3773834705352783,4.5637288093566895,0.015096911,-0.23503014,0.083862476
377,12.8161,0.14523698389530182,0.07918950170278549,-0.8918675184249878,-0.11313439160585403,0.026858601719141006,0.07128677517175674,0.007257871306900915,0.04621890272459458,1.5508120991329966,0.08991604298353195,0.8489989638328552,-6.553942680358887,-2.33244252204895,4.585665225982666,0.030285796,-0.2337946,0.083203726
378,12.8503,0.14067481458187103,0.07981087267398834,-0.8892145156860352,-0.11604975163936615,0.012367719784379005,0.0758829340338707,0.0035096499634528263,0.046368909434182495,1.5509363355978487,0.08885714411735535,1.240837812423706,-6.4041361808776855,-2.268944501876831,4.602947235107422,0.04491511,-0.23181312,0.0821299
379,12.8839,0.13504795730113983,0.07968651503324509,-0.8856804370880127,-0.11770591139793396,-0.0060060471296310425,0.08056650310754776,-0.0015479829294802482,0.04596517005173728,1.5510726894456608,0.08705273270606995,1.7140519618988037,-6.124308109283447,-2.165433645248413,4.621105670928955,0.06378389,-0.22789985,0.08058086
380,12.9183,0.13071301579475403,0.07881923019886017,-0.8827544450759888,-0.11745952814817429,-0.020860547199845314,0.08330187946557999,-0.005330736681754473,0.045193427579724346,1.5511913332722238,0.08519379794597626,2.0653743743896484,-5.822601795196533,-2.0658414363861084,4.632327079772949,0.07926304,-0.22345446,0.079280965
381,12.952,0.1265624314546585,0.07727799564599991,-0.8798060417175293,-0.11579976230859756,-0.035528089851140976,0.08533497899770737,-0.008457564520589515,0.0442032809311897,1.5512929328678102,0.08297212421894073,2.385319471359253,-5.45675802230835,-1.9535109996795654,4.642453193664551,0.09514564,-0.2176592,0.07792166
382,12.9859,0.1226734146475792,0.0750894770026207,-0.8768742084503174,-0.11276698112487793,-0.04991919919848442,0.08678306639194489,-0.012599758415274144,0.042380846507734854,1.5514623099131393,0.08039712905883789,2.6673011779785156,-4.993077754974365,-1.8336886167526245,4.655409812927246,0.11206319,-0.20977767,0.07704005
383,13.0203,0.11908811330795288,0.07231137156486511,-0.8739601373672485,-0.10859011858701706,-0.06394505500793457,0.0876065120100975,-0.015711021325894435,0.04061609448901544,1.5515611131895812,0.0774945616722107,2.903780460357666,-4.473179340362549,-1.7013076543807983,4.675326347351074,0.12968327,-0.19977285,0.075980656
384,13.0541,0.11585956066846848,0.06904487311840057,-0.8710333108901978,-0.10317493975162506,-0.0774189755320549,0.0881187692284584,-0.018236357587778265,0.038841663544209266,1.551652193298862,0.07432200014591217,3.0894126892089844,-3.9024972915649414,-1.5545971393585205,4.708850860595703,0.1481172,-0.18709931,0.0745328
385,13.0879,0.1123361885547638,0.0643664002418518,-0.8673557043075562,-0.09500038623809814,-0.09329816699028015,0.08836232125759125,-0.021550840495517618,0.03601151393140365,1.5517752313412236,0.07003533840179443,3.248790740966797,-3.108827590942383,-1.3518787622451782,4.776504993438721,0.17297634,-0.16552424,0.07197849
386,13.1221,0.10999282449483871,0.060189131647348404,-0.8643907308578491,-0.08739185333251953,-0.10506510734558105,0.0882003903388977,-0.023990826605653614,0.033520480432716805,1.55186884145354,0.06635366380214691,3.315561294555664,-2.4284894466400146,-1.1697640419006348,4.8536481857299805,0.19398148,-0.14208212,0.06843866
387,13.156,0.10803937166929245,0.05566395819187164,-0.8614033460617065,-0.07887820154428482,-0.11609292775392532,0.08763822913169861,-0.026830041369138503,0.03011011332276159,1.5519603210369841,0.062486838549375534,3.3282973766326904,-1.6965250968933105,-0.9719054698944092,4.952178001403809,0.2155578,-0.10987576,0.062945634
388,13.1903,0.1065283864736557,0.05078533664345741,-0.8584271669387817,-0.06953811645507812,-0.12603424489498138,0.08645667880773544,-0.028755652478887908,0.027424537987039053,1.5520229053226011,0.05841757729649544,3.300316333770752,-0.9663211107254028,-0.749459981918335,5.064929008483887,0.23442438,-0.06863864,0.053234804
389,13.2239,0.10546300560235977,0.04558221623301506,-0.8554621934890747,-0.0594339594244957,-0.13500848412513733,0.08507890999317169,-0.03137397259411294,0.023207543075385473,1.5521406170427825,0.05418020114302635,3.2193350791931152,-0.197372168302536,-0.5211167335510254,5.192951679229736,0.246337,-0.015102519,0.039874796
390,13.2581,0.10484253615140915,0.040140021592378616,-0.8524640798568726,-0.048600487411022186,-0.1429646611213684,0.08242356032133102,-0.03338202934554631,0.019414835498462752,1.5522462113800042,0.04987452179193497,3.108348846435547,0.5437403321266174,-0.26465609669685364,5.324362754821777,0.245399,0.0429274,0.02089416
391,13.292,0.10478533059358597,0.03301319479942322,-0.8489315509796143,-0.033650677651166916,-0.151394322514534,0.07686100900173187,-0.03502321485087525,0.015652537892237372,1.552361126781041,0.04440777003765106,2.9263525009155273,1.4081075191497803,0.07869008183479309,5.48612117767334,0.2252107,0.10836729,-0.0060559516
392,13.326,0.10528537631034851,0.027162780985236168,-0.8463423252105713,-0.021031087264418602,-0.1565399318933487,0.0697513073682785,-0.03707237999044752,0.009413364193291897,1.552491355358346,0.04010738059878349,2.7246785163879395,2.0815043449401855,0.34953317046165466,5.609861373901367,0.19763811,0.15098464,-0.025353845
393,13.3602,0.10624820739030838,0.021252144128084183,-0.8440810441970825,-0.007652685511857271,-0.16004818677902222,0.060638993978500366,-0.03825799017942637,0.00366172790496666,1.5526210513034329,0.03596948832273483,2.5000479221343994,2.6706366539001465,0.6236245632171631,5.720210075378418,0.1684219,0.17991403,-0.04201201
394,13.394,0.10769981890916824,0.015330441296100616,-0.8422064781188965,0.0061784726567566395,-0.16158300638198853,0.048592738807201385,-0.03869527290803897,-0.001888384200877001,1.5527241156376188,0.03204706683754921,2.249800682067871,3.175487756729126,0.9070274829864502,5.812492370605469,0.14075325,0.1986666,-0.05674595
395,13.4281,0.10961791127920151,0.009442349895834923,-0.8407869338989258,0.0202191025018692,-0.16103032231330872,0.03475107625126839,-0.03816323574007919,-0.01037435338907938,1.552883772144969,0.028439518064260483,1.9463481903076172,3.613438606262207,1.1608721017837524,5.885476112365723,0.114080235,0.21179248,-0.068041556
396,13.4625,0.11206357926130295,0.00374873005785048,-0.8399478197097778,0.03432811051607132,-0.15815652906894684,0.020096132531762123,-0.03665952344245798,-0.017284018464047035,1.5529765833089584,0.02520131506025791,1.6241185665130615,3.946719169616699,1.3966797590255737,5.935399055480957,0.09041862,0.21972343,-0.077756554
397,13.496,0.11592894792556763,-0.0028935603331774473,-0.8396648168563843,0.05144140496850014,-0.15109150111675262,0.0017735681030899286,-0.03356039664014897,-0.02544710758814159,1.5530793813270354,0.021828623488545418,1.1721686124801636,4.230776309967041,1.6490330696105957,5.961402893066406,0.06248709,0.22553827,-0.08790823
398,13.5301,0.11958877742290497,-0.007758066989481449,-0.8400223255157471,0.06424572318792343,-0.14281539618968964,-0.01217570435255766,-0.030675298523914454,-0.030561731348179386,1.5530820444881255,0.019932562485337257,0.7840744853019714,4.3661298751831055,1.8175413608551025,5.955122470855713,0.04088932,0.22769275,-0.094784394
399,13.5639,0.12370338290929794,-0.012113730423152447,-0.8409305810928345,0.07605984061956406,-0.13244161009788513,-0.025451526045799255,-0.02582178730578592,-0.036831888221634954,1.5530447602328645,0.018935158848762512,0.3338983654975891,4.422879219055176,1.939182996749878,5.9189605712890625,0.017243806,0.22841462,-0.10014693
400,13.5981,0.12822774052619934,-0.015909280627965927,-0.8423227071762085,0.08660389482975006,-0.12014688551425934,-0.03807859122753143,-0.02146532181560705,-0.040831273743904634,1.5529857712147193,0.01901235803961754,-0.1306481808423996,4.417651653289795,2.03826904296875,5.864337921142578,-0.006710981,0.22692071,-0.104699396
401,13.632,0.13303464651107788,-0.019102782011032104,-0.8441684246063232,0.09563568979501724,-0.10632976144552231,-0.04985252022743225,-0.017401895591499367,-0.043590741396903866,1.5528889653090947,0.020186536014080048,-0.6103413701057434,4.359988689422607,2.103968858718872,5.7952799797058105,-0.03127123,0.22338681,-0.10779819
402,13.6661,0.1380625069141388,-0.021648995578289032,-0.8463671207427979,0.10317790508270264,-0.09131061285734177,-0.06064161658287048,-0.011318170397322356,-0.04632945303815729,1.5527395619719413,0.022296326234936714,-1.1321468353271484,4.23149299621582,2.13171648979187,5.708138465881348,-0.058100536,0.21715559,-0.10939736
403,13.702,0.1444844901561737,-0.023884166032075882,-0.8497203588485718,0.11020025610923767,-0.07135237753391266,-0.07285097986459732,-0.006390218625239604,-0.04754790749351739,1.5526056049691104,0.025816379114985466,-1.75066339969635,4.030728816986084,2.1114532947540283,5.602416038513184,-0.08976966,0.20668575,-0.10827007
404,13.7362,0.1549394279718399,-0.02517888695001602,-0.8563369512557983,0.11614935845136642,-0.03778064623475075,-0.08836403489112854,-0.00020364281295326097,-0.047995884478382336,1.5524665879602082,0.032793812453746796,-2.7046375274658203,3.5936591625213623,1.9199278354644775,5.443240165710449,-0.13826387,0.18371156,-0.09814869
405,13.7701,0.1549394279718399,-0.02517888695001602,-0.8563369512557983,0.11614935845136642,-0.03778064623475075,-0.08836403489112854,0.004106243820711812,-0.0476464236479043,1.5523996094587926,0.032793812453746796,-2.7431094646453857,3.542644500732422,1.9158637523651123,5.432446002960205,-0.14073184,0.181751,-0.098291025
406,13.804,0.16535453498363495,-0.023958126083016396,-0.8640389442443848,0.1156766265630722,-0.004239857662469149,-0.09783158451318741,0.010127525169407571,-0.04625710660266961,1.5523491425561358,0.041135165840387344,-3.6088128089904785,2.983137369155884,1.532873272895813,5.3075714111328125,-0.18312538,0.15137614,-0.077784024
407,13.838,0.17032372951507568,-0.022493472322821617,-0.8680498600006104,0.1128527894616127,0.011731290258467197,-0.10010074824094772,0.01495463260174419,-0.04441330863384527,1.5523561999330244,0.045572906732559204,-3.9935126304626465,2.649862766265869,1.2869735956192017,5.257773399353027,-0.20118529,0.13349485,-0.06483519
408,13.8719,0.17617245018482208,-0.019945550709962845,-0.8731048107147217,0.10715415328741074,0.030637189745903015,-0.09932831674814224,0.019093364907160366,-0.0423574731079802,1.5524190505347504,0.051197122782468796,-4.396942615509033,2.2355127334594727,0.9312272071838379,5.212546348571777,-0.21898252,0.111336045,-0.046378244
409,13.9061,0.18050530552864075,-0.017387527972459793,-0.8770661354064941,0.10081619024276733,0.04464646801352501,-0.09559047222137451,0.02481152962983197,-0.038680450752097,1.552562994391669,0.055657148361206055,-4.662264823913574,1.8506063222885132,0.622767448425293,5.180688858032227,-0.23059371,0.09153023,-0.030801823
410,13.9398,0.18449512124061584,-0.014436984434723854,-0.8808407783508301,0.09316820651292801,0.05758674815297127,-0.08932678401470184,0.0291566704435942,-0.03516913943385478,1.5527318388047802,0.05999849736690521,-4.86466646194458,1.467015266418457,0.3049914538860321,5.151022434234619,-0.23892315,0.07205097,-0.014979346
411,13.974,0.188089057803154,-0.01112477108836174,-0.8843271732330322,0.08411173522472382,0.06925403326749802,-0.08126014471054077,0.032746617834804814,-0.03175829170654659,1.5529261164063013,0.06411254405975342,-5.00646448135376,1.073745608329773,-0.00920403003692627,5.117217063903809,-0.24444088,0.052425686,0.00044938724
412,14.0077,0.19120019674301147,-0.007497746497392654,-0.8874439001083374,0.0737239420413971,0.0795682966709137,-0.07182172685861588,0.03725393267538526,-0.02650224368965258,1.5532183983359376,0.06787505745887756,-5.079604148864746,0.6303026676177979,-0.30348464846611023,5.074396133422852,-0.24766238,0.030731186,0.014796769
413,14.0412,0.19376115500926971,-0.0035845893435180187,-0.8900887966156006,0.062174443155527115,0.0884406566619873,-0.06091480702161789,0.04025586033969019,-0.022098290708286235,1.5535080171044837,0.07116851955652237,-5.09360933303833,0.17374137043952942,-0.5866258144378662,5.024858474731445,-0.24821587,0.008466563,0.02858677
414,14.075,0.19610299170017242,0.0016255765222012997,-0.8927357196807861,0.04645182192325592,0.09742569178342819,-0.045811060816049576,0.04322191439187391,-0.01650122699440218,1.5538787291282228,0.07455432415008545,-5.040501117706299,-0.41994449496269226,-0.9278650283813477,4.9539384841918945,-0.24504772,-0.020415915,0.04510885
415,14.1091,0.19727535545825958,0.0059613920748233795,-0.8943164348602295,0.033072229474782944,0.10307324677705765,-0.032956089824438095,0.044742225673226874,-0.012523609693151992,1.5541740736931124,0.07666386663913727,-4.924417018890381,-0.966926097869873,-1.1688288450241089,4.889726638793945,-0.23892108,-0.046912972,0.056708816
416,14.1431,0.19783009588718414,0.010340498760342598,-0.8954288959503174,0.019180523231625557,0.10716109722852707,-0.019244300201535225,0.04593457282752579,-0.007940441054734175,1.5545032404038464,0.07824573665857315,-4.769826889038086,-1.5095126628875732,-1.4012507200241089,4.824864864349365,-0.22951654,-0.07263536,0.067425966
417,14.1769,0.19776898622512817,0.014667780138552189,-0.8960096836090088,0.004709194414317608,0.10981435328722,-0.005660993047058582,0.04653510733096025,-0.002189427384343475,1.5549174951114082,0.07925428450107574,-4.56624174118042,-2.0555317401885986,-1.5994150638580322,4.760773658752441,-0.21715897,-0.097755924,0.07606416
418,14.2114,0.19713985919952393,0.018926775082945824,-0.8960676193237305,-0.00980368535965681,0.11089560389518738,0.00775143364444375,0.0463962026741666,0.0018251622130147408,1.5552000565030655,0.07973175495862961,-4.345128536224365,-2.559983015060425,-1.7756098508834839,4.7013092041015625,-0.2031714,-0.1197008,0.08302473
419,14.2462,0.195930615067482,0.02303985320031643,-0.8955559730529785,-0.02433161251246929,0.11043699830770493,0.020381039008498192,0.045479742364043084,0.007503983802029765,1.5556352170251846,0.07963111251592636,-4.090326309204102,-3.029073715209961,-1.908299446105957,4.648822784423828,-0.18812062,-0.13931192,0.08776573
420,14.2799,0.19362719357013702,0.027890825644135475,-0.8942676782608032,-0.04225650802254677,0.10780483484268188,0.03542981296777725,0.04410889683768161,0.011917153817481306,1.5559634516295369,0.07877929508686066,-3.7318265438079834,-3.5399725437164307,-2.0300681591033936,4.595966815948486,-0.1687132,-0.1600396,0.09177792
421,14.3144,0.1912211775779724,0.0314607173204422,-0.8927637338638306,-0.056088920682668686,0.10401145368814468,0.04641331359744072,0.04250094675051902,0.015660376532398993,1.556269448838787,0.07757703214883804,-3.422243356704712,-3.878638982772827,-2.0933024883270264,4.564605712890625,-0.15332359,-0.17377107,0.09378429
422,14.3481,0.188296839594841,0.03471451625227928,-0.8908920288085938,-0.06939394026994705,0.09883185476064682,0.05641753599047661,0.039519454686391245,0.020749434986269327,1.5566365655950543,0.0759183019399643,-3.0655879974365234,-4.151966571807861,-2.117910385131836,4.54640007019043,-0.13737847,-0.18606244,0.09491011
423,14.3819,0.18491311371326447,0.037611983716487885,-0.8887051343917847,-0.08184492588043213,0.09227710962295532,0.06512287259101868,0.0366026732755632,0.0245565527614029,1.5569421633301408,0.07386572659015656,-2.6935741901397705,-4.360629558563232,-2.117918014526367,4.536356449127197,-0.12142383,-0.19657315,0.09547379
424,14.416,0.18109552562236786,0.04013567417860031,-0.8862209320068359,-0.09361402690410614,0.08439305424690247,0.07273916155099869,0.03251563854451088,0.02886737000602213,1.557244698429974,0.07145162671804428,-2.280033588409424,-4.499351978302002,-2.0859484672546387,4.536391258239746,-0.10442815,-0.20607547,0.09553883
425,14.4499,0.17690254747867584,0.04224814847111702,-0.883296012878418,-0.10428156703710556,0.07525550574064255,0.07914384454488754,0.029406310586870103,0.03150868693337892,1.5574616129007608,0.06865211576223373,-1.8603501319885254,-4.584633827209473,-2.0214715003967285,4.54055643081665,-0.087018,-0.21444654,0.09455446
426,14.4842,0.17120525240898132,0.04433829337358475,-0.879401445388794,-0.11600527167320251,0.06254566460847855,0.0857638344168663,0.024762710558099456,0.034718592914656815,1.5577094200401926,0.06489188969135284,-1.3086140155792236,-4.6124267578125,-1.9083458185195923,4.550714492797852,-0.063398115,-0.22345714,0.092453174
427,14.5181,0.1663634330034256,0.04550575092434883,-0.8761403560638428,-0.12408894300460815,0.05129583552479744,0.08984331786632538,0.020932820675051103,0.03678177502006023,1.557902366061169,0.06173408403992653,-0.827458918094635,-4.535524368286133,-1.7839223146438599,4.564407825469971,-0.041845925,-0.22936875,0.09021581
428,14.5516,0.16130535304546356,0.04616723209619522,-0.8726739883422852,-0.1309022158384323,0.0392865315079689,0.09289225190877914,0.017484609629886946,0.038263915712851794,1.558055897298012,0.058427076786756516,-0.34734058380126953,-4.402134418487549,-1.6349586248397827,4.576904296875,-0.01844115,-0.23371993,0.0868039
429,14.5852,0.15611770749092102,0.04625624045729637,-0.8691263198852539,-0.13644036650657654,0.02660807967185974,0.09500313550233841,0.012464850580710216,0.03983854299687477,1.5582581643828035,0.05503911152482033,0.15428505837917328,-4.161308288574219,-1.457664966583252,4.593080997467041,0.008742504,-0.23579894,0.08259802
430,14.619,0.15083862841129303,0.045736704021692276,-0.8655449151992798,-0.14073064923286438,0.013433411717414856,0.09630150347948074,0.008377538610427235,0.04066427689879985,1.5584178208901538,0.05159894376993179,0.6466524600982666,-3.8487727642059326,-1.2639800310134888,4.60992956161499,0.039407928,-0.23454973,0.07702876
431,14.6541,0.14554008841514587,0.04462151229381561,-0.8619213104248047,-0.14357826113700867,-0.00013622973347082734,0.09667793661355972,0.004725028259694421,0.041107535095108325,1.558543122619442,0.04818218573927879,1.1235133409500122,-3.4620730876922607,-1.048143744468689,4.631534099578857,0.07415495,-0.22850628,0.06918035
432,14.6885,0.13894900679588318,0.04242323338985443,-0.8574141263961792,-0.14517150819301605,-0.017437439411878586,0.09570256620645523,-0.0005527308268861206,0.04122324944447227,1.558712233348662,0.044099025428295135,1.6907618045806885,-2.858299970626831,-0.7469762563705444,4.671461582183838,0.12417832,-0.20992838,0.05486181
433,14.7223,0.13371512293815613,0.040020909160375595,-0.8538923263549805,-0.14499099552631378,-0.03151214122772217,0.0936027467250824,-0.0059148552937821185,0.04076076239285559,1.5588927956705694,0.04109637811779976,2.108628749847412,-2.290881633758545,-0.48519301414489746,4.716241836547852,0.1672894,-0.18174855,0.038493097
434,14.7559,0.12857727706432343,0.03713078051805496,-0.8504706621170044,-0.1434483379125595,-0.04548138752579689,0.08987758308649063,-0.010389451223806067,0.039857122706667275,1.5590507211232112,0.03853994980454445,2.4882302284240723,-1.6369705200195312,-0.19891899824142456,4.777225494384766,0.20839092,-0.13709736,0.016659597
435,14.7918,0.12358729541301727,0.03370875492691994,-0.8473029136657715,-0.14022350311279297,-0.059311237186193466,0.08374764770269394,-0.014554121261823394,0.038617704180101214,1.559161109150395,0.03649011254310608,2.814781427383423,-0.9525574445724487,0.10486921668052673,4.849957466125488,0.23666018,-0.08008879,-0.008817157
436,14.8261,0.11881932616233826,0.02976401336491108,-0.8444526195526123,-0.135433167219162,-0.07278654724359512,0.07590862363576889,-0.02083041172816455,0.03590197478681733,1.559353256223044,0.03502184525132179,3.089815855026245,-0.17028912901878357,0.41413214802742004,4.945059299468994,0.24741542,-0.013635815,-0.03316142
437,14.86,0.11433062702417374,0.02533259056508541,-0.8419382572174072,-0.12890157103538513,-0.08576351404190063,0.06517210602760315,-0.025939361706723715,0.03277300393554262,1.5595234322167002,0.034209251403808594,3.308867931365967,0.6137624979019165,0.7284809350967407,5.053685188293457,0.24024282,0.044562683,-0.0528919
438,14.8941,0.10920118540525436,0.019207840785384178,-0.8394603729248047,-0.1180710569024086,-0.10086081922054291,0.0476955883204937,-0.030370795181588316,0.02911386637085498,1.559686417675413,0.034113261848688126,3.507538318634033,1.5397316217422485,1.1049813032150269,5.204400539398193,0.21994692,0.09655183,-0.069289975
439,14.9281,0.10554415732622147,0.01393862534314394,-0.8380999565124512,-0.10741184651851654,-0.11126279830932617,0.0321221761405468,-0.03615985616531027,0.022458959701883222,1.559959658003255,0.03470063582062721,3.5851945877075195,2.2917983531951904,1.3438043594360352,5.3474836349487305,0.200862,0.12839895,-0.07528719
440,14.962,0.10237628221511841,0.008438550867140293,-0.8371641635894775,-0.09509802609682083,-0.11999151855707169,0.01575123891234398,-0.039951069875309025,0.0160523199837503,1.5602130577809763,0.035806916654109955,3.6074512004852295,2.9387094974517822,1.5412994623184204,5.489859580993652,0.18399493,0.14988634,-0.07861265
441,14.9959,0.09972087293863297,0.0027611632831394672,-0.8368188142776489,-0.0812780112028122,-0.12654702365398407,-0.0005716636660508811,-0.043154478159646056,0.006998891894606969,1.5605516787135798,0.037243034690618515,3.5585198402404785,3.523022413253784,1.6659865379333496,5.6316022872924805,0.16857561,0.16689402,-0.07892178
442,15.0336,0.0975693017244339,-0.002977576106786728,-0.8370440006256104,-0.06675610691308975,-0.13070371747016907,-0.01574540324509144,-0.04430521342191248,0.0003422591773574219,1.5607772484579094,0.03893979266285896,3.4888222217559814,3.9933815002441406,1.745732307434082,5.758359909057617,0.1562336,0.17882836,-0.07817596
443,15.0671,0.09596800059080124,-0.008721751160919666,-0.8379149436950684,-0.051709506660699844,-0.1321120262145996,-0.0290586706250906,-0.04443512991002711,-0.008982529227349725,1.5610371729803012,0.04073943942785263,3.363273859024048,4.408265590667725,1.745290756225586,5.873963356018066,0.14464559,0.18958794,-0.075060375
444,15.1011,0.09483685344457626,-0.015729200094938278,-0.8396477699279785,-0.03259163722395897,-0.13027037680149078,-0.0425313301384449,-0.04346735797583833,-0.015910490010946767,1.5611700647186961,0.04302322864532471,3.2005457878112793,4.805648326873779,1.710928201675415,5.996026992797852,0.1328679,0.19950235,-0.07102771
445,15.1351,0.09506522119045258,-0.02600868046283722,-0.8436537981033325,-0.0031679230742156506,-0.11997833102941513,-0.05738324671983719,-0.04123265789326081,-0.023543519572250385,1.561231051107659,0.046347640454769135,3.0410923957824707,5.061037540435791,1.6408897638320923,6.075994491577148,0.12406135,0.206465,-0.06694009
446,15.169,0.09506522119045258,-0.02600868046283722,-0.8436537981033325,-0.0031679230742156506,-0.11997833102941513,-0.05738324671983719,-0.03914870937313859,-0.028144157403092087,1.5612058842353578,0.046347640454769135,2.8466062545776367,5.264191150665283,1.5453110933303833,6.135524749755859,0.11513821,0.21292356,-0.06250402
447,15.2035,0.09751373529434204,-0.03469262644648552,-0.8485642671585083,0.023445002734661102,-0.10183127969503403,-0.06478485465049744,-0.03568322939278095,-0.03366101419508352,1.561064869855638,0.049065474420785904,2.6500775814056396,5.415099620819092,1.4486356973648071,6.17946720123291,0.106851354,0.21833728,-0.058409117
448,15.2373,0.09944304078817368,-0.038345448672771454,-0.8511389493942261,0.03540407121181488,-0.09070434421300888,-0.06616184860467911,-0.03260026672993195,-0.03715708931905805,1.5609096075640865,0.050160929560661316,2.2454895973205566,5.601505279541016,1.2561100721359253,6.2295732498168945,0.09107034,0.2271803,-0.050944068
449,15.2711,0.09944304078817368,-0.038345448672771454,-0.8511389493942261,0.03540407121181488,-0.09070434421300888,-0.06616184860467911,-0.029820771273297488,-0.03959136835820179,1.560742760521793,0.050160929560661316,2.214561700820923,5.593485355377197,1.2479746341705322,6.220095157623291,0.09011067,0.22759931,-0.050780173
450,15.305,0.10515397042036057,-0.04472195729613304,-0.8569622039794922,0.0583675391972065,-0.062312930822372437,-0.06510014086961746,-0.025734928722951907,-0.042187263824810514,1.5604701859842234,0.051883675158023834,1.6942416429519653,5.646961688995361,1.0499763488769531,6.212709426879883,0.07073,0.23574536,-0.04383367
451,15.3392,0.1083151251077652,-0.046613696962594986,-0.8594799041748047,0.06684716045856476,-0.04859587550163269,-0.06326931715011597,-0.022478084527461355,-0.04357601910950277,1.5602283709572442,0.052155330777168274,1.4144562482833862,5.60866641998291,0.9725856781005859,6.182183265686035,0.060287412,0.2390544,-0.04145386
452,15.3731,0.11180531978607178,-0.04788961634039879,-0.8618751764297485,0.07430458813905716,-0.03444144129753113,-0.06078476458787918,-0.019652383225914016,-0.044366245583956535,1.5600300986140878,0.052096664905548096,1.1137940883636475,5.534672260284424,0.9059727191925049,6.1398701667785645,0.048698034,0.24199055,-0.03961153
453,15.407,0.11558219790458679,-0.04851176589727402,-0.8641375303268433,0.08075720071792603,-0.019950391724705696,-0.0580291710793972,-0.01564505087256343,-0.044911203244392406,1.5597749677816581,0.05168771743774414,0.775783360004425,5.40903902053833,0.8517526388168335,6.0799560546875,0.035069216,0.2445151,-0.038503397
454,15.4411,0.11960004270076752,-0.04851096495985985,-0.8661351203918457,0.08619996905326843,-0.005364957265555859,-0.055174488574266434,-0.012487288753191434,-0.04493637427788286,1.559585483870099,0.050949227064847946,0.41604048013687134,5.2447829246521,0.8138370513916016,6.010714054107666,0.01953671,0.24628805,-0.03821671
455,15.4755,0.12483261525630951,-0.04768405854701996,-0.8683931827545166,0.09173554182052612,0.012943221256136894,-0.05195407196879387,-0.008646118926510377,-0.04448493934479,1.5593969320649215,0.04969159886240959,-0.06129901483654976,4.989020824432373,0.7774603366851807,5.913964748382568,-0.0030348408,0.24700044,-0.03849113
456,15.5092,0.12917238473892212,-0.04631561040878296,-0.8700345754623413,0.09519436210393906,0.027568785473704338,-0.049679987132549286,-0.006035748243109504,-0.04390732467148704,1.5593062514298042,0.04842020943760872,-0.4847380816936493,4.7127299308776855,0.754763126373291,5.821497440338135,-0.02526078,0.24559084,-0.039332386
457,15.5433,0.1335276961326599,-0.044368840754032135,-0.8715428113937378,0.09745282679796219,0.041998766362667084,-0.04777617007493973,-0.002302032025000965,-0.04276380075010984,1.5592214297490852,0.04702422767877579,-0.9151378273963928,4.399590015411377,0.728233814239502,5.726888656616211,-0.050255973,0.24160916,-0.039991897
458,15.5769,0.13785526156425476,-0.041823163628578186,-0.8729770183563232,0.09871604293584824,0.05617159977555275,-0.046198438853025436,0.0007133394663409394,-0.04159117763263433,1.5592272887034835,0.045560073107481,-1.355992078781128,4.0305867195129395,0.6942037343978882,5.628721237182617,-0.078674674,0.23385468,-0.04027771
459,15.6111,0.1420840620994568,-0.038664113730192184,-0.8743764162063599,0.09884974360466003,0.07026340067386627,-0.04504674673080444,0.003416090825704281,-0.040397532187304,1.559247262411659,0.04410100355744362,-1.7843825817108154,3.6288397312164307,0.6477035284042358,5.534575939178467,-0.108926944,0.22152111,-0.039538812
460,15.645,0.14615565538406372,-0.03493632376194,-0.8757354021072388,0.09795135259628296,0.08404000103473663,-0.0441572479903698,0.007396894037438206,-0.038415491190769334,1.5593439351592289,0.04276519641280174,-2.198965072631836,3.1648247241973877,0.5907547473907471,5.4421491622924805,-0.14100309,0.20293641,-0.03788066
461,15.6791,0.15097497403621674,-0.029568543657660484,-0.8773918151855469,0.0951874852180481,0.10037897527217865,-0.04335414990782738,0.010742806927378347,-0.03654443743266373,1.5594446026484339,0.041496794670820236,-2.6604816913604736,2.555485248565674,0.49911901354789734,5.339359760284424,-0.17867069,0.17161942,-0.033519473
462,15.7141,0.15453921258449554,-0.024772057309746742,-0.8786691427230835,0.09153112024068832,0.11283788084983826,-0.04274260997772217,0.013800543420979946,-0.03464999154945206,1.5595719017485397,0.04094139114022255,-2.974687099456787,2.0174593925476074,0.4157516062259674,5.261984825134277,-0.20553339,0.13939458,-0.028725991
463,15.748,0.15784385800361633,-0.01953568495810032,-0.8798456192016602,0.0867939293384552,0.12451273947954178,-0.041665222495794296,0.018375705411222062,-0.03149723117950237,1.5597669782983878,0.040868934243917465,-3.231445789337158,1.4043476581573486,0.3297763168811798,5.185351371765137,-0.2282861,0.099210404,-0.02329711
464,15.7821,0.1608341634273529,-0.013917345553636551,-0.8809740543365479,0.08054312318563461,0.13543589413166046,-0.040251560509204865,0.022221070756917295,-0.02845921768242687,1.559964851167381,0.0413946658372879,-3.4139270782470703,0.74787437915802,0.23709657788276672,5.109210014343262,-0.24364887,0.053375114,-0.016921367
465,15.816,0.16356469690799713,-0.007983201183378696,-0.8820427656173706,0.07330578565597534,0.14526987075805664,-0.038307107985019684,0.025662330535517426,-0.025331260080723145,1.5601812330059497,0.04261961951851845,-3.5285820960998535,0.03752240538597107,0.13946279883384705,5.033478736877441,-0.24979086,0.0026562382,-0.009872672
466,15.85,0.166033074259758,-0.00177274108864367,-0.883103609085083,0.06466639786958694,0.15383896231651306,-0.03569824621081352,0.03044389895351099,-0.020117327459755217,1.5605586029324139,0.044593822211027145,-3.5620062351226807,-0.777502179145813,0.037785619497299194,4.95578145980835,-0.24423602,-0.05331098,-0.0025908458
467,15.8837,0.16865718364715576,0.00633264658972621,-0.884310245513916,0.052618466317653656,0.16279025375843048,-0.031451351940631866,0.03481493692827964,-0.013934520189459646,1.5609582102539803,0.04792642593383789,-3.525449752807617,-1.8282263278961182,-0.10403889417648315,4.866307258605957,-0.22185697,-0.1150505,0.00654718
468,15.918,0.1702895611524582,0.013010447844862938,-0.8851622343063354,0.04157894849777222,0.16807828843593597,-0.027497444301843643,0.037805618978762785,-0.008208018524219334,1.561349428618113,0.05112028494477272,-3.402514934539795,-2.747018575668335,-0.2076265513896942,4.80030632019043,-0.19429901,-0.1568672,0.011856417
469,15.9519,0.17145684361457825,0.01977984607219696,-0.8859033584594727,0.02962855063378811,0.1714428961277008,-0.02298051305115223,0.039871570355580956,-0.002680369948103599,1.5617046943075297,0.054645176976919174,-3.2440872192382812,-3.6000821590423584,-0.32276973128318787,4.741487503051758,-0.16698557,-0.18530999,0.016614191
470,15.9859,0.17212869226932526,0.02650112845003605,-0.8864154815673828,0.01683698780834675,0.17272831499576569,-0.017924482002854347,0.04161465506211905,0.0059188068630792534,1.5622346633644553,0.05828715115785599,-3.0130748748779297,-4.404523849487305,-0.4155719578266144,4.693465232849121,-0.14072748,-0.20571594,0.01940954
471,16.02,0.17229098081588745,0.03309016302227974,-0.8866925239562988,0.0035533495247364044,0.17173075675964355,-0.012690641917288303,0.041840328836178844,0.013128660127169279,1.5626434585917826,0.06192946806550026,-2.7609634399414062,-5.072659492492676,-0.5067110061645508,4.653453826904297,-0.1190574,-0.21874164,0.021850234
472,16.054,0.17191064357757568,0.03950290009379387,-0.8867734670639038,-0.009905438870191574,0.16829298436641693,-0.0075015174224972725,0.04116568771422373,0.019393756994553694,1.563010042715832,0.06549840420484543,-2.487368583679199,-5.616589069366455,-0.5951998233795166,4.621385097503662,-0.10076039,-0.22752145,0.024110848
473,16.0882,0.17072471976280212,0.04709210991859436,-0.8865848779678345,-0.02638953924179077,0.16079658269882202,-0.0013065793318673968,0.03889607525423095,0.027885279419784973,1.5634483990312589,0.0697115808725357,-2.099622964859009,-6.145514965057373,-0.6869441270828247,4.597702980041504,-0.08037735,-0.23526138,0.02629746
474,16.1222,0.16926468908786774,0.05264837294816971,-0.8861616849899292,-0.03887646272778511,0.15222595632076263,0.0034817385021597147,0.03615926943763261,0.03399813709957393,1.5637727720520307,0.07272845506668091,-1.7732316255569458,-6.453117847442627,-0.7511082887649536,4.590746879577637,-0.06582803,-0.23956038,0.027883543
475,16.1559,0.16732531785964966,0.05767154321074486,-0.8856109380722046,-0.05046776309609413,0.1416059285402298,0.007807255256921053,0.03192181811985586,0.04057099135924142,1.564053202914816,0.07537329941987991,-1.4168448448181152,-6.674070358276367,-0.8052120804786682,4.595177173614502,-0.05155796,-0.24286461,0.029301086
476,16.1899,0.1649409979581833,0.06216910853981972,-0.884853720664978,-0.06087404862046242,0.12914329767227173,0.011895935982465744,0.02856247759250549,0.04434663389924162,1.5642241778567991,0.07760738581418991,-1.0814573764801025,-6.828823566436768,-0.8629813194274902,4.601578712463379,-0.038803212,-0.24502148,0.030964185
477,16.2238,0.162202388048172,0.06606274098157883,-0.8839423656463623,-0.0702735111117363,0.11528138071298599,0.015719890594482422,0.02351244173068592,0.048593597695537,1.5644180559841567,0.0794093906879425,-0.7206261157989502,-6.915852069854736,-0.9079362154006958,4.616198539733887,-0.025691424,-0.24656071,0.032369316
478,16.2575,0.15916332602500916,0.06927615404129028,-0.8829416036605835,-0.07827632874250412,0.10012706369161606,0.018957801163196564,0.01942656172963751,0.05102358654861219,1.5645280445371772,0.08073693513870239,-0.3811366856098175,-6.947685718536377,-0.9520561695098877,4.62944221496582,-0.013567517,-0.2473203,0.03389083
479,16.2919,0.15501484274864197,0.0723457932472229,-0.8815077543258667,-0.08637747913599014,0.07987523078918457,0.022802159190177917,0.015836444769966856,0.05246298350590799,1.564605675682953,0.0817076787352562,0.022457655519247055,-6.922348499298096,-1.0000230073928833,4.644302845001221,0.00080271915,-0.24743018,0.035744496
480,16.326,0.1514618992805481,0.07411074638366699,-0.8802660703659058,-0.09146907925605774,0.0630418136715889,0.025786273181438446,0.010877690835104356,0.0536069152238271,1.5646935599989256,0.08200868964195251,0.36330142617225647,-6.825458526611328,-1.0252074003219604,4.658580303192139,0.0131410435,-0.24688493,0.037082966
481,16.3602,0.14772112667560577,0.07519541680812836,-0.878990888595581,-0.0951029360294342,0.04591835290193558,0.028387252241373062,0.007098453547781202,0.05378280453025922,1.5647733216735733,0.0818396657705307,0.6899385452270508,-6.680198669433594,-1.0436053276062012,4.668723106384277,0.025379064,-0.24572796,0.038388528
482,16.3942,0.14383584260940552,0.07556711137294769,-0.8775893449783325,-0.0978083461523056,0.028393587097525597,0.030999405309557915,0.0039434021831008,0.05348678585271851,1.564810739086889,0.08114496618509293,1.0146297216415405,-6.474303245544434,-1.0522632598876953,4.675140857696533,0.038217142,-0.24386173,0.03963465
483,16.4282,0.13993585109710693,0.07517264038324356,-0.8760827779769897,-0.0991295576095581,0.011010173708200455,0.0334695503115654,-0.0003223564369633174,0.05242639416924382,1.5648964928739895,0.0798952728509903,1.3316221237182617,-6.1765456199646,-1.0464143753051758,4.679078578948975,0.05197975,-0.2411009,0.04084669
484,16.4622,0.1359786093235016,0.07399021834135056,-0.8744633197784424,-0.09945119172334671,-0.006262955255806446,0.03571432828903198,-0.0034869865666059823,0.05116659413796024,1.5649863745607797,0.07805905491113663,1.6392467021942139,-5.80718994140625,-1.025399088859558,4.679159641265869,0.06695587,-0.23719767,0.041882955
485,16.4963,0.13100643455982208,0.07140664756298065,-0.8724178075790405,-0.09838081151247025,-0.02745838277041912,0.03833058103919029,-0.007181535331264617,0.049098628745567696,1.5651016894359802,0.07499231398105621,2.00628662109375,-5.214701175689697,-0.9857020378112793,4.677147388458252,0.08840425,-0.22977862,0.043433603
486,16.53,0.1269955188035965,0.06852768361568451,-0.8708044290542603,-0.09663260728120804,-0.044023532420396805,0.040251344442367554,-0.009575632887164487,0.04738924134919751,1.5651889079616803,0.07202153652906418,2.285747766494751,-4.644038200378418,-0.9453833103179932,4.679047584533691,0.108603105,-0.22065295,0.044918153
487,16.5641,0.1230306476354599,0.06495518237352371,-0.8692669868469238,-0.09387679398059845,-0.06003149598836899,0.041789308190345764,-0.012760438575168393,0.044704795776343655,1.5653202018034211,0.06865695863962173,2.535778522491455,-3.9621827602386475,-0.9017516374588013,4.69296407699585,0.13235293,-0.20680296,0.047066208
488,16.5984,0.11915501952171326,0.06080834940075874,-0.8677026033401489,-0.09026765078306198,-0.07530289143323898,0.04340984299778938,-0.015225949419877118,0.042285417955736745,1.5654135455996285,0.06501922756433487,2.7571182250976562,-3.2256100177764893,-0.8481649160385132,4.728188991546631,0.15928578,-0.18635175,0.049000658
489,16.6322,0.11541810631752014,0.05609973892569542,-0.8661206960678101,-0.08599727600812912,-0.08998338878154755,0.044818565249443054,-0.01738433953425086,0.03998415965185326,1.5654882472682052,0.06116108596324921,2.9467360973358154,-2.431732177734375,-0.7847415208816528,4.78961181640625,0.18887848,-0.155868,0.050299983
490,16.666,0.11183175444602966,0.05087608844041824,-0.8646490573883057,-0.08102792501449585,-0.10379549860954285,0.04631897807121277,-0.020496488778171444,0.0363785349803194,1.5656138153136023,0.05721447244286537,3.0948104858398438,-1.5586676597595215,-0.7295124530792236,4.882146835327148,0.21849133,-0.110040784,0.05150304
491,16.7002,0.10756032168865204,0.043677918612957,-0.862746000289917,-0.07370550185441971,-0.11973638832569122,0.04830843210220337,-0.023091477105533855,0.033136768853906824,1.5656802611827998,0.05230925977230072,3.2508926391601562,-0.4591052234172821,-0.6429706811904907,5.033712387084961,0.24292894,-0.034307484,0.048047166
492,16.7341,0.10433601588010788,0.03746359422802925,-0.8611962795257568,-0.06697079539299011,-0.13138854503631592,0.04966340586543083,-0.02546960713816356,0.029937898346395934,1.565750568635578,0.04863886162638664,3.3461532592773438,0.44123750925064087,-0.5687563419342041,5.180294036865234,0.24440847,0.032228705,0.041542888
493,16.768,0.10131720453500748,0.03089318424463272,-0.8597135543823242,-0.05944244563579559,-0.14197050034999847,0.05086832493543625,-0.029024138648065325,0.02453143582337209,1.5658375208451691,0.04542017728090286,3.404801607131958,1.3616389036178589,-0.51261305809021,5.348049640655518,0.22989044,0.091937155,0.034611367
494,16.802,0.09857278317213058,0.02401132322847843,-0.858184814453125,-0.05090310052037239,-0.15116554498672485,0.05099688842892647,-0.0318815211636116,0.01923090677448995,1.5659230083161606,0.04282643646001816,3.4408106803894043,2.213282346725464,-0.4455994665622711,5.521857261657715,0.20902143,0.13445187,0.027069155
495,16.8361,0.09405901283025742,0.009671392850577831,-0.8550815582275391,-0.031108280643820763,-0.16443750262260437,0.04769890010356903,-0.035021621115410406,0.011237484938671362,1.566054168999847,0.04037398844957352,3.4514808654785156,2.977917432785034,-0.3720184862613678,5.694295883178711,0.18865742,0.1627725,0.020334473
496,16.8703,0.09405901283025742,0.009671392850577831,-0.8550815582275391,-0.031108280643820763,-0.16443750262260437,0.04769890010356903,-0.03664974464783035,0.004844677013450037,1.566184131261043,0.04037398844957352,3.4081530570983887,3.678234338760376,-0.3092109262943268,5.8633270263671875,0.16959378,0.18303335,0.015386705
497,16.904,0.09101508557796478,-0.006887251511216164,-0.852006196975708,-0.005260150413960218,-0.16879047453403473,0.039569634944200516,-0.037891780562405254,-0.004811067088255396,1.5663471167197558,0.04234088584780693,3.282167434692383,4.804995059967041,-0.0958225429058075,6.173775672912598,0.14099202,0.20640811,0.004116248
498,16.9383,0.09043721854686737,-0.01414544228464365,-0.8508992195129395,0.006814384367316961,-0.16667728126049042,0.035109397023916245,-0.037934357850332896,-0.012509324330617239,1.5664686900235179,0.04452744126319885,3.16070818901062,5.189110279083252,-0.024333328008651733,6.28361701965332,0.13004932,0.21350919,0.00100121
499,16.9719,0.09036406129598618,-0.021193815395236015,-0.8499648571014404,0.01889803819358349,-0.1619623303413391,0.029876863583922386,-0.037250495533103375,-0.018978557697042733,1.5665354022088243,0.04720425605773926,3.029240846633911,5.483560085296631,0.06095418334007263,6.36994743347168,0.12088072,0.21881941,-0.0024323538
500,17.006,0.09077192097902298,-0.028015142306685448,-0.8491928577423096,0.030651791021227837,-0.15505769848823547,0.024695420637726784,-0.035152074396932256,-0.027475181740237192,1.5665688248805048,0.05020443722605705,2.8658742904663086,5.715545177459717,0.1327281892299652,6.434647083282471,0.11203261,0.2234318,-0.0051886034
501,17.0401,0.09163951873779297,-0.03450360521674156,-0.84850013256073,0.04199002683162689,-0.14588913321495056,0.019882716238498688,-0.03279213084171535,-0.03342578425001847,1.5665456553790211,0.05334795266389847,2.7069530487060547,5.878238201141357,0.22499176859855652,6.480461120605469,0.104507744,0.22694203,-0.008686291
502,17.0741,0.09326906502246857,-0.041952405124902725,-0.8478764295578003,0.054763082414865494,-0.1319345086812973,0.014341093599796295,-0.030399898538875838,-0.037892895761111725,1.5664846689900582,0.057219140231609344,2.517735242843628,6.01099157333374,0.3527139723300934,6.516391754150391,0.096442536,0.23025268,-0.013510806
503,17.1083,0.09494247287511826,-0.04728616029024124,-0.8475502729415894,0.06401664018630981,-0.1189347431063652,0.010046997107565403,-0.026678413876355923,-0.0430244077075309,1.5663475161939193,0.060102496296167374,2.337435245513916,6.072055339813232,0.4545271098613739,6.522929668426514,0.08959434,0.23274305,-0.017422112
504,17.1418,0.09692299365997314,-0.05202115327119827,-0.8474448919296265,0.07220836728811264,-0.10474870353937149,0.0058962092734873295,-0.023595330539020035,-0.04611089489763505,1.5662131597169247,0.06266660243272781,2.1609628200531006,6.101151943206787,0.565489649772644,6.517879009246826,0.08314978,0.23476085,-0.021758977
505,17.1758,0.0991668552160263,-0.056080810725688934,-0.8474732637405396,0.07931287586688995,-0.08957362174987793,0.0019294193480163813,-0.01975317971198431,-0.048805701831605,1.5660060989421711,0.06481068581342697,1.9707510471343994,6.098575115203857,0.6857324838638306,6.497523307800293,0.076436974,0.23653755,-0.026596619
506,17.2098,0.10163210332393646,-0.059407789260149,-0.84763503074646,0.08539395034313202,-0.07376886904239655,-0.0020168637856841087,-0.017131493194693852,-0.049979931168112966,1.565870277726577,0.06644792854785919,1.7821900844573975,6.073161602020264,0.8177069425582886,6.468453407287598,0.06981468,0.23790719,-0.032032467
507,17.2439,0.10424472391605377,-0.06196950748562813,-0.848051905632019,0.09057044237852097,-0.05748549848794937,-0.006078249309211969,-0.013577925000092639,-0.05076926714807723,1.565701433313466,0.06752470880746841,1.578019142150879,6.01875114440918,0.9534018039703369,6.4250407218933105,0.06267155,0.2390367,-0.037864666
508,17.2784,0.10762711614370346,-0.06410278379917145,-0.8487545251846313,0.0955062285065651,-0.036561284214258194,-0.01156381331384182,-0.010930089569848965,-0.050778101352755727,1.5655646799914904,0.0680777058005333,1.3230762481689453,5.924101829528809,1.133805274963379,6.359790802001953,0.053565558,0.23984091,-0.045902804
509,17.3122,0.11037043482065201,-0.0649784654378891,-0.849494218826294,0.09852813184261322,-0.019813617691397667,-0.01607789471745491,-0.008741811714022888,-0.05039570887092318,1.5654688061922475,0.06788480281829834,1.1094212532043457,5.821373462677002,1.280400276184082,6.29647970199585,0.04574639,0.24004121,-0.052796617
510,17.3464,0.11316770315170288,-0.06512344628572464,-0.8502838611602783,0.10069084167480469,-0.0030045181047171354,-0.020981473848223686,-0.005821202009127849,-0.049347555244895244,1.5653789245054575,0.0671059787273407,0.8821913003921509,5.684181213378906,1.4416711330413818,6.2201995849609375,0.03719098,0.23963088,-0.06077725
511,17.3801,0.1159721165895462,-0.0646136924624443,-0.8511948585510254,0.10215327888727188,0.013390970416367054,-0.02636340819299221,-0.003662782506355358,-0.048150314532093307,1.5653580186909002,0.06580745428800583,0.649258017539978,5.527584552764893,1.5998189449310303,6.137809753417969,0.028028974,0.23863013,-0.06906543
512,17.4143,0.1187286376953125,-0.06340311467647552,-0.852257251739502,0.10267027467489243,0.029513858258724213,-0.032172396779060364,-0.001857792958374992,-0.04685108723310895,1.5653974334750334,0.06394614279270172,0.41193723678588867,5.345055103302002,1.7505955696105957,6.048099517822266,0.018261269,0.23694746,-0.07760429
513,17.4487,0.121390700340271,-0.06149876490235329,-0.8536112308502197,0.10261517018079758,0.045297592878341675,-0.03831592947244644,0.0005514865012771867,-0.04472473203381642,1.565465743556994,0.06153012439608574,0.16975797712802887,5.124084949493408,1.8862783908843994,5.950344085693359,0.007768696,0.23449537,-0.08632245
514,17.4828,0.12457674741744995,-0.05816081538796425,-0.8555957078933716,0.10152161121368408,0.06422087550163269,-0.04677342623472214,0.002355041934409802,-0.042829044035627574,1.565552163134367,0.05775538831949234,-0.13769982755184174,4.8127875328063965,2.021489381790161,5.823511123657227,-0.006592412,0.23041335,-0.09677929
515,17.5171,0.12701600790023804,-0.05477815493941307,-0.8574697971343994,0.09986073523759842,0.07872377336025238,-0.05387841910123825,0.004474925704268306,-0.04029791331777822,1.565714349644753,0.054207056760787964,-0.3847230076789856,4.510287284851074,2.101824998855591,5.716459274291992,-0.0192715,0.22592878,-0.10528437
516,17.5511,0.1293492168188095,-0.05084522068500519,-0.859580397605896,0.09768121689558029,0.09277176111936569,-0.06165863573551178,0.005894047267171272,-0.03838284666146985,1.5658408497965317,0.05031443387269974,-0.6346778273582458,4.174418926239014,2.148876190185547,5.609040260314941,-0.03349048,0.22027442,-0.11339122
517,17.5854,0.13155165314674377,-0.04639963060617447,-0.8619717359542847,0.09484120458364487,0.10595512390136719,-0.06954222172498703,0.007871049063580798,-0.035578654546914106,1.5660556337384466,0.046193528920412064,-0.8761587738990784,3.7846286296844482,2.1557374000549316,5.502551078796387,-0.04930242,0.21296524,-0.12130572
518,17.6192,0.13359002768993378,-0.04149071127176285,-0.864680290222168,0.09146444499492645,0.11842559278011322,-0.07749058306217194,0.009460561441532445,-0.03322604924885713,1.566235130795918,0.04202444106340408,-1.108527660369873,3.3510804176330566,2.1104204654693604,5.400468826293945,-0.06738811,0.20371434,-0.12829383
519,17.654,0.13550081849098206,-0.036200251430273056,-0.8676296472549438,0.08748894184827805,0.13002273440361023,-0.0858006402850151,0.010835841755287283,-0.031096673026203038,1.5664138289050622,0.03806169331073761,-1.3263638019561768,2.869629383087158,2.021865129470825,5.302366256713867,-0.088363156,0.19117644,-0.13469787
520,17.6882,0.13766518235206604,-0.02905576303601265,-0.8717962503433228,0.08188603818416595,0.14336922764778137,-0.09580893069505692,0.012785754209983659,-0.0279598624944694,1.5666929281873025,0.0339239276945591,-1.5627822875976562,2.176546812057495,1.836416482925415,5.184755325317383,-0.12027342,0.1675094,-0.14133261
521,17.7221,0.13921459019184113,-0.02299460768699646,-0.8755049705505371,0.07686974853277206,0.15301287174224854,-0.10376320779323578,0.014381424627807463,-0.025414254999381942,1.5669034510714732,0.03188705071806908,-1.7156577110290527,1.5501184463500977,1.6327511072158813,5.0911030769348145,-0.15152843,0.13690786,-0.14420605
522,17.7561,0.14058953523635864,-0.016646742820739746,-0.8794245719909668,0.07144737988710403,0.161844402551651,-0.11159826070070267,0.01657970702277545,-0.02205458573808451,1.5671728298157348,0.031429387629032135,-1.8222856521606445,0.8378063440322876,1.3966730833053589,4.993252277374268,-0.18640083,0.08569886,-0.1428651
523,17.7901,0.14182047545909882,-0.010014512576162815,-0.8836671113967896,0.06538554280996323,0.16980339586734772,-0.11906704306602478,0.018309118061591672,-0.019489784757797068,1.5673431389674453,0.032950449734926224,-1.890118956565857,0.06656184792518616,1.1147453784942627,4.88805627822876,-0.21523948,0.0075798077,-0.12694292
524,17.8238,0.14289066195487976,-0.0031470973044633865,-0.8881986141204834,0.058831967413425446,0.17675963044166565,-0.12580905854701996,0.021157974300460493,-0.015339905666802689,1.5676288961524107,0.03642149642109871,-1.8978033065795898,-0.8016483783721924,0.8011062145233154,4.774512767791748,-0.21464038,-0.09066594,-0.09060461
525,17.858,0.14378544688224792,0.003950716927647591,-0.8930150270462036,0.05157717689871788,0.1826040893793106,-0.130851611495018,0.023748953322025573,-0.011375049692541564,1.5678857580395489,0.041545309126377106,-1.8562546968460083,-1.713827133178711,0.4457964599132538,4.657574653625488,-0.18088861,-0.1670093,-0.043442044
526,17.892,0.14457833766937256,0.013078426010906696,-0.8992757797241211,0.04142184183001518,0.18812184035778046,-0.13225962221622467,0.026164161631050824,-0.007053206336831025,1.5681303693856727,0.04955903813242912,-1.7367801666259766,-2.855328321456909,-0.06124091148376465,4.521416664123535,-0.12989692,-0.21355517,0.0045803185
527,17.9256,0.14493262767791748,0.020485203713178635,-0.9042712450027466,0.032586369663476944,0.1908290684223175,-0.12768037617206573,0.029434850103020584,0.0007788110971162057,1.5685025461480113,0.05669080838561058,-1.5397114753723145,-3.796877384185791,-0.4850946068763733,4.438061237335205,-0.09329753,-0.23006862,0.029393904
528,17.9601,0.14495813846588135,0.027895767241716385,-0.9090090990066528,0.02312408573925495,0.1916934698820114,-0.11644867807626724,0.03129882567829147,0.0083162703008959,1.568840634448397,0.06399122625589371,-1.293858289718628,-4.625585079193115,-0.9346761703491211,4.387110233306885,-0.06610447,-0.23632562,0.04775351
529,17.9947,0.144618958234787,0.03525392338633537,-0.9133396148681641,0.013013841584324837,0.19031290709972382,-0.09918040037155151,0.03196658419330441,0.015481730438119717,1.5691588821986613,0.07119713723659515,-1.0068585872650146,-5.317452907562256,-1.392127275466919,4.366870403289795,-0.045044605,-0.23789096,0.062280662
530,18.0283,0.14391499757766724,0.042490702122449875,-0.9170820713043213,0.0028161415830254555,0.186421200633049,-0.07885897904634476,0.03112946735831384,0.025783046634303673,1.5695993690429604,0.07807067781686783,-0.6487039923667908,-5.888528347015381,-1.7917476892471313,4.377319812774658,-0.02620315,-0.23785578,0.0723742
531,18.0621,0.14284606277942657,0.049494657665491104,-0.9200935363769531,-0.007135940250009298,0.18003013730049133,-0.05788194388151169,0.02920081025806766,0.03335669810627153,1.5698963115045044,0.08441278338432312,-0.3115088641643524,-6.311357498168945,-2.1423251628875732,4.400094032287598,-0.011671688,-0.23647545,0.08026915
532,18.0958,0.1410406231880188,0.05771808326244354,-0.9227474927902222,-0.019021643325686455,0.16871248185634613,-0.03235699608922005,0.0256748494732354,0.041412525296571245,1.5702173555739134,0.09140074253082275,0.09931616485118866,-6.683578014373779,-2.4911744594573975,4.439969062805176,0.0034806526,-0.2342339,0.08730616
533,18.13,0.1392844021320343,0.06373529881238937,-0.9240008592605591,-0.027580678462982178,0.15714797377586365,-0.013300339691340923,0.02272333045493863,0.04602017681181502,1.5703776778715361,0.09616732597351074,0.397819459438324,-6.881382465362549,-2.7094082832336426,4.474754333496094,0.013428501,-0.23228288,0.09145679
534,18.1641,0.13739271461963654,0.06916916370391846,-0.9245476722717285,-0.03502213582396507,0.14377152919769287,0.004137911833822727,0.01811762845683657,0.05108163097680831,1.5705260159442536,0.10019554197788239,0.6789049506187439,-7.00923490524292,-2.876420259475708,4.511470794677734,0.022312306,-0.23035948,0.09453395
535,18.1981,0.13537998497486115,0.07398485392332077,-0.924431562423706,-0.041376993060112,0.12888596951961517,0.02025601640343666,0.014296406330898586,0.05389136163419358,1.5705862033848894,0.10348105430603027,0.9484227895736694,-7.075694561004639,-3.004732847213745,4.549811840057373,0.030611902,-0.22837967,0.09698269
536,18.2321,0.13327401876449585,0.0780986100435257,-0.9236868619918823,-0.046403054147958755,0.11291149258613586,0.03482866659760475,0.010952297836626705,0.055492092058088534,1.5706250855368045,0.10597804188728333,1.1748685836791992,-7.103244781494141,-3.1052231788635254,4.585200309753418,0.037459895,-0.22648218,0.09900796
537,18.266,0.13112032413482666,0.08147215843200684,-0.9222710132598877,-0.05021516606211662,0.09604903310537338,0.047484517097473145,0.006373657092210674,0.05662364423812798,1.5706507850413238,0.10762201994657516,1.3944933414459229,-7.0805439949035645,-3.1691207885742188,4.620906352996826,0.044231698,-0.22458658,0.100520805
538,18.3001,0.1284407526254654,0.08462449163198471,-0.9199196100234985,-0.05336887761950493,0.07424609363079071,0.06130554527044296,0.002970018625197114,0.056656355346454725,1.570672223488099,0.10867622494697571,1.625897765159607,-7.0149922370910645,-3.221933126449585,4.661411285400391,0.051524952,-0.22230619,0.10210356
539,18.3341,0.12637634575366974,0.08625958114862442,-0.9176583290100098,-0.05447811260819435,0.05650891363620758,0.07076069712638855,0.0002093003722958562,0.056180964447118766,1.5706816777099686,0.10871852189302444,1.790739893913269,-6.91636323928833,-3.244687795639038,4.6929612159729,0.057053857,-0.22035874,0.10337736
540,18.3679,0.12438225001096725,0.08710002899169922,-0.9150747060775757,-0.054473843425512314,0.03870546445250511,0.07885125279426575,-0.0033248148804566934,0.05476668026666458,1.5707069777403244,0.10803275555372238,1.9392907619476318,-6.762409210205078,-3.254275321960449,4.723797798156738,0.06254796,-0.21810804,0.104960166
541,18.402,0.12249714881181717,0.08715910464525223,-0.9122112989425659,-0.05366627499461174,0.020980173721909523,0.08600866794586182,-0.005829306965398477,0.05320055429218384,1.5707206930199384,0.10663630813360214,2.069249391555786,-6.569580554962158,-3.247365713119507,4.752232551574707,0.067934304,-0.21568203,0.10661235
542,18.4361,0.11908183246850967,0.08506108075380325,-0.9056711196899414,-0.04947479069232941,-0.013475068844854832,0.09747575223445892,-0.00849990410058392,0.050746268255350876,1.570742530940877,0.10178267955780029,2.2868165969848633,-6.052260398864746,-3.1637356281280518,4.803372383117676,0.07938145,-0.21008995,0.109821625
543,18.4701,0.11908183246850967,0.08506108075380325,-0.9056711196899414,-0.04947479069232941,-0.013475068844854832,0.09747575223445892,-0.010106771238256368,0.04881951281857058,1.5707726246611948,0.10178267955780029,2.2745673656463623,-6.01847505569458,-3.1789519786834717,4.803910732269287,0.07923721,-0.2096606,0.1107425
544,18.504,0.11601346731185913,0.079674631357193,-0.8971922397613525,-0.04147086292505264,-0.049249015748500824,0.10771586000919342,-0.01205994710558539,0.045779123282460026,1.5708028515395673,0.09347672015428543,2.4323863983154297,-5.156300067901611,-2.977620840072632,4.864533424377441,0.09454291,-0.20041701,0.11573529
545,18.5383,0.11491578072309494,0.0764617994427681,-0.8931185007095337,-0.03696047514677048,-0.06396709382534027,0.11155090481042862,-0.013401879649065392,0.043224074049070395,1.5708320131535036,0.08902902156114578,2.4594435691833496,-4.654897212982178,-2.856065511703491,4.900230884552002,0.10265657,-0.19429426,0.11921147
546,18.572,0.11401703208684921,0.07280443608760834,-0.8889195919036865,-0.03209419175982475,-0.07769430428743362,0.11540265381336212,-0.014396223897208817,0.04089766551764247,1.57085584844526,0.08419200032949448,2.4375925064086914,-4.61973237991333,-2.8736374378204346,4.900636672973633,0.10221927,-0.19372626,0.1205046
547,18.606,0.11329259723424911,0.06869113445281982,-0.8845903873443604,-0.026973195374011993,-0.09042299538850784,0.11914705485105515,-0.015665984775147673,0.03744624203441341,1.5708715610956914,0.07896306365728378,2.4316134452819824,-3.478933572769165,-2.5492472648620605,5.006778717041016,0.12277898,-0.17566112,0.12871864
548,18.6401,0.11277908831834793,0.06416059285402298,-0.8802038431167603,-0.02152959629893303,-0.10218633711338043,0.12231181561946869,-0.016547999801343995,0.034648100288959184,1.5708886053266677,0.07340411096811295,2.3790781497955322,-2.819587469100952,-2.357384443283081,5.082313537597656,0.13585253,-0.16100694,0.13461375
549,18.6743,0.11245238780975342,0.0579606294631958,-0.8745661973953247,-0.014215885661542416,-0.11577294766902924,0.12696270644664764,-0.017226944633232575,0.0322126165855411,1.570877020575926,0.06602057814598083,2.2863576412200928,-1.9603490829467773,-2.082714319229126,5.2013349533081055,0.15609917,-0.1338412,0.1421956
550,18.708,0.11248648166656494,0.052654482424259186,-0.8699272871017456,-0.008110755123198032,-0.12562823295593262,0.1311422437429428,-0.018154690088475305,0.028657770905854488,1.5708715610956914,0.059855103492736816,2.169506072998047,-1.2335976362228394,-1.8512842655181885,5.313655853271484,0.17454498,-0.0992476,0.14894283
551,18.7424,0.11277763545513153,0.04702688381075859,-0.8652169704437256,-0.0016418664017692208,-0.1345764547586441,0.1357489973306656,-0.01897588829416885,0.0256509018293707,1.5708802163692341,0.05350452661514282,2.0410168170928955,-0.5091375112533569,-1.5993802547454834,5.435405731201172,0.19309275,-0.04816754,0.15131122
552,18.7764,0.11336001753807068,0.04113367572426796,-0.8603825569152832,0.004957754630595446,-0.14259737730026245,0.14050742983818054,-0.020158425444921104,0.021516635520266912,1.570892333752194,0.047063298523426056,1.891810655593872,0.2176884114742279,-1.3339650630950928,5.560546398162842,0.20341724,0.02340698,0.14343481
553,18.81,0.11423078179359436,0.03502948582172394,-0.8554296493530273,0.01202412135899067,-0.1494923233985901,0.1452399045228958,-0.021107064231153345,0.018286766233786424,1.5708948637552296,0.040710847824811935,1.7444472312927246,0.9007219076156616,-1.039587378501892,5.680954933166504,0.1963126,0.101363376,0.1169907
554,18.8435,0.11539007723331451,0.02875487320125103,-0.8503535985946655,0.01935192011296749,-0.15511727333068848,0.14831587672233582,-0.022617105697552695,0.012879549495219487,1.570942534338742,0.03471578285098076,1.5872035026550293,1.5537246465682983,-0.7130677700042725,5.7903361320495605,0.17009977,0.16651185,0.07641909
555,18.8779,0.11723048239946365,0.020703893154859543,-0.8440243005752563,0.029166752472519875,-0.1601872593164444,0.1458892673254013,-0.023766896369869984,0.007522462602984093,1.570980351226221,0.02837444841861725,1.3765361309051514,2.311340570449829,-0.23046746850013733,5.901352882385254,0.12745476,0.21400918,0.021339197
556,18.912,0.11904951930046082,0.014173809438943863,-0.8391386270523071,0.03770555555820465,-0.16240495443344116,0.1375911831855774,-0.02457785388893433,0.001983800269307496,1.571031350761096,0.024968620389699936,1.1943267583847046,2.848456382751465,0.2219845950603485,5.9660563468933105,0.09642009,0.22996086,-0.017921204
557,18.9461,0.12115611881017685,0.007717116270214319,-0.8346301317214966,0.0466066412627697,-0.16219967603683472,0.12112830579280853,-0.024925123853296857,-0.007025564597251144,1.5711101803293623,0.023699190467596054,0.9665119051933289,3.3203604221343994,0.7277812957763672,6.001742362976074,0.06837389,0.23489203,-0.051485382
558,18.9804,0.12356625497341156,0.0014265634818002582,-0.830752968788147,0.05558933690190315,-0.15957798063755035,0.0990932285785675,-0.024225900506123547,-0.014732666447264491,1.5711890098976289,0.024474939331412315,0.7238613963127136,3.6832714080810547,1.2643344402313232,6.010773658752441,0.045687534,0.23247488,-0.079800256
559,19.016,0.1263006329536438,-0.00462172320112586,-0.8277007341384888,0.06436647474765778,-0.15400278568267822,0.07384757697582245,-0.022007275097438175,-0.024193305911094497,1.571261447879279,0.026612654328346252,0.45797300338745117,3.945422410964966,1.785130262374878,5.995065689086914,0.026292315,0.22650743,-0.10248466
560,19.05,0.12929873168468475,-0.010322077199816704,-0.8256490230560303,0.07238831371068954,-0.1458316147327423,0.047829631716012955,-0.01974818420434581,-0.030196807538622077,1.5712784921102554,0.029316501691937447,0.13611717522144318,4.1265716552734375,2.220865488052368,5.953333854675293,0.0072584753,0.22005025,-0.11842809
561,19.0835,0.13331744074821472,-0.01682298444211483,-0.8243587017059326,0.08100846409797668,-0.13199269771575928,0.016102558001875877,-0.015772947103319883,-0.03741858677096861,1.5712486647060466,0.03289160877466202,-0.2459699958562851,4.255275249481201,2.6862223148345947,5.8815836906433105,-0.012205205,0.21114975,-0.13329224
562,19.117,0.13669927418231964,-0.021451255306601524,-0.8244304656982422,0.08668974786996841,-0.11909272521734238,-0.009045781567692757,-0.012202382531417996,-0.041895110892039615,1.5711878114751383,0.03548302873969078,-0.598901093006134,4.296901702880859,2.9628255367279053,5.802681922912598,-0.028499523,0.20447391,-0.14099008
563,19.151,0.14014101028442383,-0.025503618642687798,-0.8254817724227905,0.09099851548671722,-0.10453061014413834,-0.03241788595914841,-0.008876457393667011,-0.04477529464382509,1.571111645067962,0.03766991198062897,-0.9263262152671814,4.3028178215026855,3.16770076751709,5.722407817840576,-0.042705245,0.19836736,-0.14603649
564,19.1849,0.14368614554405212,-0.02887323871254921,-0.8274587392807007,0.09384891390800476,-0.08892947435379028,-0.05385443568229675,-0.003982695512524103,-0.04735316383880534,1.5710060507307404,0.039407551288604736,-1.276896357536316,4.258944511413574,3.29164981842041,5.633881092071533,-0.057704054,0.1924654,-0.14875251
565,19.2184,0.1472487449645996,-0.03156403452157974,-0.8302680253982544,0.09543845802545547,-0.07271503657102585,-0.0730547085404396,-0.00012357355977922187,-0.048200943721129236,1.5709238922111113,0.04077092558145523,-1.6072999238967896,4.190464496612549,3.3468008041381836,5.550662040710449,-0.071772225,0.18712062,-0.14944774
566,19.2519,0.15080171823501587,-0.03360692784190178,-0.8337658643722534,0.09574392437934875,-0.05641044303774834,-0.08973400294780731,0.0031639386245212405,-0.048225453125536374,1.5708750232051085,0.0419168584048748,-1.9251110553741455,4.1001434326171875,3.332643508911133,5.4736647605896,-0.08558333,0.18227723,-0.14815703
567,19.286,0.1550905555486679,-0.03520457446575165,-0.8389263153076172,0.09430726617574692,-0.03614046052098274,-0.10696504265069962,0.007662803390201513,-0.047305593123833804,1.5708141699742002,0.043139196932315826,-2.308547258377075,3.9444193840026855,3.2253129482269287,5.384592056274414,-0.103174575,0.17628567,-0.14414705
568,19.3202,0.15840302407741547,-0.0357087217271328,-0.8435714244842529,0.0916689783334732,-0.020260168239474297,-0.1178126409649849,0.010967080461271246,-0.04589649378512686,1.5708084441778565,0.04406978562474251,-2.5996127128601074,3.7903287410736084,3.070387125015259,5.321303367614746,-0.11757903,0.17143445,-0.1388719
569,19.3541,0.16160927712917328,-0.035587377846241,-0.8485146760940552,0.08805818110704422,-0.0048294467851519585,-0.1263563185930252,0.01363916210070495,-0.04430953273630545,1.5708425326398094,0.04512568190693855,-2.8777213096618652,3.6156790256500244,2.8636012077331543,5.265322685241699,-0.1323354,0.16627124,-0.13168606
570,19.3881,0.16471470892429352,-0.034881118685007095,-0.8537122011184692,0.08345136791467667,0.010023106820881367,-0.1324595808982849,0.01722283753948897,-0.04164171111431858,1.5709123074603695,0.04640937224030495,-3.147465467453003,3.401550769805908,2.6067001819610596,5.214035511016846,-0.14798678,0.1599333,-0.12256121
571,19.4221,0.16763320565223694,-0.03359800949692726,-0.8590312004089355,0.07789003849029541,0.02403896674513817,-0.13632738590240479,0.019880591164198585,-0.039214460323739125,1.5710213639070083,0.047918323427438736,-3.39619779586792,3.1734702587127686,2.3049981594085693,5.170370101928711,-0.16364807,0.15291579,-0.11106788
572,19.456,0.17033614218235016,-0.031741365790367126,-0.8643379211425781,0.07149018347263336,0.037245042622089386,-0.13822394609451294,0.022903256114897904,-0.03600303758899664,1.5711705009280528,0.049633149057626724,-3.6219730377197266,2.910921812057495,1.9743647575378418,5.130340099334717,-0.1793486,0.1441396,-0.097764276
573,19.4901,0.17325806617736816,-0.028726967051625252,-0.8709263801574707,0.06255539506673813,0.05269896239042282,-0.13748234510421753,0.02485627905852371,-0.033663594132389535,1.5713176405782796,0.05200488865375519,-3.8637359142303467,2.5737061500549316,1.510422945022583,5.087198734283447,-0.19785674,0.13179605,-0.077346735
574,19.524,0.17517584562301636,-0.025813572108745575,-0.8760582208633423,0.05452864244580269,0.06389082223176956,-0.13480721414089203,0.02739320631293319,-0.030250588828479464,1.5715464061159174,0.054019857197999954,-4.0112481117248535,2.266712188720703,1.11763334274292,5.0524678230285645,-0.21151854,0.119526796,-0.058934316
575,19.5578,0.17668819427490234,-0.022487465292215347,-0.8809659481048584,0.04589666426181793,0.07413805276155472,-0.12937341630458832,0.029260616949891353,-0.027468794314810203,1.571752401626235,0.05606072396039963,-4.109733581542969,1.9203855991363525,0.7046288251876831,5.016173362731934,-0.22380881,0.1045808,-0.038372837
576,19.5921,0.17783814668655396,-0.01881822571158409,-0.8856053352355957,0.03674081340432167,0.08342760801315308,-0.12175405025482178,0.030824273258579966,-0.024995551980561845,1.5719144549785664,0.058136969804763794,-4.165052890777588,1.555124282836914,0.2732968032360077,4.9751176834106445,-0.23376596,0.08728223,-0.015338938
577,19.626,0.17862553894519806,-0.014854666776955128,-0.889900803565979,0.02702006883919239,0.09176364541053772,-0.11190595477819443,0.032917195383218995,-0.02135127610311361,1.5721947526832971,0.06018985062837601,-4.161778926849365,1.137885332107544,-0.16047415137290955,4.925539016723633,-0.2409823,0.06588774,0.009292043
578,19.6604,0.17906183004379272,-0.010659796185791492,-0.8935772180557251,0.016995763406157494,0.0992092564702034,-0.09985581040382385,0.03440592948030311,-0.01837950873815383,1.5724296434914422,0.06203177943825722,-4.108741283416748,0.6916871070861816,-0.5807852745056152,4.868463516235352,-0.24417031,0.041104913,0.034514345
579,19.6954,0.17899464070796967,-0.005044144578278065,-0.8974140882492065,0.003656413871794939,0.10708547383546829,-0.08174104988574982,0.03601742282007227,-0.01449293097458962,1.5727368391231829,0.0639520213007927,-3.9677703380584717,0.08789095282554626,-1.0946062803268433,4.786574363708496,-0.24094246,0.0053371694,0.06646986
580,19.7293,0.1784290075302124,-0.0003615635505411774,-0.8998600244522095,-0.00734171224758029,0.1123470813035965,-0.06537417322397232,0.03694009994686544,-0.011639582731975896,1.5729478946395716,0.06515258550643921,-3.779466152191162,-0.46130475401878357,-1.468674898147583,4.714867115020752,-0.23153087,-0.028259624,0.08997133
581,19.7631,0.1774292141199112,0.0044253203086555,-0.9015892744064331,-0.018675213679671288,0.11643501371145248,-0.04776635766029358,0.03786221531311617,-0.0074317752059344395,1.5732759960858693,0.06594537198543549,-3.5476598739624023,-1.0231040716171265,-1.8030917644500732,4.6451897621154785,-0.21584761,-0.06224795,0.10970416
582,19.7973,0.175925612449646,0.00924284290522337,-0.9026795625686646,-0.030157489702105522,0.1194610595703125,-0.027685077860951424,0.03816284458829409,-0.0037808133377338848,1.5735293958635903,0.0663323849439621,-3.2545981407165527,-1.603023648262024,-2.1010820865631104,4.585598468780518,-0.19407494,-0.095589906,0.12528963
583,19.831,0.1739283800125122,0.014057858847081661,-0.9030523300170898,-0.041980329900979996,0.12137387692928314,-0.006381580606102943,0.03805993837929774,-0.00031009685836615213,1.5737648193039535,0.06626981496810913,-2.9258227348327637,-2.166576623916626,-2.3567428588867188,4.538344860076904,-0.16865851,-0.12489191,0.135854
584,19.8653,0.17145967483520508,0.018871808424592018,-0.9026155471801758,-0.05370395630598068,0.12215796113014221,0.01492423377931118,0.03715589921894592,0.005016388485922099,1.5741219492061331,0.06573280692100525,-2.5365207195281982,-2.7249417304992676,-2.533785104751587,4.507694721221924,-0.14081593,-0.1512762,0.14066407
585,19.899,0.16776002943515778,0.024880554527044296,-0.901067852973938,-0.06801889091730118,0.12149582803249359,0.041162703186273575,0.03575779790330317,0.009541651575833456,1.5744007821722643,0.06461131572723389,-2.0238711833953857,-3.3767192363739014,-2.682049512863159,4.488448143005371,-0.10621591,-0.17721547,0.14075813
586,19.9345,0.16438107192516327,0.02958436869084835,-0.899086594581604,-0.07934621721506119,0.11939587444067001,0.06035004183650017,0.033972321081756976,0.013609335736793363,1.5746409993025894,0.0634920597076416,-1.5727787017822266,-3.850930690765381,-2.7266359329223633,4.486798286437988,-0.07905452,-0.19356409,0.13705227
587,19.9681,0.16060113906860352,0.03410469740629196,-0.8964335918426514,-0.09004572033882141,0.11585478484630585,0.07698297500610352,0.03057934358148214,0.019467559846262517,1.574948993882657,0.062201377004384995,-1.065332055091858,-4.264142990112305,-2.6894686222076416,4.497473239898682,-0.0516873,-0.20688577,0.13048643
588,20.0021,0.15648296475410461,0.03833021596074104,-0.8932445049285889,-0.10006341338157654,0.11064029484987259,0.09085474908351898,0.02717953756972477,0.02398828203845583,1.5751857489035652,0.060891292989254,-0.5512676239013672,-4.602384090423584,-2.601457357406616,4.51167106628418,-0.025927879,-0.21646485,0.12235486
589,20.0359,0.14744852483272552,0.0458575002849102,-0.885607123374939,-0.11715763062238693,0.09583041816949844,0.1100238561630249,0.022178098156015343,0.029311951460497233,1.5754372844685232,0.05882735922932625,0.4657297134399414,-5.097347736358643,-2.2946369647979736,4.5415191650390625,0.020756714,-0.22717938,0.102267735
590,20.0701,0.14744852483272552,0.0458575002849102,-0.885607123374939,-0.11715763062238693,0.09583041816949844,0.1100238561630249,0.018298132522095098,0.032665414308098016,1.5755695104166456,0.05882735922932625,0.5306805372238159,-5.057873249053955,-2.2692856788635254,4.548682689666748,0.023823125,-0.22705626,0.101871975
591,20.1041,0.13614922761917114,0.052597519010305405,-0.8759732246398926,-0.13035215437412262,0.0727929025888443,0.1168522909283638,0.012362048401443953,0.03683747669873492,1.5757258379726333,0.05837102234363556,1.2022078037261963,-5.2163214683532715,-1.9888666868209839,4.5699920654296875,0.052630577,-0.22836153,0.08706915
592,20.1381,0.13097931444644928,0.0548483245074749,-0.8716585636138916,-0.1336754709482193,0.06067340821027756,0.11649395525455475,0.00732430209178753,0.03956070455496305,1.5758151870272055,0.058903515338897705,2.219017505645752,-5.266306400299072,-1.4738421440124512,4.601002216339111,0.09399885,-0.22308375,0.062432796
593,20.1716,0.12585841119289398,0.056562647223472595,-0.8674110174179077,-0.13543027639389038,0.047725189477205276,0.11409814655780792,0.0028980357736160646,0.04146095321651865,1.5758804344739124,0.059766028076410294,2.270143747329712,-5.2053351402282715,-1.4544856548309326,4.605319976806641,0.09681391,-0.22198984,0.062028866
594,20.2061,0.12088219821453094,0.0577310211956501,-0.8633017539978027,-0.13538090884685516,0.034061264246702194,0.10856813192367554,-0.0033430864021738336,0.043355659174055525,1.5759724466895746,0.060856424272060394,3.1551032066345215,-4.978452205657959,-0.8953613042831421,4.635641574859619,0.13230819,-0.2087697,0.037546672
595,20.2401,0.11612416058778763,0.05830131843686104,-0.8594244718551636,-0.13363289833068848,0.01983000338077545,0.10223764181137085,-0.008291309927608863,0.04412318220021636,1.5760336993946464,0.06200912222266197,3.540257215499878,-4.729279041290283,-0.606514573097229,4.6540303230285645,0.14903502,-0.19908954,0.025532583
596,20.2741,0.11052124947309494,0.05818137899041176,-0.854987621307373,-0.12892700731754303,0.0016398547450080514,0.09128528833389282,-0.012475248352231834,0.044320472502720795,1.576088027880884,0.06336693465709686,3.9344043731689453,-4.350290775299072,-0.24128668010234833,4.6796793937683105,0.16754976,-0.18526061,0.010275386
597,20.3082,0.10640110075473785,0.05742008239030838,-0.8518714904785156,-0.12332821637392044,-0.0130243469029665,0.08113308995962143,-0.01816563817726905,0.04374836308273373,1.5761520769051005,0.0642351284623146,4.197500705718994,-3.920125722885132,0.054580092430114746,4.707505226135254,0.18270218,-0.17062904,-0.002375676
598,20.3421,0.10264310985803604,0.05607650801539421,-0.8491404056549072,-0.1160999983549118,-0.02748841792345047,0.07020165026187897,-0.022457472076743062,0.04264174474840014,1.5762281101542222,0.06480138003826141,4.3965229988098145,-3.444679021835327,0.3453628718852997,4.743288040161133,0.19641589,-0.15389198,-0.015429182
599,20.376,0.09926465153694153,0.05417652800679207,-0.8467800617218018,-0.10744397342205048,-0.04149279370903969,0.05890671908855438,-0.027335580084252,0.04046906302970785,1.5763171928926853,0.06501276046037674,4.539491176605225,-2.888866662979126,0.6340581178665161,4.790815353393555,0.209464,-0.13329987,-0.0292571
600,20.4101,0.09633807837963104,0.05177285894751549,-0.8448151350021362,-0.09753574430942535,-0.054883964359760284,0.04705529659986496,-0.03035265031606755,0.038480913407422816,1.5763825734974468,0.06482069194316864,4.625144958496094,-2.319758653640747,0.9160995483398438,4.848422050476074,0.22004555,-0.11036467,-0.043584283
601,20.4438,0.09389178454875946,0.04888688772916794,-0.8432466983795166,-0.08641581237316132,-0.06742293387651443,0.03526310995221138,-0.03409918949878023,0.03507497172218526,1.5764988204790287,0.06417921930551529,4.649569034576416,-1.6839402914047241,1.186105728149414,4.920163154602051,0.22857572,-0.08278356,-0.0583097
602,20.4779,0.09152418375015259,0.04458492994308472,-0.8418607711791992,-0.07120564579963684,-0.08196853846311569,0.019289055839180946,-0.0366223973123866,0.03188875539104145,1.5765701931962428,0.06267205625772476,4.611295223236084,-0.8883053064346313,1.5102721452713013,5.0226545333862305,0.23369838,-0.04501892,-0.07653992
603,20.5122,0.09019631892442703,0.040659207850694656,-0.8411860466003418,-0.05810501053929329,-0.09244886785745621,0.006279780529439449,-0.0384641105254201,0.02878109398967657,1.5766659338374311,0.06092889979481697,4.520359516143799,-0.22978004813194275,1.7467107772827148,5.116114616394043,0.2329342,-0.01184057,-0.090008035
604,20.546,0.08937551826238632,0.036427050828933716,-0.8409179449081421,-0.04422592744231224,-0.10167637467384338,-0.007683131378144026,-0.040514856916889594,0.023842338730124885,1.5767969613630632,0.05877463147044182,4.36813497543335,0.4421236217021942,1.9580609798431396,5.216676712036133,0.22716182,0.022992332,-0.1018276
605,20.5799,0.08914149552583694,0.03190476447343826,-0.8411531448364258,-0.02978520840406418,-0.1095205694437027,-0.022177131846547127,-0.04167231249971927,0.019373250654160085,1.5769016235939033,0.05612965673208237,4.170588493347168,1.0749210119247437,2.1349642276763916,5.318291664123535,0.21690142,0.055903837,-0.11103392
606,20.6141,0.08954770117998123,0.02714347466826439,-0.8418840169906616,-0.01496371440589428,-0.11585841327905655,-0.03663355112075806,-0.04221057064553791,0.01511869268756878,1.5769897742259849,0.05297873169183731,3.9280354976654053,1.6645160913467407,2.269711494445801,5.418370723724365,0.20321532,0.086113065,-0.1174226
607,20.6481,0.0905480682849884,0.022215044125914574,-0.8430514335632324,4.9230060540139675e-05,-0.12039516121149063,-0.05032123997807503,-0.04237443827636185,0.008621302114250851,1.5771216006999438,0.049417462199926376,3.6282191276550293,2.2221505641937256,2.34724760055542,5.514505863189697,0.18666881,0.11432777,-0.12076391
608,20.6822,0.0926750898361206,0.01599927246570587,-0.8451716899871826,0.018913939595222473,-0.12352783977985382,-0.06630904972553253,-0.041843990682677704,0.003181814833264072,1.577179524453653,0.04446232691407204,3.228255033493042,2.8144679069519043,2.3892734050750732,5.623316287994385,0.16456477,0.1434714,-0.121796526
609,20.7159,0.09504992514848709,0.011078805662691593,-0.8473666906356812,0.03373146429657936,-0.12390278279781342,-0.07779905945062637,-0.04031610187578562,-0.0037189413956937537,1.5772719361434788,0.04021291807293892,2.8499503135681152,3.229055643081665,2.3528764247894287,5.696463584899902,0.14517891,0.16449086,-0.11985754
610,20.7501,0.09796907007694244,0.006310977041721344,-0.8499046564102173,0.04788605123758316,-0.12235426902770996,-0.08784918487071991,-0.03867976831706767,-0.008547674552637217,1.5772771293076044,0.0358896479010582,2.4690873622894287,3.567601203918457,2.283940553665161,5.756961822509766,0.12589376,0.18190475,-0.1164535
611,20.7838,0.10140036046504974,0.0017521920381113887,-0.8527896404266357,0.061503250151872635,-0.11896184831857681,-0.09624654799699783,-0.035584613369853156,-0.015291324823152059,1.577309486714849,0.03166371211409569,2.040417432785034,3.8417210578918457,2.1592671871185303,5.79927396774292,0.1050377,0.19776616,-0.111155905
612,20.8181,0.10525529086589813,-0.002537245862185955,-0.8559343814849854,0.074062280356884,-0.11378496140241623,-0.10279260575771332,-0.0325324372653244,-0.02035127991973487,1.577280724575076,0.027851637452840805,1.6090035438537598,4.047059535980225,2.0051450729370117,5.82659912109375,0.08389665,0.21102175,-0.10455226
613,20.8523,0.10952522605657578,-0.006479258183389902,-0.8593569993972778,0.08560506999492645,-0.1068890169262886,-0.1073230728507042,-0.02951068569565519,-0.024476768200214407,1.5772339860979452,0.024798739701509476,1.1624598503112793,4.188788414001465,1.8169314861297607,5.838311672210693,0.06168167,0.2222627,-0.09640881
614,20.8861,0.11534468829631805,-0.010874132625758648,-0.8638049364089966,0.09840629249811172,-0.09611154347658157,-0.11067692190408707,-0.02481863694099112,-0.029742301647897224,1.5771238643868704,0.022751275449991226,0.5624383091926575,4.276727676391602,1.5498820543289185,5.826251029968262,0.030677048,0.23326537,-0.08453515
615,20.9203,0.12031564861536026,-0.013902767561376095,-0.8674131631851196,0.10707010328769684,-0.08591850847005844,-0.11148270964622498,-0.020799978870926588,-0.03338883705108282,1.5770255937426465,0.022921761497855186,0.05967993661761284,4.27791690826416,1.3207952976226807,5.797896862030029,0.0033321609,0.23885259,-0.073745094
616,20.9541,0.12551245093345642,-0.016467709094285965,-0.8709979057312012,0.11438866704702377,-0.07471397519111633,-0.11045833677053452,-0.017125810050539515,-0.036119475985281944,1.5769052188613748,0.024662885814905167,-0.45103538036346436,4.2259440422058105,1.0818610191345215,5.758847236633301,-0.025711844,0.24090528,-0.06167286
617,20.9879,0.13090239465236664,-0.018531683832406998,-0.8744543790817261,0.12030020356178284,-0.06250327080488205,-0.10741203278303146,-0.01160080356949352,-0.039343744311094865,1.5767671339588543,0.027567043900489807,-0.9994441866874695,4.100055694580078,0.827811598777771,5.7034759521484375,-0.058099963,0.23834556,-0.04812257
618,21.0221,0.1363886594772339,-0.020049305632710457,-0.8777021169662476,0.12469696253538132,-0.04947810620069504,-0.10252300649881363,-0.006964959477249077,-0.04133559323058158,1.5766731243723744,0.031168771907687187,-1.5298078060150146,3.9288997650146484,0.5760856866836548,5.646644115447998,-0.089874476,0.23081842,-0.03384438
619,21.056,0.14186178147792816,-0.020979134365916252,-0.8806567192077637,0.12769828736782074,-0.035735078155994415,-0.09636926651000977,-0.0009846868432070788,-0.04304428154716562,1.5765608721324276,0.035053979605436325,-2.06131649017334,3.694011688232422,0.33028683066368103,5.583847522735596,-0.12145129,0.21764852,-0.019460263
620,21.09,0.1485970914363861,-0.0213436558842659,-0.883981466293335,0.12906938791275024,-0.01819717511534691,-0.08662842214107513,0.0032935219574252864,-0.04367340758161561,1.5765025489045548,0.04003114625811577,-2.6426055431365967,3.387404680252075,0.03172162175178528,5.520474433898926,-0.15376931,0.19710808,-0.0018458342
621,21.1239,0.15382036566734314,-0.020947683602571487,-0.886298418045044,0.12837673723697662,-0.0038250505458563566,-0.07773297280073166,0.009454839806377978,-0.04382033501119312,1.5764672620201112,0.04387896880507469,-3.094334363937378,3.0716934204101562,-0.20341405272483826,5.467329978942871,-0.17723183,0.17593504,0.011650791
622,21.1584,0.15882247686386108,-0.019955655559897423,-0.8882176876068115,0.12599879503250122,0.01058129034936428,-0.06736158579587936,0.014399053505867027,-0.04318951121154821,1.5764640662268032,0.047449808567762375,-3.481815814971924,2.7433507442474365,-0.42541804909706116,5.423796653747559,-0.19547197,0.15401395,0.023883315
623,21.1931,0.16354790329933167,-0.01841459609568119,-0.8897120952606201,0.12218013405799866,0.024737054482102394,-0.05578619986772537,0.01872464401245509,-0.042070180444198704,1.5764926952085216,0.050689518451690674,-3.810413360595703,2.4012458324432373,-0.6299138069152832,5.386239051818848,-0.209467,0.13200189,0.03462778
624,21.2269,0.16797195374965668,-0.016341831535100937,-0.8907285928726196,0.11666572839021683,0.03859472647309303,-0.04366170987486839,0.0247284410844161,-0.03958313336476856,1.5766287827402246,0.053548410534858704,-4.088891506195068,2.0117347240448,-0.8046761751174927,5.345709800720215,-0.22090249,0.108684026,0.043472655
625,21.2605,0.17199045419692993,-0.013758854940533638,-0.8913276195526123,0.10952549427747726,0.051766376942396164,-0.03120231255888939,0.02922054677845867,-0.03687751982243778,1.5767635386913825,0.056019604206085205,-4.296184062957764,1.619212031364441,-0.9516206979751587,5.304721355438232,-0.22906744,0.08633447,0.05073929
626,21.2949,0.17637409269809723,-0.009912756271660328,-0.8914487361907959,0.09860686957836151,0.06704075634479523,-0.016148723661899567,0.03421637274793291,-0.032783275831090836,1.577033183751753,0.0585336796939373,-4.46911096572876,1.1213653087615967,-1.0887689590454102,5.248181343078613,-0.23598462,0.059211995,0.057490792
627,21.3291,0.17928363382816315,-0.006411395501345396,-0.8910688161849976,0.08830227702856064,0.07825511693954468,-0.004520067945122719,0.037268800604408465,-0.02953846579477608,1.5772547587544476,0.06007340922951698,-4.53391170501709,0.6474864482879639,-1.1549686193466187,5.192618370056152,-0.23997594,0.034270886,0.06113147
628,21.363,0.1816839724779129,-0.002582244575023651,-0.8903436660766602,0.07666904479265213,0.08830146491527557,0.0063821664080023766,0.04021543854776983,-0.025487352529520814,1.5775310617175435,0.06128964573144913,-4.540834903717041,0.15122315287590027,-1.1984546184539795,5.133480072021484,-0.24159753,0.008045908,0.063764416
629,21.3968,0.18348132073879242,0.0015249097486957908,-0.8892291784286499,0.06402567774057388,0.09711605310440063,0.016779014840722084,0.04338286919025557,-0.019390708923462317,1.577970083823243,0.062111034989356995,-4.476574897766113,-0.41540274024009705,-1.2077550888061523,5.070895671844482,-0.24040686,-0.022308499,0.06486044
630,21.431,0.1846843957901001,0.005879689007997513,-0.8877809047698975,0.05042262747883797,0.1045483872294426,0.026204541325569153,0.04464007680066552,-0.015891172730367983,1.5782233504429095,0.06261119991540909,-4.375355243682861,-0.9840466976165771,-1.2087175846099854,5.008877754211426,-0.23550345,-0.0529663,0.06505921
631,21.465,0.1852775365114212,0.010470881126821041,-0.8860349655151367,0.03617143630981445,0.11068902164697647,0.03454495593905449,0.046024741636370985,-0.00984467769599244,1.57869433048169,0.0628419890999794,-4.2041401863098145,-1.6214700937271118,-1.1740260124206543,4.947644233703613,-0.22571714,-0.08705552,0.063032575
632,21.4992,0.18516157567501068,0.016466481611132622,-0.8834800720214844,0.017683299258351326,0.11614399403333664,0.04310917481780052,0.04650550879215754,-0.004899774279392953,1.5790802225236427,0.0628499761223793,-3.946422576904297,-2.4112918376922607,-1.1151529550552368,4.875410079956055,-0.20738663,-0.12671469,0.05860189
633,21.5342,0.1843571811914444,0.021345607936382294,-0.881191611289978,0.002412813249975443,0.11882950365543365,0.048730622977018356,0.046411802972489584,-0.0004882644809056361,1.579394475532272,0.06267672777175903,-3.6851565837860107,-3.0386962890625,-1.046707272529602,4.823726654052734,-0.18841234,-0.15536053,0.053515382
634,21.5681,0.18288324773311615,0.026219431310892105,-0.8788213729858398,-0.01303433533757925,0.11975070834159851,0.052970994263887405,0.04556401476778728,0.005950058954441603,1.5798670534677064,0.06240345910191536,-3.3586502075195312,-3.640737771987915,-0.9557152986526489,4.7814741134643555,-0.16644484,-0.18042427,0.047362443
635,21.6021,0.18074177205562592,0.031031759455800056,-0.8762673139572144,-0.02838253416121006,0.11914565414190292,0.055789265781641006,0.04417828882883499,0.011182065180565193,1.5802449560263887,0.06201913580298424,-2.99898624420166,-4.18304967880249,-0.8521444797515869,4.748273849487305,-0.14370988,-0.20044959,0.040834326
636,21.6359,0.1747729778289795,0.040118731558322906,-0.8710577487945557,-0.05805474519729614,0.11263982206583023,0.057197995483875275,0.04155127182817517,0.017717773544512587,1.5806813149709982,0.06135337054729462,-2.214409828186035,-5.0546956062316895,-0.6468546390533447,4.7062153816223145,-0.099635884,-0.22743264,0.02910479
637,21.67,0.1747729778289795,0.040118731558322906,-0.8710577487945557,-0.05805474519729614,0.11263982206583023,0.057197995483875275,0.039142775517334756,0.0221863664389622,1.580975061639234,0.06135337054729462,-2.1541318893432617,-5.049824237823486,-0.6181366443634033,4.716860771179199,-0.09747606,-0.22850828,0.02797114
638,21.7041,0.1653447300195694,0.048862334340810776,-0.8653556108474731,-0.08823800086975098,0.0967797115445137,0.052429068833589554,0.0349414349994638,0.02819892697538525,1.5813412462891199,0.06074519082903862,-1.5692031383514404,-5.433732032775879,-0.4797745645046234,4.713311672210693,-0.06911459,-0.23932537,0.021131376
639,21.7377,0.16038858890533447,0.05208691582083702,-0.8629026412963867,-0.09991313517093658,0.08710858970880508,0.04931488633155823,0.030945112112447708,0.032610074652884014,1.5815903850090967,0.06059848889708519,-0.5502055287361145,-5.808461666107178,-0.2653518617153168,4.72171688079834,-0.023551328,-0.24862888,0.011358281
640,21.7714,0.15504953265190125,0.054839350283145905,-0.8605470657348633,-0.11017479747533798,0.07602334767580032,0.04571956768631935,0.02716909506541922,0.03604620160460194,1.5817686836440776,0.0605611689388752,-0.48756274580955505,-5.774831295013428,-0.24081860482692719,4.7318830490112305,-0.021014266,-0.24889891,0.0103794355
641,21.8051,0.14940623939037323,0.05710182338953018,-0.8583085536956787,-0.1189534142613411,0.06373240798711777,0.04122927784919739,0.021417422366688452,0.04015881308509202,1.5819997128686418,0.06066481024026871,0.6183415055274963,-5.840383052825928,-0.02689102292060852,4.741023063659668,0.026320979,-0.24860793,0.0011446718
642,21.8393,0.14354921877384186,0.058849502354860306,-0.8562945127487183,-0.12618780136108398,0.05041131749749184,0.03671187534928322,0.0165090666748611,0.04273746458364248,1.5821435235675063,0.06092233583331108,1.2093201875686646,-5.7363362312316895,0.08673611283302307,4.740969657897949,0.05156519,-0.24459632,-0.0036984119
643,21.8731,0.13607566058635712,0.06025587022304535,-0.8540269136428833,-0.1328810304403305,0.03263241797685623,0.03043951839208603,0.012097977254011183,0.044485147404250164,1.5822599037071428,0.06140410900115967,1.9125962257385254,-5.520680904388428,0.22538164258003235,4.728631973266602,0.081777625,-0.2360499,-0.009636731
644,21.9071,0.13000217080116272,0.06069771200418472,-0.85240638256073,-0.1361076831817627,0.017834288999438286,0.025223268195986748,0.005619463395365143,0.04613081867154021,1.58238813491363,0.06183544546365738,2.480996608734131,-5.215939521789551,0.35379263758659363,4.714267730712891,0.10718427,-0.22533955,-0.015284586
645,21.9412,0.12392532080411911,0.06055040284991264,-0.851137638092041,-0.13754066824913025,0.0027125838678330183,0.019775379449129105,0.0002607114585358621,0.046670920224175884,1.5824750871232212,0.06230344623327255,2.9991796016693115,-4.849955081939697,0.47128769755363464,4.692138671875,0.13104127,-0.21190603,-0.020591676
646,21.9753,0.11787909269332886,0.05977211147546768,-0.8500829935073853,-0.13714084029197693,-0.012552857398986816,0.014173838309943676,-0.006476980980573293,0.04643720287138621,1.5825758877704805,0.06274911016225815,3.4691600799560547,-4.41807222366333,0.5901403427124023,4.669128894805908,0.1535503,-0.19555059,-0.026120508
647,22.0093,0.11195946484804153,0.05834994837641716,-0.849278450012207,-0.13503305613994598,-0.02763526886701584,0.00850419607013464,-0.011085803350429137,0.04569986095051654,1.5826525868098749,0.06313037872314453,3.8954946994781494,-3.874847650527954,0.7161076068878174,4.65169620513916,0.17575932,-0.17482774,-0.03230978
648,22.0429,0.1062086671590805,0.05632121115922928,-0.8487858772277832,-0.13119636476039886,-0.04240693897008896,0.003063805866986513,-0.016119970517222117,0.04429118189191913,1.5827375416486484,0.06345832347869873,4.259494304656982,-3.2933189868927,0.8313314914703369,4.645083904266357,0.19546252,-0.15112603,-0.038148694
649,22.0771,0.09939127415418625,0.05302997678518295,-0.8485130071640015,-0.12389809638261795,-0.06012340262532234,-0.00425641518086195,-0.022035138420343128,0.041755944080326166,1.5828476633597233,0.0638236254453659,4.633848667144775,-2.493706703186035,0.9765336513519287,4.663339614868164,0.2164509,-0.1164831,-0.045614693
650,22.1112,0.09428856521844864,0.04977429285645485,-0.8485862016677856,-0.1163589209318161,-0.07368587702512741,-0.010231844149529934,-0.02591714927875677,0.03945658327871936,1.582928223982698,0.06402754038572311,4.872607231140137,-1.8120052814483643,1.082535743713379,4.702861785888672,0.22940123,-0.08530879,-0.050965536
651,22.1451,0.089598648250103,0.04607892408967018,-0.8489699363708496,-0.10733412951231003,-0.08607667684555054,-0.016392884775996208,-0.03097488334060235,0.035507739560512334,1.5830484657059152,0.06417588144540787,5.050347805023193,-1.07124662399292,1.1709167957305908,4.769989490509033,0.23850162,-0.0505894,-0.0552963
652,22.1788,0.08536279201507568,0.041928451508283615,-0.8496559858322144,-0.09717634320259094,-0.0974566712975502,-0.022566642612218857,-0.03460352771080858,0.0317531838467996,1.5831561905720088,0.0642196461558342,5.173759460449219,-0.342278391122818,1.2282423973083496,4.859879493713379,0.24273737,-0.016058682,-0.05762547
653,22.2145,0.08166221529245377,0.03746407479047775,-0.8506611585617065,-0.0856390967965126,-0.10742085427045822,-0.028919417411088943,-0.03745863405586068,0.027973369714623147,1.5832535291098513,0.06418611854314804,5.239407062530518,0.36155590415000916,1.2524304389953613,4.970698356628418,0.24260387,0.016741373,-0.05799215
654,22.2483,0.07854238152503967,0.032743558287620544,-0.8518941402435303,-0.07301882654428482,-0.1158718392252922,-0.0346234031021595,-0.04095450736215885,0.021935417601681873,1.5834223735229622,0.06405674666166306,5.2338786125183105,1.0699434280395508,1.2295122146606445,5.104101657867432,0.23869409,0.048795395,-0.056072623
655,22.2835,0.0755215436220169,0.026560194790363312,-0.8537219762802124,-0.056045375764369965,-0.1242547556757927,-0.04104583337903023,-0.04361343236162918,0.01527456043214947,1.5835860247719475,0.06371540576219559,5.1681294441223145,1.8474090099334717,1.1597774028778076,5.280049800872803,0.2303254,0.08233254,-0.05168721
656,22.3175,0.07383693754673004,0.021416718140244484,-0.8553824424743652,-0.04164009913802147,-0.12875820696353912,-0.04516003280878067,-0.045056782448668065,0.0096970730328721,1.583716120191198,0.06326638162136078,5.039025783538818,2.443086862564087,1.0528165102005005,5.429737091064453,0.22108178,0.10718778,-0.046191182
657,22.3511,0.0728539302945137,0.016181090846657753,-0.8572220802307129,-0.026694167405366898,-0.13138577342033386,-0.04823935031890869,-0.045763855879273306,0.00467390753018386,1.5838082655649148,0.0626349151134491,4.878377914428711,2.957582950592041,0.9273393154144287,5.573297023773193,0.21101062,0.12792806,-0.040111374
658,22.385,0.0725599154829979,0.010926444083452225,-0.8591814041137695,-0.01148919202387333,-0.13207869231700897,-0.04976509138941765,-0.045930374187619714,-0.0025212528349038196,1.5839255778109327,0.061842046678066254,4.659023284912109,3.433255910873413,0.7630447149276733,5.711352825164795,0.19953115,0.14703543,-0.03267878
659,22.4189,0.07286175340414047,0.005748306401073933,-0.8611642122268677,0.0035490423906594515,-0.13090460002422333,-0.049940939992666245,-0.04533902758994603,-0.008157493885062136,1.5839693868108646,0.06097770854830742,4.42506217956543,3.8373563289642334,0.5982415676116943,5.835338592529297,0.18789607,0.16294104,-0.02540241
660,22.4543,0.07384612411260605,0.0006659602513536811,-0.8630415201187134,0.018575066700577736,-0.12809377908706665,-0.04870022460818291,-0.04433007236621269,-0.012927371962137826,1.583987229990168,0.059924185276031494,4.166784763336182,4.186529636383057,0.4428553879261017,5.946493148803711,0.17586476,0.1766981,-0.018691307
661,22.4883,0.07596071809530258,-0.005440612323582172,-0.8653087615966797,0.03659214451909065,-0.12218298017978668,-0.04584238678216934,-0.04217262892238269,-0.01922486264717223,1.5839765773458077,0.05840637907385826,3.808928966522217,4.550176620483398,0.25661739706993103,6.061557769775391,0.1603214,0.19152121,-0.010801268
662,22.5218,0.07831232994794846,-0.01002663653343916,-0.867010235786438,0.050367891788482666,-0.11561955511569977,-0.04243273288011551,-0.03998550371596591,-0.023797256406296888,1.5839239799142786,0.05704443156719208,3.505249261856079,4.7783122062683105,0.12434688210487366,6.133786201477051,0.14784002,0.20153368,-0.0052445475
663,22.5556,0.08123808354139328,-0.01430616993457079,-0.868511438369751,0.06355621665716171,-0.1075420156121254,-0.038124892860651016,-0.03671949866244441,-0.028782979008385643,1.5838432861332492,0.05551283806562424,3.1915791034698486,4.950841426849365,0.0192127525806427,6.189245223999023,0.1354557,0.2101216,-0.00081541983
664,22.5895,0.08462485671043396,-0.01827091909945011,-0.8698883056640625,0.07588236778974533,-0.09826619178056717,-0.03314027935266495,-0.03413629274231099,-0.03182935441516507,1.5837696497291085,0.05392300710082054,2.852205276489258,5.070556640625,-0.07855919003486633,6.224817276000977,0.1225547,0.2178737,0.0033755626
665,22.6231,0.0883910059928894,-0.021812034770846367,-0.8711230754852295,0.08710332959890366,-0.08784148842096329,-0.027894407510757446,-0.03015987074265944,-0.03552281554899571,1.5836386222034766,0.05229787528514862,2.5148088932037354,5.138211727142334,-0.15073099732398987,6.244565486907959,0.109862946,0.22446997,0.006584895
666,22.6569,0.09245096892118454,-0.024861490353941917,-0.8721927404403687,0.09730152040719986,-0.0764729231595993,-0.02268904447555542,-0.026838877654411602,-0.037874682235969105,1.5835024015137191,0.05064712464809418,2.1600427627563477,5.148741722106934,-0.2031444013118744,6.244513511657715,0.096651725,0.2303819,0.009089754
667,22.691,0.09791788458824158,-0.027990169823169708,-0.8732466697692871,0.10842413455247879,-0.06119242310523987,-0.01640196517109871,-0.02385031156863831,-0.03956075448923349,1.5833780318908124,0.04849908500909805,1.7211267948150635,5.109870433807373,-0.22812893986701965,6.229382514953613,0.07972953,0.23670979,0.010567851
668,22.7254,0.10255322605371475,-0.02992079220712185,-0.8738541603088379,0.11603882163763046,-0.048101697117090225,-0.011661792173981667,-0.01952540869856608,-0.041317292320465694,1.5832310253986401,0.046705495566129684,1.3312625885009766,5.010403633117676,-0.2278895080089569,6.193446159362793,0.06413557,0.24138369,0.0109789185
669,22.7591,0.10737188160419464,-0.03135683760046959,-0.874231219291687,0.12259209156036377,-0.034669049084186554,-0.007293923292309046,-0.01607327781317246,-0.04225179138578529,1.5831259636936363,0.044860463589429855,0.9298067688941956,4.874636650085449,-0.20330753922462463,6.146910667419434,0.04680218,0.24536672,0.010233563
670,22.794,0.11232546716928482,-0.032283082604408264,-0.8744473457336426,0.12798134982585907,-0.0209006667137146,-0.0034138322807848454,-0.013053269781779418,-0.04276995098775224,1.5830513951831142,0.043009743094444275,0.5116519927978516,4.70065450668335,-0.16225209832191467,6.089138031005859,0.027036052,0.24838589,0.008573515
671,22.8284,0.11744234710931778,-0.032703228294849396,-0.8745458126068115,0.13235703110694885,-0.006918326485902071,-0.00013809409574605525,-0.008759494687542094,-0.04304494317624894,1.5829560540160894,0.041178878396749496,0.05610604211688042,4.4703264236450195,-0.11029937863349915,6.0161452293396,0.0031364912,0.24990427,0.0061660567
672,22.862,0.12262769788503647,-0.03259021416306496,-0.8746193647384644,0.13553673028945923,0.007250869181007147,0.0024909486528486013,-0.005321456189533927,-0.04292537556568279,1.5829294224051886,0.03947041556239128,-0.40963155031204224,4.208104610443115,-0.05428329110145569,5.937239646911621,-0.024219386,0.24880338,0.0032094892
673,22.8959,0.1290585696697235,-0.0316883884370327,-0.8745975494384766,0.1377144604921341,0.02494671568274498,0.004805045202374458,-0.001081626557071776,-0.04239531080140534,1.5829137097547572,0.0375460647046566,-0.9989708065986633,3.8285045623779297,0.022379964590072632,5.831606864929199,-0.0631181,0.2418969,-0.0014140361
674,22.9302,0.13412664830684662,-0.030410632491111755,-0.8745253086090088,0.13816125690937042,0.03891773521900177,0.005735523067414761,0.0019044474314988422,-0.0417959497533262,1.5829489966392007,0.03628193587064743,-1.4634734392166138,3.4953720569610596,0.08621010184288025,5.7465057373046875,-0.09652607,0.23054367,-0.0056861453
675,22.964,0.13913875818252563,-0.028602132573723793,-0.8745169639587402,0.13754123449325562,0.05274355784058571,0.005842868704348803,0.0062880088952861546,-0.04058711180621481,1.583011980398981,0.03535820171236992,-1.9289984703063965,3.1102044582366943,0.14351961016654968,5.65891170501709,-0.13166687,0.21229196,-0.009796159
676,22.998,0.14402487874031067,-0.02632409892976284,-0.874523401260376,0.13589946925640106,0.06630252301692963,0.00516089890152216,0.009991962987841432,-0.03931080017617274,1.583091209441411,0.03485235199332237,-2.3655285835266113,2.7088119983673096,0.19811829924583435,5.576530456542969,-0.16419278,0.18802029,-0.013751511
677,23.032,0.1487923264503479,-0.023557689040899277,-0.8745462894439697,0.13305708765983582,0.0794856995344162,0.0037486872170120478,0.013440010706329364,-0.03790505059477441,1.583179759547656,0.03481394425034523,-2.7681732177734375,2.285313367843628,0.2491600215435028,5.498453140258789,-0.19232687,0.15877879,-0.017311115
678,23.0682,0.15334253013134003,-0.02032114379107952,-0.8745529651641846,0.12895147502422333,0.09222360700368881,0.0016818084986880422,0.018587249867342222,-0.035358964562928585,1.5833585908148549,0.035244353115558624,-3.1289756298065186,1.8076564073562622,0.30260738730430603,5.421770095825195,-0.2157171,0.12462302,-0.020862287
679,23.102,0.15862126648426056,-0.01565447822213173,-0.8746984004974365,0.12160167098045349,0.10732005536556244,-0.0014823214150965214,0.02287826401254319,-0.032788506445919324,1.5835198452188592,0.036520279943943024,-3.487644910812378,1.2047743797302246,0.35191914439201355,5.334485054016113,-0.23523112,0.081258394,-0.023735883
680,23.136,0.16594941914081573,-0.0069634267129004,-0.8753900527954102,0.10530208051204681,0.12859006226062775,-0.0072594597004354,0.028228263359268153,-0.02885546900490084,1.5837761744737793,0.040199100971221924,-3.8572118282318115,0.15230849385261536,0.37538376450538635,5.205287933349609,-0.2486325,0.009817672,-0.02419691
681,23.1701,0.16594941914081573,-0.0069634267129004,-0.8753900527954102,0.10530208051204681,0.12859006226062775,-0.0072594597004354,0.031819966772322544,-0.02558805955002324,1.5839881620965497,0.040199100971221924,-3.8446500301361084,0.07363227009773254,0.3895052969455719,5.201730728149414,-0.24868166,0.004762721,-0.025194185
682,23.2039,0.1714412122964859,0.0028130270075052977,-0.8766374588012695,0.08332840353250504,0.14502373337745667,-0.01326720230281353,0.036585129701882296,-0.02008355732877625,1.5843323756674423,0.045230407267808914,-3.936652183532715,-1.1553373336791992,0.3370620906352997,5.0751142501831055,-0.2390771,-0.070164874,-0.020470142
683,23.2382,0.17337177693843842,0.00802760198712349,-0.8773990869522095,0.0704132616519928,0.1510501503944397,-0.01583729311823845,0.03994251863149635,-0.014921615646011013,1.5846683334389557,0.04797963425517082,-3.8719048500061035,-1.8687682151794434,0.2880566418170929,5.008672714233398,-0.22464398,-0.10842403,-0.016712753
684,23.272,0.17488135397434235,0.014714675024151802,-0.8785610198974609,0.05294990912079811,0.15595059096813202,-0.018118729814887047,0.042402472208024136,-0.009990800975756425,1.5849967012013626,0.05148031935095787,-3.7237024307250977,-2.7337677478790283,0.17743262648582458,4.921905040740967,-0.20137395,-0.14783932,-0.009595372
685,23.3064,0.17535150051116943,0.020095251500606537,-0.87958824634552,0.03789174184203148,0.15775978565216064,-0.01885674148797989,0.044895756910069945,-0.0022964328848536684,1.5854965765379705,0.05423765629529953,-3.5131335258483887,-3.4482171535491943,0.0783919095993042,4.852304458618164,-0.17839481,-0.17509839,-0.003980694
686,23.3401,0.17520451545715332,0.025381239131093025,-0.8806725740432739,0.022441966459155083,0.15740631520748138,-0.01828571781516075,0.045865688501455205,0.004386915512322293,1.585934267063125,0.05691436678171158,-3.2690134048461914,-4.071040153503418,-0.04960969090461731,4.785525321960449,-0.1565221,-0.19492355,0.0023753382
687,23.374,0.17446580529212952,0.03047851473093033,-0.8818050622940063,0.00686227111145854,0.15476156771183014,-0.016873257234692574,0.04589777543140146,0.010415150728325332,1.5863035143482644,0.05946727097034454,-2.9949848651885986,-4.596343994140625,-0.19896671175956726,4.723455429077148,-0.13639316,-0.20931987,0.009061047
688,23.4081,0.1731746643781662,0.03526614233851433,-0.8829435110092163,-0.008240427821874619,0.1498657613992691,-0.014563900418579578,0.044633943207779934,0.018909515245782427,1.5868308202441002,0.06182301044464111,-2.661139726638794,-5.032741069793701,-0.3459825813770294,4.675226211547852,-0.116645135,-0.220599,0.015165376
689,23.442,0.1713535338640213,0.039754658937454224,-0.8841339349746704,-0.023096654564142227,0.14272160828113556,-0.011419950053095818,0.0426492473725336,0.025264231645037213,1.5872067254319648,0.06401001662015915,-2.315014600753784,-5.363076210021973,-0.522108793258667,4.632803440093994,-0.098684594,-0.22861756,0.022256488
690,23.4758,0.16821834444999695,0.04474853351712227,-0.8854643106460571,-0.040504131466150284,0.1309966892004013,-0.006494756322354078,0.03915851313490144,0.032358994738143784,1.5876064659115858,0.06620299816131592,-1.8370816707611084,-5.6473164558410645,-0.7492771148681641,4.594634056091309,-0.07672808,-0.23586744,0.031294525
691,23.5101,0.1650969684123993,0.04823478311300278,-0.8863588571548462,-0.053337015211582184,0.11975157260894775,-0.001916110864840448,0.03622500790466554,0.03666597744691222,1.5878296388109343,0.06754530966281891,-1.4330246448516846,-5.788355827331543,-0.9340169429779053,4.572540760040283,-0.059355106,-0.23975056,0.038686477
692,23.5441,0.1615494042634964,0.05117824673652649,-0.8870842456817627,-0.06496935337781906,0.10694307088851929,0.0035382367204874754,0.031440482961743066,0.04176708774501246,1.5880972865004874,0.06851448118686676,-0.9871147871017456,-5.839199066162109,-1.1073750257492065,4.561589241027832,-0.04096121,-0.24230278,0.045951515
693,23.5779,0.1575959175825119,0.05353010073304176,-0.887654185295105,-0.07539555430412292,0.09301570802927017,0.009467115625739098,0.027291535977130212,0.04495494566529695,1.5882665303877619,0.06909264624118805,-0.5460072159767151,-5.817502021789551,-1.2809568643569946,4.551003456115723,-0.0228194,-0.24313214,0.053535312
694,23.6115,0.1533302366733551,0.055260833352804184,-0.8880335092544556,-0.0844210833311081,0.07808099687099457,0.015838230028748512,0.02351844632670621,0.047098694635459064,1.5883978242295027,0.06928082555532455,-0.10712426900863647,-5.721948146820068,-1.4446512460708618,4.541499137878418,-0.0045372625,-0.24235387,0.061188392
695,23.645,0.1488095223903656,0.05631009489297867,-0.8882369995117188,-0.09203608334064484,0.06229628250002861,0.022374320775270462,0.01803578410699247,0.04923137900352974,1.588515669107739,0.06906068325042725,0.35047197341918945,-5.52034854888916,-1.588489294052124,4.534942626953125,0.015224592,-0.23980536,0.06900438
696,23.6789,0.14287522435188293,0.056641992181539536,-0.8881556987762451,-0.09964067488908768,0.04196852445602417,0.031084652990102768,0.013633842020308595,0.050162370186351,1.588618200809707,0.06818139553070068,0.8965286612510681,-5.181212902069092,-1.7518330812454224,4.526261806488037,0.04043991,-0.23371008,0.07902031
697,23.7142,0.13798515498638153,0.05623649060726166,-0.8877501487731934,-0.10406316816806793,0.025552168488502502,0.038335371762514114,0.009808858179330875,0.050460065823140623,1.58868983984303,0.06708653271198273,1.3303173780441284,-4.82312536239624,-1.8558578491210938,4.525818347930908,0.062323526,-0.22595674,0.08694437
698,23.7481,0.1330171674489975,0.055171944200992584,-0.8870341777801514,-0.10694215446710587,0.008891880512237549,0.046159468591213226,0.004425957349873125,0.050106439642270136,1.5887950347060882,0.06561499089002609,1.7579596042633057,-4.353692054748535,-1.9421008825302124,4.537394046783447,0.086496316,-0.2142133,0.09555656
699,23.7821,0.12799765169620514,0.05343220755457878,-0.8860211372375488,-0.10863601416349411,-0.007651026360690594,0.05434085801243782,0.0001523049863997357,0.04924450755546599,1.588873464800191,0.0637933611869812,2.1607398986816406,-3.8249852657318115,-2.014143466949463,4.5626749992370605,0.11177444,-0.19786535,0.10419104
700,23.8159,0.12300387769937515,0.051015064120292664,-0.8846925497055054,-0.10896594077348709,-0.023917241021990776,0.06250732392072678,-0.005138732649984118,0.047488219395585986,1.588988113885119,0.06165120750665665,2.533743143081665,-3.1994643211364746,-2.0683114528656006,4.610871315002441,0.13844363,-0.17481862,0.11301246
701,23.8504,0.1181517243385315,0.047954313457012177,-0.8831332921981812,-0.10773827135562897,-0.039772603660821915,0.07073775678873062,-0.008779722228259085,0.045828895266520085,1.5890863845293428,0.05929310619831085,2.8582887649536133,-2.54186749458313,-2.106790065765381,4.682860374450684,0.16363522,-0.14552031,0.1206124
702,23.884,0.11232246458530426,0.04333456978201866,-0.8806420564651489,-0.1044471263885498,-0.05884145572781563,0.08143547922372818,-0.013874398287553807,0.04280060646861258,1.5892336573376242,0.05610397830605507,3.2006309032440186,-1.6295809745788574,-2.1215546131134033,4.813029766082764,0.19182001,-0.09766395,0.12714888
703,23.9181,0.10789817571640015,0.03912825882434845,-0.8782444000244141,-0.10040027648210526,-0.07298432290554047,0.0900057703256607,-0.0179324596984812,0.03977643308682708,1.589343246416481,0.05355469509959221,3.4235410690307617,-0.8615292310714722,-2.097243309020996,4.943176746368408,0.20843473,-0.052452303,0.12768602
704,23.9522,0.10372398793697357,0.034520551562309265,-0.8755810260772705,-0.0949280858039856,-0.08617692440748215,0.09825937449932098,-0.02141621562181951,0.03666022668343333,1.5894323291549441,0.051178447902202606,3.603529930114746,-0.0849907249212265,-2.038158416748047,5.089239120483398,0.21755914,-0.0051312214,0.12305156
705,23.9859,0.09985844790935516,0.029575739055871964,-0.8726288080215454,-0.08815062046051025,-0.09815478324890137,0.10582417994737625,-0.026276349372565014,0.03131886388489971,1.5896051683096901,0.049084439873695374,3.7300186157226562,0.7334020137786865,-1.9477527141571045,5.252582550048828,0.21831478,0.042925388,0.11400029
706,24.02,0.0963202640414238,0.024310864508152008,-0.8694803714752197,-0.08018152415752411,-0.10856503993272781,0.11168929189443588,-0.02994844488043157,0.026252745026809587,1.5897230131879263,0.04742054641246796,3.824406385421753,1.499572992324829,-1.810003638267517,5.414481163024902,0.21298873,0.08351418,0.10080267
707,24.0541,0.09318658709526062,0.01880643516778946,-0.8662550449371338,-0.07083834707736969,-0.11737172305583954,0.1151437759399414,-0.03284584139135628,0.02120527661872842,1.5898352654278731,0.046309035271406174,3.8827497959136963,2.205112934112549,-1.6313821077346802,5.572066307067871,0.20418711,0.11596309,0.085791565
708,24.0877,0.08993140608072281,0.01166252139955759,-0.8621445894241333,-0.057628925889730453,-0.12584300339221954,0.11642993986606598,-0.036328038949337976,0.01325963875882804,1.590014096695072,0.045725688338279724,3.8941521644592285,3.0101211071014404,-1.3733185529708862,5.762592792510986,0.19051933,0.1472686,0.06718889
709,24.1221,0.08791801333427429,0.005843627732247114,-0.8588844537734985,-0.045921437442302704,-0.13026487827301025,0.11434264481067657,-0.03839822641676506,0.006506676787173627,1.5901720221477136,0.045894499868154526,3.8604576587677,3.5643908977508545,-1.1365729570388794,5.901089191436768,0.17952761,0.16575925,0.05285545
710,24.1556,0.08642459660768509,2.6915211492450908e-05,-0.8557500839233398,-0.033424992114305496,-0.13239115476608276,0.10943836718797684,-0.03993891504164634,-0.002112125622700535,1.590370560806979,0.04659226909279823,3.7998993396759033,4.028859615325928,-0.8740609884262085,6.022109031677246,0.16943607,0.17964531,0.038974047
711,24.1899,0.0855003222823143,-0.0056732711382210255,-0.8528475761413574,-0.02046361193060875,-0.1322792023420334,0.10205985605716705,-0.04029191704413634,-0.008121456426116051,1.590485209891907,0.04766041040420532,3.686727523803711,4.433905124664307,-0.6178604364395142,6.1273393630981445,0.15892667,0.19113584,0.026634596
712,24.2239,0.08518802374601364,-0.011158178560435772,-0.8502169847488403,-0.007243473548442125,-0.12986910343170166,0.09373288601636887,-0.03986590697707534,-0.016230852685623787,1.590606783195669,0.0488959439098835,3.5441370010375977,4.755161762237549,-0.3630734980106354,6.212120056152344,0.1491203,0.20007442,0.015276392
713,24.258,0.08545218408107758,-0.016349751502275467,-0.8478261232376099,0.005899191368371248,-0.12509261071681976,0.08434691280126572,-0.038809522518803374,-0.022096027021359668,1.5906407384995676,0.05017506703734398,3.3926703929901123,4.9916815757751465,-0.09084483981132507,6.2753143310546875,0.1405142,0.20674044,0.00376252
714,24.292,0.08664878457784653,-0.022319389507174492,-0.8452858924865723,0.02221221663057804,-0.11625795811414719,0.07165976613759995,-0.03744025408314993,-0.026716857022810136,1.5906457985056386,0.051549699157476425,3.1846354007720947,5.191598415374756,0.2628954350948334,6.328618049621582,0.1305991,0.21290289,-0.010781111
715,24.3261,0.08825262635946274,-0.026562416926026344,-0.8436243534088135,0.034724198281764984,-0.10702953487634659,0.06150101497769356,-0.03491973439776886,-0.03230077970119033,1.5905633736699007,0.05233551189303398,2.9721250534057617,5.2899394035339355,0.5285910367965698,6.347557067871094,0.12199477,0.21713251,-0.021696713
716,24.3603,0.09040642529726028,-0.03025120124220848,-0.8424323797225952,0.046619415283203125,-0.09616478532552719,0.050938017666339874,-0.032574993747306026,-0.035927849061283136,1.5904826798888714,0.0526992604136467,2.748323678970337,5.333324432373047,0.7971899509429932,6.34843111038208,0.11351958,0.2202931,-0.032927953
717,24.3954,0.09307447820901871,-0.03336159884929657,-0.8415871858596802,0.05781806632876396,-0.08397825062274933,0.03966262564063072,-0.02930668339496592,-0.039395022645646496,1.590337271293353,0.05260798707604408,2.504857301712036,5.330834865570068,1.0759687423706055,6.33130407333374,0.10458743,0.22258288,-0.044925835
718,24.429,0.0962357223033905,-0.03588422015309334,-0.8411110639572144,0.06825107336044312,-0.07064581662416458,0.02830241620540619,-0.026864429436714153,-0.041204727991328606,1.5902488543451623,0.05202115699648857,2.2229666709899902,5.283982276916504,1.3502445220947266,6.293362617492676,0.094362795,0.22429995,-0.05731658
719,24.4628,0.0998428612947464,-0.03781261667609215,-0.841137170791626,0.07777089625597,-0.05651036277413368,0.016992688179016113,-0.023996207023293414,-0.04262201655038754,1.590135137366616,0.050910066813230515,1.9205265045166016,5.20563268661499,1.609403133392334,6.2416791915893555,0.083106555,0.2252623,-0.06964338
720,24.4972,0.10488348454236984,-0.03942672908306122,-0.8417855501174927,0.0883922129869461,-0.03799491003155708,0.0028301384299993515,-0.020345289887876795,-0.04358210276811792,1.590004109840984,0.04888366162776947,1.5007754564285278,5.064586162567139,1.9062182903289795,6.156530380249023,0.06681165,0.22546569,-0.08486119
721,24.5311,0.10920929908752441,-0.04008030891418457,-0.8427684307098389,0.09563034027814865,-0.023075349628925323,-0.00870803464204073,-0.017803718746316487,-0.04376621042322646,1.589916092366957,0.04684740677475929,1.1388731002807617,4.924363136291504,2.113125801086426,6.075779914855957,0.051972087,0.22472164,-0.09643178
722,24.565,0.11375759541988373,-0.040139928460121155,-0.8441941738128662,0.10192469507455826,-0.007932489737868309,-0.020417537540197372,-0.014171162858259203,-0.04343548742773065,1.5898294064734748,0.04445679113268852,0.7412849068641663,4.742202281951904,2.2894859313964844,5.980177879333496,0.034848776,0.22293715,-0.107631736
723,24.5994,0.11844751983880997,-0.03964079171419144,-0.8459880352020264,0.10729118436574936,0.00728737935423851,-0.032575156539678574,-0.01122514909327833,-0.042708140683327185,1.5898021090723016,0.041839782148599625,0.32175421714782715,4.532382488250732,2.433241605758667,5.877683639526367,0.0156061435,0.21983553,-0.11802027
724,24.6339,0.12323198467493057,-0.03861513361334801,-0.8481780290603638,0.11156085878610611,0.022172538563609123,-0.044985949993133545,-0.008618983811715991,-0.04184112778450587,1.5897889264249057,0.03911306709051132,-0.11930368840694427,4.294367790222168,2.5312201976776123,5.7710700035095215,-0.0059816083,0.21530958,-0.12690946
725,24.668,0.12810583412647247,-0.037053000181913376,-0.8507547378540039,0.11481184512376785,0.03677908331155777,-0.05703320354223251,-0.0048608172260721375,-0.04019903097874142,1.5898029080206286,0.03639695793390274,-0.5873849987983704,4.00338077545166,2.5791213512420654,5.659612655639648,-0.030603632,0.20858209,-0.13437606
726,24.7017,0.1342458575963974,-0.034327488392591476,-0.8545124530792236,0.11740296334028244,0.05455411225557327,-0.07169274240732193,-0.0018018395277535069,-0.0386322891482586,1.58983073805402,0.03331545367836952,-1.1863089799880981,3.6017661094665527,2.5580313205718994,5.526866912841797,-0.06483655,0.19685099,-0.13980669
727,24.736,0.14400039613246918,-0.0283130444586277,-0.8618171215057373,0.11819001287221909,0.08095712959766388,-0.09349434077739716,0.002084922108358621,-0.0363708451026718,1.589882003905004,0.030640117824077606,-2.142335891723633,2.850318431854248,2.331207752227783,5.338484287261963,-0.12572101,0.1672683,-0.13680477
728,24.7701,0.14400039613246918,-0.0283130444586277,-0.8618171215057373,0.11819001287221909,0.08095712959766388,-0.09349434077739716,0.004881627333277585,-0.03462215735487153,1.589936199233187,0.030640117824077606,-2.150136709213257,2.8052821159362793,2.335139513015747,5.334081649780273,-0.12689002,0.16555333,-0.13780792
729,24.8039,0.1533694863319397,-0.020568089559674263,-0.870431661605835,0.11463194340467453,0.10455404967069626,-0.11182206124067307,0.009173708823509187,-0.031820799010163194,1.5900476525248068,0.03307618573307991,-3.0138933658599854,1.9163979291915894,1.8973844051361084,5.18500280380249,-0.18630593,0.11846348,-0.11728814
730,24.838,0.15792585909366608,-0.016150347888469696,-0.875054121017456,0.11141688376665115,0.11501818895339966,-0.11884886026382446,0.01297455256562156,-0.0292326267107157,1.5901629674000073,0.036450110375881195,-3.390474796295166,1.4010034799575806,1.6176447868347168,5.120603561401367,-0.21141039,0.08735847,-0.100866966
731,24.8721,0.16343894600868225,-0.010248715989291668,-0.8810813426971436,0.1056583970785141,0.12669529020786285,-0.12314839661121368,0.016500801512806147,-0.02672550397397449,1.5902934622934213,0.042317237704992294,-3.3909735679626465,1.334665298461914,1.622361183166504,5.117228031158447,-0.2125205,0.08364669,-0.10167729
732,24.9063,0.16765925288200378,-0.00526711530983448,-0.8859888315200806,0.09954150766134262,0.13475263118743896,-0.12310852855443954,0.02185520859919465,-0.02259097134876169,1.5904797504116723,0.047924961894750595,-4.020589351654053,0.133821040391922,0.8264172077178955,4.986115455627441,-0.24475044,0.008146258,-0.050307546
733,24.9409,0.17157869040966034,-7.84081858000718e-05,-0.8908921480178833,0.09212547540664673,0.1417214274406433,-0.12115404009819031,0.026274580867153636,-0.018804946641699388,1.5906672369524137,0.053972069174051285,-4.186563491821289,-0.49431106448173523,0.440611869096756,4.9186553955078125,-0.24693033,-0.029155273,-0.025988007
734,24.9751,0.1751793771982193,0.005259034223854542,-0.895684003829956,0.0835033506155014,0.14709767699241638,-0.1142144575715065,0.03156865175039233,-0.013547038573231524,1.5909171746207178,0.060225989669561386,-4.28302526473999,-1.1383726596832275,0.015490740537643433,4.850837707519531,-0.2416101,-0.06421684,-0.0008738495
735,25.0093,0.17839446663856506,0.010679959319531918,-0.9001668691635132,0.07372211664915085,0.15102437138557434,-0.10338542610406876,0.035008147184770286,-0.009398452571782054,1.5911147811736017,0.0663914829492569,-4.2984538078308105,-1.8432327508926392,-0.4136276841163635,4.781027793884277,-0.22887284,-0.098143645,0.022023765
736,25.0431,0.18119893968105316,0.01612922176718712,-0.9041481018066406,0.06287060678005219,0.15310300886631012,-0.08969450742006302,0.039319118393390036,-0.0027923041171507156,1.5914067967871288,0.07223542034626007,-4.260252952575684,-2.513523817062378,-0.8375318050384521,4.7154316902160645,-0.21229622,-0.1252535,0.041735746
737,25.077,0.1840997189283371,0.02287965640425682,-0.908225417137146,0.04797973483800888,0.15356558561325073,-0.06919308751821518,0.041960408273016996,0.0028333066550392527,1.5917054703033813,0.07884111255407333,-4.144535541534424,-3.3016936779022217,-1.3322616815567017,4.642598628997803,-0.1896356,-0.1510709,0.060958397
738,25.1109,0.18591654300689697,0.028159024193882942,-0.9106948375701904,0.03538715839385986,0.15193143486976624,-0.05167056620121002,0.04358773701829912,0.007817867505117327,1.591946619540088,0.08344782143831253,-4.0204644203186035,-3.8486721515655518,-1.6848574876785278,4.593921184539795,-0.17284648,-0.16546084,0.072434835
739,25.1445,0.18725064396858215,0.03328423202037811,-0.9124890565872192,0.02232964150607586,0.14843443036079407,-0.03312376141548157,0.044704916450830544,0.014888056695384112,1.5923136031383007,0.08741810917854309,-3.850961208343506,-4.3394694328308105,-1.9873812198638916,4.556068420410156,-0.15698354,-0.17689747,0.08101513
740,25.1786,0.1880839616060257,0.03825683891773224,-0.9135216474533081,0.008850623853504658,0.14331668615341187,-0.014602307230234146,0.04453530221771692,0.020320632761252944,1.592569932393221,0.09068027883768082,-3.6706314086914062,-4.738368511199951,-2.247117757797241,4.527581214904785,-0.14335743,-0.18505818,0.087761745
741,25.2124,0.18845835328102112,0.04301812872290611,-0.9138007164001465,-0.0043295263312757015,0.13673686981201172,0.00303408014588058,0.04368485085192454,0.024758751186572565,1.5927757947454841,0.0932479053735733,-3.484316825866699,-5.064929485321045,-2.452843427658081,4.508738040924072,-0.13160396,-0.1913043,0.09264482
742,25.246,0.18837277591228485,0.04751460999250412,-0.9133822917938232,-0.017058683559298515,0.12853457033634186,0.019031446427106857,0.041521132334776036,0.03042770776632115,1.5930226697785344,0.09514091908931732,-3.2717654705047607,-5.330989360809326,-2.5958847999572754,4.501001834869385,-0.12077951,-0.19679719,0.0958289
743,25.2799,0.18759720027446747,0.05266398936510086,-0.9119856357574463,-0.03238159790635109,0.1163824126124382,0.03703979775309563,0.03916244129750931,0.03431503246334734,1.5931888510305554,0.09657702594995499,-3.0165796279907227,-5.583175182342529,-2.727647066116333,4.498385906219482,-0.10917987,-0.20207334,0.09872245
744,25.3139,0.18650130927562714,0.056314047425985336,-0.9102456569671631,-0.04384409263730049,0.10531827062368393,0.049851007759571075,0.036780260347190244,0.03715972335182371,1.593312954337353,0.09701854735612869,-2.80116605758667,-5.73056173324585,-2.7903971672058105,4.504495620727539,-0.10058485,-0.20577419,0.10019816
745,25.348,0.18498075008392334,0.05948801711201668,-0.9080524444580078,-0.05447331815958023,0.09337036311626434,0.06124187260866165,0.03296857150571691,0.040428187668164334,1.5934389218569138,0.09685559570789337,-2.564666271209717,-5.8272013664245605,-2.8194525241851807,4.519050121307373,-0.092082195,-0.2092208,0.101230085
746,25.3819,0.18306060135364532,0.06210288032889366,-0.9054076671600342,-0.06423646956682205,0.08036940544843674,0.07112065702676773,0.029720103784092494,0.042360881121937664,1.5935202814282157,0.0960484966635704,-2.3318262100219727,-5.879295825958252,-2.8241560459136963,4.536355972290039,-0.084160596,-0.21219636,0.101929836
747,25.4171,0.18071332573890686,0.06408357620239258,-0.9023463726043701,-0.0730406790971756,0.0667804554104805,0.07949810475111008,0.025621592493217618,0.0440042429292199,1.5935993773125912,0.09454914182424545,-2.0845069885253906,-5.877283573150635,-2.8001434803009033,4.5584492683410645,-0.076234706,-0.21494435,0.102407
748,25.4509,0.17798209190368652,0.06539180129766464,-0.8989858627319336,-0.08105040341615677,0.052433960139751434,0.08653300255537033,0.022755808536669985,0.04467569658024533,1.5936682200267696,0.09240851551294327,-1.8370647430419922,-5.831394195556641,-2.7577972412109375,4.5800676345825195,-0.068474464,-0.21735847,0.1027937
749,25.4862,0.17410871386528015,0.06611653417348862,-0.8944017887115479,-0.08958616107702255,0.034244243055582047,0.09384562820196152,0.018759090336679586,0.04501972289762393,1.593748913807799,0.0889027789235115,-1.515608549118042,-5.704319000244141,-2.6717453002929688,4.608254432678223,-0.05848359,-0.22011559,0.10309605
750,25.52,0.17070968449115753,0.06587482243776321,-0.8904688358306885,-0.09536514431238174,0.019390657544136047,0.09870707243680954,0.015701907281242017,0.044863940457421904,1.593831072327428,0.08540800213813782,-1.2426550388336182,-5.506623268127441,-2.5795254707336426,4.632964134216309,-0.050054323,-0.22180757,0.10390366
751,25.5539,0.16705718636512756,0.06492285430431366,-0.8864105939865112,-0.10030534863471985,0.004491367377340794,0.10264845192432404,0.013120277411519334,0.04445708850545266,1.5938937897710994,0.08136079460382462,-0.9611067175865173,-5.248340129852295,-2.4666366577148438,4.655167102813721,-0.040875975,-0.2232125,0.104906335
752,25.5881,0.16329534351825714,0.06339731067419052,-0.8822591304779053,-0.10424328595399857,-0.010479486547410488,0.10607076436281204,0.009606213466619162,0.04350524144234471,1.5940013814791385,0.07693969458341599,-0.6716606020927429,-4.895031452178955,-2.335594654083252,4.678919792175293,-0.030724917,-0.22392178,0.106841095
753,25.6221,0.1593831181526184,0.06122991442680359,-0.8779940605163574,-0.1073278933763504,-0.025216683745384216,0.10892512649297714,0.006918309945537406,0.042468460346409255,1.5940920621142558,0.07206445932388306,-0.3717709183692932,-4.470083713531494,-2.178670883178711,4.7039337158203125,-0.01863839,-0.22410348,0.10922564
754,25.6566,0.1553751677274704,0.058473359793424606,-0.8737332820892334,-0.10947059839963913,-0.03956425562500954,0.11132646352052689,0.003765143079417425,0.040906940808376514,1.594199387506186,0.06684770435094833,-0.06540334224700928,-3.9515326023101807,-2.0031216144561768,4.734827041625977,-0.003690324,-0.22296162,0.11302431
755,25.6904,0.1502627730369568,0.054353442043066025,-0.8683205842971802,-0.11112964153289795,-0.05690418556332588,0.11418291926383972,0.0016685594983910249,0.03966758053845929,1.5942771518100163,0.05999181792140007,0.3276248872280121,-3.2514307498931885,-1.7477757930755615,4.785006046295166,0.02210144,-0.21934018,0.11790424
756,25.7242,0.1461605429649353,0.05052509158849716,-0.8638947010040283,-0.1115611270070076,-0.07028645277023315,0.11635208874940872,-0.0006144209769729347,0.038129421916613594,1.5943585113813181,0.0543140284717083,0.636638343334198,-2.6122851371765137,-1.5181140899658203,4.8416290283203125,0.051545996,-0.21150601,0.12291547
757,25.758,0.14206047356128693,0.04624190181493759,-0.8594467639923096,-0.11127332597970963,-0.08311968296766281,0.1187930703163147,-0.0034366744081724765,0.03603792916046588,1.5944619751896678,0.04857655242085457,0.9340530037879944,-1.9142019748687744,-1.2745176553726196,4.915716171264648,0.094077386,-0.19279754,0.12836882
758,25.7919,0.1380372792482376,0.04152009263634682,-0.8549492359161377,-0.11018260568380356,-0.095327228307724,0.12165025621652603,-0.005550441750050855,0.03447231085106794,1.5945322826424457,0.04292187839746475,1.2161954641342163,-1.2021141052246094,-1.0124728679656982,5.004609107971191,0.15299693,-0.15122549,0.1273687
759,25.826,0.13409966230392456,0.03640315681695938,-0.8504456281661987,-0.10823944211006165,-0.10690366476774216,0.1247057169675827,-0.008893352862129502,0.032042552943993524,1.5946360127669044,0.03758688643574715,1.4762437343597412,-0.43833687901496887,-0.7395462989807129,5.110304832458496,0.21603712,-0.06414729,0.108227015
760,25.8601,0.13028137385845184,0.030953356996178627,-0.8459615707397461,-0.10551726073026657,-0.11784901469945908,0.12768355011940002,-0.012022900038108866,0.029770004765017854,1.594696732839758,0.03293697535991669,1.7186421155929565,0.32608968019485474,-0.454372376203537,5.224605560302734,0.23772937,0.045106012,0.06285058
761,25.894,0.1257571280002594,0.023705072700977325,-0.8404165506362915,-0.10069672018289566,-0.1307063102722168,0.12859493494033813,-0.015326449421216682,0.027208709586634145,1.594758518177048,0.028793342411518097,1.9924298524856567,1.2602640390396118,-0.06117361783981323,5.371890068054199,0.21121073,0.13359632,0.0064848075
762,25.9281,0.12235762923955917,0.0175766758620739,-0.8361365795135498,-0.09550539404153824,-0.1399100124835968,0.12434276193380356,-0.020922480119881032,0.02205344349164822,1.5948701046267224,0.027411149814724922,2.174898624420166,2.0519492626190186,0.28460386395454407,5.499596118927002,0.18102366,0.1707902,-0.023688475
763,25.9621,0.11922004818916321,0.011243063025176525,-0.8322185277938843,-0.08876274526119232,-0.14784608781337738,0.11213283240795135,-0.025651444864561727,0.016216336377088254,1.5949892810855033,0.027943989261984825,2.319066286087036,2.7760303020477295,0.6793777942657471,5.620100975036621,0.15752453,0.18856418,-0.046147306
764,25.9959,0.11635728925466537,0.004751027096062899,-0.8289299011230469,-0.08026344329118729,-0.15403175354003906,0.09281930327415466,-0.030806844117602157,0.006877926644617177,1.595190749221968,0.02998242899775505,2.399177312850952,3.45027756690979,1.0721837282180786,5.738979816436768,0.13829531,0.19888368,-0.061803676
765,26.0304,0.11383852362632751,-0.0017851920565590262,-0.8264665603637695,-0.07029345631599426,-0.15772026777267456,0.07067447900772095,-0.033482058092208604,-0.0004571750660337008,1.5953693141730578,0.03288304805755615,2.442084789276123,3.980417490005493,1.4353914260864258,5.8434553146362305,0.124966644,0.20368639,-0.07345202
766,26.0639,0.11174827814102173,-0.008290847763419151,-0.8248786926269531,-0.05912560597062111,-0.15858499705791473,0.04838443174958229,-0.03578504537020604,-0.01107184568154414,1.5955970144462595,0.03612099587917328,2.4148755073547363,4.433708190917969,1.7070777416229248,5.939833641052246,0.113278836,0.2079798,-0.08007692
767,26.0981,0.10979427397251129,-0.016202157363295555,-0.8240311145782471,-0.044151268899440765,-0.15522824227809906,0.02179202064871788,-0.036335487478011796,-0.019024892538820906,1.5957576030599914,0.040212858468294144,2.361435890197754,4.826681613922119,1.9916841983795166,6.032188892364502,0.103018284,0.2105653,-0.08688776
768,26.1321,0.10878264158964157,-0.022251134738326073,-0.8242478370666504,-0.031888701021671295,-0.14935079216957092,0.002454682718962431,-0.036024280459879224,-0.02524566649940692,1.5958448215856913,0.04326728731393814,2.283140182495117,5.061707973480225,2.1460978984832764,6.088525295257568,0.09588037,0.21256618,-0.09012528
769,26.1661,0.10830986499786377,-0.027858318760991096,-0.8251849412918091,-0.019699670374393463,-0.14090117812156677,-0.014785312116146088,-0.034537951530154584,-0.03275377924142361,1.5959172595673414,0.04594281688332558,2.1625895500183105,5.24094295501709,2.238905429840088,6.126323699951172,0.08869394,0.21494596,-0.09182387
770,26.2003,0.10837847739458084,-0.03298000618815422,-0.826776385307312,-0.007926764898002148,-0.13056200742721558,-0.02993154712021351,-0.032735293158388176,-0.037518218124061996,1.5959212543089767,0.0481804758310318,2.034717082977295,5.366927623748779,2.299194812774658,6.149820327758789,0.08226977,0.21700114,-0.092963405
771,26.2339,0.10899200290441513,-0.03752314671874046,-0.8288893699645996,0.0032981920521706343,-0.11833672225475311,-0.04319000616669655,-0.030846365012060013,-0.04078359483801381,1.5958892963758957,0.04994938522577286,1.8903529644012451,5.451690196990967,2.3361122608184814,6.158997058868408,0.075916655,0.21894011,-0.09381837
772,26.2681,0.11013751477003098,-0.041414037346839905,-0.8315141201019287,0.013919935561716557,-0.1047280803322792,-0.05430914834141731,-0.027792399596173856,-0.0441891953057367,1.5957926236283257,0.05118005350232124,1.7115113735198975,5.502582550048828,2.3403615951538086,6.151878833770752,0.06879369,0.22117467,-0.09407014
773,26.302,0.11225534230470657,-0.0452209934592247,-0.8352583646774292,0.02625729888677597,-0.08623559772968292,-0.065513014793396,-0.025194275812746796,-0.04595064750141794,1.595681969285033,0.051966067403554916,1.472578525543213,5.523326873779297,2.3287534713745117,6.129036903381348,0.059643522,0.22371008,-0.09432098
774,26.3359,0.11684995144605637,-0.048948559910058975,-0.8419708013534546,0.04302690923213959,-0.05441958084702492,-0.07819373160600662,-0.021872723044551123,-0.0471342187076872,1.5955675865162142,0.05175413191318512,1.0288163423538208,5.467523574829102,2.264857053756714,6.057570457458496,0.042818695,0.22755493,-0.094261944
775,26.3701,0.11684995144605637,-0.048948559910058975,-0.8419708013534546,0.04302690923213959,-0.05441958084702492,-0.07819373160600662,-0.019535222863301942,-0.047382433643660994,1.595493816954019,0.05175413191318512,1.0124927759170532,5.452201843261719,2.2702178955078125,6.049506187438965,0.042242657,0.22747372,-0.094716765
776,26.404,0.12256653606891632,-0.04963787645101547,-0.8492670059204102,0.05617036297917366,-0.021846309304237366,-0.0861702635884285,-0.016233720785282128,-0.04708957330872555,1.595393149464814,0.04982713982462883,0.47879040241241455,5.2636895179748535,2.1542725563049316,5.934992790222168,0.020971661,0.23055667,-0.09436003
777,26.438,0.1257244348526001,-0.048872269690036774,-0.8530139923095703,0.06146407499909401,-0.005529081914573908,-0.08902377635240555,-0.013582905943568927,-0.04640848234350539,1.5953549331031713,0.048350851982831955,0.16901208460330963,5.100317478179932,2.080683946609497,5.859059810638428,0.0076670423,0.23137015,-0.09438788
778,26.4722,0.12991903722286224,-0.04687310382723808,-0.8577790260314941,0.06675761938095093,0.014661013148725033,-0.09175814688205719,-0.011295012339108975,-0.04555305419542592,1.5953280351761614,0.04613485932350159,-0.2518710494041443,4.837873935699463,1.9566195011138916,5.754577159881592,-0.012052086,0.23149334,-0.09362468
779,26.5093,0.1334541290998459,-0.04454024136066437,-0.8616158962249756,0.07008703052997589,0.030441589653491974,-0.09347570687532425,-0.008038336151632505,-0.044028839718600304,1.5953356251852682,0.0442826934158802,-0.6267261505126953,4.554054260253906,1.835625171661377,5.658856391906738,-0.031653345,0.23000643,-0.092709824
780,26.543,0.13713960349559784,-0.04156074300408363,-0.8654758930206299,0.07268060743808746,0.04571888595819473,-0.09467059373855591,-0.0046660933370088085,-0.042188383184706184,1.595398742103103,0.04251852631568909,-1.0260154008865356,4.220501899719238,1.681198239326477,5.561223030090332,-0.05507397,0.22654611,-0.090242565
781,26.577,0.14091797173023224,-0.03796278312802315,-0.8692964315414429,0.07431095838546753,0.060481227934360504,-0.09548955410718918,-0.0018756546029556123,-0.04055147954306739,1.5954705142944807,0.04103159159421921,-1.4445104598999023,3.8181228637695312,1.5000274181365967,5.460594654083252,-0.083034836,0.21947727,-0.08622612
782,26.6112,0.14468084275722504,-0.03384597599506378,-0.8730422258377075,0.07502802461385727,0.07474549859762192,-0.09564105421304703,0.0005858711228680259,-0.038997837136196395,1.5955521401818917,0.04006711766123772,-1.8576263189315796,3.3765594959259033,1.2869411706924438,5.367081642150879,-0.11430079,0.2077616,-0.07918621
783,26.6452,0.1484621912240982,-0.029153821989893913,-0.8766062259674072,0.07485845685005188,0.08841323852539062,-0.09542863816022873,0.004299459278688963,-0.036632488196204474,1.5957030082576447,0.03970915451645851,-2.265439033508301,2.8567006587982178,1.0608911514282227,5.275694370269775,-0.14915341,0.18808128,-0.06984763
784,26.679,0.15312395989894867,-0.022548900917172432,-0.8808698654174805,0.07330812513828278,0.10451996326446533,-0.09406813979148865,0.007391940141691739,-0.03456396104326949,1.5958460200081819,0.04041539505124092,-2.730682849884033,2.152754545211792,0.7482002973556519,5.17421293258667,-0.19193427,0.15131284,-0.052589513
785,26.7141,0.1566750556230545,-0.016727780923247337,-0.8841156959533691,0.0707995668053627,0.11667121201753616,-0.09157371520996094,0.010287875555057464,-0.03259557706969989,1.5960063423058046,0.04198955371975899,-3.0457301139831543,1.5178817510604858,0.48099085688591003,5.096632957458496,-0.22155093,0.11041297,-0.03498799
786,26.75,0.1600233018398285,-0.01047451701015234,-0.8871034383773804,0.0671839565038681,0.12795084714889526,-0.08724522590637207,0.014786400923743344,-0.02939572660213164,1.5962181967705205,0.044384658336639404,-3.2916738986968994,0.7889214754104614,0.21220234036445618,5.016119956970215,-0.24263859,0.05815363,-0.015642034
787,26.7839,0.1631365269422531,-0.0038811040576547384,-0.8898491859436035,0.0625828355550766,0.13817672431468964,-0.08077576756477356,0.01983343448755277,-0.025395225881155486,1.5964845128795284,0.04755299538373947,-3.4554545879364014,-0.020360618829727173,-0.05500054359436035,4.932755470275879,-0.24996398,-0.0014728659,0.003978682
788,26.8181,0.1659805327653885,0.0029909026343375444,-0.8923234939575195,0.05668800324201584,0.14725860953330994,-0.07265796512365341,0.02409614422379324,-0.021501295296269134,1.5967087510433131,0.051351748406887054,-3.5369694232940674,-0.8849395513534546,-0.3138984441757202,4.849203109741211,-0.24163052,-0.06045526,0.02144419
789,26.852,0.16851873695850372,0.010062850080430508,-0.8942428827285767,0.04945973679423332,0.15493282675743103,-0.06255047768354416,0.027801964089557523,-0.017503424446869434,1.5969339213134792,0.05542842298746109,-3.5419838428497314,-1.7977917194366455,-0.5473912358283997,4.772878646850586,-0.22084089,-0.11209139,0.034129564
790,26.8859,0.171234592795372,0.019018812105059624,-0.8961107730865479,0.03873666748404503,0.1624061018228531,-0.04814838618040085,0.0326571897176378,-0.010750907722459771,1.5972714769816467,0.06090295687317848,-3.4524242877960205,-2.9831674098968506,-0.8043315410614014,4.69296932220459,-0.1862919,-0.16097093,0.043401517
791,26.9199,0.1729610562324524,0.02618405967950821,-0.8971202373504639,0.02885858528316021,0.16629134118556976,-0.03556675836443901,0.03584350175613328,-0.004517289211100632,1.597600510534326,0.06535375118255615,-3.319558620452881,-3.881559133529663,-0.9791159629821777,4.643973350524902,-0.15958047,-0.1865974,0.047068845
792,26.9541,0.17420828342437744,0.03328745439648628,-0.8975430727005005,0.017964117228984833,0.16801655292510986,-0.02273077704012394,0.03787234780882608,0.0014431909215518578,1.5978927924639623,0.0696229487657547,-3.148738145828247,-4.669087886810303,-1.117823839187622,4.605825901031494,-0.13710508,-0.20330545,0.04867325
793,26.9878,0.17493115365505219,0.040270332247018814,-0.8974521160125732,0.006326442584395409,0.16760161519050598,-0.010540621355175972,0.039273852977237095,0.010522606157418127,1.598336075627406,0.07367482781410217,-2.911696672439575,-5.361104488372803,-1.1996588706970215,4.578675270080566,-0.117074706,-0.21556151,0.04823638
794,27.0221,0.17513002455234528,0.04705332964658737,-0.8969060182571411,-0.005489876959472895,0.16493868827819824,0.0003523521882016212,0.03909478868344289,0.017848765700036257,1.598673764453628,0.07748193293809891,-2.664120674133301,-5.903375148773193,-1.2539637088775635,4.55880069732666,-0.10096026,-0.22371595,0.04752056
795,27.0557,0.17484469711780548,0.05352317914366722,-0.8958771228790283,-0.017326854169368744,0.159747913479805,0.009693166241049767,0.037509479626735176,0.026503685541711505,1.5990292964591537,0.08096352964639664,-2.40777325630188,-6.324564456939697,-1.2794712781906128,4.546744346618652,-0.08739936,-0.22957432,0.046443317
796,27.09,0.1738242357969284,0.06105533987283707,-0.8942030668258667,-0.03168458491563797,0.15009066462516785,0.019264474511146545,0.03562990375314132,0.03194680189983217,1.599229965647291,0.08490957319736481,-2.0575766563415527,-6.723233699798584,-1.2815155982971191,4.545212268829346,-0.07197473,-0.235181,0.044827852
797,27.1239,0.17252874374389648,0.06656406074762344,-0.8926423788070679,-0.042310573160648346,0.13989129662513733,0.02536175027489662,0.0322386115344938,0.03869890978740261,1.5994531385466397,0.08771904557943344,-1.756173849105835,-6.957051753997803,-1.2657020092010498,4.555994987487793,-0.060257982,-0.23871092,0.04342887
798,27.1579,0.17085659503936768,0.07158482819795609,-0.8908330202102661,-0.05208077281713486,0.1278737336397171,0.030148357152938843,0.029045487629272594,0.04310280035093091,1.599574179218184,0.09016616642475128,-1.4735066890716553,-7.129992485046387,-1.2456579208374023,4.570476531982422,-0.049871936,-0.24131992,0.042160224
799,27.1919,0.16884355247020721,0.07602005451917648,-0.8889477252960205,-0.06086455658078194,0.11443940550088882,0.034024517983198166,0.026049183812175858,0.04624908382988574,1.5996407582454357,0.09223425388336182,-1.2002952098846436,-7.253482341766357,-1.227180004119873,4.588277816772461,-0.04025763,-0.24328016,0.04115934
800,27.2263,0.1665082424879074,0.07984226197004318,-0.8870131969451904,-0.06872985512018204,0.09984055906534195,0.03705757483839989,0.021620821294943256,0.049602889975595796,1.599691757780311,0.09388447552919388,-0.9121782779693604,-7.328149318695068,-1.2037397623062134,4.612895965576172,-0.03047841,-0.24485384,0.04022029
801,27.2603,0.1638800948858261,0.08306323736906052,-0.8850574493408203,-0.07549366354942322,0.08420751988887787,0.039376355707645416,0.018060740839238955,0.05140150991324045,1.5997154599140124,0.09512077271938324,-0.6405502557754517,-7.365498065948486,-1.1844011545181274,4.636862277984619,-0.021387126,-0.24592425,0.03954559
802,27.2941,0.16024383902549744,0.08617902547121048,-0.8825877904891968,-0.08241434395313263,0.06381163001060486,0.04151160642504692,0.014971226383989445,0.052384420253750646,1.599712397278759,0.09601540863513947,-0.31557324528694153,-7.366808891296387,-1.1598737239837646,4.66578483581543,-0.010569515,-0.24673699,0.038847722
803,27.328,0.15717139840126038,0.0879126489162445,-0.8806220293045044,-0.08654143661260605,0.04707120358943939,0.04273931309580803,0.010760322413032122,0.05296885511615774,1.599718522549266,0.09620039165019989,-0.05086931958794594,-7.309780120849609,-1.1350796222686768,4.69233512878418,-0.0017191252,-0.24703354,0.03835994
804,27.362,0.15402325987815857,0.08893752098083496,-0.8787094354629517,-0.08949925750494003,0.02991601824760437,0.04356113821268082,0.007564640936896873,0.052793386089835144,1.5997102667498868,0.0958859845995903,0.19623565673828125,-7.211698055267334,-1.1111756563186646,4.715776443481445,0.006720916,-0.24699494,0.038056884
805,27.3959,0.15082953870296478,0.08924730867147446,-0.8768298625946045,-0.09145233780145645,0.012971820309758186,0.04418379068374634,0.0038581971528264263,0.05196213445102655,1.599698415683036,0.09504325687885284,0.4371489882469177,-7.058221340179443,-1.0848180055618286,4.737457275390625,0.015275384,-0.24663684,0.03790701
806,27.43,0.14762696623802185,0.08890020847320557,-0.8749779462814331,-0.09234438091516495,-0.0039246478118002415,0.04460393637418747,0.0014125098233704913,0.05103135965004386,1.5997032093729981,0.0937139093875885,0.6661370992660522,-6.862799167633057,-1.0527480840682983,4.75541353225708,0.023876028,-0.24597998,0.037733138
807,27.464,0.1444241851568222,0.08788517117500305,-0.8731980323791504,-0.09235323220491409,-0.020454419776797295,0.044769227504730225,-0.001759821659699377,0.049293913354876165,1.599720386762029,0.09188353270292282,0.8878695368766785,-6.594052791595459,-1.0185271501541138,4.769438743591309,0.03297656,-0.24491116,0.037829343
808,27.4983,0.14046873152256012,0.08571188151836395,-0.8710193634033203,-0.09111028909683228,-0.04065951332449913,0.0449896901845932,-0.004074561566415576,0.04762711989119043,1.599731705196662,0.08889977633953094,1.1538465023040771,-6.181385517120361,-0.9646477699279785,4.781486511230469,0.045343366,-0.24291344,0.037908316
809,27.532,0.13731515407562256,0.08329100161790848,-0.8693315982818604,-0.08935818076133728,-0.056196246296167374,0.04518185928463936,-0.0059241904016109565,0.04602621469734894,1.5997359662544062,0.08598900586366653,1.3604905605316162,-5.765319347381592,-0.915732741355896,4.787276744842529,0.05674356,-0.24046086,0.038193528
810,27.5661,0.13420888781547546,0.08026739954948425,-0.8677324056625366,-0.0870029404759407,-0.0712217465043068,0.04534162953495979,-0.008332882808492571,0.043550315443794306,1.5997743157741033,0.0826234519481659,1.5520195960998535,-5.249846935272217,-0.8671027421951294,4.790986061096191,0.07000287,-0.23679106,0.039110124
811,27.5996,0.13116596639156342,0.07665670663118362,-0.86620032787323,-0.08405136317014694,-0.08551343530416489,0.04538964107632637,-0.010094509253971694,0.041447150551931475,1.5997880310537171,0.07881475239992142,1.7314575910568237,-4.663506984710693,-0.810802698135376,4.798057556152344,0.08588234,-0.23131545,0.04021677
812,27.634,0.12823624908924103,0.07251204550266266,-0.8647040128707886,-0.08050208538770676,-0.09917441755533218,0.04545154049992561,-0.011559337319083145,0.039551986863582245,1.5997984173819686,0.07461277395486832,1.8915207386016846,-4.007014751434326,-0.7475072145462036,4.815238952636719,0.10523325,-0.22292708,0.04158697
813,27.668,0.12538835406303406,0.06784185767173767,-0.8632408380508423,-0.07648035883903503,-0.11226601153612137,0.04556408151984215,-0.013573375779996186,0.03675144827314695,1.5998182579320896,0.07003635913133621,2.024362325668335,-3.2622783184051514,-0.6842539310455322,4.849184989929199,0.12977234,-0.2091293,0.0438643
814,27.702,0.12202896177768707,0.061360254883766174,-0.8614132404327393,-0.0709029883146286,-0.12762966752052307,0.04593706130981445,-0.015216441102547695,0.03444080232642094,1.5998141300324,0.06389529258012772,2.1658754348754883,-2.2869694232940674,-0.5929772853851318,4.922819137573242,0.16893812,-0.17838344,0.046252184
815,27.7361,0.11716501414775848,0.04958952218294144,-0.8584387302398682,-0.06036289408802986,-0.14968425035476685,0.04695264995098114,-0.017324851173401216,0.031432763955771034,1.5998064068652387,0.053306009620428085,2.251213550567627,-1.4595980644226074,-0.5147314071655273,5.00956916809082,0.20601088,-0.13356933,0.047103602
816,27.7706,0.11716501414775848,0.04958952218294144,-0.8584387302398682,-0.06036289408802986,-0.14968425035476685,0.04695264995098114,-0.018950719341272997,0.029191399728684512,1.599815195296836,0.053306009620428085,2.3089327812194824,-0.5895798206329346,-0.43581289052963257,5.119810104370117,0.23827586,-0.060843106,0.04497476
817,27.8049,0.11306209117174149,0.03630402684211731,-0.8553353548049927,-0.04769852012395859,-0.16844996809959412,0.04824059084057808,-0.02164710960773478,0.02555690888764772,1.5998223858317793,0.04237545654177666,2.4047470092773438,1.0879219770431519,-0.250365674495697,5.382754802703857,0.22675696,0.10258621,0.02360837
818,27.8391,0.11125284433364868,0.029181556776165962,-0.8536759614944458,-0.04050653427839279,-0.1765095591545105,0.048361025750637054,-0.024252925349404045,0.02190433976011741,1.599846087965481,0.037216413766145706,2.4338135719299316,1.9214096069335938,-0.15523889660835266,5.531971454620361,0.19597612,0.15471621,0.012500184
819,27.873,0.10929299145936966,0.019902421161532402,-0.851650595664978,-0.030171090736985207,-0.18489870429039001,0.044164810329675674,-0.02679939629125118,0.01777084119042162,1.5998836385368511,0.0316384956240654,2.4579391479492188,2.8675031661987305,0.005154937505722046,5.715926170349121,0.16270071,0.18981138,-0.0003412257
820,27.907,0.1080465316772461,0.012255115434527397,-0.8501886129379272,-0.020921561866998672,-0.18954047560691833,0.03831396624445915,-0.030181989543869307,0.009559818287597539,1.5999884339257457,0.028391189873218536,2.424030303955078,3.58845591545105,0.11265280842781067,5.865358352661133,0.13989317,0.20709331,-0.0065013045
821,27.9411,0.10713251680135727,0.004577347543090582,-0.8490301370620728,-0.011069252155721188,-0.19160528481006622,0.03110765852034092,-0.03211017851033012,0.0013770278831830391,1.600117730396669,0.026743583381175995,2.366250514984131,4.186172962188721,0.20978769659996033,5.9989166259765625,0.12290342,0.21743049,-0.010896406
822,27.975,0.10659092664718628,-0.003064426127821207,-0.8480926752090454,-0.0006441029254347086,-0.1908612996339798,0.023883938789367676,-0.03298070553343358,-0.006350644675619407,1.6002539510864267,0.026914775371551514,2.2874808311462402,4.669566631317139,0.29731854796409607,6.114710330963135,0.109800935,0.22414298,-0.014271531
823,28.0091,0.10644571483135223,-0.010582133196294308,-0.8473944664001465,0.009885909035801888,-0.18709561228752136,0.01697688177227974,-0.03293098972542776,-0.017381065718645203,1.6004394402563507,0.028746239840984344,2.1625242233276367,5.068358898162842,0.35126766562461853,6.210159778594971,0.09791188,0.22947837,-0.015904227
824,28.0433,0.10667898505926132,-0.017880281433463097,-0.8468929529190063,0.02006985992193222,-0.18066886067390442,0.010652594268321991,-0.031591097204954656,-0.02744815065517289,1.6005530240768424,0.03181752189993858,2.0418953895568848,5.36323881149292,0.41324588656425476,6.282768726348877,0.088721804,0.23303653,-0.017955827
825,28.077,0.10747217386960983,-0.02655640058219433,-0.8465437889099121,0.03205501288175583,-0.169170543551445,0.0038330387324094772,-0.029759200237251617,-0.03442048740073068,1.6005819193746698,0.03664660453796387,1.8777629137039185,5.626392841339111,0.48698922991752625,6.344668865203857,0.07887872,0.2363465,-0.020456836
826,28.1111,0.10848866403102875,-0.03300758823752403,-0.8464235067367554,0.04091528430581093,-0.157359316945076,-0.0007245686138048768,-0.027807354910170334,-0.03961689725396372,1.6005660735661837,0.04079717397689819,1.7425925731658936,5.766887664794922,0.5558046102523804,6.373991966247559,0.072007924,0.23830102,-0.02296712
827,28.145,0.10979200154542923,-0.03891651704907417,-0.8464603424072266,0.0489635169506073,-0.1437438279390335,-0.004731320776045322,-0.02464092295309337,-0.045532780881627696,1.6005048208611121,0.04488116130232811,1.5821319818496704,5.859888076782227,0.6223655939102173,6.383561134338379,0.064825125,0.2400988,-0.025500357
828,28.1791,0.11129523068666458,-0.04418697580695152,-0.8466306924819946,0.05605722963809967,-0.12870818376541138,-0.008387370966374874,-0.02197049434607066,-0.04908355275708433,1.6004070828491062,0.048698194324970245,1.4294471740722656,5.912240505218506,0.7045063972473145,6.380870819091797,0.058361422,0.24138476,-0.028763562
829,28.2143,0.11295370757579803,-0.04878439009189606,-0.846936821937561,0.062194306403398514,-0.1124788224697113,-0.011743972077965736,-0.019564763145455806,-0.051367537964585125,1.6003081464146096,0.05211714282631874,1.2762640714645386,5.931970119476318,0.7960816621780396,6.366668701171875,0.052137427,0.24233046,-0.03252121
830,28.2482,0.11472044885158539,-0.05259768292307854,-0.8474692106246948,0.06741796433925629,-0.09545774012804031,-0.014732045121490955,-0.01615372400344427,-0.05345935113230149,1.600151286226404,0.05496174842119217,1.1079564094543457,5.917638301849365,0.8861452341079712,6.33803653717041,0.0455175,0.24311075,-0.036404967
831,28.2821,0.11711537837982178,-0.056226134300231934,-0.8482756614685059,0.07254313677549362,-0.07338782399892807,-0.018613196909427643,-0.013541815240484145,-0.05426821973438581,1.600034772928713,0.057600315660238266,0.9015418887138367,5.86548376083374,1.0152244567871094,6.29147481918335,0.037435852,0.24355984,-0.042156436
832,28.3158,0.11917650699615479,-0.058225587010383606,-0.8490244150161743,0.07559923827648163,-0.05541449785232544,-0.02183428220450878,-0.010469202495480933,-0.05439528580789621,1.5999286459592734,0.058945465832948685,0.717048704624176,5.785355091094971,1.129791259765625,6.239044666290283,0.030188521,0.24356966,-0.047565427
833,28.35,0.12136831134557724,-0.059463296085596085,-0.8499118089675903,0.07779650390148163,-0.03741646558046341,-0.025190113112330437,-0.008429715761846772,-0.05398815921743955,1.599864330618948,0.05962735414505005,0.527425229549408,5.68495512008667,1.2442092895507812,6.1801981925964355,0.022565123,0.24322255,-0.05323169
834,28.384,0.12362822145223618,-0.05999346077442169,-0.8509339094161987,0.07927916944026947,-0.019556496292352676,-0.028860067948698997,-0.005713502630318014,-0.05278855078798097,1.5998346363727936,0.059705283492803574,0.3253394365310669,5.55180025100708,1.3626761436462402,6.110877990722656,0.014204884,0.24240123,-0.0594968
835,28.4175,0.12596996128559113,-0.05976065248250961,-0.8521028757095337,0.0801975429058075,-0.00179499969817698,-0.03296729177236557,-0.003688592022314184,-0.051440104943100584,1.5998396963788648,0.05912051722407341,0.11194665729999542,5.392735958099365,1.4786840677261353,6.034147262573242,0.0050039543,0.24105234,-0.066096365
836,28.451,0.12835514545440674,-0.05879835784435272,-0.853469967842102,0.0806710347533226,0.015560648404061794,-0.03730262815952301,-0.0020263365955289184,-0.050035341563543424,1.599901881190318,0.05791761726140976,-0.11362914741039276,5.206140995025635,1.581329584121704,5.951087951660156,-0.0052198274,0.23915657,-0.07264217
837,28.4849,0.1313631236553192,-0.05666247755289078,-0.8553887605667114,0.08028507232666016,0.03658095747232437,-0.04309960827231407,0.0001973798168362384,-0.04769199283086908,1.6000181281719001,0.0556640699505806,-0.4082896411418915,4.925185203552246,1.6919989585876465,5.838112831115723,-0.019540261,0.23571357,-0.08097708
838,28.5186,0.13370093703269958,-0.0541350394487381,-0.8571300506591797,0.079241082072258,0.05279916897416115,-0.04841790720820427,0.001876513628451758,-0.04563868314685038,1.6001546151777666,0.053221262991428375,-0.6504158973693848,4.658288955688477,1.7621824741363525,5.741356372833252,-0.032373518,0.23185964,-0.087710105
839,28.5541,0.1359727382659912,-0.05094779282808304,-0.8590488433837891,0.07755136489868164,0.06836692243814468,-0.05412593483924866,0.00334517609937684,-0.04371295968499249,1.6002917679739057,0.05031554028391838,-0.896727979183197,4.354123592376709,1.8072466850280762,5.641557693481445,-0.046716087,0.22683312,-0.09415061
840,28.5881,0.138157457113266,-0.0471576489508152,-0.8611955642700195,0.07550084590911865,0.08334444463253021,-0.05997226759791374,0.005391310072688865,-0.040790248579549805,1.6005254603595602,0.047069378197193146,-1.1412315368652344,3.995803117752075,1.825336217880249,5.539806365966797,-0.062859766,0.2200914,-0.10054069
841,28.6221,0.14030209183692932,-0.04280313849449158,-0.8635936975479126,0.07290790975093842,0.09750066697597504,-0.06622995436191559,0.007041804678414123,-0.03836578578573653,1.6007326542923683,0.0436350554227829,-1.3877114057540894,3.5962398052215576,1.8032262325286865,5.4396538734436035,-0.08152227,0.21126413,-0.10593204
842,28.6559,0.1424114853143692,-0.03792698681354523,-0.8663215637207031,0.06980744004249573,0.11084190011024475,-0.07261040061712265,0.009129649111927889,-0.03523236038141974,1.6009999025077577,0.040252458304166794,-1.6271740198135376,3.1350133419036865,1.7363605499267578,5.341844081878662,-0.103355825,0.19913168,-0.1102912
843,28.69,0.14500746130943298,-0.0311131551861763,-0.8700436353683472,0.06550546735525131,0.1265610158443451,-0.08055249601602554,0.010623843729543968,-0.03297536256649661,1.6011877885226629,0.03649095445871353,-1.9217770099639893,2.491835594177246,1.5869262218475342,5.225661277770996,-0.13632268,0.1767602,-0.11256979
844,28.724,0.14703500270843506,-0.025099754333496094,-0.8732434511184692,0.061470769345760345,0.13818106055259705,-0.08654916286468506,0.012836167017181018,-0.029655613673820545,1.6014678199112846,0.034311335533857346,-2.12546443939209,1.8746405839920044,1.4263944625854492,5.134328365325928,-0.16747697,0.14771318,-0.112393424
845,28.7601,0.14893662929534912,-0.018731990829110146,-0.8765115737915039,0.056905899196863174,0.1488770693540573,-0.0922837033867836,0.014796143307965451,-0.026851535991967886,1.6016971180811406,0.03332341089844704,-2.293302059173584,1.194453239440918,1.235775113105774,5.043394088745117,-0.2000543,0.10419714,-0.10780182
846,28.7942,0.15067480504512787,-0.012023230083286762,-0.8799310922622681,0.05169243738055229,0.1585492342710495,-0.09742420166730881,0.016731175350071008,-0.024241284422607957,1.601899118849823,0.03388168662786484,-2.413963556289673,0.4429037868976593,1.01149582862854,4.94899845123291,-0.22734414,0.04171214,-0.09526145
847,28.828,0.15228170156478882,-0.005019779782742262,-0.8834923505783081,0.04605096951127052,0.1672517955303192,-0.10178350657224655,0.019874328574447698,-0.020088047251926557,1.6021759544451368,0.036138273775577545,-2.474989414215088,-0.4157411754131317,0.7664036750793457,4.848539352416992,-0.23579605,-0.039608303,-0.07301646
848,28.862,0.1537262201309204,0.002251064870506525,-0.8871617317199707,0.03961031138896942,0.1747061014175415,-0.1044953241944313,0.02274515797290427,-0.01618378547454584,1.6024317510678387,0.039935655891895294,-2.4817075729370117,-1.3331413269042969,0.4915359914302826,4.74609375,-0.21695706,-0.11654654,-0.0429713
849,28.8959,0.15526600182056427,0.011634089052677155,-0.8917841911315918,0.03034730814397335,0.1822977066040039,-0.10481840372085571,0.026612552654241502,-0.010192934902493438,1.6027537272436294,0.046331197023391724,-2.4051811695098877,-2.551870584487915,0.12326598167419434,4.625283241271973,-0.1713646,-0.18181595,-0.008782468
850,28.9302,0.15625765919685364,0.01933404617011547,-0.895388126373291,0.022092804312705994,0.1866743266582489,-0.10135762393474579,0.029266802557641983,-0.005084513915111737,1.6029942106900636,0.052321888506412506,-2.288703441619873,-3.5167884826660156,-0.1895442008972168,4.546746253967285,-0.13622504,-0.20932141,0.011281787
851,28.9642,0.15698368847370148,0.027086682617664337,-0.8988139629364014,0.013141664676368237,0.1891346424818039,-0.0942009836435318,0.03232927136366498,0.003519879206811713,1.6033719800906914,0.058727752417325974,-2.1143736839294434,-4.4267096519470215,-0.5036198496818542,4.491305351257324,-0.10718654,-0.22440863,0.025530618
852,28.9983,0.15735659003257751,0.034814924001693726,-0.9018722772598267,0.003636537352576852,0.1894356906414032,-0.08268476277589798,0.033666604752778086,0.01130008898993694,1.60368237151574,0.06519229710102081,-1.8650420904159546,-5.237610340118408,-0.8019119501113892,4.463192939758301,-0.08300445,-0.23310196,0.035689417
853,29.0321,0.1573931872844696,0.04243581369519234,-0.9044444561004639,-0.006261709611862898,0.18759068846702576,-0.06862632930278778,0.033785933094965054,0.018367143764436378,1.6039558781596912,0.07150951772928238,-1.6115285158157349,-5.874669551849365,-1.0909311771392822,4.4492506980896,-0.06510058,-0.23731782,0.04407012
854,29.0662,0.1570725440979004,0.04989044368267059,-0.9064264297485352,-0.01636321283876896,0.18312354385852814,-0.05356048047542572,0.03247785286595078,0.028106515285559498,1.6043026217336196,0.07751829922199249,-1.3222355842590332,-6.380978107452393,-1.3370553255081177,4.4493842124938965,-0.049691025,-0.23980397,0.050247967
855,29.1001,0.1561661809682846,0.05881813168525696,-0.908065676689148,-0.028531178832054138,0.17415659129619598,-0.035074763000011444,0.030390277869437925,0.03511414099615544,1.6045407083350727,0.08445560187101364,-0.9503229856491089,-6.848513126373291,-1.585343599319458,4.46100378036499,-0.033492465,-0.24136382,0.055872653
856,29.134,0.1549454927444458,0.06560501456260681,-0.9086945056915283,-0.0377112552523613,0.1644383817911148,-0.020892169326543808,0.028012832352432158,0.04049934400353988,1.6046795921859203,0.08947490900754929,-0.6564726829528809,-7.121764183044434,-1.7442642450332642,4.475350379943848,-0.022293862,-0.24185565,0.059235346
857,29.1679,0.15336591005325317,0.07198601961135864,-0.9087902307510376,-0.045903950929641724,0.15285544097423553,-0.007877131924033165,0.02403495601715407,0.04678812427927459,1.6048254002556022,0.09402596205472946,-0.3427041172981262,-7.327366828918457,-1.856055736541748,4.497621059417725,-0.011322997,-0.24209733,0.061324365
858,29.202,0.15138956904411316,0.07787676900625229,-0.9083930253982544,-0.05322201922535896,0.13964420557022095,0.0042211199179291725,0.02054442983898207,0.05066917806417149,1.6048959740244892,0.09805801510810852,-0.053485769778490067,-7.477200984954834,-1.9470298290252686,4.5195746421813965,-0.001730544,-0.24192652,0.06299659
859,29.236,0.14654143154621124,0.08787184208631516,-0.9061979055404663,-0.06488508731126785,0.1092674657702446,0.02489812858402729,0.01606195313675582,0.05410024500981826,1.6049222061612265,0.10440536588430405,0.4652233421802521,-7.658962726593018,-2.0563716888427734,4.563484191894531,0.014640985,-0.24103424,0.06471581
860,29.2704,0.14654143154621124,0.08787184208631516,-0.9061979055404663,-0.06488508731126785,0.1092674657702446,0.02489812858402729,0.012946931631987697,0.055699797817168696,1.60491048825243,0.10440536588430405,0.49944549798965454,-7.6445794105529785,-2.0493767261505127,4.569423198699951,0.015744934,-0.24099405,0.06460625
861,29.304,0.14033982157707214,0.09566695988178253,-0.9019304513931274,-0.07259292900562286,0.0709933489561081,0.0424748994410038,0.008592266896436532,0.05690091259711886,1.604908091407449,0.10855210572481155,1.0269172191619873,-7.682985305786133,-2.0665042400360107,4.626014232635498,0.03200296,-0.23943338,0.06440076
862,29.338,0.13737554848194122,0.09782390296459198,-0.8995492458343506,-0.07433969527482986,0.053277987986803055,0.04859501123428345,0.005297692678291474,0.05707163370656054,1.604886919276783,0.10928908735513687,1.2648851871490479,-7.636660575866699,-2.044809103012085,4.655917644500732,0.03949689,-0.23845987,0.063850544
863,29.3721,0.13429242372512817,0.09918888658285141,-0.8969279527664185,-0.07533421367406845,0.03530871868133545,0.05378342419862747,0.0025678329267706614,0.05673750269710728,1.6048806608482211,0.10937125235795975,1.4996896982192993,-7.55755090713501,-2.0090878009796143,4.68582010269165,0.047085766,-0.23728448,0.06307934
864,29.4061,0.13119561970233917,0.09975498169660568,-0.8940809965133667,-0.07522321492433548,0.01752416044473648,0.05803568288683891,-0.0010697316026785455,0.05560811849664272,1.6048853213801288,0.10879500210285187,1.7291580438613892,-7.430939674377441,-1.95794677734375,4.716901779174805,0.054882057,-0.23585191,0.062143624
865,29.4401,0.12817323207855225,0.0995277613401413,-0.8911083936691284,-0.07396350800991058,-0.0001835616130847484,0.061403851956129074,-0.0037304039115027532,0.054244380281440394,1.6048811934804392,0.10759268701076508,1.9412875175476074,-7.265476703643799,-1.8926537036895752,4.746432304382324,0.06258292,-0.23422326,0.061015066
866,29.474,0.1245260089635849,0.09815415740013123,-0.8872504234313965,-0.0714745968580246,-0.02166050113737583,0.06457450985908508,-0.00588414259657024,0.0527748854426375,1.6048987703436337,0.10522527992725372,2.1929821968078613,-6.998143196105957,-1.7888612747192383,4.779726982116699,0.072627604,-0.23176584,0.059243847
867,29.5084,0.12174305319786072,0.09635011851787567,-0.8841402530670166,-0.06861837208271027,-0.03815275430679321,0.0663670226931572,-0.008657447764116222,0.05033537994985448,1.6049034308755414,0.1028115451335907,2.374812126159668,-6.705638408660889,-1.6977252960205078,4.803188323974609,0.08117882,-0.2292206,0.058033787
868,29.5421,0.1191033348441124,0.09390433132648468,-0.8810282945632935,-0.06495843082666397,-0.05416251718997955,0.06745042651891708,-0.010616244357761534,0.04816662223258084,1.6049200756323543,0.09991510957479477,2.5390970706939697,-6.353536128997803,-1.5913296937942505,4.823626518249512,0.09036286,-0.22611333,0.056633167
869,29.5758,0.11663888394832611,0.09079557657241821,-0.8779658079147339,-0.06086307391524315,-0.06953679025173187,0.06811775267124176,-0.01284002339927513,0.04524091923210102,1.604940581972748,0.09651723504066467,2.6786937713623047,-5.910889148712158,-1.480132818222046,4.840973854064941,0.1006092,-0.2220074,0.055592384
870,29.6102,0.1143469586968422,0.08709032088518143,-0.8749655485153198,-0.05623123422265053,-0.084141306579113,0.06828675419092178,-0.01421528186678665,0.04312191685413064,1.6049507019848903,0.09267736971378326,2.800215721130371,-5.399627685546875,-1.3531851768493652,4.8591227531433105,0.11234593,-0.21663551,0.054290403
871,29.644,0.11233635246753693,0.08278776705265045,-0.8720587491989136,-0.05094724893569946,-0.0980575904250145,0.06823544949293137,-0.01597651039854821,0.039964443937408264,1.604945641978819,0.08837362378835678,2.8767282962799072,-4.78330135345459,-1.2245880365371704,4.882719993591309,0.12585282,-0.20926273,0.053574007
872,29.6779,0.11024905741214752,0.07660120725631714,-0.8685076236724854,-0.04375842958688736,-0.11429286748170853,0.0677286684513092,-0.017247886858195227,0.03741290258651697,1.604947506191582,0.0823400691151619,2.9287309646606445,-3.916994094848633,-1.040463924407959,4.930389881134033,0.14642814,-0.19583847,0.05202021
873,29.7121,0.10890862345695496,0.07108364999294281,-0.8657232522964478,-0.037557199597358704,-0.12636235356330872,0.06713869422674179,-0.01833007172982463,0.03513128925686203,1.6049369867052763,0.07706212252378464,2.9237427711486816,-3.1397359371185303,-0.8823574781417847,4.990167140960693,0.16687869,-0.17920695,0.050362386
874,29.7461,0.10784938186407089,0.0651058554649353,-0.8630094528198242,-0.030956504866480827,-0.13748705387115479,0.06635389477014542,-0.019825809108337814,0.031816383988418545,1.6049501693526722,0.07143746316432953,2.8723559379577637,-2.291846990585327,-0.7199341058731079,5.073153018951416,0.19177155,-0.15301414,0.048066076
875,29.78,0.10708483308553696,0.05877602472901344,-0.8603696823120117,-0.023822402581572533,-0.14792218804359436,0.06528738886117935,-0.02106840470286056,0.029064624938418333,1.6049324593314234,0.06557413935661316,2.7921719551086426,-1.4208803176879883,-0.5451328754425049,5.178031921386719,0.21951151,-0.111705005,0.042856578
876,29.8141,0.10663038492202759,0.05209728330373764,-0.8578399419784546,-0.01635538972914219,-0.1575668752193451,0.06388334929943085,-0.022298647807233462,0.026498677550505396,1.60494271250162,0.05949149280786514,2.6885781288146973,-0.5375314950942993,-0.36457768082618713,5.298984527587891,0.24300946,-0.04858525,0.03295267
877,29.8504,0.10644947737455368,0.0451640859246254,-0.8555681705474854,-0.008481287397444248,-0.16597992181777954,0.061864398419857025,-0.024252575809510974,0.022476536565077747,1.6049500361946178,0.05332839861512184,2.5597164630889893,0.3529876172542572,-0.19647452235221863,5.429347991943359,0.24694344,0.034053765,0.01895448
878,29.884,0.10661409050226212,0.036129727959632874,-0.852928876876831,0.001770886592566967,-0.17497387528419495,0.05796067416667938,-0.02653499640987135,0.01771273226379285,1.6049550962006889,0.04556522145867348,2.394710063934326,1.4103889465332031,0.019699156284332275,5.593513488769531,0.21540987,0.12686785,-0.001771986
879,29.9181,0.10706652700901031,0.028722550719976425,-0.8510251045227051,0.01071920245885849,-0.18100449442863464,0.052579622715711594,-0.028505282046906832,0.012934719581973462,1.6049993046747844,0.03951224312186241,2.2497472763061523,2.2014501094818115,0.1966467797756195,5.721141815185547,0.17833659,0.1745081,-0.015588113
880,29.9522,0.10784365236759186,0.021197568625211716,-0.8493632078170776,0.020367739722132683,-0.18521559238433838,0.04525216668844223,-0.0301690420036634,0.007886761193863615,1.6050657505439818,0.03376463055610657,2.0941812992095947,2.908782958984375,0.37612637877464294,5.840045928955078,0.14527194,0.2017803,-0.026091632
881,29.9859,0.10896997898817062,0.013665505684912205,-0.8480141162872314,0.030603740364313126,-0.1872413009405136,0.03578673675656319,-0.0317421650177894,-0.0007931878757762678,1.6051935822763055,0.028608370572328568,1.8972039222717285,3.544276237487793,0.5328341722488403,5.947427749633789,0.11695925,0.21849833,-0.03284828
