step,t_s,north_m,east_m,down_m,vn_m_s,ve_m_s,vd_m_s,roll_rad,pitch_rad,yaw_rad,pos_error_m,raw_action_0,raw_action_1,raw_action_2,raw_action_3,cmd_vn_m_s,cmd_ve_m_s,cmd_vd_m_s
1,0.0,0.07779764384031296,-0.07502621412277222,-0.9206491708755493,0.009861879982054234,0.003816739423200488,-0.048541177064180374,-0.004199324941850634,0.0030402004620761333,1.5998486179685165,0.03650859743356705,0.5103015303611755,1.2201764583587646,-0.8736293315887451,5.210072994232178,0.08048533,0.1924476,0.1377898
2,0.0336,0.07812923192977905,-0.0750599279999733,-0.922270655632019,0.011089213192462921,0.003006286220625043,-0.04756538197398186,-0.004044324805218819,0.0030343230424008695,1.5998097358166012,0.037989623844623566,0.4613402485847473,1.2386384010314941,-1.0205001831054688,5.218744277954102,0.069068104,0.18543886,0.15278098
3,0.0676,0.07849323749542236,-0.07509100437164307,-0.9238898754119873,0.012346171773970127,0.0021353294141590595,-0.04639451950788498,-0.0038749891117074867,0.0029998850405547825,1.599796153695042,0.03947729244828224,0.40946537256240845,1.257423758506775,-1.1690850257873535,5.228276252746582,0.05799503,0.17809644,0.1655845
4,0.1012,0.07895473390817642,-0.07510022819042206,-0.9254199266433716,0.01371033675968647,0.0012049560900777578,-0.018503105267882347,-0.003779370445377658,0.002379703222222856,1.5997629973394705,0.04088086262345314,0.3610517680644989,1.2604453563690186,-1.6132537126541138,5.291963577270508,0.0434194,0.15157875,0.19400682
5,0.1351,0.07936593145132065,-0.0750683844089508,-0.9255334138870239,0.014801840297877789,0.0009030430228449404,0.015615500509738922,-0.004014900776288321,0.0006137237827256466,1.599737297834951,0.04093605652451515,0.3210378587245941,1.254457950592041,-2.000138521194458,5.365084648132324,0.033684175,0.13162118,0.20986004
6,0.1693,0.0798644945025444,-0.07499197125434875,-0.9245282411575317,0.016045210883021355,0.001288887346163392,0.05127018690109253,-0.004597555950088049,-0.0035668660549231725,1.5997353004641337,0.039905842393636703,0.2550884187221527,1.2517791986465454,-2.311634063720703,5.437650680541992,0.024145583,0.11848808,0.21880943
7,0.2032,0.08043351769447327,-0.0748424157500267,-0.9222744703292847,0.017327917739748955,0.0028325787279754877,0.08565643429756165,-0.004968540531719892,-0.006989686823940733,1.5997242483456098,0.037676818668842316,0.19608600437641144,1.2109124660491943,-2.495083808898926,5.498307228088379,0.017631577,0.10888231,0.22435187
8,0.2375,0.081069216132164,-0.07460547983646393,-0.9187877178192139,0.018724486231803894,0.005448705051094294,0.11703743040561676,-0.005089293561060319,-0.00959381208249618,1.599717723600939,0.03428483009338379,0.14164994657039642,1.1325304508209229,-2.5429041385650635,5.5433197021484375,0.012704935,0.10157946,0.22807936
9,0.2714,0.08175953477621078,-0.07423219829797745,-0.9141649007797241,0.02007773518562317,0.008854620158672333,0.14449279010295868,-0.004882769059565226,-0.012462609780324267,1.5996874967225667,0.029879651963710785,0.08040717244148254,1.0235248804092407,-2.467397451400757,5.571190357208252,0.007521791,0.095746934,0.23081581
10,0.3054,0.0827176570892334,-0.07357379049062729,-0.9070459604263306,0.021817127242684364,0.014038605615496635,0.1736845076084137,-0.004485439468938965,-0.013984670841737202,1.5996850998775856,0.023357748985290527,0.0219048373401165,0.834601879119873,-2.20700740814209,5.587169647216797,0.0023207774,0.08842454,0.2338284
11,0.3391,0.0835551917552948,-0.07285056263208389,-0.9003565311431885,0.022970853373408318,0.018786266446113586,0.1934172809123993,-0.0037374350208846177,-0.015014839808028696,1.5996740477590619,0.017789268866181374,-0.02377467229962349,0.6425808668136597,-1.8855942487716675,5.587186813354492,-0.0029834395,0.08063628,0.23661971
12,0.3727,0.08450514823198318,-0.07195398211479187,-0.8929969072341919,0.024062195792794228,0.023698218166828156,0.21037974953651428,-0.0030649197464637074,-0.015265662769335624,1.599662995640538,0.013143889605998993,-0.06139371171593666,0.42252084612846375,-1.4777706861495972,5.584631443023682,-0.00997809,0.06867073,0.24017653
13,0.4071,0.08550668507814407,-0.07090595364570618,-0.8850473165512085,0.02494206838309765,0.028773898258805275,0.22480320930480957,-0.002026034649237358,-0.015020231668938806,1.5996540740508862,0.012040513567626476,-0.08895175158977509,0.17435196042060852,-0.9948346614837646,5.585267066955566,-0.02193292,0.042990133,0.24529736
14,0.4414,0.08653769642114639,-0.06970645487308502,-0.8766303062438965,0.025605862960219383,0.0338076576590538,0.23722632229328156,-0.0011050621796087296,-0.014415559903139015,1.5996446198290164,0.016130082309246063,-0.10352911055088043,-0.1031356155872345,-0.4543856084346771,5.597111225128174,-0.054225694,-0.054019593,0.23799466
15,0.4755,0.08759573847055435,-0.06832611560821533,-0.8678061962127686,0.025944817811250687,0.03856756165623665,0.2482292801141739,-0.00025372950320146103,-0.013541183780022554,1.5996356982393647,0.023279361426830292,-0.10541418194770813,-0.39551565051078796,0.12363508343696594,5.628143787384033,-0.061633214,-0.23124878,-0.07228655
16,0.5092,0.08891961723566055,-0.0663493201136589,-0.8562816381454468,0.026058929041028023,0.0442252941429615,0.2588987946510315,0.0011769930163247387,-0.011560120662950656,1.5996427556162534,0.03404155373573303,-0.09170924127101898,-0.7983831167221069,0.8904290199279785,5.697822570800781,-0.019114789,-0.16640551,-0.18559048
17,0.5433,0.08998945355415344,-0.06464054435491562,-0.8471169471740723,0.025669055059552193,0.04836354777216911,0.23647837340831757,0.0026465899343002756,-0.00845340957317007,1.599651677205905,0.04303764924407005,-0.08884395658969879,-1.1113375425338745,1.7641551494598389,5.756152153015137,-0.010642985,-0.13313171,-0.21133544
18,0.5774,0.09101705998182297,-0.06280576437711716,-0.8393392562866211,0.024759769439697266,0.051694486290216446,0.1795540452003479,0.004045856382919939,-0.004050874777099058,1.5996877630386757,0.05094658210873604,-0.12234978377819061,-1.3593114614486694,2.7361745834350586,5.798656940460205,-0.010003513,-0.11113946,-0.22371398
19,0.6136,0.09202075004577637,-0.06086312606930733,-0.8335957527160645,0.02324214205145836,0.05323135480284691,0.11557452380657196,0.005578389857185826,0.0031269469528759845,1.599728509403354,0.05706702917814255,-0.16211815178394318,-1.561545968055725,3.4639034271240234,5.8186235427856445,-0.010657061,-0.10265038,-0.22770448
20,0.6472,0.09295878559350967,-0.05894963815808296,-0.8300248384475708,0.021452907472848892,0.05245543271303177,0.056154169142246246,0.006379325152054149,0.009644138545017571,1.599767657871378,0.061186909675598145,-0.21625365316867828,-1.6889002323150635,3.9347116947174072,5.8079657554626465,-0.012610074,-0.0984823,-0.22943893
21,0.6813,0.0937739908695221,-0.05717729404568672,-0.8286895751953125,0.019347211346030235,0.04970378801226616,0.004247648175805807,0.006617682230805444,0.013717658773835035,1.5997862999990087,0.06321323662996292,-0.2834927439689636,-1.747196912765503,4.222527027130127,5.766962051391602,-0.015479513,-0.09540194,-0.23056203
22,0.7153,0.09453412145376205,-0.05523289367556572,-0.8297935724258423,0.016568463295698166,0.04402083158493042,-0.049383725970983505,0.006638795584674078,0.016410055338958996,1.5998234510962153,0.06315471231937408,-0.36293819546699524,-1.7560012340545654,4.412811279296875,5.688136100769043,-0.019049035,-0.09216481,-0.23160912
23,0.7493,0.09496858716011047,-0.05396115034818649,-0.8324903249740601,0.014435522258281708,0.03832102194428444,-0.08402664959430695,0.006512048362286371,0.019032590738846916,1.5998606021934219,0.06143369898200035,-0.40067362785339355,-1.7380149364471436,4.472594261169434,5.616193771362305,-0.020802911,-0.09023746,-0.23221637
24,0.7832,0.09524063020944595,-0.053008027374744415,-0.8364702463150024,0.012254634872078896,0.03190472349524498,-0.11222697049379349,0.006346244738185621,0.020296370947603403,1.5998909622298487,0.0585421659052372,-0.435158371925354,-1.6830439567565918,4.470259666442871,5.535783767700195,-0.022681624,-0.087724775,-0.23300195
25,0.8172,0.09539993852376938,-0.052342865616083145,-0.8414219617843628,0.010163754224777222,0.025121495127677917,-0.13517066836357117,0.006194916330877023,0.020902487686354023,1.5999022806644816,0.05483377352356911,-0.4657108187675476,-1.6036618947982788,4.418498992919922,5.451022624969482,-0.024648443,-0.08487621,-0.23385568
26,0.851,0.09543544799089432,-0.05204448476433754,-0.8471755981445312,0.008154081180691719,0.018072081729769707,-0.15381669998168945,0.006024155690137903,0.021128157299224612,1.5999202570018396,0.050481464713811874,-0.48934441804885864,-1.4920190572738647,4.324480056762695,5.362977981567383,-0.026590591,-0.08107515,-0.23498885
27,0.8853,0.09539086371660233,-0.052185989916324615,-0.8535652160644531,0.006189281120896339,0.010705584660172462,-0.1689995378255844,0.005883646374757752,0.020875602242911833,1.5999108027799698,0.04567434638738632,-0.5114567279815674,-1.3379838466644287,4.191983699798584,5.272152900695801,-0.02886353,-0.07550773,-0.23657025
28,0.9192,0.09527132660150528,-0.05291472002863884,-0.8622313737869263,0.0038676117546856403,0.0016686737071722746,-0.18395882844924927,0.0057493882058581814,0.020155262941126635,1.5999151969957686,0.03944716975092888,-0.5393620133399963,-1.1035046577453613,3.9693453311920166,5.1592864990234375,-0.032452296,-0.06639559,-0.23882729
29,0.9534,0.09511547535657883,-0.053882721811532974,-0.8695508241653442,0.0020526729058474302,-0.005439364816993475,-0.19336196780204773,0.005673103204789622,0.019435287743396718,1.5998936253909388,0.03470669314265251,-0.5596717000007629,-0.8880624771118164,3.7427351474761963,5.07300329208374,-0.035994966,-0.057115234,-0.24071188
30,0.9871,0.09491780400276184,-0.05520685017108917,-0.8772358894348145,0.00021507663768716156,-0.012266685254871845,-0.201292484998703,0.005585075847938146,0.018137537666579513,1.599869923257237,0.030578363686800003,-0.5859681963920593,-0.6433507204055786,3.4643609523773193,4.990854263305664,-0.04101142,-0.045027573,-0.2424677
31,1.0213,0.094675213098526,-0.05682462081313133,-0.885113000869751,-0.001588520361110568,-0.018779892474412918,-0.20817749202251434,0.005546583807510793,0.016881001047928584,1.5998427590141184,0.02776084654033184,-0.6129206418991089,-0.3800409138202667,3.132911205291748,4.918023586273193,-0.047663294,-0.029553585,-0.2436284
32,1.0554,0.09437893331050873,-0.05873774737119675,-0.8931344747543335,-0.0033805551938712597,-0.02500421553850174,-0.21387095749378204,0.005531351254283651,0.015606275871270255,1.5998279784700684,0.026879092678427696,-0.6406080722808838,-0.09534898400306702,2.738067865371704,4.858214378356934,-0.05692017,-0.008472076,-0.24328649
33,1.0894,0.09405455738306046,-0.060900021344423294,-0.9013324975967407,-0.00503822136670351,-0.03083447925746441,-0.2186506688594818,0.005624703372869334,0.013480476190736355,1.5998008142269495,0.02836223691701889,-0.6840422749519348,0.21192440390586853,2.264143705368042,4.812931537628174,-0.07201373,0.022310706,-0.23836161
34,1.1235,0.09361737966537476,-0.06394225358963013,-0.9116661548614502,-0.007151639088988304,-0.03734486550092697,-0.22362981736660004,0.0057661931684555015,0.011530895590878939,1.5997697884002502,0.033169522881507874,-0.7302259802818298,0.6143894195556641,1.569288969039917,4.783971309661865,-0.09939514,0.083627984,-0.2136047
35,1.1576,0.09323776513338089,-0.06656908988952637,-0.9199972152709961,-0.008808605372905731,-0.04186636582016945,-0.22663651406764984,0.005993241175249667,0.009568109457085012,1.5997439557376765,0.03875286132097244,-0.768878698348999,0.9488362073898315,0.9264693260192871,4.783670902252197,-0.12539537,0.15474439,-0.1510966
36,1.1912,0.09276178479194641,-0.069300077855587,-0.9283080101013184,-0.010734974406659603,-0.04563204199075699,-0.22816058993339539,0.0065897003140081975,0.006221449633682889,1.5996856325098037,0.045279357582330704,-0.8084473609924316,1.2864347696304321,0.2098141610622406,4.801687240600586,-0.1317725,0.20968182,-0.03419856
37,1.2252,0.09219382703304291,-0.07205632328987122,-0.9364830255508423,-0.012674184516072273,-0.048673082143068314,-0.22601066529750824,0.007386253876645499,0.0027865991267530615,1.599649014044815,0.05231195315718651,-0.8255560398101807,1.6086229085922241,-0.5635533332824707,4.841407775878906,-0.10897649,0.21234426,0.07439115
38,1.2592,0.09092749655246735,-0.07747720927000046,-0.9514291286468506,-0.01709078997373581,-0.05100519210100174,-0.19017064571380615,0.008852140444260526,-0.0028252883035189175,1.599561795519115,0.06611268222332001,-0.7290218472480774,2.133464813232422,-2.276697874069214,5.008764743804932,-0.056881282,0.16646169,0.17763732
39,1.2933,0.09092749655246735,-0.07747720927000046,-0.9514291286468506,-0.01709078997373581,-0.05100519210100174,-0.19017064571380615,0.010040233822896419,-0.007563649013420548,1.599500276497934,0.06611268222332001,-0.7949954271316528,2.146158456802368,-2.3080406188964844,5.001778602600098,-0.06114607,0.16506907,0.17752004
40,1.3273,0.08922586590051651,-0.08310511708259583,-0.9626172780990601,-0.02340693026781082,-0.046842560172080994,-0.08898259699344635,0.01136108370127816,-0.014537269485847538,1.5994012069053831,0.07693362236022949,-0.49050480127334595,2.49023175239563,-4.051666736602783,5.305909156799316,-0.025648711,0.13021532,0.21186343
41,1.3614,0.08822251111268997,-0.08529789745807648,-0.9647315740585327,-0.026782704517245293,-0.042444102466106415,-0.03879239410161972,0.01164904007473758,-0.019283050636395863,1.5993344947200767,0.07903631776571274,-0.34410667419433594,2.5769119262695312,-4.5641021728515625,5.4267497062683105,-0.016377889,0.12264911,0.2172302
42,1.3955,0.0871153324842453,-0.0872495174407959,-0.9650207757949829,-0.030207986012101173,-0.03699084743857384,0.008965023793280125,0.011360140151626324,-0.022495424202871293,1.5993048004739223,0.07937362045049667,-0.37399032711982727,2.6002814769744873,-4.575821399688721,5.426518440246582,-0.017720252,0.12320544,0.21680963
43,1.4293,0.08593405038118362,-0.0889173224568367,-0.9635708332061768,-0.03349147364497185,-0.03051561675965786,0.051365409046411514,0.01015201376786869,-0.02556937581050065,1.5992850930818556,0.07801711559295654,-0.04039590433239937,2.661435127258301,-5.09239387512207,5.605381965637207,-0.0017575442,0.11579367,0.22155978
44,1.4633,0.08466380834579468,-0.0903264731168747,-0.9605933427810669,-0.03636325150728226,-0.0233086459338665,0.08764847368001938,0.008683948297557111,-0.026848425503038457,1.5993111920605385,0.07517345994710922,0.11011172831058502,2.6690833568573,-5.154313087463379,5.663734436035156,0.0047417516,0.11493899,0.22196066
45,1.4976,0.08296127617359161,-0.09168335795402527,-0.9549695253372192,-0.03943835571408272,-0.013520186766982079,0.1258007287979126,0.007228605143085816,-0.027332336437268068,1.5993383563036574,0.06977145373821259,0.2916955351829529,2.6405069828033447,-5.09594202041626,5.714174270629883,0.012689423,0.1148681,0.22168513
46,1.5313,0.08151093125343323,-0.09245980530977249,-0.9492243528366089,-0.04128224402666092,-0.005602827295660973,0.15133291482925415,0.004932295013313643,-0.027185716935691596,1.5993925516318404,0.06425756216049194,0.44227930903434753,2.6158182621002197,-4.952556610107422,5.744580268859863,0.019680101,0.116396055,0.2203739
47,1.5653,0.08001063019037247,-0.09293957054615021,-0.9425630569458008,-0.04267876222729683,0.0023957148659974337,0.17265363037586212,0.003007062051633086,-0.026571373525886153,1.5994512743338767,0.057888343930244446,0.5898648500442505,2.5661284923553467,-4.731446743011475,5.763270378112793,0.027234156,0.11847857,0.21845166
48,1.5993,0.0784790962934494,-0.09311968833208084,-0.9351990222930908,-0.04362509399652481,0.0100729800760746,0.19004696607589722,0.0006442573537460416,-0.025400256758902215,1.599529571269925,0.050902578979730606,0.7427509427070618,2.5043537616729736,-4.431272029876709,5.772759437561035,0.036098678,0.1217149,0.21536566
49,1.6333,0.07693740725517273,-0.09298879653215408,-0.9272005558013916,-0.043788112699985504,0.017685722559690475,0.20410853624343872,-0.0009920240600697072,-0.02441894015385686,1.5995970824035586,0.04341840371489525,0.8846678137779236,2.4093902111053467,-4.052596092224121,5.76927375793457,0.046105143,0.12556721,0.21120416
50,1.6674,0.07541907578706741,-0.09255587309598923,-0.9188176393508911,-0.04343990609049797,0.02500588446855545,0.21526187658309937,-0.0031709881991801945,-0.02296971446766299,1.599695486205837,0.03577802702784538,1.032631754875183,2.2957985401153564,-3.5942413806915283,5.755017280578613,0.058831114,0.13079627,0.20477118
51,1.7018,0.0735829770565033,-0.09163481742143631,-0.907823920249939,-0.0424201525747776,0.033775653690099716,0.22502265870571136,-0.004865157866559776,-0.021783758899980268,1.5997793757801744,0.02640422433614731,1.2052639722824097,2.1040761470794678,-2.9074060916900635,5.71433162689209,0.079589635,0.13894272,0.19199064
52,1.7355,0.07220311462879181,-0.09065552800893784,-0.8987571001052856,-0.040986109524965286,0.040332943201065063,0.23019032180309296,-0.006290002625063161,-0.02081249364745536,1.5998615342998035,0.019943203777074814,1.3436377048492432,1.9251824617385864,-2.26908540725708,5.670034408569336,0.10288087,0.14740913,0.1737414
53,1.7695,0.07090769708156586,-0.0895223468542099,-0.8895813226699829,-0.03878888115286827,0.046533484011888504,0.2321179211139679,-0.008344955458668497,-0.019536506590171147,1.5999725881172597,0.01622035726904869,1.4889321327209473,1.7371089458465576,-1.54868745803833,5.622285842895508,0.13473181,0.15718906,0.140139
54,1.8033,0.06967014074325562,-0.08821607381105423,-0.8804582357406616,-0.03625117242336273,0.05257473886013031,0.230754554271698,-0.010073492127603384,-0.018699606137019143,1.600071524551756,0.017278635874390602,1.6335303783416748,1.527435541152954,-0.7723973989486694,5.57550048828125,0.17260276,0.16139252,0.08161337
55,1.8374,0.06851345300674438,-0.08674684166908264,-0.8715527057647705,-0.033097874373197556,0.058413535356521606,0.22392112016677856,-0.011745199955738155,-0.018099190227476972,1.6001416988464796,0.022287096828222275,1.7751296758651733,1.3084930181503296,0.05946803092956543,5.538951396942139,0.2011636,0.14828278,-0.0067391153
56,1.8712,0.06747215241193771,-0.08509960025548935,-0.8630582094192505,-0.029274392873048782,0.0642828419804573,0.2108609676361084,-0.01453496834821814,-0.017464367525007744,1.6002299826366158,0.028926031664013863,1.9124712944030762,1.1036560535430908,0.9267487525939941,5.524094581604004,0.1996588,0.11521984,-0.09675101
57,1.9051,0.06639443337917328,-0.08272769302129745,-0.8535033464431763,-0.023117011412978172,0.07166504859924316,0.17889772355556488,-0.01709471764481284,-0.017058626610555763,1.6003136058948444,0.03737768530845642,2.0335488319396973,0.8438479900360107,2.0483570098876953,5.530738830566406,0.16905747,0.07015263,-0.17028853
58,1.9395,0.06578510254621506,-0.08056537061929703,-0.8472299575805664,-0.016893943771719933,0.07771924883127213,0.1388058215379715,-0.020608911626875615,-0.016267799884559432,1.60040335442358,0.04324749857187271,2.079009532928467,0.6630991697311401,2.915693759918213,5.55379581451416,0.1427156,0.04551908,-0.20015061
59,1.9734,0.06544847041368484,-0.07812110334634781,-0.8425501585006714,-0.009448540396988392,0.08386324346065521,0.08999846875667572,-0.02284456254118608,-0.015218604920933384,1.600436377621097,0.047789376229047775,2.081486225128174,0.5038796663284302,3.6479525566101074,5.58066463470459,0.12301537,0.029779175,-0.21559317
60,2.0073,0.06543655693531036,-0.07538076490163803,-0.8396478891372681,-0.0011110393097624183,0.0893934965133667,0.041373055428266525,-0.025131934956698323,-0.012844261570478637,1.6004435681560403,0.050769150257110596,2.038140296936035,0.31390419602394104,4.155637741088867,5.599226951599121,0.10983329,0.016915975,-0.22394305
61,2.0413,0.0657813549041748,-0.07238664478063583,-0.8385106325149536,0.007764005102217197,0.09437684714794159,-0.004244466777890921,-0.02596565001951524,-0.010273341561467815,1.6004081481135422,0.05219510942697525,1.9440559148788452,0.07175794243812561,4.468888759613037,5.603690147399902,0.099716485,0.003680681,-0.22922277
62,2.0755,0.06651505827903748,-0.06914986670017242,-0.8390543460845947,0.016911497339606285,0.09840244054794312,-0.04515783488750458,-0.025888543183579037,-0.007710219100875232,1.6003693991196815,0.05219082534313202,1.8029773235321045,-0.22024276852607727,4.633066177368164,5.595096588134766,0.090576425,-0.011064366,-0.232752
63,2.1094,0.06794768571853638,-0.06481323391199112,-0.8419128656387329,0.02809966169297695,0.1020512506365776,-0.08846338838338852,-0.024752180668820633,-0.003831297925445,1.6002827132261994,0.05051286146044731,1.5809884071350098,-0.6658612489700317,4.676851749420166,5.570003509521484,0.079342194,-0.03341637,-0.23470868
64,2.1432,0.06952060759067535,-0.061215419322252274,-0.8456273078918457,0.036707472056150436,0.10366804152727127,-0.11726284772157669,-0.023211263178533177,-0.000723765260871098,1.6002108078767672,0.0482778400182724,1.362281084060669,-1.0661312341690063,4.616990089416504,5.540629863739014,0.06907531,-0.054058846,-0.23410735
65,2.1773,0.07149399816989899,-0.05755219608545303,-0.850386381149292,0.04484556242823601,0.10417184233665466,-0.14143851399421692,-0.021545980226528223,0.0019681539378289554,1.6001447614817332,0.045667048543691635,1.1040759086608887,-1.484090805053711,4.492940902709961,5.503300666809082,0.05680795,-0.07636083,-0.231175
66,2.2114,0.07386291027069092,-0.05388415604829788,-0.8560061454772949,0.052215706557035446,0.10360127687454224,-0.1613699495792389,-0.018784119889737126,0.005811758710379727,1.600038501354239,0.043119121342897415,0.8215890526771545,-1.9414138793945312,4.310717582702637,5.460368633270264,0.04280375,-0.10114521,-0.22458293
67,2.2453,0.07654554396867752,-0.05023171380162239,-0.8623279333114624,0.058791711926460266,0.10207663476467133,-0.17739759385585785,-0.016316245489560958,0.008871989316760023,1.5999468886127404,0.04116230458021164,0.5105017423629761,-2.3828303813934326,4.085000038146973,5.408885955810547,0.026830949,-0.1252368,-0.21469942
68,2.2792,0.07947719842195511,-0.04664004221558571,-0.8692092895507812,0.06472297012805939,0.09945961833000183,-0.18997055292129517,-0.013076661906885481,0.01271232482500583,1.5998711216797277,0.04030147194862366,0.18831102550029755,-2.827103614807129,3.818244695663452,5.351771354675293,0.009901354,-0.14864852,-0.2007625
69,2.3134,0.08344247937202454,-0.04232778772711754,-0.878399133682251,0.07087230682373047,0.09469237178564072,-0.2006186842918396,-0.01070877984296608,0.015401941715742022,1.599792425269516,0.04129834845662117,-0.23606474697589874,-3.283608913421631,3.439899444580078,5.267016887664795,-0.012394769,-0.17240854,-0.1806147
70,2.3473,0.08682208508253098,-0.039082374423742294,-0.8860390186309814,0.07468226552009583,0.0899178609251976,-0.2055429071187973,-0.007222049709644748,0.019243373697342886,1.599684434087313,0.043867744505405426,-0.5639415383338928,-3.650088310241699,3.094194173812866,5.194448947906494,-0.029260905,-0.18939,-0.16054665
71,2.3815,0.09033873677253723,-0.03608197718858719,-0.8939210176467896,0.07781737297773361,0.08402036130428314,-0.20640337467193604,-0.004340090170366785,0.022294157884083156,1.5995812365950726,0.04781315475702286,-0.891483724117279,-3.9450466632843018,2.7078044414520264,5.116091728210449,-0.045789696,-0.20263128,-0.13908224
72,2.4153,0.09392113983631134,-0.033385518938302994,-0.901677131652832,0.0799340158700943,0.07733816653490067,-0.2037196159362793,-0.0017090351256967007,0.024940676297944,1.599501075446261,0.052742063999176025,-1.2049009799957275,-4.177765369415283,2.2892675399780273,5.035984039306641,-0.061300844,-0.21254903,-0.116469346
73,2.4492,0.09751175343990326,-0.031058989465236664,-0.9091876745223999,0.08107922226190567,0.06958644092082977,-0.19765692949295044,0.0021188497143414973,0.02857887683915549,1.5993866926774423,0.05820668488740921,-1.4917535781860352,-4.37540864944458,1.8369276523590088,4.95780611038208,-0.07497278,-0.21989995,-0.092320584
74,2.4834,0.10105250030755997,-0.029095858335494995,-0.9163516759872437,0.08123716711997986,0.06092527508735657,-0.1885211020708084,0.005229633307980437,0.031250587092452806,1.5993014715225597,0.06388742476701736,-1.7609608173370361,-4.490588665008545,1.3514223098754883,4.882821559906006,-0.08788523,-0.22411425,-0.06744617
75,2.5173,0.10540363937616348,-0.02717164158821106,-0.9246032238006592,0.08012282103300095,0.04894106090068817,-0.1730908751487732,0.007933646873062571,0.03333440661570973,1.5992012035075183,0.07086295634508133,-2.07321834564209,-4.518466472625732,0.6993427276611328,4.801163673400879,-0.10324085,-0.2250078,-0.034825437
76,2.5519,0.10879100114107132,-0.026105446740984917,-0.9305351972579956,0.07813673466444016,0.03846973553299904,-0.15835769474506378,0.011621154905589308,0.03584403438835129,1.599092812851152,0.0760619044303894,-2.2928128242492676,-4.503456115722656,0.15277978777885437,4.748433589935303,-0.11337463,-0.22268614,-0.0075546294
77,2.5863,0.1120120957493782,-0.02546669729053974,-0.9357864856719971,0.07536712288856506,0.02753373794257641,-0.14126701653003693,0.014395540421882184,0.03739850903306294,1.599022771714483,0.08073477447032928,-2.489607810974121,-4.409126281738281,-0.4106784164905548,4.712013244628906,-0.122518174,-0.2169812,0.02021024
78,2.6203,0.11502919346094131,-0.025228895246982574,-0.9402635097503662,0.07168625295162201,0.016061998903751373,-0.12160279601812363,0.01763688210699603,0.03867767523889844,1.5989286289699487,0.08475808054208755,-2.6567862033843994,-4.271054267883301,-0.9789339303970337,4.693195343017578,-0.12961635,-0.20837146,0.047759145
79,2.6546,0.11780145764350891,-0.025418229401111603,-0.9439226388931274,0.06722767651081085,0.004291386343538761,-0.10042455047369003,0.019744919751415863,0.03913586378206816,1.5988632483651872,0.088017538189888,-2.7937064170837402,-4.062667369842529,-1.526950716972351,4.694784164428711,-0.13531324,-0.1967754,0.0739579
80,2.6883,0.12030468881130219,-0.02602408453822136,-0.9468268156051636,0.06197713688015938,-0.0075616431422531605,-0.07793792337179184,0.022399745979520994,0.03912286422699721,1.598745137170842,0.09051638841629028,-2.9021692276000977,-3.8244569301605225,-2.0421409606933594,4.712925910949707,-0.13906682,-0.1832612,0.09785578
81,2.7223,0.12299257516860962,-0.027372464537620544,-0.9492034912109375,0.054452016949653625,-0.022445840761065483,-0.047851141542196274,0.024207645369088895,0.038577823342777276,1.5986609812803956,0.09237513691186905,-2.986497163772583,-3.453481912612915,-2.6119775772094727,4.7638139724731445,-0.14194243,-0.1641373,0.12414224
82,2.7572,0.12479056417942047,-0.028899889439344406,-0.950081467628479,0.04774196818470955,-0.03409995511174202,-0.022872596979141235,0.025572569523214145,0.03767570665183736,1.5985781569704942,0.09282758831977844,-3.0222983360290527,-3.1276519298553467,-2.9955508708953857,4.820093154907227,-0.14307195,-0.14805926,0.14180575
83,2.792,0.1262565553188324,-0.030833855271339417,-0.9501594305038452,0.04044005274772644,-0.04558447748422623,0.001880460069514811,0.027092473008025197,0.03577408895903389,1.5984537873475875,0.09241171181201935,-3.0406007766723633,-2.773953676223755,-3.3188552856445312,4.884103775024414,-0.14377078,-0.13116273,0.15692769
84,2.8262,0.1274152547121048,-0.03311442956328392,-0.9493765830993652,0.032736629247665405,-0.05645937845110893,0.026909826323390007,0.027967718819685135,0.033750596276251064,1.5983460624814938,0.09112516045570374,-3.033066987991333,-2.4001410007476807,-3.5790047645568848,4.955847263336182,-0.14389257,-0.11386576,0.16979256
85,2.8605,0.12880809605121613,-0.038601528853178024,-0.9452652931213379,0.01649707555770874,-0.07680001854896545,0.07489752024412155,0.028583397971224823,0.030647175126684297,1.5982115728464448,0.08602798730134964,-2.948173999786377,-1.6264939308166504,-3.9045581817626953,5.106724739074707,-0.14295286,-0.07886643,0.1893266
86,2.8944,0.12898260354995728,-0.04258856922388077,-0.9410433769226074,0.006079115904867649,-0.08804146200418472,0.10201705247163773,0.028765408386974924,0.028126235161193697,1.598122090633818,0.08120439946651459,-2.9715147018432617,-1.609253168106079,-3.915449380874634,5.105314254760742,-0.14363268,-0.07778569,0.1892592
87,2.9283,0.12871819734573364,-0.046070247888565063,-0.9368304014205933,-0.0025476787704974413,-0.09596629440784454,0.12245411425828934,0.028652332231565842,0.024145264981742992,1.5980162299804874,0.07651491463184357,-2.791133403778076,-0.7470277547836304,-3.9931905269622803,5.265247821807861,-0.14156981,-0.037890192,0.20253967
88,2.9622,0.12799745798110962,-0.04977308586239815,-0.9319326877593994,-0.011249718256294727,-0.10287884622812271,0.14036577939987183,0.02828335750431917,0.0206216989612972,1.5979397972572023,0.07111382484436035,-2.688398838043213,-0.36343249678611755,-3.939192533493042,5.329398155212402,-0.14051929,-0.01899617,0.20589675
89,2.9956,0.12683649361133575,-0.05363675206899643,-0.9264485836029053,-0.01989598199725151,-0.10877082496881485,0.1570870280265808,0.027786750781830447,0.01739567461364051,1.5978595029503364,0.06513029336929321,-2.553872585296631,0.0048295557498931885,-3.834244966506958,5.391374588012695,-0.1385889,0.00026208154,0.20806982
90,3.0292,0.1252611130475998,-0.05756846442818642,-0.9204694032669067,-0.02854970283806324,-0.11334492266178131,0.17170362174510956,0.026815212971412726,0.012511191664272196,1.597763495993039,0.05872006341814995,-2.403393507003784,0.3695313036441803,-3.6811208724975586,5.447840213775635,-0.13619287,0.020940196,0.20859773
91,3.0633,0.12332826852798462,-0.06148596107959747,-0.914064884185791,-0.036891210824251175,-0.1166381686925888,0.18423719704151154,0.02586245668846387,0.008484458806558763,1.597698248546332,0.052062712609767914,-2.2199296951293945,0.7053979635238647,-3.468761682510376,5.497623443603516,-0.13282573,0.04220629,0.20754747
92,3.0975,0.12043751776218414,-0.06633349508047104,-0.9055814743041992,-0.04730568826198578,-0.11877413094043732,0.19699418544769287,0.024875844970157383,0.0048976437505208895,1.5976561706011088,0.043663494288921356,-1.9388012886047363,1.0854382514953613,-3.121819019317627,5.548261642456055,-0.12649333,0.07081732,0.20367704
93,3.1314,0.11774002760648727,-0.07017184048891068,-0.8984447717666626,-0.055277448147535324,-0.1192336454987526,0.2049264907836914,0.023347142650776063,-0.00017832404099144827,1.597613426865613,0.037143513560295105,-1.6978776454925537,1.4015278816223145,-2.7909817695617676,5.58247184753418,-0.119407184,0.098565705,0.19628227
94,3.1654,0.11473110318183899,-0.07391113042831421,-0.891079306602478,-0.06290648132562637,-0.11831087619066238,0.2107849419116974,0.021971064428991504,-0.004168772970571731,1.5975993121118355,0.031296856701374054,-1.4223552942276,1.6930314302444458,-2.399921178817749,5.608362197875977,-0.108966306,0.12970273,0.1838574
95,3.199,0.11145061254501343,-0.07754861563444138,-0.8835561275482178,-0.07026242464780807,-0.1158696860074997,0.21445272862911224,0.02008970548582405,-0.009182300638916596,1.597582267880859,0.026858247816562653,-1.1306265592575073,1.981689453125,-1.9582178592681885,5.626504898071289,-0.094010055,0.16477478,0.16282314
96,3.2335,0.10791325569152832,-0.08103340119123459,-0.8759235143661499,-0.07720238715410233,-0.11211176216602325,0.2152472734451294,0.01863451057371812,-0.012653809142132443,1.5975713489203898,0.024807268753647804,-0.8090821504592896,2.237622022628784,-1.4487171173095703,5.63493537902832,-0.07260927,0.20081039,0.13001189
97,3.2675,0.10414519160985947,-0.08430206030607224,-0.8682829141616821,-0.08364154398441315,-0.10715410858392715,0.2131594568490982,0.016373139348942377,-0.01759584237847899,1.5975545710055223,0.02580924704670906,-0.4751167893409729,2.4785521030426025,-0.8844137191772461,5.636044502258301,-0.044417348,0.23171294,0.08268138
98,3.3015,0.09917281568050385,-0.08804170787334442,-0.8589564561843872,-0.09104359149932861,-0.09900921583175659,0.20296329259872437,0.01430649097293266,-0.02163547076153329,1.5975432525708895,0.030668389052152634,-0.04421164467930794,2.7456722259521484,-0.0741206705570221,5.622958183288574,-0.0040235883,0.24987659,0.006745532
99,3.3353,0.09497566521167755,-0.09069754928350449,-0.8518729209899902,-0.09639082849025726,-0.0907432958483696,0.18822230398654938,0.012252545667263161,-0.025204587239592447,1.5975393909873088,0.03613416105508804,0.3131396770477295,2.915614366531372,0.655848503112793,5.603124618530273,0.026053034,0.24257736,-0.0545662
100,3.3693,0.09064090996980667,-0.09297199547290802,-0.8454015254974365,-0.10098457336425781,-0.08089748024940491,0.163438081741333,0.008800983824493087,-0.030283416450103896,1.5975816020905866,0.04196852818131447,0.6632524132728577,3.0712530612945557,1.4715083837509155,5.577052116394043,0.047790837,0.22129999,-0.10602994
101,3.4031,0.08620253205299377,-0.09476472437381744,-0.8399209976196289,-0.10468683391809464,-0.0692393109202385,0.13044176995754242,0.005468327443057195,-0.034015799267147116,1.5976199516102836,0.047381311655044556,1.0119044780731201,3.162339210510254,2.3209335803985596,5.547212600708008,0.062446922,0.19515513,-0.14323008
102,3.4373,0.08162172883749008,-0.0960705503821373,-0.8356497287750244,-0.10730603337287903,-0.056171175092458725,0.09240837395191193,0.0021932907884443663,-0.03677628225031194,1.597665491664924,0.05195922777056694,1.3507410287857056,3.19795560836792,3.114790201187134,5.519423961639404,0.07240176,0.17141525,-0.16695745
103,3.4713,0.07702364027500153,-0.09686210006475449,-0.8328219652175903,-0.10842856764793396,-0.04213249310851097,0.053910400718450546,-0.002770832901010602,-0.039505731084398935,1.597744188075136,0.05538124218583107,1.6668462753295898,3.210022211074829,3.760389566421509,5.499311447143555,0.07986682,0.15380798,-0.18017879
104,3.5052,0.07125148922204971,-0.09705310314893723,-0.8311893939971924,-0.1077803373336792,-0.023292578756809235,0.00691956514492631,-0.006784861648086517,-0.04041242092227322,1.5978138297376414,0.058104243129491806,2.03650164604187,3.121493101119995,4.36412239074707,5.46814489364624,0.08871259,0.13597618,-0.19010669
105,3.5393,0.066647008061409,-0.09651246666908264,-0.8313828706741333,-0.10588672012090683,-0.007993876934051514,-0.027806658297777176,-0.01150196284234875,-0.039951007457470974,1.5978513803090115,0.059075817465782166,2.3325328826904297,3.0146496295928955,4.68900728225708,5.443648338317871,0.096500255,0.12472041,-0.193991
106,3.5734,0.06217208877205849,-0.09537150710821152,-0.8327078819274902,-0.10245683044195175,0.006986099295318127,-0.05884161964058876,-0.014471304234003037,-0.03866183359160166,1.597884536664583,0.059195928275585175,2.6144001483917236,2.84525728225708,4.898122787475586,5.411296367645264,0.104764335,0.11401525,-0.19627775
107,3.6071,0.057883065193891525,-0.09364982694387436,-0.835150957107544,-0.0980561301112175,0.021381966769695282,-0.08574965596199036,-0.018191069285084707,-0.03579628890343322,1.5978753487588222,0.05854099243879318,2.90748929977417,2.6364521980285645,5.011481285095215,5.375469207763672,0.11418974,0.103544936,-0.19682264
108,3.6405,0.053760942071676254,-0.09139742702245712,-0.8385937213897705,-0.09277904033660889,0.03480767458677292,-0.10860031843185425,-0.020698606060151645,-0.032883843451754956,1.597871620333296,0.05735350772738457,3.1971259117126465,2.3775861263275146,5.041691780090332,5.3298139572143555,0.12438287,0.09249901,-0.19614494
109,3.6743,0.04986923560500145,-0.08864856511354446,-0.8428521156311035,-0.08669141680002213,0.04715336486697197,-0.12753982841968536,-0.02257926384293835,-0.030073927621450138,1.597865761378898,0.05591646209359169,3.4807252883911133,2.0759429931640625,5.004571437835693,5.2757954597473145,0.13512601,0.08059065,-0.19428359
110,3.7082,0.04541279748082161,-0.08461972326040268,-0.8490869998931885,-0.07802047580480576,0.06074728071689606,-0.14661499857902527,-0.024815335037358343,-0.025802545966910097,1.5978409939807603,0.054177749902009964,3.8256912231445312,1.6491485834121704,4.882925987243652,5.200170993804932,0.14900775,0.06423308,-0.19018623
111,3.7424,0.042252250015735626,-0.08096873760223389,-0.8546289205551147,-0.07053124159574509,0.070515938103199,-0.1585477739572525,-0.02629783359242139,-0.02228304542831588,1.5978099681540607,0.053120192140340805,4.081151008605957,1.2640635967254639,4.730567932128906,5.132440567016602,0.16006227,0.049576428,-0.18553233
112,3.7774,0.03948693349957466,-0.07700992375612259,-0.8604893684387207,-0.06233665347099304,0.07895150035619736,-0.16772687435150146,-0.02744017365547026,-0.019191831127276845,1.5977871981267406,0.05260566622018814,4.301600456237793,0.8505817651748657,4.533108234405518,5.061490535736084,0.1705131,0.033716597,-0.17968994
113,3.8111,0.03713112697005272,-0.07279368489980698,-0.8666048049926758,-0.05365174263715744,0.08623076975345612,-0.1744248867034912,-0.028828670946431916,-0.01475597534858649,1.5977437886009724,0.05276384949684143,4.500637531280518,0.4032273590564728,4.294461250305176,4.990978717803955,0.18049225,0.016170911,-0.17222382
114,3.8453,0.0352046936750412,-0.0683247298002243,-0.8729009628295898,-0.04475102946162224,0.09239012002944946,-0.17873431742191315,-0.029800219159822644,-0.011196707365074126,1.5976891937986257,0.05368073284626007,4.6535868644714355,-0.0753539502620697,4.007254600524902,4.9193525314331055,0.18942796,-0.0030673426,-0.16311848
115,3.8792,0.03375053405761719,-0.06371134519577026,-0.879300594329834,-0.035354990512132645,0.09724721312522888,-0.1810769885778427,-0.030864014696065593,-0.006775668020690589,1.5976294058321534,0.05532805994153023,4.767499923706055,-0.5777610540390015,3.681403398513794,4.853402137756348,0.1969689,-0.023870153,-0.1520969
116,3.9134,0.032638125121593475,-0.05787111446261406,-0.8873491287231445,-0.023100022226572037,0.10165082663297653,-0.18147122859954834,-0.031479935196579066,-0.003720780901395915,1.5975762757684064,0.05827348679304123,4.815919399261475,-1.2159959077835083,3.2151951789855957,4.77815580368042,0.20348299,-0.05137845,-0.13584892
117,3.9473,0.03226136416196823,-0.053167324513196945,-0.8937431573867798,-0.012910292483866215,0.10398852825164795,-0.17968709766864777,-0.03220721120076608,0.0006076842717272,1.5974654882670591,0.061271533370018005,4.819891452789307,-1.7445728778839111,2.8124825954437256,4.730703830718994,0.20609137,-0.07459534,-0.120257564
118,3.9813,0.03232908993959427,-0.04847617447376251,-0.9000049829483032,-0.002601410960778594,0.1051928848028183,-0.17566612362861633,-0.03260115722442145,0.00408652966671277,1.5973770713188684,0.06470727920532227,4.771932601928711,-2.2693586349487305,2.381342649459839,4.693147659301758,0.20583327,-0.09788686,-0.1027172
119,4.0153,0.032864246517419815,-0.04391133412718773,-0.9060165882110596,0.007878229953348637,0.10508763045072556,-0.16986636817455292,-0.03284681094844064,0.007199172531702587,1.597294779641185,0.06835991144180298,4.6757683753967285,-2.7678589820861816,1.9414162635803223,4.668089389801025,0.20258947,-0.11992448,-0.08411676
120,4.0492,0.03388329595327377,-0.03947645425796509,-0.9117417335510254,0.018555965274572372,0.1039372980594635,-0.16220800578594208,-0.03292243015923668,0.011673814754956421,1.597148705255394,0.0720934346318245,4.547357082366943,-3.2506966590881348,1.505405306816101,4.657680511474609,0.19638152,-0.14038414,-0.065012224
121,4.0833,0.0353514663875103,-0.03524039313197136,-0.9170217514038086,0.029289262369275093,0.10158491879701614,-0.15264774858951569,-0.03272851458117608,0.01524745548597681,1.5970087561401105,0.0757417306303978,4.37019157409668,-3.6883368492126465,1.0799310207366943,4.6602702140808105,0.1877334,-0.15844248,-0.046391357
122,4.1173,0.03778434172272682,-0.030366264283657074,-0.9230403900146484,0.04267897829413414,0.0968502014875412,-0.1379232555627823,-0.032324931243325986,0.01835992410116874,1.596879459669187,0.08000490069389343,4.083120822906494,-4.147728443145752,0.5618183612823486,4.67928409576416,0.17457229,-0.17733456,-0.024020331
123,4.1514,0.04017409682273865,-0.026807017624378204,-0.9273473024368286,0.05318450555205345,0.09177602827548981,-0.12479821592569351,-0.03132671396833164,0.022688037328711275,1.5966697357333435,0.08310199528932571,3.8305211067199707,-4.47641658782959,0.1787559688091278,4.707292556762695,0.1624663,-0.18986106,-0.007581689
124,4.1856,0.042947739362716675,-0.023599350824952126,-0.9312425851821899,0.06343282759189606,0.08543587476015091,-0.11060763150453568,-0.030191884851794634,0.025932456213240924,1.596521930292844,0.08586570620536804,3.53360652923584,-4.736040115356445,-0.1904936134815216,4.741571426391602,0.14942305,-0.20026949,0.008055265
125,4.2192,0.046076443046331406,-0.020739251747727394,-0.9345676898956299,0.07329666614532471,0.07821691036224365,-0.09481703490018845,-0.028279703980198714,0.029722144847396686,1.5963333784876663,0.08819852769374847,3.2094173431396484,-4.958503246307373,-0.535446286201477,4.783530235290527,0.13528712,-0.20901664,0.022570759
126,4.2533,0.04953803867101669,-0.018214834854006767,-0.937323808670044,0.08260051161050797,0.07002554833889008,-0.07847851514816284,-0.026628989351594336,0.03211586685597096,1.596190633053238,0.09009270370006561,2.846268653869629,-5.111572265625,-0.8581913709640503,4.828634262084961,0.12033542,-0.21610862,0.03628288
127,4.2872,0.053376369178295135,-0.016063839197158813,-0.939525842666626,0.09161518514156342,0.06092565879225731,-0.06230434030294418,-0.023895441746142145,0.03506793099005336,1.5959761154274323,0.09149995446205139,2.4521756172180176,-5.2317214012146,-1.144747257232666,4.876127243041992,0.10407853,-0.22205174,0.048586898
128,4.3212,0.05864422395825386,-0.01392712164670229,-0.9413845539093018,0.10198161751031876,0.0482654832303524,-0.04236844182014465,-0.02145826651931294,0.03701006202093966,1.595817790500627,0.09250885248184204,1.9143733978271484,-5.274320125579834,-1.459475040435791,4.936468124389648,0.082548805,-0.2274315,0.06293334
129,4.3552,0.06317119300365448,-0.012660221196711063,-0.9421783685684204,0.10953173041343689,0.037485331296920776,-0.026420623064041138,-0.019132950300050872,0.03840931182480251,1.5956799719142154,0.09275233000516891,1.4634689092636108,-5.258184909820557,-1.6729764938354492,4.984492301940918,0.06408957,-0.23027124,0.07326451
130,4.3894,0.06794115155935287,-0.011870444752275944,-0.9423972368240356,0.11626417189836502,0.026204895228147507,-0.010961919091641903,-0.015555162943989448,0.03991502981561969,1.5954729111394619,0.09247510880231857,0.9981157183647156,-5.209469795227051,-1.850104570388794,5.029145240783691,0.044418946,-0.231836,0.08233484
131,4.4232,0.0729445144534111,-0.011597862467169762,-0.9420660734176636,0.12207137048244476,0.014365599490702152,0.004169362597167492,-0.012484288535775892,0.04069268117630123,1.59531498568682,0.09167932718992233,0.5228777527809143,-5.0881500244140625,-1.9994829893112183,5.073380947113037,0.023802368,-0.23162206,0.09102018
132,4.4576,0.07811762392520905,-0.01185370609164238,-0.9411814212799072,0.1270783394575119,0.0022580651566386223,0.019008416682481766,-0.009662196025565069,0.0410598603504067,1.5951824934225887,0.09038546681404114,0.047070037573575974,-4.904911994934082,-2.1169683933258057,5.118514537811279,0.0022026368,-0.22952476,0.09906328
133,4.4915,0.08339877426624298,-0.0125883212313056,-0.939871072769165,0.13108624517917633,-0.0100714648142457,0.033047255128622055,-0.005451762268987713,0.04113916429424222,1.5949663779001286,0.08874106407165527,-0.4283570647239685,-4.694237232208252,-2.206216812133789,5.159688949584961,-0.020576311,-0.22548965,0.105976544
134,4.5252,0.09007672965526581,-0.014112171716988087,-0.9375895261764526,0.13467732071876526,-0.02572096511721611,0.0493977814912796,-0.0019458393006522084,0.04081251510297639,1.5948164419307573,0.08626414835453033,-0.9914308190345764,-4.337806224822998,-2.271916389465332,5.216006278991699,-0.049610153,-0.21705924,0.1136843
135,4.5592,0.10079969465732574,-0.017906585708260536,-0.9325861930847168,0.13673937320709229,-0.050473615527153015,0.0728994682431221,0.002515985549595482,0.03997515483841743,1.5946131095815297,0.08160468935966492,-1.809849739074707,-3.631782293319702,-2.2734904289245605,5.311041831970215,-0.09727753,-0.1952045,0.12219773
136,4.5932,0.10079969465732574,-0.017906585708260536,-0.9325861930847168,0.13673937320709229,-0.050473615527153015,0.0728994682431221,0.0056748852340659135,0.03906848996767836,1.5944732936243005,0.08160468935966492,-1.8357267379760742,-3.6806507110595703,-2.279313564300537,5.301051616668701,-0.09759568,-0.19568032,0.12117879
137,4.6273,0.11115194857120514,-0.023220514878630638,-0.9259026050567627,0.13417503237724304,-0.07404341548681259,0.09345395117998123,0.010275476251529083,0.037333798379763215,1.5942878044543765,0.07645420730113983,-2.2126822471618652,-3.3089592456817627,-2.2343506813049316,5.343610763549805,-0.12118149,-0.18122105,0.1223682
138,4.6609,0.11615140736103058,-0.026446953415870667,-0.9221056699752808,0.13116228580474854,-0.08520423620939255,0.10215986520051956,0.014104231170222248,0.035511746785715066,1.594133341111152,0.0739215537905693,-2.860003709793091,-2.4648208618164062,-2.058149814605713,5.4344706535339355,-0.16627504,-0.14329988,0.119656816
139,4.6948,0.12215171009302139,-0.030989041551947594,-0.9169405698776245,0.12557925283908844,-0.09844087064266205,0.1110014095902443,0.017409243211335003,0.033690427560966685,1.594003645166065,0.0709267109632492,-2.8938846588134766,-2.507976531982422,-2.0693857669830322,5.423632621765137,-0.16620821,-0.14404385,0.1188537
140,4.7285,0.12665210664272308,-0.034986719489097595,-0.9125527143478394,0.11985944956541061,-0.10840735584497452,0.11625029891729355,0.02205862625280087,0.03066102356435271,1.5938216181055582,0.06877364218235016,-3.473331928253174,-1.4955792427062988,-1.7421231269836426,5.50837516784668,-0.20855209,-0.08980028,0.104603715
141,4.7627,0.13086549937725067,-0.039259180426597595,-0.907954216003418,0.11276035755872726,-0.11741944402456284,0.12013299018144608,0.025746467700612514,0.027765805435975895,1.5936541052729922,0.06693486124277115,-3.6968231201171875,-1.0731751918792725,-1.5679055452346802,5.530203819274902,-0.22235166,-0.064547926,0.09430432
142,4.7962,0.13469570875167847,-0.04378872737288475,-0.9032809734344482,0.10430243611335754,-0.12564517557621002,0.12116266041994095,0.02888658429716813,0.024947327958885393,1.5935120256288364,0.06545364856719971,-3.8808326721191406,-0.6558799743652344,-1.3675533533096313,5.544046878814697,-0.23284906,-0.039352648,0.08205289
143,4.8302,0.1381421834230423,-0.048532478511333466,-0.8985885381698608,0.0946858748793602,-0.13276159763336182,0.1202818974852562,0.033197274625516665,0.020307739316506677,1.5933273354072395,0.06439030170440674,-4.050408840179443,-0.26617446541786194,-1.1622161865234375,5.545916557312012,-0.23982517,-0.01576022,0.068814956
144,4.8645,0.1411466896533966,-0.053466543555259705,-0.8939268589019775,0.08383394777774811,-0.13861648738384247,0.11740460991859436,0.03639204636166235,0.01615417445217552,1.5931544962524933,0.06372184306383133,-4.172216892242432,0.11102864146232605,-0.9392008781433105,5.542380332946777,-0.24381462,0.0064882543,0.054884706
145,4.8984,0.14421138167381287,-0.059948187321424484,-0.8883500099182129,0.06858782470226288,-0.14407289028167725,0.11089169979095459,0.039859744255865324,0.010581679439644748,1.5929442396844316,0.06334913522005081,-4.251896381378174,0.5665168762207031,-0.6412569284439087,5.530882835388184,-0.24508646,0.032654986,0.036963128
146,4.9324,0.1460491418838501,-0.06536690145730972,-0.8841822147369385,0.05533827096223831,-0.14706455171108246,0.10389240086078644,0.04185686956326176,0.006542360024888787,1.5928044237272023,0.06332212686538696,-4.297643184661865,0.9148157835006714,-0.4172694981098175,5.511198043823242,-0.2434264,0.051816847,0.02363491
147,4.9662,0.14737603068351746,-0.0709165632724762,-0.8802711963653564,0.04126900061964989,-0.14852465689182281,0.09526672959327698,0.0436447036984916,0.001859863280040771,1.5926279893049846,0.06353482604026794,-4.292536735534668,1.2536048889160156,-0.17847445607185364,5.488213539123535,-0.23978484,0.070027456,0.009969738
148,5.0004,0.14819064736366272,-0.07650229334831238,-0.876681923866272,0.02658136561512947,-0.1484873741865158,0.08546192198991776,0.04507043531044392,-0.0038571321484647198,1.5924628733173998,0.06393880397081375,-4.258851051330566,1.584000587463379,0.05757895112037659,5.45973014831543,-0.23429902,0.08714317,-0.0031676835
149,5.0341,0.14851726591587067,-0.08206028491258621,-0.8734618425369263,0.011740462854504585,-0.14707021415233612,0.07470027357339859,0.04554782358059744,-0.007773266838939605,1.5923773858464083,0.06448227912187576,-4.175256252288818,1.9026734828948975,0.30535075068473816,5.430400848388672,-0.2269903,0.10343998,-0.016600575
150,5.0685,0.14830850064754486,-0.0875750333070755,-0.8705794811248779,-0.0034475938882678747,-0.1443459689617157,0.06365012377500534,0.04545490006449969,-0.013061209330779217,1.592268728873933,0.06505283713340759,-4.064246654510498,2.222754716873169,0.5410773754119873,5.399337291717529,-0.21785896,0.11914804,-0.02900379
151,5.1023,0.14724113047122955,-0.09432297945022583,-0.8676466941833496,-0.022366728633642197,-0.13897323608398438,0.048586681485176086,0.04478640918018697,-0.01699185096711393,1.5922366377827974,0.06560878455638885,-3.857264995574951,2.601888418197632,0.839769721031189,5.364316940307617,-0.20396067,0.1375801,-0.044404518
152,5.1373,0.14572502672672272,-0.09953523427248001,-0.8658511638641357,-0.037156615406274796,-0.13318400084972382,0.03641203045845032,0.04379168106233955,-0.02021206525434558,1.5922431625274682,0.0658269077539444,-3.6541504859924316,2.894660711288452,1.0575482845306396,5.342577934265137,-0.19110878,0.15138814,-0.055308823
153,5.1715,0.14362692832946777,-0.10454903542995453,-0.8647054433822632,-0.051615700125694275,-0.12635529041290283,0.023661069571971893,0.041731759248676885,-0.02440901155641791,1.5922924310076347,0.0657455325126648,-3.4204459190368652,3.1903727054595947,1.242530107498169,5.329351902008057,-0.1766902,0.16480531,-0.06418546
154,5.2056,0.14096492528915405,-0.10933177918195724,-0.8640251159667969,-0.06544577330350876,-0.11839111894369125,0.01080065406858921,0.03960722665025537,-0.027423412385359575,1.5923512868677254,0.06540310382843018,-3.147970676422119,3.467463731765747,1.4118026494979858,5.3255720138549805,-0.16089173,0.17722091,-0.07215676
155,5.2392,0.13775160908699036,-0.11381985247135162,-0.8638335466384888,-0.0786307081580162,-0.10936450958251953,-0.001499243313446641,0.036402349466129594,-0.030721356646610614,1.592469264904016,0.06477107107639313,-2.8398985862731934,3.7402398586273193,1.5479176044464111,5.333321571350098,-0.14358176,0.1891019,-0.0782608
156,5.2735,0.13397212326526642,-0.11791786551475525,-0.864201545715332,-0.09105002880096436,-0.09953958541154861,-0.013444880954921246,0.03386966038292362,-0.032740126379647745,1.5925816503020174,0.06376980990171432,-2.499457597732544,3.9844019412994385,1.6518751382827759,5.347652435302734,-0.12534587,0.19981468,-0.082840264
157,5.3072,0.1285405457019806,-0.12239827960729599,-0.8652774095535278,-0.10535178333520889,-0.08615600317716599,-0.02733369544148445,0.029891315913860166,-0.03520398107105358,1.592772332636067,0.06208852306008339,-2.032973289489746,4.2662577629089355,1.7332842350006104,5.375550270080566,-0.100967996,0.21188448,-0.08608388
158,5.3415,0.12363231927156448,-0.1254156231880188,-0.8666130304336548,-0.11579418182373047,-0.07462860643863678,-0.037633612751960754,0.026455203526304455,-0.03680918893453123,1.5929345191464528,0.06040078401565552,-1.6287493705749512,4.464102745056152,1.7608082294464111,5.402581214904785,-0.0803497,0.22022375,-0.08686444
159,5.3754,0.11827032268047333,-0.1278931200504303,-0.8683297634124756,-0.12508127093315125,-0.06248697265982628,-0.04687872901558876,0.023276300485185353,-0.03797980219762158,1.5930538287632883,0.05847213417291641,-1.2044909000396729,4.627396583557129,1.7548117637634277,5.430657386779785,-0.05911991,0.22712605,-0.08613125
160,5.4092,0.11248643696308136,-0.12982070446014404,-0.870398759841919,-0.13337065279483795,-0.04987495392560959,-0.05498397722840309,0.01847416330896013,-0.03929478792011864,1.5932594247994425,0.05638591945171356,-0.7496495842933655,4.774237632751465,1.711209774017334,5.464662551879883,-0.036555797,0.23281018,-0.08344517
161,5.4432,0.10634275525808334,-0.13119634985923767,-0.8727658987045288,-0.14036191999912262,-0.036788519471883774,-0.06173214316368103,0.014409618765254076,-0.040076329992705224,1.5934037681305246,0.05427597090601921,-0.2840563952922821,4.874337673187256,1.6382925510406494,5.494503021240234,-0.013788791,0.23661226,-0.07952672
162,5.4773,0.09994164109230042,-0.13202859461307526,-0.8753855228424072,-0.14607304334640503,-0.023433763533830643,-0.0673590898513794,0.010757442870103473,-0.04055261554771988,1.5935435840877539,0.05230915918946266,0.1875438541173935,4.930099010467529,1.5412983894348145,5.518366813659668,0.009070931,0.23845401,-0.074547954
163,5.5115,0.09168560057878494,-0.1322871744632721,-0.8789075613021851,-0.1513480395078659,-0.006776688154786825,-0.07224302738904953,0.005462418034239932,-0.04084654530828056,1.5937318695768226,0.05026014894247055,0.7881883978843689,4.948944568634033,1.386669397354126,5.542352676391602,0.037896376,0.23794699,-0.06667155
164,5.5456,0.08492367714643478,-0.13187116384506226,-0.8818790912628174,-0.15408805012702942,0.006613241508603096,-0.07453126460313797,0.0012056390329113914,-0.04079054818517244,1.5938727507984878,0.04910742864012718,1.2712632417678833,4.915311336517334,1.244558572769165,5.551290512084961,0.0607985,0.23507607,-0.059521344
165,5.5793,0.07812684774398804,-0.13098134100437164,-0.8848848342895508,-0.1554497629404068,0.020014982670545578,-0.07518874108791351,-0.00412013959190741,-0.04029961524416235,1.5940107025429537,0.048591285943984985,1.747551679611206,4.835373401641846,1.0937544107437134,5.5477495193481445,0.083113424,0.22997,-0.052018877
166,5.6132,0.07133670896291733,-0.12964941561222076,-0.8878819942474365,-0.15537849068641663,0.033241890370845795,-0.07440264523029327,-0.007866242369902396,-0.03970455270453016,1.594132542162825,0.04879546910524368,2.228203296661377,4.731497764587402,0.9391605854034424,5.540840148925781,0.104835585,0.22261404,-0.044186924
167,5.6468,0.06468796730041504,-0.1278676986694336,-0.8908191919326782,-0.15405145287513733,0.046229708939790726,-0.07249397784471512,-0.013126556646027037,-0.038522250660967886,1.5942716923297815,0.04967430233955383,2.6891837120056152,4.578153133392334,0.7898483276367188,5.517297744750977,0.12524222,0.2132164,-0.03678527
168,5.6803,0.058232054114341736,-0.12562918663024902,-0.8936513662338257,-0.15125231444835663,0.05893668532371521,-0.06967886537313461,-0.01724176991006645,-0.037229997515088174,1.5943890045757996,0.0511346310377121,3.141116142272949,4.393361568450928,0.6550400257110596,5.486583709716797,0.1443437,0.20188813,-0.030101053
169,5.7143,0.05052437633275986,-0.12215588241815567,-0.8969266414642334,-0.1457338035106659,0.0742444097995758,-0.06437566876411438,-0.020687322995627033,-0.03586806941718926,1.5944447978006366,0.053553350269794464,3.6625266075134277,4.0801100730896,0.5058376789093018,5.4207563400268555,0.16629368,0.18525368,-0.022967098
170,5.7484,0.04469803348183632,-0.11885222792625427,-0.8992841243743896,-0.14002461731433868,0.08605960011482239,-0.05952410399913788,-0.025361476556122538,-0.03356174486545082,1.594504585767109,0.055821776390075684,4.074989318847656,3.7979209423065186,0.4200648367404938,5.364256381988525,0.18236692,0.16996735,-0.01879905
171,5.7824,0.039252351969480515,-0.11509052664041519,-0.9013464450836182,-0.13287118077278137,0.09724599868059158,-0.054160647094249725,-0.02885057752699242,-0.03138811647621478,1.5945260242138841,0.05823156610131264,4.456329822540283,3.465939521789551,0.3632321059703827,5.294339179992676,0.1969329,0.15316585,-0.016051853
172,5.8195,0.03424374759197235,-0.11090151965618134,-0.903205394744873,-0.12463487684726715,0.1077704206109047,-0.048435572534799576,-0.03288752818479443,-0.028251243526643096,1.594528154742756,0.0607115775346756,4.8069233894348145,3.090470552444458,0.3249530494213104,5.21450138092041,0.20994939,0.1349808,-0.014192798
173,5.8533,0.029719216749072075,-0.10634975880384445,-0.9048763513565063,-0.11507386714220047,0.11764302104711533,-0.0430091992020607,-0.03546108430716551,-0.025809751066015522,1.5944816825817343,0.06320393085479736,5.134382724761963,2.684551477432251,0.31719502806663513,5.133052825927734,0.22121324,0.115663044,-0.013666246
174,5.8872,0.025733089074492455,-0.10143083333969116,-0.9064369201660156,-0.10455299913883209,0.12670636177062988,-0.03789724037051201,-0.03869878495172652,-0.022028611595077834,1.5944056493326126,0.0656421110033989,5.423137187957764,2.237330675125122,0.32131871581077576,5.045755386352539,0.23075947,0.09520048,-0.013672407
175,5.9212,0.02151280827820301,-0.09480111300945282,-0.908210039138794,-0.09004375338554382,0.13678407669067383,-0.032307956367731094,-0.04087882365293016,-0.018772052441047706,1.5943123055364052,0.06858404725790024,5.70565128326416,1.616739273071289,0.32711634039878845,4.9295759201049805,0.24016505,0.06805258,-0.0137691405
176,5.9552,0.018827173858880997,-0.08910328894853592,-0.9095281362533569,-0.07756723463535309,0.14390139281749725,-0.02849191054701805,-0.04249002779004969,-0.01577815899279695,1.5942075101475106,0.07078947126865387,5.87983512878418,1.0720237493515015,0.3330099880695343,4.8397016525268555,0.24556476,0.044771876,-0.013907791
177,5.9891,0.01677693799138069,-0.08311775326728821,-0.9107837677001953,-0.06418432295322418,0.1500006467103958,-0.025296920910477638,-0.044298222624051024,-0.011333220378373206,1.5939941909441953,0.07287415117025375,6.012291431427002,0.4854768216609955,0.3400830328464508,4.760226249694824,0.24879383,0.020089451,-0.01407293
178,6.0234,0.0153711698949337,-0.07692622393369675,-0.9119888544082642,-0.05017049238085747,0.15499910712242126,-0.02272678352892399,-0.045350516633336196,-0.007569067922060479,1.5938057722970722,0.07485096156597137,6.08193826675415,-0.13644057512283325,0.3286378085613251,4.694148063659668,0.2495732,-0.0055988585,-0.013485699
179,6.0572,0.014591529034078121,-0.0705953985452652,-0.9131557941436768,-0.03555620089173317,0.1588849574327469,-0.020693812519311905,-0.04595911136025735,-0.0041829467612209716,1.5936209489174207,0.07675084471702576,6.092232704162598,-0.7852085828781128,0.29939261078834534,4.647171974182129,0.24765505,-0.031919476,-0.012170594
180,6.0913,0.014445730485022068,-0.06419001519680023,-0.9142597913742065,-0.020571647211909294,0.16152311861515045,-0.018987763673067093,-0.04631496377735158,0.0008667913154962393,1.5933132206534621,0.07856132090091705,6.0602030754089355,-1.4631282091140747,0.26483461260795593,4.6225175857543945,0.24279864,-0.058619414,-0.010610451
181,6.1252,0.015107685700058937,-0.05616062507033348,-0.9156249761581421,-0.001729802810586989,0.16304638981819153,-0.017124921083450317,-0.04614113425957506,0.004979992124407233,1.5930534292891247,0.08076800405979156,5.931552410125732,-2.3044393062591553,0.19111278653144836,4.623331069946289,0.23292632,-0.090493105,-0.0075048143
182,6.1592,0.01834089867770672,-0.0433448925614357,-0.917894721031189,0.028722861781716347,0.16094017028808594,-0.014584647491574287,-0.04541213968424711,0.010150684267918252,1.5927306541650073,0.08409053832292557,5.544361591339111,-3.6058967113494873,0.045396387577056885,4.6964497566223145,0.20957033,-0.13629866,-0.00171593
183,6.1933,0.01834089867770672,-0.0433448925614357,-0.917894721031189,0.028722861781716347,0.16094017028808594,-0.014584647491574287,-0.04452110007896624,0.013774635857000518,1.5924961628310257,0.08409053832292557,5.568167209625244,-3.6488349437713623,0.059070199728012085,4.697556495666504,0.20909455,-0.13702023,-0.0022181908
184,6.2271,0.024129310622811317,-0.031060490757226944,-0.920066237449646,0.05840202420949936,0.15336519479751587,-0.010976847261190414,-0.042620114886921655,0.019073855171580934,1.5921301113391944,0.08716508746147156,4.98415470123291,-4.825685977935791,-0.08373722434043884,4.842267036437988,0.17959584,-0.17388569,0.0030173336
185,6.2612,0.027932826429605484,-0.02530939131975174,-0.9210275411605835,0.07271522283554077,0.1474975347518921,-0.00900229997932911,-0.04054881638197731,0.023406144152488928,1.5918554062727526,0.0885654166340828,4.6289873123168945,-5.3509016036987305,-0.13744190335273743,4.9271769523620605,0.163531,-0.18903449,0.004855492
186,6.2954,0.03341754898428917,-0.018577519804239273,-0.9221228361129761,0.08941793441772461,0.13816381990909576,-0.006211565807461739,-0.03840862938977318,0.027026699170884044,1.591594949118143,0.09024839848279953,4.648254871368408,-5.408866882324219,-0.1264045089483261,4.929704189300537,0.16291629,-0.18957491,0.004430341
187,6.3293,0.03846040368080139,-0.013612371869385242,-0.9228826761245728,0.10201545059680939,0.12920016050338745,-0.003930785693228245,-0.034817500220828836,0.03194304018479243,1.591259923453011,0.09147147834300995,3.6555275917053223,-6.250605583190918,-0.24613158404827118,5.091240406036377,0.12613545,-0.21567966,0.008492869
188,6.3633,0.04392518103122711,-0.009045609273016453,-0.9236137866973877,0.1135907918214798,0.11900100857019424,-0.0018019953276962042,-0.0315271189209547,0.035577501897504804,1.5909880147057138,0.09270590543746948,3.1518118381500244,-6.5318522453308105,-0.2882348299026489,5.140132427215576,0.108559735,-0.22498049,0.009927845
189,6.3976,0.04978591576218605,-0.004934180062264204,-0.9242082834243774,0.12421008944511414,0.10754717141389847,0.00033982819877564907,-0.028460143547024593,0.0383941817408595,1.5907663065449649,0.09388437867164612,2.610037326812744,-6.732866287231445,-0.32468339800834656,5.173005104064941,0.09027071,-0.23286282,0.0112294955
190,6.4313,0.055945366621017456,-0.0013066257815808058,-0.9246547222137451,0.1335924118757248,0.09510889649391174,0.002628431422635913,-0.023740449931888737,0.041855359051580984,1.5904432651047382,0.0950213074684143,2.0470166206359863,-6.892181873321533,-0.35319551825523376,5.188867568969727,0.071092606,-0.23936452,0.012266432
191,6.4654,0.0623600073158741,0.0018075454281643033,-0.9250041246414185,0.14183105528354645,0.08177877962589264,0.004861538298428059,-0.019719526094303035,0.044160133560341215,1.5901971890200148,0.09612385928630829,1.4663007259368896,-6.977772235870361,-0.38003915548324585,5.191245079040527,0.05133896,-0.24430975,0.013306148
192,6.4991,0.07065080106258392,0.005000732373446226,-0.9252356290817261,0.15021811425685883,0.06436552852392197,0.007555834017693996,-0.014539899357423992,0.04639207893566619,1.5899304734368434,0.09746192395687103,0.7358645796775818,-7.012176990509033,-0.4070556163787842,5.178380012512207,0.026048588,-0.24822135,0.014409205
193,6.5332,0.0773862898349762,0.006963467225432396,-0.9252669811248779,0.15536130964756012,0.04974381998181343,0.009535463526844978,-0.01084000086389593,0.04751272047761471,1.5897481800602276,0.0984848216176033,0.1631913185119629,-6.975574493408203,-0.427094042301178,5.1604390144348145,0.005836147,-0.24946472,0.015273996
194,6.5673,0.08416040241718292,0.008381318300962448,-0.9252493381500244,0.15918774902820587,0.03472943603992462,0.011425203643739223,-0.005535691374622639,0.048519969613774715,1.5894979760758146,0.09947051852941513,-0.39905840158462524,-6.907791614532471,-0.4530007541179657,5.133688449859619,-0.014387489,-0.2490507,0.016332304
195,6.6014,0.09097481518983841,0.00925889890640974,-0.925095796585083,0.16159699857234955,0.019623029977083206,0.013065473176538944,-0.0013149642663652335,0.04881372460438886,1.5893206095472152,0.10037513822317123,-0.9403071403503418,-6.783682823181152,-0.4802928566932678,5.107588768005371,-0.034240983,-0.24702564,0.01748971
196,6.6355,0.09778570383787155,0.009550691582262516,-0.9248261451721191,0.16257324814796448,0.004293580539524555,0.014690641313791275,0.002350214174711058,0.04876017842172146,1.5891766656902964,0.10115615278482437,-1.4559109210968018,-6.608929634094238,-0.5141149759292603,5.084840774536133,-0.053629495,-0.24344453,0.018937783
197,6.6693,0.10455464571714401,0.009240181185305119,-0.9243787527084351,0.16211603581905365,-0.010982668958604336,0.01614912785589695,0.007457741546711362,0.04813601252480174,1.5889380464566254,0.10176593065261841,-1.952880859375,-6.407098293304443,-0.5524412393569946,5.06242036819458,-0.07264262,-0.23832911,0.020549526
198,6.7031,0.1127827987074852,0.007987226359546185,-0.9237112998962402,0.15962085127830505,-0.02999696508049965,0.01804753765463829,0.011360106862112697,0.04721678086266886,1.588753755709192,0.1022818461060524,-2.5110182762145996,-6.074184417724609,-0.614267110824585,5.053130149841309,-0.095094405,-0.23003455,0.02326282
199,6.7376,0.11912546306848526,0.006256847642362118,-0.9231152534484863,0.15629829466342926,-0.045033812522888184,0.019645174965262413,0.014634024416904179,0.04615447087097147,1.5885853107702443,0.10244439542293549,-2.918060302734375,-5.761213779449463,-0.678359866142273,5.056501388549805,-0.11234371,-0.22180356,0.026116481
200,6.7713,0.12523587048053741,0.0038918845821172,-0.9224861860275269,0.151645690202713,-0.05970831960439682,0.021182313561439514,0.019071903573844612,0.04418779298497521,1.5883449604818647,0.10238968580961227,-3.298274040222168,-5.415892601013184,-0.759524941444397,5.06550407409668,-0.12911117,-0.21200551,0.02973166
201,6.8054,0.1310623735189438,0.0009292674367316067,-0.9218312501907349,0.14586208760738373,-0.07380612939596176,0.023010220378637314,0.02243432338120539,0.042293128639330366,1.588133904965476,0.10213000327348709,-3.635462760925293,-5.018332481384277,-0.8515348434448242,5.087645530700684,-0.14530164,-0.20057198,0.03403402
202,6.8394,0.1366008073091507,-0.0025641280226409435,-0.9211117029190063,0.13903895020484924,-0.08728288114070892,0.025051189586520195,0.026367924663360912,0.03948062246874653,1.5878870299324257,0.10170498490333557,-3.935706377029419,-4.574167251586914,-0.9491112232208252,5.119330883026123,-0.16107535,-0.18720543,0.038843963
203,6.8735,0.14181417226791382,-0.006554565858095884,-0.9203232526779175,0.1312333196401596,-0.10003326833248138,0.02748972736299038,0.02889908034834549,0.03729802463618288,1.5877271071089663,0.10112488269805908,-4.212687969207764,-4.097415447235107,-1.0579522848129272,5.153176307678223,-0.1763763,-0.17155008,0.044294216
204,6.9081,0.14783638715744019,-0.012144497595727444,-0.9192032814025879,0.12032338231801987,-0.1147250309586525,0.03091001883149147,0.03219592813624147,0.03388173615399145,1.5874880884011318,0.10022683441638947,-4.4989542961120605,-3.4403579235076904,-1.1827871799468994,5.204120635986328,-0.19439593,-0.1486549,0.051107213
205,6.9423,0.15222851932048798,-0.017043977975845337,-0.9181716442108154,0.11057347059249878,-0.1256023794412613,0.034102912992239,0.034530186751101324,0.03094721559358995,1.5873316276870897,0.0993843823671341,-4.703973293304443,-2.889831781387329,-1.2874035835266113,5.240443706512451,-0.20744817,-0.12744339,0.056775305
206,6.9765,0.156169593334198,-0.02229961007833481,-0.9170606136322021,0.10006699711084366,-0.13555669784545898,0.03761137276887894,0.03642482821020555,0.028187864453888413,1.5871942085748414,0.09841408580541611,-4.866703510284424,-2.3158137798309326,-1.383167028427124,5.274875164031982,-0.2186592,-0.10404867,0.06214519
207,7.0103,0.15968240797519684,-0.027914002537727356,-0.9158254861831665,0.0887615755200386,-0.14449666440486908,0.04166335612535477,0.03884334882583658,0.02398806773721186,1.5870250978456215,0.09731990844011307,-5.00811243057251,-1.734450101852417,-1.482026219367981,5.301600456237793,-0.22750649,-0.07879189,0.06732488
208,7.0442,0.1626308560371399,-0.033836159855127335,-0.9143946170806885,0.07670412212610245,-0.15220236778259277,0.04620593786239624,0.040486044842846305,0.020354392489258903,1.5868643760738352,0.09601323306560516,-5.106799602508545,-1.1585267782211304,-1.566972017288208,5.323073387145996,-0.2335718,-0.052988015,0.07166924
209,7.0783,0.1650274395942688,-0.040071554481983185,-0.9126336574554443,0.06407197564840317,-0.15894924104213715,0.0509885773062706,0.04177377477606208,0.016978141929283826,1.5867421369798005,0.09446898847818375,-5.1684489250183105,-0.598625898361206,-1.6295530796051025,5.340616226196289,-0.23698844,-0.027448742,0.07471976
210,7.1124,0.16719137132167816,-0.04812982678413391,-0.9100979566574097,0.047433383762836456,-0.16552825272083282,0.056651484221220016,0.04319082198614723,0.01192089992806153,1.586590070481557,0.09229879826307297,-5.200383186340332,0.05109092593193054,-1.6817480325698853,5.356635570526123,-0.23786049,0.0023368495,0.07692153
211,7.1462,0.16833485662937164,-0.05468699336051941,-0.9078623056411743,0.03373736888170242,-0.16939637064933777,0.06127562001347542,0.044122994946702215,0.0066516494981229135,1.5864380039833135,0.09050336480140686,-5.189037799835205,0.5214823484420776,-1.7036993503570557,5.368548393249512,-0.23644978,0.023762476,0.07763276
212,7.1804,0.1689552217721939,-0.061296530067920685,-0.90538489818573,0.019772661849856377,-0.17188909649848938,0.06559474021196365,0.04446654688851164,0.002320960234389243,1.5863169633117693,0.08866556733846664,-5.151958465576172,0.9531887769699097,-1.7030611038208008,5.379192352294922,-0.2337874,0.04325414,0.077282116
213,7.2146,0.16902869939804077,-0.06790532171726227,-0.9026528596878052,0.005560178775340319,-0.1730557382106781,0.06963155418634415,0.04447284692896536,-0.0015658815046150473,1.5862425279593018,0.0867878720164299,-5.0712809562683105,1.3411389589309692,-1.6658474206924438,5.388936996459961,-0.23035446,0.060918994,0.075668335
214,7.2485,0.16851893067359924,-0.07443584501743317,-0.8996907472610474,-0.008864407427608967,-0.17262402176856995,0.07297080010175705,0.0439755432072851,-0.007066818627012153,1.5861426594184238,0.08486668020486832,-4.964366436004639,1.7066514492034912,-1.600670576095581,5.3941144943237305,-0.22614044,0.07774263,0.07291491
215,7.2823,0.16746662557125092,-0.08090540021657944,-0.8965283632278442,-0.023187344893813133,-0.17083266377449036,0.07574045658111572,0.04317141419970328,-0.011319223178190778,1.586085934087205,0.08295968174934387,-4.816417217254639,2.0489962100982666,-1.497012972831726,5.396472454071045,-0.22117944,0.09409397,0.06874581
216,7.3172,0.16532504558563232,-0.08877354115247726,-0.8924230337142944,-0.040771085768938065,-0.1665753275156021,0.0779096707701683,0.04220264358010572,-0.014854784866812234,1.5860565061571597,0.08058241754770279,-4.575250625610352,2.4472548961639404,-1.3179097175598145,5.395695686340332,-0.21366107,0.114285134,0.061545484
217,7.3512,0.1630590558052063,-0.09484899044036865,-0.8890417814254761,-0.05454597622156143,-0.16173331439495087,0.07884140312671661,0.040390408231388036,-0.019550531878380694,1.5860543756282877,0.07880522310733795,-4.353113651275635,2.7679529190063477,-1.1527827978134155,5.394876480102539,-0.20588574,0.13091366,0.05452225
218,7.3852,0.16030386090278625,-0.10068065673112869,-0.8855800628662109,-0.06780798733234406,-0.15565942227840424,0.0787949487566948,0.038659270299052466,-0.022980602219213293,1.5860716861753732,0.07714644074440002,-4.095858573913574,3.069197177886963,-0.9579809904098511,5.397635459899902,-0.19664825,0.14735672,0.045994088
219,7.4193,0.15711097419261932,-0.10625029355287552,-0.8821526765823364,-0.08057199418544769,-0.14842958748340607,0.07746996730566025,0.036126287852007666,-0.02689229900140291,1.5861471867922767,0.07565969228744507,-3.8098249435424805,3.36616849899292,-0.7456517219543457,5.406503677368164,-0.18536504,0.16377917,0.036279295
220,7.4536,0.15342871844768524,-0.11148098111152649,-0.8787157535552979,-0.09281348437070847,-0.14009688794612885,0.07479936629533768,0.03415975560763351,-0.029398982732683182,1.5862031131751686,0.07427515834569931,-3.4912309646606445,3.638807773590088,-0.5078115463256836,5.42141580581665,-0.17220975,0.1794892,0.025048502
221,7.4871,0.14937013387680054,-0.1162988692522049,-0.8754700422286987,-0.10439888387918472,-0.13059073686599731,0.07122617959976196,0.031091652551429316,-0.032633090190367184,1.5863330754363643,0.07303798198699951,-3.1469082832336426,3.9063096046447754,-0.2669093906879425,5.444162845611572,-0.15661564,0.1944096,0.013283573
222,7.5212,0.14379607141017914,-0.12173480540513992,-0.871511697769165,-0.11778026819229126,-0.11758922040462494,0.0653187558054924,0.02844597261719293,-0.034896918597367446,1.5864374713510954,0.07169628888368607,-2.6854236125946045,4.2017903327941895,0.059201210737228394,5.477128028869629,-0.13462152,0.21063767,-0.002967784
223,7.5553,0.13899126648902893,-0.1255834400653839,-0.868498682975769,-0.12767164409160614,-0.10618356615304947,0.05904411897063255,0.02601139189183195,-0.036653597909032554,1.5865539846487864,0.07077660411596298,-2.295515775680542,4.418927192687988,0.33581337332725525,5.505428314208984,-0.11498506,0.22134921,-0.016821284
224,7.5892,0.13392411172389984,-0.12895286083221436,-0.8658148050308228,-0.13662248849868774,-0.09408024698495865,0.05186714977025986,0.022267590771615015,-0.03884377742832452,1.5867069832534115,0.0699215829372406,-1.8881936073303223,4.625257968902588,0.6064931154251099,5.537008762359619,-0.09379986,0.2297691,-0.030128779
225,7.6233,0.1286403089761734,-0.13183394074440002,-0.8634133338928223,-0.1446182280778885,-0.08127878606319427,0.04324572905898094,0.01906179812586452,-0.040361666897561196,1.586849062897567,0.06912023574113846,-1.4788649082183838,4.7936015129089355,0.8835504055023193,5.56348991394043,-0.07258229,0.23526865,-0.043364413
226,7.6574,0.1232052743434906,-0.13422493636608124,-0.8613674640655518,-0.15150566399097443,-0.06789236515760422,0.03339091315865517,0.01613642177873716,-0.041440646613206795,1.5869762288396185,0.06834199279546738,-1.0742607116699219,4.922332286834717,1.1602551937103271,5.583651065826416,-0.051946174,0.23802075,-0.056104463
227,7.6914,0.11763301491737366,-0.13613495230674744,-0.8596937656402588,-0.15741290152072906,-0.05403781309723854,0.022603007033467293,0.011678189205106337,-0.042632303010097974,1.5871587885323435,0.06754730641841888,-0.6646867990493774,5.028192520141602,1.428699016571045,5.602673053741455,-0.03153571,0.23855993,-0.06778387
228,7.7257,0.11049982905387878,-0.13781841099262238,-0.8581981658935547,-0.1630990356206894,-0.03613654896616936,0.008172847330570221,0.00795663848370782,-0.04324651118125431,1.5873188445138573,0.06643445789813995,-0.17439107596874237,5.084947109222412,1.7549421787261963,5.6100358963012695,-0.008100524,0.23619747,-0.081517644
229,7.76,0.09883932769298553,-0.13882403075695038,-0.8573976755142212,-0.16826871037483215,-0.007036244962364435,-0.015579824335873127,0.003201351096424675,-0.043495366940365404,1.587527236869156,0.0641593188047409,0.2124880701303482,5.089334487915039,1.9974477291107178,5.6092634201049805,0.009709027,0.2325424,-0.091267586
230,7.7943,0.0930444523692131,-0.13852328062057495,-0.8578109741210938,-0.16875889897346497,0.0075923181138932705,-0.027882717549800873,-0.0001384089551298115,-0.04333159917808234,1.587661193871987,0.06273306161165237,0.6018041968345642,5.069919586181641,2.213531732559204,5.606662750244141,0.027036648,0.22777115,-0.099445105
231,7.8283,0.08733468502759933,-0.13768666982650757,-0.8587378263473511,-0.16782373189926147,0.02214515581727028,-0.0401109978556633,-0.0048440819633939715,-0.042609349890452855,1.5878308372334249,0.06111842393875122,1.311321496963501,4.886166095733643,2.592928171157837,5.559549808502197,0.05766743,0.21487686,-0.1140281
232,7.8624,0.0817984864115715,-0.136325404047966,-0.8602035045623779,-0.1656733751296997,0.036518581211566925,-0.05193765088915825,-0.008542550048133417,-0.0416273924622702,1.5879557394885497,0.05931619554758072,1.658921480178833,4.756992340087891,2.737752676010132,5.529946804046631,0.072331,0.20741066,-0.11936935
233,7.8964,0.07518499344587326,-0.1338890939950943,-0.8627173900604248,-0.16118401288986206,0.05402176082134247,-0.06704989075660706,-0.011691183558690782,-0.040487929861555375,1.5880442895947948,0.05684133991599083,2.065542459487915,4.542236804962158,2.88653302192688,5.47634744644165,0.08957896,0.19698885,-0.12518388
234,7.9301,0.07013744860887527,-0.13139477372169495,-0.8652257919311523,-0.15616178512573242,0.06731970608234406,-0.07843074947595596,-0.016035598244937044,-0.03833825119677863,1.588152413935052,0.054775264114141464,2.395815849304199,4.350239276885986,2.969928503036499,5.434011459350586,0.10350668,0.18794383,-0.12831013
235,7.9645,0.06532463431358337,-0.1284250020980835,-0.8681843280792236,-0.14997577667236328,0.0801549032330513,-0.08913196623325348,-0.019376167647791563,-0.03625093627459098,1.5882124682176333,0.05269495025277138,2.7110865116119385,4.12080192565918,3.0183913707733154,5.381707191467285,0.11720316,0.17814666,-0.13048828
236,7.9986,0.0607905387878418,-0.12496683746576309,-0.871544599533081,-0.14291901886463165,0.09215745329856873,-0.09869837760925293,-0.02327722843037768,-0.03324476835848794,1.5882618698558542,0.05067585036158562,3.0143485069274902,3.8564226627349854,3.0252020359039307,5.321333408355713,0.13096432,0.1675499,-0.13143587
237,8.0325,0.05655370280146599,-0.12103201448917389,-0.875251054763794,-0.134748637676239,0.10347921401262283,-0.10703089833259583,-0.02576526379224359,-0.030924628658594716,1.5882717235518875,0.048844967037439346,3.3183419704437256,3.5592873096466064,2.999565362930298,5.257909774780273,0.14512359,0.15566103,-0.13118228
238,8.0668,0.05263616889715195,-0.11665677279233932,-0.8793468475341797,-0.12576444447040558,0.11395160108804703,-0.1141376867890358,-0.028864367708011988,-0.027474701122884217,1.5882580082722737,0.047349441796541214,3.601077079772949,3.2198688983917236,2.926769733428955,5.183971881866455,0.15939265,0.14251943,-0.12954612
239,8.1004,0.04821794480085373,-0.11063779145479202,-0.8848288059234619,-0.11341407150030136,0.12554281949996948,-0.1213865876197815,-0.03102501318693389,-0.02458258308046382,1.588214465588451,0.046249859035015106,3.929300308227539,2.7416675090789795,2.781568765640259,5.082520961761475,0.17731018,0.123718105,-0.12551865
240,8.1343,0.045096322894096375,-0.10541705042123795,-0.8894546031951904,-0.10285001248121262,0.13402749598026276,-0.12586912512779236,-0.032689070668718484,-0.021957989972514896,1.5881469544548172,0.04615453630685806,4.163638591766357,2.307023763656616,2.6211764812469482,4.992517471313477,0.19155347,0.10613756,-0.12059055
241,8.1682,0.04242328554391861,-0.09984301030635834,-0.8942018747329712,-0.09157812595367432,0.14140678942203522,-0.12878739833831787,-0.0347420141680873,-0.018168159857926223,1.5880312401054535,0.046792857348918915,4.376169681549072,1.8277560472488403,2.426880121231079,4.901355266571045,0.20536102,0.08577132,-0.11388648
242,8.2023,0.040188148617744446,-0.09398385882377625,-0.8990203142166138,-0.07989420741796494,0.14791835844516754,-0.13048270344734192,-0.0361919139669321,-0.015043209755719145,1.5879026094248025,0.04823125898838043,4.544972896575928,1.3002331256866455,2.1923987865448,4.807154178619385,0.21804915,0.062379852,-0.1051823
243,8.2375,0.038486652076244354,-0.08782397210597992,-0.9038944244384766,-0.0677669495344162,0.15347254276275635,-0.13075284659862518,-0.03734947774068106,-0.012175550143138147,1.587765323470609,0.05036688968539238,4.662963390350342,0.7215741872787476,1.916335105895996,4.715178966522217,0.22890143,0.035421543,-0.09407148
244,8.2714,0.03731156140565872,-0.08139968663454056,-0.9089022874832153,-0.055088918656110764,0.1580924242734909,-0.129716157913208,-0.038811603113405,-0.007929195440912395,1.5875405526746063,0.05322366580367088,4.742523670196533,0.08936870098114014,1.6032464504241943,4.632314205169678,0.23679528,0.0044621993,-0.08005046
245,8.3069,0.03653862327337265,-0.07308844476938248,-0.9150545597076416,-0.038924690335989,0.16243776679039001,-0.1262822300195694,-0.039978046864913686,-0.003541467456398168,1.5872962076445916,0.057654596865177155,4.748462200164795,-0.7576879262924194,1.1579517126083374,4.546342849731445,0.24001567,-0.038298078,-0.0585298
246,8.3405,0.036414679139852524,-0.06630714982748032,-0.9197900295257568,-0.0257120281457901,0.1646559089422226,-0.12144191563129425,-0.04070375826196028,0.00016994772967176167,1.5870666431586267,0.06176634132862091,4.715129375457764,-1.4709190130233765,0.7891689538955688,4.501296520233154,0.23566772,-0.07351826,-0.039443593
247,8.3743,0.0367511585354805,-0.059510767459869385,-0.9243466854095459,-0.012131823226809502,0.16559013724327087,-0.11509782820940018,-0.04117413908949553,0.0036012473605663655,1.586891540316954,0.0662192702293396,4.61593770980835,-2.178213596343994,0.40945491194725037,4.478352069854736,0.22536717,-0.10634845,-0.019991105
248,8.4083,0.03749827295541763,-0.05279221758246422,-0.9286669492721558,0.0012030244106426835,0.1652521789073944,-0.1062074676156044,-0.04145433692568549,0.00880106704827715,1.5865984594389908,0.07088472694158554,4.492141246795654,-2.8771841526031494,0.036613255739212036,4.478684902191162,0.21051577,-0.13483384,-0.0017158116
249,8.4424,0.038643863052129745,-0.046230100095272064,-0.932653546333313,0.014491518028080463,0.1634661853313446,-0.0949229747056961,-0.04129559587995995,0.013304425638222607,1.5863579759925566,0.07558336108922958,4.31982946395874,-3.5323269367218018,-0.32594767212867737,4.5018181800842285,0.19320564,-0.15798436,0.014578105
250,8.4774,0.040166568011045456,-0.039851415902376175,-0.9361547231674194,0.027704833075404167,0.16037985682487488,-0.08213408291339874,-0.04074736336362112,0.017391874407600642,1.5861309415096274,0.0801403746008873,4.106751441955566,-4.13993501663208,-0.6549627780914307,4.545473575592041,0.17496379,-0.17637753,0.027903995
251,8.5109,0.042655326426029205,-0.03223935142159462,-0.9397408962249756,0.043747223913669586,0.15445324778556824,-0.06489075720310211,-0.03931563131683771,0.023287452472250062,1.5858202837684696,0.08539386838674545,3.798736095428467,-4.829884052276611,-1.0018668174743652,4.622739791870117,0.15253747,-0.193943,0.040229756
252,8.5481,0.0451093353331089,-0.026528969407081604,-0.9419175386428833,0.05620601773262024,0.14796629548072815,-0.050360675901174545,-0.03709817104112925,0.028981374106623537,1.5855210776199993,0.08910788595676422,3.514526844024658,-5.308607578277588,-1.231002926826477,4.695097923278809,0.13549748,-0.20466566,0.04745953
253,8.5825,0.047979798167943954,-0.021267658099532127,-0.943517804145813,0.06810049712657928,0.13993306457996368,-0.03564992919564247,-0.0347217679020189,0.03323700774062388,1.5852971057723235,0.09231143444776535,3.2062289714813232,-5.727340221405029,-1.4170116186141968,4.76802396774292,0.119369455,-0.21323164,0.052756026
254,8.6169,0.0512179397046566,-0.01650753617286682,-0.9445033073425293,0.07926381379365921,0.13060937821865082,-0.021460387855768204,-0.032252998846164026,0.036623138004064776,1.58511281502489,0.09494741261005402,2.860975980758667,-6.044748783111572,-1.570148229598999,4.833600997924805,0.10411933,-0.21998619,0.057142314
255,8.6514,0.05477267503738403,-0.012308405712246895,-0.9449112415313721,0.08967465162277222,0.11977358162403107,-0.008396265096962452,-0.02828645759027559,0.04087207836523169,1.5848706005237474,0.09700153023004532,2.5028717517852783,-6.305104732513428,-1.6768089532852173,4.889172077178955,0.08954338,-0.22557303,0.059989944
256,8.6853,0.05858654901385307,-0.008725561201572418,-0.9449509382247925,0.09907002002000809,0.10759327560663223,0.003549095243215561,-0.024815649207143187,0.04365156133829855,1.5846655371198113,0.09856490045785904,2.124375820159912,-6.470414638519287,-1.7668542861938477,4.933083534240723,0.07548564,-0.22991382,0.06278179
257,8.719,0.06368394941091537,-0.005160392727702856,-0.9442929029464722,0.1094287782907486,0.09089156985282898,0.01691632717847824,-0.020277425053161012,0.046351786140611126,1.5844594084514392,0.09966802597045898,1.6340627670288086,-6.580475330352783,-1.8381401300430298,4.976161003112793,0.05815114,-0.23417838,0.06541361
258,8.7533,0.06801261007785797,-0.0030157933942973614,-0.943295955657959,0.11635060608386993,0.07656089216470718,0.026271648705005646,-0.017039707763843195,0.047690565542972366,1.5843081409015227,0.09994193911552429,1.2307367324829102,-6.593748569488525,-1.8707325458526611,5.003598690032959,0.044184577,-0.23672162,0.06716101
259,8.7874,0.07251833379268646,-0.0015951727982610464,-0.9420592784881592,0.12214846909046173,0.061589110642671585,0.03444574400782585,-0.012455078027866386,0.04893112839656932,1.5841016127589869,0.09970896691083908,0.8185457587242126,-6.550717353820801,-1.8909623622894287,5.0258564949035645,0.029799355,-0.23848045,0.06884094
260,8.8213,0.07714726030826569,-0.0009211885626427829,-0.9405053853988647,0.12677103281021118,0.04608874022960663,0.0419778935611248,-0.008833568016549127,0.04935329768599573,1.5839107972668829,0.09891024231910706,0.39757099747657776,-6.456491947174072,-1.899999737739563,5.044759750366211,0.0147423595,-0.23941365,0.07045403
261,8.855,0.0818389281630516,-0.0009863009909167886,-0.9386831521987915,0.13019971549510956,0.029987560585141182,0.04859473928809166,-0.005701430500290739,0.049360018006558974,1.5837558012914401,0.09758399426937103,-0.01791440322995186,-6.279877185821533,-1.9006282091140747,5.067293643951416,-0.0006825869,-0.23928021,0.07241905
262,8.8894,0.08652158081531525,-0.0017887587891891599,-0.936587929725647,0.1324506253004074,0.013887191191315651,0.05434354022145271,-0.001404161567568636,0.04885085489564945,1.583499738352629,0.09573237597942352,-0.43521010875701904,-6.057465076446533,-1.8890230655670166,5.088634490966797,-0.017107083,-0.23810467,0.074253045
263,8.9234,0.09228140860795975,-0.0037658901419490576,-0.9337049722671509,0.13366906344890594,-0.006395804695785046,0.06046636030077934,0.0019154965591679312,0.04802666895610797,1.5833009333772547,0.09279675781726837,-0.9276136755943298,-5.664706707000732,-1.8630269765853882,5.1261162757873535,-0.038426936,-0.23466377,0.07717697
264,8.9576,0.09672213345766068,-0.0060508884489536285,-0.9312252998352051,0.1334192454814911,-0.022490432485938072,0.0648350864648819,0.004731201383877441,0.04703312261599427,1.5831319558060892,0.09003100544214249,-1.3008239269256592,-5.2836527824401855,-1.8366726636886597,5.160792350769043,-0.05662612,-0.2300025,0.07995213
265,8.9913,0.101026751101017,-0.00888434611260891,-0.9287354946136475,0.13185541331768036,-0.03823905810713768,0.06877239793539047,0.008537680416468314,0.04523670810862734,1.582879621292804,0.08703679591417313,-1.6623237133026123,-4.857781410217285,-1.8180984258651733,5.194695472717285,-0.07629919,-0.22296788,0.08344912
266,9.0254,0.10515205562114716,-0.012223445810377598,-0.9261370897293091,0.12936967611312866,-0.053323663771152496,0.07243677973747253,0.01147720376658942,0.04351345979102113,1.58268614263961,0.08380356431007385,-1.9908819198608398,-4.371974468231201,-1.7916452884674072,5.234537601470947,-0.09707528,-0.21317722,0.087360516
267,9.0595,0.11272968351840973,-0.020553909242153168,-0.9206006526947021,0.12167028337717056,-0.08216865360736847,0.07907702773809433,0.015051177392746067,0.0410473018813913,1.5824283486460902,0.07653608173131943,-2.5358221530914307,-3.2093708515167236,-1.7136280536651611,5.329803943634033,-0.14295192,-0.18092188,0.096602365
268,9.0934,0.11272968351840973,-0.020553909242153168,-0.9206006526947021,0.12167028337717056,-0.08216865360736847,0.07907702773809433,0.017480602404684218,0.039086761749469824,1.5822666947679225,0.07653608173131943,-2.568146228790283,-3.23628306388855,-1.7265419960021973,5.321039199829102,-0.14338516,-0.18068868,0.09639657
269,9.1271,0.12005160003900528,-0.032022807747125626,-0.9139871597290039,0.10848205536603928,-0.11119584739208221,0.08727836608886719,0.02090557320814823,0.035964459203893316,1.582035399227249,0.0678110346198082,-3.018522262573242,-1.7837975025177002,-1.6294537782669067,5.425673484802246,-0.19517992,-0.115341686,0.10536171
270,9.1608,0.12280471622943878,-0.03765512630343437,-0.9108566045761108,0.1011110171675682,-0.12257704138755798,0.09106545895338058,0.02372372611248088,0.03309824040307394,1.581864424285266,0.0639474168419838,-3.1773602962493896,-1.1577262878417969,-1.583165168762207,5.462515830993652,-0.2127347,-0.07751357,0.1059981
271,9.1953,0.125262051820755,-0.043550439178943634,-0.9075989723205566,0.0929717868566513,-0.1329517513513565,0.09525815397500992,0.026194821273100362,0.030279332242900907,1.5817152872642215,0.06023544445633888,-3.2953505516052246,-0.5531913042068481,-1.5288362503051758,5.498308181762695,-0.22419782,-0.037636142,0.10401374
272,9.2295,0.12744510173797607,-0.049698974937200546,-0.9042351245880127,0.0839320495724678,-0.14220620691776276,0.09902767837047577,0.0298693281901102,0.025455893939144252,1.5815284665137523,0.056798797100782394,-3.402275562286377,0.010816901922225952,-1.4718513488769531,5.526026725769043,-0.22944862,0.0007294892,0.09926129
273,9.2635,0.12933476269245148,-0.05602744221687317,-0.900855541229248,0.07395152747631073,-0.14994381368160248,0.1019536554813385,0.03278466982947392,0.020831375043465102,1.5813664131614211,0.05381002277135849,-3.465296745300293,0.5374231338500977,-1.3970701694488525,5.55068302154541,-0.22950366,0.035593078,0.09252677
274,9.2973,0.1311839520931244,-0.06412352621555328,-0.8965908288955688,0.06016837805509567,-0.15758275985717773,0.10360965877771378,0.03518335821736228,0.016363776673235065,1.581242443012678,0.050811536610126495,-3.46818470954895,1.1423707008361816,-1.2609955072402954,5.576659679412842,-0.22444397,0.073928654,0.08160547
275,9.3312,0.13216431438922882,-0.07070505619049072,-0.8931963443756104,0.04819330945611,-0.16171108186244965,0.10322248935699463,0.038123084425457046,0.009400071274382119,1.5810506954141923,0.04906065762042999,-3.460707187652588,1.5854315757751465,-1.1430238485336304,5.58400821685791,-0.21768233,0.09972541,0.07189747
276,9.3656,0.13270141184329987,-0.07732882350683212,-0.889790415763855,0.035446375608444214,-0.16399218142032623,0.10134140402078629,0.03991354427107413,0.0034720369742446606,1.580890239958515,0.04796704649925232,-3.396393299102783,2.0041608810424805,-0.9886116981506348,5.587092399597168,-0.20884693,0.12323745,0.06079052
277,9.3995,0.13275760412216187,-0.0838896706700325,-0.8864908218383789,0.022232286632061005,-0.16427753865718842,0.09803050756454468,0.04131201593255597,-0.004155118808424245,1.580721661861513,0.04754283279180527,-3.3068270683288574,2.4037327766418457,-0.8205111026763916,5.582953929901123,-0.19826598,0.14411956,0.049195025
278,9.4333,0.13233596086502075,-0.09030957520008087,-0.883368730545044,0.008619990199804306,-0.1625417023897171,0.09329523146152496,0.041700953965005234,-0.00939896023686485,1.5806155348920732,0.04774343594908714,-3.156350612640381,2.7762300968170166,-0.6231834888458252,5.578954696655273,-0.18568896,0.16332637,0.036662053
279,9.4672,0.13145077228546143,-0.0965135395526886,-0.8803597688674927,-0.005168505012989044,-0.15870030224323273,0.08758115023374557,0.04141688622285625,-0.01660571861648496,1.5805132695062143,0.04848306253552437,-2.9879822731018066,3.132814645767212,-0.4214761555194855,5.5740132331848145,-0.17173351,0.18005772,0.024224235
280,9.5014,0.12974639236927032,-0.10387574881315231,-0.8768963813781738,-0.022245978936553,-0.15131130814552307,0.07862168550491333,0.04050080458095023,-0.02197268729278077,1.5804882357919674,0.04999901354312897,-2.7124528884887695,3.5298447608947754,-0.14011242985725403,5.575509548187256,-0.15225305,0.19813418,0.007864669
281,9.5354,0.1279067099094391,-0.10933704674243927,-0.8744227886199951,-0.03547650948166847,-0.14338108897209167,0.07034129649400711,0.03923517056240369,-0.026286881342438437,1.5805134026642687,0.05146173760294914,-2.468240976333618,3.817394256591797,0.08541682362556458,5.5816121101379395,-0.13571762,0.20990157,-0.0046966923
282,9.5692,0.12559011578559875,-0.11432766169309616,-0.8723587989807129,-0.04829706996679306,-0.13370570540428162,0.06083565205335617,0.03669778141599265,-0.031806453310384994,1.5805839764331557,0.052874352782964706,-2.205488920211792,4.090559482574463,0.2980978786945343,5.592352867126465,-0.1184017,0.21960174,-0.016003389
283,9.6032,0.12282558530569077,-0.1188209280371666,-0.8706411123275757,-0.06034088507294655,-0.12243837118148804,0.05040803924202919,0.03419723959997638,-0.03567065427900873,1.5806882391898325,0.05414517968893051,-1.917746663093567,4.325899124145508,0.5135326385498047,5.605434417724609,-0.10072806,0.22721428,-0.026972877
284,9.6376,0.1196649968624115,-0.12277435511350632,-0.869304895401001,-0.07166077196598053,-0.10998640209436417,0.03945624828338623,0.03161871709829122,-0.038586070819778114,1.5807794524571677,0.055188704282045364,-1.6128889322280884,4.5273871421813965,0.7201015949249268,5.618971824645996,-0.08297177,0.23290215,-0.037044153
285,9.6715,0.11612841486930847,-0.1261046677827835,-0.8683062791824341,-0.08194786310195923,-0.09641782194375992,0.02866547182202339,0.027491042112885375,-0.042012955770275626,1.58099090744772,0.055903445929288864,-1.2941218614578247,4.708863258361816,0.9083436727523804,5.635200500488281,-0.065133154,0.2369971,-0.04571694
286,9.7056,0.11119186878204346,-0.12935557961463928,-0.8676711320877075,-0.0932980552315712,-0.0780939981341362,0.014984335750341415,0.023933876570217952,-0.04407923171985165,1.5811485665842526,0.05620013177394867,-0.8886964917182922,4.8591203689575195,1.128686547279358,5.645498275756836,-0.043847032,0.23974214,-0.055687804
287,9.7392,0.1068253219127655,-0.1312294453382492,-0.8676670789718628,-0.10116586089134216,-0.06261731684207916,0.0041848886758089066,0.019259756299236076,-0.04587825113165982,1.5814252690215118,0.05593279004096985,-0.5443876385688782,4.955538272857666,1.2786017656326294,5.654841423034668,-0.026443519,0.24071427,-0.062107824
288,9.7733,0.10222155600786209,-0.13243725895881653,-0.8681365251541138,-0.10780025273561478,-0.046696729958057404,-0.0064949290826916695,0.015865163217253078,-0.04664092221120966,1.5815877218480068,0.05524665489792824,-0.20492370426654816,4.996772289276123,1.4121538400650024,5.653632164001465,-0.009858683,0.24038993,-0.06793737
289,9.8071,0.09746211022138596,-0.13299500942230225,-0.8689913749694824,-0.112956702709198,-0.030468838289380074,-0.016701487824320793,0.010906879496770544,-0.04701191719581452,1.581837260042147,0.054214414209127426,0.14402736723423004,5.011003017425537,1.5283327102661133,5.6512346267700195,0.006870397,0.239035,-0.072904564
290,9.8413,0.09256450831890106,-0.1328631192445755,-0.8702226877212524,-0.116911880671978,-0.01408686488866806,-0.026083119213581085,0.006959901031623878,-0.04678444578801892,1.582020618683199,0.05282361060380936,0.4887392520904541,4.971935749053955,1.6269817352294922,5.637052536010742,0.02325492,0.2365719,-0.07741414
291,9.8752,0.08758126199245453,-0.13205592334270477,-0.8717746734619141,-0.11957395821809769,0.0021400880068540573,-0.03510545939207077,0.0035575327676146107,-0.04625609127250401,1.5821974525795803,0.051148656755685806,0.8307722210884094,4.8853607177734375,1.7144348621368408,5.611362934112549,0.039608233,0.23291644,-0.08173809
292,9.9094,0.08125107735395432,-0.13012520968914032,-0.8741943836212158,-0.12110050022602081,0.02223031595349312,-0.04511941224336624,-0.001152582570198343,-0.04498280898820191,1.58238813491363,0.04877008870244026,1.2696698904037476,4.718330383300781,1.795874834060669,5.567523002624512,0.060974352,0.22659208,-0.08624471
293,9.9434,0.07608583569526672,-0.12785740196704865,-0.8764894008636475,-0.1210634782910347,0.03788436949253082,-0.0524967722594738,-0.004751715006352158,-0.043599105387202394,1.5825379377249469,0.04679100215435028,1.6321731805801392,4.531060695648193,1.8400647640228271,5.5198211669921875,0.079145454,0.21971495,-0.08922629
294,9.9781,0.07096801698207855,-0.125003382563591,-0.8791724443435669,-0.11973842978477478,0.05311896279454231,-0.059433236718177795,-0.007757362773804789,-0.04211487993862,1.5826567147095645,0.04492361843585968,1.9934027194976807,4.291314125061035,1.8583552837371826,5.458639144897461,0.09803196,0.2110391,-0.091390565
295,10.012,0.06599562615156174,-0.1215924620628357,-0.8821467161178589,-0.11738050729036331,0.06773503869771957,-0.06577024608850479,-0.011886867642162761,-0.03966691890937598,1.5827904053962865,0.04334435984492302,2.367616891860962,4.0101141929626465,1.8549718856811523,5.3906707763671875,0.11808002,0.19999619,-0.092512906
296,10.0463,0.061225775629282,-0.11764861643314362,-0.8853226900100708,-0.11384088546037674,0.08179833739995956,-0.07158258557319641,-0.015044787886724477,-0.03743679197373283,1.5828684360162257,0.0422191247344017,2.730198860168457,3.6677134037017822,1.83107590675354,5.307539463043213,0.13857928,0.1861656,-0.09294165
297,10.0805,0.056682221591472626,-0.11328021436929703,-0.8885891437530518,-0.10927313566207886,0.0949975922703743,-0.07660337537527084,-0.01885048461574514,-0.03433149412783539,1.5829330176726601,0.04176754504442215,3.0974583625793457,3.281017780303955,1.7920866012573242,5.2189531326293945,0.1594988,0.1689509,-0.09228071
298,10.1145,0.051359616219997406,-0.10727091133594513,-0.8928431272506714,-0.10200488567352295,0.11018463969230652,-0.08201885968446732,-0.02139847231105686,-0.03197472764057517,1.5829484640069826,0.042307380586862564,3.5166351795196533,2.7153544425964355,1.700505256652832,5.090758800506592,0.1848033,0.14269507,-0.08936355
299,10.1482,0.047372739762067795,-0.10207775980234146,-0.8963342905044556,-0.09521126002073288,0.1212669312953949,-0.08557716757059097,-0.02486891034835017,-0.028372754412567164,1.58296524192185,0.043719466775655746,3.859163522720337,2.219388484954834,1.6103932857513428,4.989026069641113,0.20379382,0.117200956,-0.08504128
300,10.1823,0.04364875331521034,-0.09661005437374115,-0.8999578952789307,-0.08752650767564774,0.13130627572536469,-0.0882379561662674,-0.02746754595804923,-0.02524945734277108,1.5829536571711083,0.04601288214325905,4.171976566314697,1.6758060455322266,1.4827243089675903,4.883279323577881,0.22031282,0.0884956,-0.07829938
301,10.2173,0.04021637886762619,-0.09089595079421997,-0.9036134481430054,-0.07893361896276474,0.14020463824272156,-0.09009142220020294,-0.029696551453202106,-0.022316545081996635,1.5829199681833188,0.04906706511974335,4.451113224029541,1.0936229228973389,1.3269267082214355,4.779409408569336,0.23320359,0.057297304,-0.0695206
302,10.2532,0.03714440390467644,-0.08489928394556046,-0.9072568416595459,-0.06953651458024979,0.14818081259727478,-0.09054958820343018,-0.03280386123407931,-0.01772152069539011,1.5828492612563771,0.05269771069288254,4.710257530212402,0.4746735095977783,1.153442144393921,4.684911727905273,0.24167044,0.0243542,-0.059179965
303,10.2873,0.034442026168107986,-0.07866278290748596,-0.9108744859695435,-0.05943400040268898,0.15495724976062775,-0.08993934839963913,-0.035719144616794186,-0.012564669187317749,1.582739805335575,0.056805603206157684,4.928874969482422,-0.1787261962890625,0.9573333263397217,4.600955963134766,0.24525839,-0.008893327,-0.047636434
304,10.3213,0.03155656158924103,-0.07060614228248596,-0.9152438640594482,-0.04583228752017021,0.16146931052207947,-0.08726730197668076,-0.037755613968107345,-0.008147300531960128,1.582620362560685,0.062451016157865524,5.109931468963623,-1.0283191204071045,0.6689636707305908,4.515948295593262,0.2430927,-0.048919808,-0.03182434
305,10.3554,0.029673989862203598,-0.06400559842586517,-0.9185312986373901,-0.034275121986866,0.16523998975753784,-0.08367407321929932,-0.03928863352128704,-0.004090964974254783,1.5825019850502309,0.06720393151044846,5.204317569732666,-1.718860387802124,0.43213239312171936,4.4720540046691895,0.23665324,-0.07816085,-0.019650133
306,10.3894,0.028234267607331276,-0.057333122938871384,-0.9215990304946899,-0.022097943350672722,0.16754896938800812,-0.07852444797754288,-0.04095715803968132,0.0019753439526235188,1.5823303443179753,0.07201152294874191,5.265405178070068,-2.4096591472625732,0.2049688994884491,4.454200744628906,0.22718361,-0.10396827,-0.008843684
307,10.4234,0.02729734033346176,-0.050681162625551224,-0.9243322610855103,-0.009552894160151482,0.16830472648143768,-0.07188939303159714,-0.04177305072914072,0.006978372550497099,1.5821464530447054,0.07668918371200562,5.263319969177246,-3.0807011127471924,-0.017627447843551636,4.460452079772949,0.21575749,-0.12628613,0.00072259596
308,10.4573,0.02691069431602955,-0.04412681981921196,-0.9267444610595703,0.003351740539073944,0.1675604283809662,-0.06397881358861923,-0.04206380134115012,0.011444954550264242,1.5819556375526012,0.08113893866539001,5.20589017868042,-3.7198326587677,-0.22576789557933807,4.490720272064209,0.20328209,-0.1452538,0.008815893
309,10.4913,0.027004849165678024,-0.03777028247714043,-0.9287559986114502,0.016547106206417084,0.16509948670864105,-0.0550200417637825,-0.04170497367377557,0.017815272288139308,1.5816915851305198,0.08529340475797653,5.122390270233154,-4.330214977264404,-0.39832374453544617,4.544425010681152,0.19058642,-0.16111232,0.014820249
310,10.5254,0.02776833437383175,-0.030177254229784012,-0.9307078123092651,0.0328604131937027,0.15960469841957092,-0.04336640611290932,-0.04076343387632407,0.022730982881883403,1.581495842790399,0.09000827372074127,4.945922374725342,-4.994778156280518,-0.5873045325279236,4.630370140075684,0.17529497,-0.17702653,0.020815436
311,10.559,0.030499838292598724,-0.019068783149123192,-0.9325058460235596,0.05811590328812599,0.1457199603319168,-0.02496020495891571,-0.03889669943261143,0.028421731609489402,1.5812218035142298,0.09620289504528046,4.770483493804932,-5.461113929748535,-0.7041444182395935,4.708197593688965,0.16370004,-0.18739916,0.02416285
312,10.5925,0.030499838292598724,-0.019068783149123192,-0.9325058460235596,0.05811590328812599,0.1457199603319168,-0.02496020495891571,-0.03716127547539652,0.032032372594607776,1.5810560217363723,0.09620289504528046,4.573104381561279,-5.882605075836182,-0.7878677845001221,4.787959098815918,0.15258735,-0.1962805,0.026288196
313,10.6263,0.03255109861493111,-0.01410320121794939,-0.932898759841919,0.07003425806760788,0.13657422363758087,-0.016467852517962456,-0.03481292915448907,0.03572524075897695,1.5808693341439577,0.09864237904548645,4.336740970611572,-6.220628261566162,-0.8570221662521362,4.8609161376953125,0.14206928,-0.20378439,0.02807558
314,10.6602,0.03785133361816406,-0.005546709056943655,-0.9327417612075806,0.09180279076099396,0.11457568407058716,-0.0015430188504979014,-0.03142270220027758,0.039620904479166455,1.5806344433358128,0.10215726494789124,3.7762017250061035,-6.6639299392700195,-0.9466350078582764,4.98066520690918,0.12232185,-0.21586354,0.030664185
315,10.6943,0.03785133361816406,-0.005546709056943655,-0.9327417612075806,0.09180279076099396,0.11457568407058716,-0.0015430188504979014,-0.02884177869242215,0.04189556030047357,1.580504214758508,0.10215726494789124,3.7812161445617676,-6.706155300140381,-0.9386392831802368,4.980490684509277,0.12188479,-0.2161681,0.030256364
316,10.7278,0.04536103084683418,0.0016492829890921712,-0.9313980340957642,0.11216713488101959,0.08518506586551666,0.011622647754848003,-0.024958380077409224,0.0444503557013218,1.5803080729442236,0.10402821749448776,3.051992177963257,-6.932621479034424,-0.9701929092407227,5.075732707977295,0.09991374,-0.22695474,0.03176142
317,10.7614,0.049150168895721436,0.003904869081452489,-0.930353045463562,0.11960040032863617,0.07095934450626373,0.016336029395461082,-0.021731962497372827,0.045947755474921685,1.5801822385827173,0.10405024886131287,2.6984920501708984,-6.974477767944336,-0.9562249183654785,5.107903480529785,0.089482024,-0.23127374,0.031708427
318,10.7962,0.053197842091321945,0.005564289167523384,-0.9290823936462402,0.12608100473880768,0.05619312450289726,0.020570991560816765,-0.018902466191272123,0.04686928411349476,1.5800402920966161,0.1035858765244484,2.6891157627105713,-7.00970983505249,-0.9548770189285278,5.104138374328613,0.08882826,-0.23154835,0.031541992
319,10.8303,0.057444751262664795,0.006642666645348072,-0.9276416301727295,0.13142970204353333,0.04118837043642998,0.02405891753733158,-0.014832283236195667,0.047661333188819544,1.5798365602732252,0.10269041359424591,1.936112403869629,-6.928004741668701,-0.8981059789657593,5.159294128417969,0.06676893,-0.23891972,0.030972155
320,10.8644,0.06184839829802513,0.007089813705533743,-0.9261651039123535,0.13572362065315247,0.025909297168254852,0.026957117021083832,-0.011667466860826866,0.047835042032109164,1.5796774363980928,0.10138481110334396,1.5361980199813843,-6.831412315368652,-0.8650367259979248,5.17988395690918,0.05443466,-0.2420688,0.030652286
321,10.8983,0.06745166331529617,0.0067780339159071445,-0.9242467880249023,0.13970734179019928,0.006629247684031725,0.0296280886977911,-0.008999039785810917,0.047711350683042594,1.579552800459077,0.0992017537355423,1.0365965366363525,-6.625537395477295,-0.8195837736129761,5.2060346603393555,0.038358174,-0.24517111,0.030327844
322,10.9323,0.0719795674085617,0.005857496056705713,-0.9226528406143188,0.14188900589942932,-0.00875572394579649,0.03127456083893776,-0.005274872716700857,0.04712576733241541,1.579328429137238,0.09703679382801056,0.6200231909751892,-6.420888423919678,-0.7856727838516235,5.2223358154296875,0.023852827,-0.24701712,0.03022551
323,10.9663,0.07657402008771896,0.004331839270889759,-0.9210526943206787,0.14301936328411102,-0.024053817614912987,0.032622192054986954,-0.0016656904884725474,0.0461564307910862,1.5791004625479272,0.09450667351484299,0.20586615800857544,-6.149043560028076,-0.7557318210601807,5.240383148193359,0.008302757,-0.24799612,0.030479303
324,11.0005,0.08120459318161011,0.0022283822763711214,-0.9193542003631592,0.14316816627979279,-0.03903874754905701,0.03349292650818825,0.001162186074730791,0.04514792497578682,1.5789053859980788,0.09161463379859924,-0.2148251086473465,-5.827306270599365,-0.7245033979415894,5.257462024688721,-0.009139783,-0.24792406,0.03082416
325,11.0344,0.08581468462944031,-0.0004750396474264562,-0.9175646305084229,0.14245380461215973,-0.05385608971118927,0.034450873732566833,0.003573653994810972,0.04411751882171074,1.5787280194694795,0.0883593037724495,-0.6175532937049866,-5.426213264465332,-0.692355751991272,5.280975818634033,-0.028045341,-0.24642408,0.031442393
326,11.0682,0.09034886956214905,-0.00371940853074193,-0.9156529903411865,0.140794038772583,-0.06807102262973785,0.035249013453722,0.006889506714021168,0.042402434757321306,1.578489799709972,0.08479946851730347,-1.0162389278411865,-4.977944374084473,-0.6607629060745239,5.303704261779785,-0.049588062,-0.24290214,0.032242373
327,11.1023,0.0958724394440651,-0.008447502739727497,-0.9131388664245605,0.1376001536846161,-0.0852593183517456,0.03606230020523071,0.009479847513192202,0.04087582759670382,1.5783253495126597,0.08004733175039291,-1.4700796604156494,-4.319499492645264,-0.6131496429443359,5.340506553649902,-0.079829335,-0.23456061,0.0332957
328,11.1373,0.10018151998519897,-0.012784847989678383,-0.9110349416732788,0.1341591775417328,-0.09851192682981491,0.036572400480508804,0.011724099605585781,0.03942063060400329,1.5781944551450822,0.07602620124816895,-1.8125905990600586,-3.733278512954712,-0.5749835968017578,5.370627403259277,-0.10815793,-0.22276607,0.034309477
329,11.1712,0.10434361547231674,-0.017601734027266502,-0.9088523387908936,0.12991583347320557,-0.11119520664215088,0.03719905763864517,0.01496518641786093,0.03716626058006201,1.577985929631729,0.0718599483370781,-2.1422998905181885,-3.1148593425750732,-0.5435714721679688,5.397146224975586,-0.14022753,-0.2038879,0.035580307
330,11.2051,0.10831791162490845,-0.022833282127976418,-0.9066102504730225,0.1248798668384552,-0.12343918532133102,0.03782150521874428,0.017641802713228873,0.03517112848229393,1.5778269389146513,0.0676543340086937,-2.4349141120910645,-2.458179235458374,-0.5110659599304199,5.424191474914551,-0.1740458,-0.17570877,0.036530603
331,11.2393,0.11201075464487076,-0.02846149168908596,-0.9043490886688232,0.1188083067536354,-0.13483719527721405,0.03850525617599487,0.021196646312320884,0.03234319886392825,1.5776346586839476,0.0634627714753151,-2.7009053230285645,-1.800908088684082,-0.4883468449115753,5.444958686828613,-0.20568737,-0.13714811,0.037190042
332,11.2735,0.11546909809112549,-0.03444923087954521,-0.9020479917526245,0.11191686242818832,-0.1453927457332611,0.03914998099207878,0.023825639877852245,0.03010230069003249,1.5775077590580053,0.059399254620075226,-2.918428897857666,-1.1379539966583252,-0.4596370756626129,5.4662556648254395,-0.23045221,-0.08985794,0.036295
333,11.307,0.11942856758832932,-0.04237065836787224,-0.8991917371749878,0.101936936378479,-0.15755906701087952,0.039820779114961624,0.02783511628393981,0.026307242041209933,1.577319340410882,0.054712966084480286,-3.1471481323242188,-0.3445344865322113,-0.43345579504966736,5.4871320724487305,-0.24621828,-0.026954781,0.03391157
334,11.3414,0.12227652966976166,-0.0490269809961319,-0.8969271183013916,0.09282868355512619,-0.1660330444574356,0.04011976346373558,0.031161837249125916,0.022586893383342507,1.5771737986573093,0.05143260210752487,-3.265500783920288,0.2599027454853058,-0.40297606587409973,5.505228042602539,-0.24734741,0.019686498,0.030523676
335,11.3753,0.1247885599732399,-0.05591422691941261,-0.8945797681808472,0.08265123516321182,-0.173334538936615,0.03996254876255989,0.03406633274883137,0.01879512831577432,1.5770366458611702,0.04869835451245308,-3.3790907859802246,0.8073636293411255,-0.3773644268512726,5.5137176513671875,-0.24173397,0.057757314,0.02699596
336,11.4092,0.12690086662769318,-0.06304137408733368,-0.8922268152236938,0.07151717692613602,-0.17933104932308197,0.03901251032948494,0.037955442596025755,0.012381914958997564,1.576794830834191,0.046616680920124054,-3.451766014099121,1.3248260021209717,-0.34058788418769836,5.519033432006836,-0.2324152,0.08920352,0.02293255
337,11.4434,0.12856914103031158,-0.07036124914884567,-0.8899132013320923,0.05923193320631981,-0.18371765315532684,0.037768859416246414,0.04060356514832446,0.006481545284980606,1.5765671305609894,0.045310575515031815,-3.457805871963501,1.8167487382888794,-0.2870783507823944,5.524026870727539,-0.22071724,0.115965955,0.018324668
338,11.4772,0.12976813316345215,-0.07780815660953522,-0.8876501321792603,0.04610991105437279,-0.18618498742580414,0.035937320441007614,0.04239034650268587,0.000947605901049697,1.5763832392877193,0.044869400560855865,-3.4057719707489014,2.2812275886535645,-0.21229490637779236,5.527389049530029,-0.20743254,0.13894084,0.01293007
339,11.5111,0.130547434091568,-0.08713188022375107,-0.884955644607544,0.02873081900179386,-0.18645130097866058,0.03315678611397743,0.04392827209793619,-0.007168421343490578,1.5761174558109294,0.04552045091986656,-3.281826972961426,2.825644016265869,-0.10921958088874817,5.530004024505615,-0.18939264,0.16306655,0.006303009
340,11.5447,0.13059097528457642,-0.0944489911198616,-0.8829267024993896,0.014268969185650349,-0.1842888444662094,0.030418435111641884,0.04430983650311729,-0.013560065176032294,1.5759335645376595,0.04689054563641548,-3.131805181503296,3.2281033992767334,-0.016145020723342896,5.5357255935668945,-0.17407896,0.17943162,0.0008974084
341,11.5782,0.13016106188297272,-0.1015462577342987,-0.880936861038208,-0.00011980990529991686,-0.17988966405391693,0.027187464758753777,0.04399654472919389,-0.018954223062582133,1.5758081296503168,0.04888009652495384,-2.9409239292144775,3.5950350761413574,0.09507450461387634,5.54811954498291,-0.1582612,0.19346115,-0.005116285
342,11.6122,0.129295215010643,-0.10835559666156769,-0.8791074752807617,-0.014463212341070175,-0.17345494031906128,0.023146433755755424,0.04252422028173279,-0.026126846166870693,1.5756675147447605,0.051315948367118835,-2.7329564094543457,3.9435789585113525,0.20187929272651672,5.566298484802246,-0.14227474,0.20529842,-0.010509616
343,11.6464,0.12800681591033936,-0.1148325502872467,-0.8774813413619995,-0.028372475877404213,-0.16530059278011322,0.018822304904460907,0.04059453952894261,-0.031293711576760676,1.5756298310153358,0.054011519998311996,-2.4885401725769043,4.258594989776611,0.3130365312099457,5.59303092956543,-0.12587933,0.21541509,-0.015834516
344,11.6806,0.12626929581165314,-0.12090011686086655,-0.8761687278747559,-0.041614506393671036,-0.15535704791545868,0.014499734155833721,0.03741535768814689,-0.03694941684949151,1.5756760368602487,0.05673810839653015,-2.223637580871582,4.555582523345947,0.40666136145591736,5.62691593170166,-0.10931061,0.22394544,-0.019990848
345,11.7143,0.12346023321151733,-0.12771724164485931,-0.8748539686203003,-0.05699290707707405,-0.14063139259815216,0.00898277759552002,0.03480123621282794,-0.04028394420562292,1.5757414174650102,0.059898730367422104,-1.8669753074645996,4.856290340423584,0.527976393699646,5.669029235839844,-0.0892517,0.23215741,-0.02524018
346,11.7482,0.1207340881228447,-0.1325201839208603,-0.8740571737289429,-0.06824886798858643,-0.1272687315940857,0.004418559372425079,0.030614255958897395,-0.04418620757188877,1.5759095960878486,0.062115103006362915,-1.568311095237732,5.082463264465332,0.6098200082778931,5.706742286682129,-0.07323389,0.2373308,-0.028476166
347,11.7822,0.11759278178215027,-0.13670466840267181,-0.87354576587677,-0.07858089357614517,-0.11272430419921875,-0.0003905495395883918,0.02702639956526141,-0.04659378425991526,1.5760801715556683,0.06395281851291656,-1.2631990909576416,5.266131401062012,0.686862587928772,5.740746021270752,-0.057850443,0.24117182,-0.03145609
348,11.8172,0.11403977125883102,-0.14020104706287384,-0.8731669187545776,-0.08774031698703766,-0.09744107723236084,-0.004937227815389633,0.02369704872849885,-0.04821154643121912,1.5762390291146915,0.06534797698259354,-0.9540873169898987,5.411081314086914,0.7621654272079468,5.771208763122559,-0.04299891,0.2438672,-0.034349356
349,11.8515,0.1101224273443222,-0.1429920345544815,-0.8729104995727539,-0.09574983268976212,-0.08149271458387375,-0.009446575306355953,0.01881101157496312,-0.04973639340880363,1.5765126689166973,0.06628765910863876,-0.6328036189079285,5.533236026763916,0.8360352516174316,5.80216121673584,-0.028091121,0.24562882,-0.037112884
350,11.8856,0.10591128468513489,-0.14505141973495483,-0.8727118968963623,-0.10259304940700531,-0.06500169634819031,-0.013529447838664055,0.014848250759465833,-0.050381128063955,1.576723724433086,0.066775381565094,-0.3170953392982483,5.607357501983643,0.9173867702484131,5.824339389801025,-0.013930303,0.24633661,-0.040301684
351,11.9193,0.10036391764879227,-0.14664055407047272,-0.872710108757019,-0.10942472517490387,-0.0439201220870018,-0.018329033628106117,0.009983218248730805,-0.050461035380224985,1.5769841815876957,0.06678555905818939,0.07308657467365265,5.646671772003174,1.0218381881713867,5.841927528381348,0.003183851,0.24598446,-0.044514064
352,11.9536,0.09580717235803604,-0.14701831340789795,-0.8728975057601929,-0.1132700964808464,-0.026923758909106255,-0.021970931440591812,0.00666409405458388,-0.05012661724871669,1.5771474333625175,0.06623117625713348,0.37190335988998413,5.628377914428711,1.1139472723007202,5.843155860900879,0.016170854,0.24472937,-0.04843591
353,11.9871,0.09123970568180084,-0.1466192752122879,-0.8733954429626465,-0.11573836952447891,-0.00976602267473936,-0.02558029629290104,0.0021233283242586562,-0.04912965041107792,1.5773555594017072,0.06517071276903152,0.6721727848052979,5.578210353851318,1.206941843032837,5.837714195251465,0.029241512,0.24266872,-0.052505553
354,12.0213,0.0867244228720665,-0.14545467495918274,-0.8740285634994507,-0.11714091151952744,0.007251647301018238,-0.029285822063684464,-0.0013478336299188585,-0.04797298129300766,1.5774951090428273,0.06364774703979492,0.9570366740226746,5.479414939880371,1.3147863149642944,5.8153486251831055,0.041860413,0.23966748,-0.05750824
355,12.0554,0.08225300908088684,-0.14356350898742676,-0.8747791051864624,-0.11727675050497055,0.02403375506401062,-0.033093877136707306,-0.00427323052291791,-0.04668316244281184,1.5776134865532814,0.061705972999334335,1.2339801788330078,5.335082530975342,1.4386377334594727,5.777894496917725,0.05448751,0.2355754,-0.06352435
356,12.0895,0.07783406972885132,-0.14097380638122559,-0.8756142854690552,-0.11642466485500336,0.040505796670913696,-0.037188220769166946,-0.008150897359877687,-0.04453459481555237,1.5777317309056809,0.059400200843811035,1.522740364074707,5.150991916656494,1.5817601680755615,5.7302703857421875,0.067986615,0.22997913,-0.07062171
357,12.1234,0.07243549078702927,-0.1368030458688736,-0.8768619298934937,-0.11383814364671707,0.06045466288924217,-0.04236765578389168,-0.011052953882561391,-0.04255631969524665,1.5778106936320018,0.05609541013836861,1.868227243423462,4.843722820281982,1.7676417827606201,5.645429611206055,0.085164025,0.22080341,-0.08057879
358,12.1575,0.06827560812234879,-0.1327904760837555,-0.8780132532119751,-0.11050721257925034,0.07603836804628372,-0.04713451862335205,-0.013394277156391058,-0.04066493020550477,1.5778652884343485,0.05324381962418556,2.147200107574463,4.539340496063232,1.9265446662902832,5.563496112823486,0.099805824,0.21099693,-0.089549355
359,12.1911,0.06428917497396469,-0.12830516695976257,-0.8793021440505981,-0.10630501061677933,0.09063871204853058,-0.052302513271570206,-0.01650598011276959,-0.0376892097108019,1.5779096300664983,0.05040181800723076,2.44039249420166,4.1920695304870605,2.082840919494629,5.476873874664307,0.115572125,0.19852807,-0.0986392
360,12.2254,0.06055627018213272,-0.12333930283784866,-0.8808141946792603,-0.1011534258723259,0.10451614856719971,-0.05814680457115173,-0.018776190743710335,-0.035111028426631406,1.5778993768963014,0.04761514440178871,2.7216148376464844,3.7882869243621826,2.2222607135772705,5.379693984985352,0.13168536,0.1832963,-0.107524104
361,12.2594,0.05405318737030029,-0.11216193437576294,-0.8846714496612549,-0.08834218978881836,0.12969283759593964,-0.07196511328220367,-0.02147796558900112,-0.03166407614120123,1.577887392671396,0.04275853559374809,3.227499485015869,2.8160197734832764,2.402482271194458,5.165646076202393,0.16429706,0.14335053,-0.12229925
362,12.2935,0.05405318737030029,-0.11216193437576294,-0.8846714496612549,-0.08834218978881836,0.12969283759593964,-0.07196511328220367,-0.02324173556706857,-0.029072541600877515,1.5778604947443862,0.04275853559374809,3.2596426010131836,2.8208539485931396,2.4179441928863525,5.172065734863281,0.16487607,0.1426817,-0.12230211
363,12.3273,0.04844572767615318,-0.09798980504274368,-0.8904159069061279,-0.07047988474369049,0.15343733131885529,-0.0903356671333313,-0.025622397683328448,-0.025077179948567375,1.5777795346472478,0.040019694715738297,3.5525269508361816,2.100092649459839,2.4528262615203857,5.0357747077941895,0.18499857,0.10936275,-0.12773143
364,12.3616,0.046596311032772064,-0.09134241938591003,-0.8934428691864014,-0.061335526406764984,0.16211378574371338,-0.09828607738018036,-0.02751261787890422,-0.02154401614522429,1.5776805982127515,0.04027505964040756,3.9064457416534424,0.7887492179870605,2.3503756523132324,4.829408645629883,0.21107988,0.042619072,-0.12699959
365,12.3952,0.045137278735637665,-0.08453329652547836,-0.8967595100402832,-0.05165478587150574,0.1695885807275772,-0.10576721280813217,-0.029099940951186308,-0.01829234846910258,1.577596974954523,0.04159802198410034,4.03535270690918,0.07158547639846802,2.2209253311157227,4.741852283477783,0.21899357,0.0038848547,-0.12052685
366,12.4295,0.04407208412885666,-0.07760921865701675,-0.9003208875656128,-0.04142122343182564,0.17567642033100128,-0.11213379353284836,-0.03115768022111187,-0.01332844714319566,1.5774672790094362,0.0439702644944191,4.136014938354492,-0.6753863096237183,2.0478549003601074,4.671363830566406,0.22168067,-0.036199115,-0.1097602
367,12.4633,0.04341533035039902,-0.07060065865516663,-0.9040583372116089,-0.030733482912182808,0.1803099513053894,-0.11697618663311005,-0.0327269978277115,-0.008832855412898069,1.5773093535567944,0.04726571589708328,4.178369998931885,-1.4400758743286133,1.8262817859649658,4.6180644035339355,0.2184408,-0.07528566,-0.0954761
368,12.4973,0.043182581663131714,-0.06176593154668808,-0.9090465307235718,-0.016853323206305504,0.1840701401233673,-0.11986824870109558,-0.0340169269494212,-0.004392673037733639,1.577146501256136,0.05250200256705284,4.142055511474609,-2.397998571395874,1.4795433282852173,4.577577114105225,0.20670599,-0.11967021,-0.07383543
369,12.5314,0.04344074800610542,-0.05467356741428375,-0.9132250547409058,-0.005440162029117346,0.18506820499897003,-0.11914268881082535,-0.03552624020770998,0.0026181630303326064,1.5768843130468178,0.05741972476243973,4.0961384773254395,-3.1547460556030273,1.1806048154830933,4.572707176208496,0.19309519,-0.14871721,-0.05565464
370,12.5653,0.044095318764448166,-0.04763147979974747,-0.917497992515564,0.006303606554865837,0.18412108719348907,-0.11535955965518951,-0.036304361782771494,0.00861823999914591,1.5766687301565758,0.06279255449771881,3.989555835723877,-3.8722708225250244,0.8534426689147949,4.586986064910889,0.17731702,-0.17210425,-0.037931517
371,12.5993,0.045168135315179825,-0.040688738226890564,-0.921614408493042,0.018007555976510048,0.18127749860286713,-0.10910192131996155,-0.03649805681780432,0.016346563914095828,1.5763960224609517,0.0683521255850792,3.8567841053009033,-4.552778720855713,0.536206841468811,4.6216044425964355,0.1609452,-0.18998934,-0.022376135
372,12.6334,0.046680085361003876,-0.03393453359603882,-0.9254646301269531,0.029693759977817535,0.17660203576087952,-0.10030819475650787,-0.03611814856592611,0.021738799331233766,1.5762077369718832,0.07389158010482788,3.6574902534484863,-5.153806686401367,0.22014418244361877,4.667684078216553,0.14459774,-0.20375414,-0.008703331
373,12.6675,0.04862203076481819,-0.027464179322123528,-0.9289953708648682,0.0412151999771595,0.1699102222919464,-0.09012430161237717,-0.03476111402653022,0.029033463873069806,1.575936360856804,0.07926181703805923,3.4380040168762207,-5.692907810211182,-0.06560713052749634,4.722309112548828,0.12923238,-0.21399277,0.00246613
374,12.7011,0.051639094948768616,-0.019933750852942467,-0.9328339099884033,0.054886914789676666,0.15890775620937347,-0.07544111460447311,-0.03307492942115734,0.03435150320611922,1.57573875430392,0.08549275994300842,3.086559295654297,-6.209175109863281,-0.40613967180252075,4.783453941345215,0.1110927,-0.22348318,0.014617945
375,12.735,0.05455842986702919,-0.014437828212976456,-0.9353780746459961,0.06545321643352509,0.14838054776191711,-0.06329510360956192,-0.031172720839487012,0.03851336236082975,1.575568045678046,0.08994339406490326,2.7690975666046143,-6.529970645904541,-0.6420273780822754,4.826101303100586,0.09720442,-0.22922342,0.022537269
376,12.7694,0.057919587939977646,-0.009453805163502693,-0.9374724626541138,0.07532590627670288,0.13636352121829987,-0.050892848521471024,-0.027944690798634358,0.043627001999620975,1.5753462043592426,0.09388565272092819,2.431245803833008,-6.790128707885742,-0.846733570098877,4.860483169555664,0.083699815,-0.23376185,0.029150259
377,12.8032,0.0616561658680439,-0.00500874686986208,-0.9390697479248047,0.08455083519220352,0.12311439961194992,-0.0386555977165699,-0.024989135426810433,0.046923383734326196,1.5751628457181905,0.09728787839412689,2.0592570304870605,-6.966319561004639,-1.0283371210098267,4.885252475738525,0.07016943,-0.23737817,0.03504071
378,12.8374,0.06572100520133972,-0.001142127439379692,-0.9401892423629761,0.09285610169172287,0.10875394195318222,-0.02663496322929859,-0.02217144649507395,0.04925979576459873,1.575045400314118,0.10013900697231293,1.66835355758667,-7.073591709136963,-1.187894344329834,4.902643203735352,0.05663795,-0.24013719,0.040327124
379,12.8713,0.0700501799583435,0.00211992091499269,-0.9407572746276855,0.1001376062631607,0.09342652559280396,-0.015550787560641766,-0.01800998681452693,0.05169506932796204,1.5748573811411584,0.10239113867282867,1.2664732933044434,-7.140410900115967,-1.3131170272827148,4.913369178771973,0.04296169,-0.24221918,0.04454395
380,12.9052,0.07577056437730789,0.005341331008821726,-0.9408868551254272,0.10763824731111526,0.07357146590948105,-0.0028241234831511974,-0.01460144438603734,0.05290188077593145,1.5746941293663366,0.10447746515274048,0.754921555519104,-7.1321702003479,-1.445640206336975,4.922802925109863,0.025796028,-0.24370964,0.04939821
381,12.9393,0.0804886445403099,0.007201009895652533,-0.9405514001846313,0.11250457912683487,0.05725045129656792,0.006487985607236624,-0.010312491069789282,0.05363059655158279,1.5744983870262157,0.10556241869926453,0.3393488824367523,-7.090463638305664,-1.5295778512954712,4.925396919250488,0.011683147,-0.2441114,0.052660506
382,12.9733,0.08526889234781265,0.008423755876719952,-0.93985915184021,0.11633600294589996,0.04069863259792328,0.015090678818523884,-0.007317932351414658,0.05365202667597952,1.5743720200324915,0.10614844411611557,-0.06817050278186798,-6.991433620452881,-1.6000471115112305,4.930418014526367,-0.0023761026,-0.24368845,0.055770107
383,13.0071,0.09010116010904312,0.008989572525024414,-0.9388062953948975,0.11882366240024567,0.024125389754772186,0.023045144975185394,-0.0031281620201233334,0.05310565837240375,1.5741758782182071,0.10621750354766846,-0.47740638256073,-6.8613057136535645,-1.6578774452209473,4.933186054229736,-0.01686976,-0.24245292,0.0585832
384,13.0414,0.09494905173778534,0.008940691128373146,-0.9374195337295532,0.12039600312709808,0.0076780859380960464,0.03025038167834282,0.00013392995510116458,0.052243980118141,1.5740260754068902,0.1058242991566658,-0.8755577206611633,-6.6824822425842285,-1.6998026371002197,4.940842151641846,-0.03149195,-0.24035467,0.061138283
385,13.0752,0.09982161968946457,0.008247164078056812,-0.9356849193572998,0.12088241428136826,-0.008612122386693954,0.03690791130065918,0.002876846217970146,0.05121354067455129,1.5738919852460047,0.10494852066040039,-1.2623531818389893,-6.456135272979736,-1.7263679504394531,4.954148292541504,-0.046402235,-0.23731796,0.063458726
386,13.1094,0.10593528300523758,0.0064810533076524734,-0.9331398010253906,0.12025227397680283,-0.028724776580929756,0.044208087027072906,0.00664595855173882,0.049370558298810804,1.5737111566079882,0.10326456278562546,-1.739255428314209,-6.109716892242432,-1.7416720390319824,4.977156162261963,-0.06601205,-0.23188941,0.06610377
387,13.1431,0.11076027154922485,0.004365542903542519,-0.9307891130447388,0.11866981536149979,-0.04433322325348854,0.04951506853103638,0.009510898307026845,0.04764024844312668,1.5735616201127804,0.10146811604499817,-2.1022963523864746,-5.778255939483643,-1.738041639328003,5.003412246704102,-0.08225291,-0.22607581,0.068001345
388,13.1776,0.11544869840145111,0.0016722208820283413,-0.928214430809021,0.11619576811790466,-0.05952783674001694,0.05430454760789871,0.011901649226510002,0.04593786016699636,1.5734300599549305,0.09934350103139877,-2.4396414756774902,-5.393500804901123,-1.7204896211624146,5.038298606872559,-0.098938204,-0.2187302,0.06977343
389,13.2115,0.11995211988687515,-0.0016068554250523448,-0.925462007522583,0.1128130704164505,-0.07407799363136292,0.05861451476812363,0.015245210524401656,0.04324346519075753,1.5732534923746582,0.09691023081541061,-2.764249324798584,-4.965159893035889,-1.6965394020080566,5.0758819580078125,-0.11652466,-0.20930223,0.07151622
390,13.2456,0.12423877418041229,-0.0054359738714993,-0.9226127862930298,0.10861101746559143,-0.08804863691329956,0.06258676946163177,0.017824054477952763,0.04089200630032605,1.5731156737882466,0.0942424088716507,-3.0551037788391113,-4.476755142211914,-1.6642043590545654,5.1214280128479,-0.13471383,-0.19740109,0.07338256
391,13.2791,0.128200501203537,-0.009827270172536373,-0.9198343753814697,0.1032329797744751,-0.10133075714111328,0.06592340022325516,0.020930615244773382,0.03773030145418398,1.5729541530681332,0.09136886894702911,-3.322251796722412,-3.9381275177001953,-1.640794277191162,5.166228294372559,-0.15360159,-0.1820761,0.075860776
392,13.3133,0.13268595933914185,-0.016005203127861023,-0.9162771701812744,0.0953800231218338,-0.1167943924665451,0.06961333006620407,0.02302379120195381,0.035394576020129985,1.5728349766093523,0.08751767873764038,-3.590710163116455,-3.1885857582092285,-1.5932432413101196,5.2283220291137695,-0.1774236,-0.1575539,0.078725085
393,13.3471,0.13579590618610382,-0.021487116813659668,-0.9133551120758057,0.08814748376607895,-0.1282310038805008,0.07230626791715622,0.025864216871496846,0.031845281366840505,1.5726686621992767,0.08420775830745697,-3.785125732421875,-2.556797504425049,-1.5593059062957764,5.270269870758057,-0.19605651,-0.13243333,0.08076669
394,13.3813,0.1384652554988861,-0.02737521193921566,-0.9103939533233643,0.08002234250307083,-0.1387992799282074,0.07493798434734344,0.02805095300672312,0.02881078407464175,1.572528979400102,0.08077593892812729,-3.9349610805511475,-1.9027639627456665,-1.5201153755187988,5.309151649475098,-0.21257861,-0.10279312,0.082121275
395,13.4152,0.14061395823955536,-0.03368624299764633,-0.9073699712753296,0.07092704623937607,-0.14855174720287323,0.07736912369728088,0.029939554499698828,0.025931771697616988,1.5723959545036528,0.07718292623758316,-4.039672374725342,-1.2412086725234985,-1.475550889968872,5.343468189239502,-0.22561707,-0.06932192,0.082410015
396,13.4493,0.14224764704704285,-0.04036811739206314,-0.9042710065841675,0.06117474287748337,-0.15730805695056915,0.0797404870390892,0.03258100250451552,0.021433386769066715,1.5722136611270368,0.07350758463144302,-4.1183085441589355,-0.5966711044311523,-1.4323668479919434,5.371661186218262,-0.23394553,-0.03389463,0.08136734
397,13.4836,0.1433575302362442,-0.047253627330064774,-0.9010213613510132,0.05071529000997543,-0.16478212177753448,0.08182433992624283,0.03455876787914384,0.017426665070231707,1.5720564014646676,0.06987857818603516,-4.143812656402588,0.009119480848312378,-1.3671127557754517,5.398775100708008,-0.23741254,0.0005224848,0.07832635
398,13.5176,0.14413206279277802,-0.05606328323483467,-0.8968849182128906,0.03654690459370613,-0.1723952293395996,0.08388316631317139,0.03615857451903567,0.013638135327269048,1.5719295018387254,0.06568049639463425,-4.099319934844971,0.7015237808227539,-1.2563896179199219,5.431760787963867,-0.23588888,0.040368076,0.072296955
399,13.5512,0.1440819799900055,-0.06326471269130707,-0.893523097038269,0.024340396746993065,-0.17707069218158722,0.08475466817617416,0.03809403932481836,0.00775938771250082,1.5717037989363412,0.06252806633710861,-4.031346797943115,1.2156007289886475,-1.1601526737213135,5.451115608215332,-0.23075621,0.06958156,0.06640769
400,13.585,0.1434427946805954,-0.07059557735919952,-0.8900927305221558,0.011475598439574242,-0.1800679862499237,0.08459388464689255,0.039235153917646884,0.002669564640114388,1.5715402808454102,0.05965889245271683,-3.900249481201172,1.7013870477676392,-1.0274529457092285,5.467641830444336,-0.22274518,0.09716706,0.058678348
401,13.6192,0.14220568537712097,-0.07799223065376282,-0.8867442607879639,-0.0016826497158035636,-0.1813584268093109,0.08329501003026962,0.04003856303949654,-0.00398099540666025,1.5713257632196043,0.05719657614827156,-3.729245901107788,2.173502206802368,-0.8776932954788208,5.478930473327637,-0.21166097,0.12336155,0.049815275
402,13.6533,0.1403733193874359,-0.08539358526468277,-0.8834496736526489,-0.015290793031454086,-0.1810886263847351,0.08111871033906937,0.04013821103734674,-0.008739844511827051,1.5711866130526477,0.05524839088320732,-3.486649751663208,2.62736439704895,-0.6969684362411499,5.491301536560059,-0.1971626,0.14857185,0.039412078
403,13.6872,0.13804736733436584,-0.092751644551754,-0.8802617788314819,-0.028937043622136116,-0.17903709411621094,0.07833141088485718,0.03960310291175495,-0.01542184260310656,1.5709783538554034,0.0540081262588501,-3.212228775024414,3.0749917030334473,-0.5135626792907715,5.506625652313232,-0.1793999,0.17173533,0.028681982
404,13.7209,0.13442564010620117,-0.10168289393186569,-0.8764805793762207,-0.04612651467323303,-0.1740981489419937,0.07319967448711395,0.03856950928674918,-0.020520070237386254,1.5708704958312554,0.05346846207976341,-2.7856638431549072,3.5916037559509277,-0.2567700445652008,5.5395355224609375,-0.1529736,0.19723147,0.014100423
405,13.7556,0.13107001781463623,-0.10850650817155838,-0.8737112283706665,-0.05953631550073624,-0.16814911365509033,0.06763700395822525,0.03722669769205,-0.024844827465836366,1.570775021506176,0.05386842042207718,-2.412564754486084,3.9782278537750244,-0.05008164048194885,5.576432704925537,-0.12962754,0.21375091,0.0026908957
406,13.7892,0.12722359597682953,-0.11490307748317719,-0.8709814548492432,-0.07251869142055511,-0.16030217707157135,0.06132768467068672,0.03458251994711598,-0.030603674054753532,1.570705513001725,0.05482322722673416,-2.0140297412872314,4.348008155822754,0.15917715430259705,5.622946262359619,-0.10501864,0.22672053,-0.00830006
407,13.8234,0.1229499951004982,-0.12083552032709122,-0.8685033321380615,-0.0847930908203125,-0.1507928967475891,0.0537644624710083,0.0318484729989594,-0.03481561104093056,1.5706890014029664,0.05620595067739487,-1.5896960496902466,4.678234577178955,0.3735828101634979,5.674649238586426,-0.08020576,0.2360334,-0.018848568
408,13.8573,0.11829396337270737,-0.1262657344341278,-0.866321325302124,-0.09626907855272293,-0.13968776166439056,0.04522006958723068,0.02903577541367221,-0.038192085264825315,1.5707246877615735,0.05788770318031311,-1.1558444499969482,4.965816020965576,0.5826735496520996,5.72685432434082,-0.05630854,0.24191651,-0.028385738
409,13.8913,0.1133139356970787,-0.13113248348236084,-0.8645007610321045,-0.10664509981870651,-0.12712730467319489,0.035968195647001266,0.02441161438026454,-0.04236666517493018,1.5708100420745106,0.0597180612385273,-0.7226590514183044,5.224816799163818,0.7706265449523926,5.780853748321533,-0.033892304,0.24504097,-0.03614195
410,13.9253,0.10669052600860596,-0.13632971048355103,-0.8627508878707886,-0.11807325482368469,-0.10957532376050949,0.023867305368185043,0.02027172422395256,-0.04510464028569463,1.570912706934533,0.0619983971118927,-0.1994250863790512,5.452592372894287,0.9922574758529663,5.834402084350586,-0.00899003,0.24580142,-0.044730704
411,13.9593,0.09549050033092499,-0.14268667995929718,-0.8611400127410889,-0.13154949247837067,-0.07887805253267288,0.004673865623772144,0.014722351899526939,-0.047675219077190786,1.5710537213142528,0.06545829027891159,0.20062465965747833,5.584243297576904,1.149884581565857,5.870744228363037,0.008791719,0.24471118,-0.050389927
412,13.9934,0.09549050033092499,-0.14268667995929718,-0.8611400127410889,-0.13154949247837067,-0.07887805253267288,0.004673865623772144,0.01071467208687788,-0.048912032699315613,1.571180887256304,0.06545829027891159,0.5934526324272156,5.683837413787842,1.2860984802246094,5.905289649963379,0.025328035,0.24258117,-0.05488955
413,14.0272,0.08388872444629669,-0.1465689241886139,-0.860944390296936,-0.13891850411891937,-0.045822788029909134,-0.013233641162514687,0.004976992947288991,-0.04985322711806324,1.5713871490827307,0.06833822280168533,1.307178020477295,5.711113452911377,1.5548210144042969,5.926592826843262,0.053912245,0.23554477,-0.06412584
414,14.0629,0.07811444997787476,-0.14753133058547974,-0.8613429069519043,-0.14026319980621338,-0.0289326012134552,-0.021612416952848434,0.0004599803577425035,-0.04995548418154388,1.5715333566265761,0.06944593787193298,1.6507128477096558,5.681929588317871,1.6775842905044556,5.927933692932129,0.06710129,0.23096979,-0.06819361
415,14.0964,0.07092393189668655,-0.14788077771663666,-0.8622995615005493,-0.1399947553873062,-0.00794131401926279,-0.03179410472512245,-0.0033978783408589617,-0.049590597822689396,1.5716715746871512,0.07054212689399719,2.0621771812438965,5.591268062591553,1.831857681274414,5.910138130187988,0.0826905,0.22420225,-0.073455006
416,14.1304,0.06522603332996368,-0.14747990667819977,-0.8633832931518555,-0.13823412358760834,0.008549158461391926,-0.039530787616968155,-0.008716330151788144,-0.048402070640079065,1.5718500064801864,0.07120414078235626,2.399160861968994,5.498939037322998,1.9474661350250244,5.894108772277832,0.09508876,0.21794592,-0.07718621
417,14.1644,0.059676460921764374,-0.1465049684047699,-0.8649200201034546,-0.13502967357635498,0.024606414139270782,-0.046950098127126694,-0.012756295071019259,-0.04692713296579832,1.5719834308507994,0.0716339498758316,2.7227306365966797,5.374504089355469,2.050224781036377,5.8661603927612305,0.106956355,0.21112531,-0.080538474
418,14.1983,0.054349225014448166,-0.14500342309474945,-0.8666783571243286,-0.13049043715000153,0.04001292958855629,-0.053662870079278946,-0.016085027971185134,-0.045308342980761265,1.572087693607476,0.07192406803369522,3.033386707305908,5.222416400909424,2.1463077068328857,5.829313278198242,0.118316025,0.20369825,-0.08371586
419,14.2323,0.0492987260222435,-0.1430094838142395,-0.8686319589614868,-0.12467366456985474,0.054759249091148376,-0.059771958738565445,-0.02039872163784111,-0.04258659650788949,1.5721955516316242,0.07208365201950073,3.3422601222991943,5.049389362335205,2.236842393875122,5.79014778137207,0.12943923,0.19555302,-0.086628556
420,14.2663,0.04454433172941208,-0.14056885242462158,-0.8707642555236816,-0.11783688515424728,0.0686640664935112,-0.06522393226623535,-0.023432280581874534,-0.04015463941232116,1.5722440211634636,0.07214117795228958,3.633496046066284,4.848917007446289,2.316115140914917,5.742069244384766,0.14003405,0.18687609,-0.089262515
421,14.3006,0.039108455181121826,-0.13687852025032043,-0.8736491203308105,-0.10795433074235916,0.08480168879032135,-0.07150878012180328,-0.026709337753919867,-0.03682670337988771,1.5722801069962342,0.07201386988162994,3.9779412746429443,4.5624566078186035,2.4032504558563232,5.673685073852539,0.15269871,0.17513613,-0.09225205
422,14.3344,0.03518976643681526,-0.13340428471565247,-0.8761216402053833,-0.09902626276016235,0.09682731330394745,-0.0761423259973526,-0.02867142584822495,-0.03436042271517638,1.5722918249050306,0.07173601537942886,4.232946872711182,4.301888465881348,2.4615161418914795,5.6112775802612305,0.1623583,0.16500261,-0.094413556
423,14.3684,0.031698375940322876,-0.12948395311832428,-0.8788355588912964,-0.08936794847249985,0.10777159780263901,-0.08038879185914993,-0.031063173372522283,-0.030760785994905997,1.5722709190904736,0.07128890603780746,4.479362964630127,4.016251564025879,2.5018551349639893,5.546416282653809,0.17186826,0.1540992,-0.09599345
424,14.4023,0.02867262437939644,-0.12515698373317719,-0.8816696405410767,-0.07908536493778229,0.11781755834817886,-0.08426189422607422,-0.032642153260451855,-0.027783228335169895,1.5722312379902312,0.07070785015821457,4.696601390838623,3.702991247177124,2.5248405933380127,5.4744977951049805,0.18086334,0.1426,-0.097230114
425,14.4373,0.026114363223314285,-0.12043353915214539,-0.8846234083175659,-0.06822410225868225,0.12709355354309082,-0.08776398748159409,-0.0338066162858998,-0.02514089607764752,1.5721947526832971,0.07002303004264832,4.8856306076049805,3.3594796657562256,2.5293710231781006,5.39650821685791,0.1894778,0.1302896,-0.09809577
426,14.4712,0.024068405851721764,-0.11534950137138367,-0.8877328634262085,-0.057086579501628876,0.13533420860767365,-0.0910380408167839,-0.035125047473057155,-0.02131421239088027,1.572104338364289,0.06925421953201294,5.055839538574219,2.980853319168091,2.514937400817871,5.314518928527832,0.19794874,0.116707854,-0.09846608
427,14.5053,0.022319810464978218,-0.1085866391658783,-0.8916404247283936,-0.042528923600912094,0.14433158934116364,-0.09450323134660721,-0.03591093798836113,-0.01827199609270949,1.5719976787626313,0.0681958869099617,5.198326587677002,2.4673171043395996,2.4621200561523438,5.2071356773376465,0.20764148,0.09855429,-0.098346695
428,14.5396,0.021552573889493942,-0.10294100642204285,-0.8947981595993042,-0.03048826940357685,0.15037095546722412,-0.09680473804473877,-0.03660616867449393,-0.014439708324382768,1.5718533354315491,0.06735580414533615,5.277515888214111,2.0119664669036865,2.3985989093780518,5.122539520263672,0.21501419,0.08197064,-0.09772264
429,14.5737,0.0214187353849411,-0.09710069000720978,-0.8979752063751221,-0.018233636394143105,0.15542112290859222,-0.09863118082284927,-0.03692037591004204,-0.011758174543673885,1.5717239058025712,0.06649414449930191,5.297618389129639,1.52328360080719,2.300678014755249,5.0408430099487305,0.22172709,0.063755676,-0.09629282
430,14.6078,0.021914342418313026,-0.0911506861448288,-0.9011093378067017,-0.005724158603698015,0.15943653881549835,-0.10002967715263367,-0.03719217646641985,-0.007899505355947216,1.5715436097967728,0.06566081196069717,5.274349689483643,0.9890538454055786,2.1814470291137695,4.967600345611572,0.22762804,0.042685147,-0.094145924
431,14.6415,0.022963419556617737,-0.08512923121452332,-0.9042000770568848,0.006954403594136238,0.16253995895385742,-0.10114552080631256,-0.03722395962955426,-0.004792829116126207,1.5713581206268488,0.06496923416852951,5.192773342132568,0.41965025663375854,2.0320985317230225,4.9057769775390625,0.23215201,0.018761199,-0.09084852
432,14.675,0.024574903771281242,-0.07907411456108093,-0.9071096181869507,0.019578076899051666,0.16453976929187775,-0.10167331993579865,-0.037135064144605254,-0.0020648403393009047,1.57117396303747,0.06440838426351547,5.05391788482666,-0.17958961427211761,1.8612101078033447,4.859854221343994,0.2344669,-0.008331718,-0.0863473
433,14.7092,0.027385873720049858,-0.07147159427404404,-0.9106968641281128,0.03546657785773277,0.165721595287323,-0.10159402340650558,-0.03683047341730585,0.0019315398941038943,1.5708981927065921,0.06401146948337555,4.804691791534424,-0.9741418361663818,1.6163958311080933,4.826131343841553,0.23269305,-0.047178056,-0.07828266
434,14.7433,0.0302608422935009,-0.06545761227607727,-0.9135632514953613,0.04811098054051399,0.16546858847141266,-0.10070838779211044,-0.03640690596830715,0.005224959252207889,1.5706707587494995,0.06401581317186356,4.540808200836182,-1.6210157871246338,1.3976552486419678,4.818659782409668,0.22613735,-0.080728404,-0.0696048
435,14.7774,0.033640239387750626,-0.05954955145716667,-0.9163150787353516,0.06065822392702103,0.16416014730930328,-0.09901841729879379,-0.035925477183437284,0.00818444538738293,1.5704578390203474,0.0643397867679596,4.218948841094971,-2.254801034927368,1.174241065979004,4.828080177307129,0.21412951,-0.11444069,-0.0595977
436,14.8117,0.03745436295866966,-0.05379278212785721,-0.9190267324447632,0.07289847731590271,0.1616249531507492,-0.09644437581300735,-0.03496050156839309,0.01265847903671579,1.5701603639265858,0.06508266180753708,3.8620498180389404,-2.880744218826294,0.9529852867126465,4.851458549499512,0.19658417,-0.14663424,-0.04850839
437,14.8461,0.041755687445402145,-0.04826163500547409,-0.9216574430465698,0.08484767377376556,0.1578703224658966,-0.09263572841882706,-0.033878686002305466,0.016539675342342897,1.5698828625409995,0.06616552174091339,3.4460415840148926,-3.4580724239349365,0.7312889099121094,4.8865132331848145,0.17452125,-0.17513055,-0.03703538
438,14.8803,0.046533890068531036,-0.04303691163659096,-0.9240435361862183,0.0963519811630249,0.1528366357088089,-0.08786936849355698,-0.03208851327874341,0.021674652519071084,1.5695551605688651,0.06746543198823929,2.9900007247924805,-3.997117757797241,0.5309793949127197,4.930845260620117,0.14890857,-0.19906521,-0.026443936
439,14.9148,0.053151365369558334,-0.036987997591495514,-0.9268054962158203,0.11014502495527267,0.14471110701560974,-0.0802423506975174,-0.030471683213821082,0.025330042932881196,1.5693166744932485,0.06943544745445251,2.324988603591919,-4.535632610321045,0.28238698840141296,4.987071990966797,0.11386659,-0.22213314,-0.013829936
440,14.9483,0.05889058858156204,-0.03256320208311081,-0.928817868232727,0.12081392109394073,0.13654109835624695,-0.07324870675802231,-0.027589708070083607,0.03053713039760978,1.5689916356822045,0.07128258049488068,1.7669156789779663,-4.921163558959961,0.10504224896430969,5.0287885665893555,0.08446372,-0.23524597,-0.005021326
441,14.9822,0.06498036533594131,-0.028530264273285866,-0.9306118488311768,0.1306246817111969,0.12710565328598022,-0.06550591439008713,-0.02475219731357745,0.03452062433831225,1.5686997532267317,0.07333172112703323,1.1731611490249634,-5.212998867034912,-0.06558987498283386,5.059329032897949,0.054884437,-0.24388169,0.0030685158
442,15.0173,0.07139424979686737,-0.024929294362664223,-0.9321736097335815,0.13954897224903107,0.11635992676019669,-0.056938957422971725,-0.021826267528286054,0.03781278454657078,1.568488431394234,0.07553842663764954,0.5604930520057678,-5.414408206939697,-0.22951620817184448,5.078147888183594,0.025719287,-0.2484504,0.010531787
443,15.0518,0.07808518409729004,-0.021817060187458992,-0.933495044708252,0.14744113385677338,0.10450804978609085,-0.04812902584671974,-0.016962677909907253,0.04206846187305776,1.5681819015527658,0.07785026729106903,-0.047599274665117264,-5.568776607513428,-0.3773205876350403,5.084125518798828,-0.0021319161,-0.24941902,0.01689975
444,15.0862,0.08493926376104355,-0.019197918474674225,-0.9346755743026733,0.15408572554588318,0.0914587751030922,-0.03926397114992142,-0.011412210152423876,0.04559411681048358,1.5679155854437579,0.08031608164310455,-0.6483154296875,-5.622920989990234,-0.527418851852417,5.079837322235107,-0.028511459,-0.24728346,0.023194699
445,15.1203,0.09362015873193741,-0.016751227900385857,-0.9357457160949707,0.16048122942447662,0.07394242286682129,-0.028465572744607925,-0.006649268777750005,0.047784425326640845,1.567697073076317,0.08333408087491989,-1.36501944065094,-5.585061550140381,-0.7013711333274841,5.0677289962768555,-0.058917567,-0.24106488,0.030272888
446,15.1545,0.1005774587392807,-0.015487909317016602,-0.9362627267837524,0.16355416178703308,0.05892304331064224,-0.020182108506560326,-0.0023684960994012063,0.04916522025638729,1.5675511318485806,0.08561791479587555,-1.898682713508606,-5.465548038482666,-0.8357717990875244,5.059089660644531,-0.081195794,-0.23373021,0.035741176
447,15.1883,0.10747729241847992,-0.014864743687212467,-0.9364091157913208,0.1652626246213913,0.04313889145851135,-0.012172764167189598,0.003825919848474126,0.050313358936590884,1.567318771043471,0.08768727630376816,-2.3994994163513184,-5.310958385467529,-0.9590911865234375,5.05172061920166,-0.101566195,-0.22480266,0.040596485
448,15.2223,0.11426310241222382,-0.014884267002344131,-0.9362452030181885,0.16524676978588104,0.027001943439245224,-0.004410709720104933,0.008741498584535344,0.050485990031876864,1.567165239806628,0.08954224735498428,-2.8566267490386963,-5.081445217132568,-1.080440878868103,5.0549139976501465,-0.120458804,-0.21427539,0.045560244
449,15.2573,0.12088923901319504,-0.01554882898926735,-0.9357755184173584,0.16357165575027466,0.010875522159039974,0.0032233104575425386,0.012987422083529909,0.05012236451335097,1.5670158364694746,0.09115543216466904,-3.2677359580993652,-4.7962965965271,-1.1974458694458008,5.069108009338379,-0.13785793,-0.20234422,0.05051736
450,15.2915,0.12733407318592072,-0.016835132613778114,-0.9350394010543823,0.16039831936359406,-0.005313789006322622,0.010567010380327702,0.018790020456027335,0.04878895304506192,1.5667841414546377,0.09255144000053406,-3.647184371948242,-4.485175132751465,-1.3129358291625977,5.087879180908203,-0.15380876,-0.18914844,0.055369023
451,15.3254,0.13502119481563568,-0.01927141286432743,-0.9337102174758911,0.1541227400302887,-0.025143316015601158,0.019414545968174934,0.023141315668621168,0.04710421237234257,1.5665994512330408,0.09395184367895126,-4.047150135040283,-4.0065999031066895,-1.4419564008712769,5.131060600280762,-0.17222942,-0.17050378,0.061363507
452,15.3592,0.14620088040828705,-0.024946464225649834,-0.9308050870895386,0.13976481556892395,-0.05546942725777626,0.032476987689733505,0.028100666734134333,0.04432180408326584,1.566355905151353,0.09542021155357361,-4.549180030822754,-3.1099984645843506,-1.6095339059829712,5.220066547393799,-0.19810456,-0.13543208,0.070090875
453,15.3941,0.14620088040828705,-0.024946464225649834,-0.9308050870895386,0.13976481556892395,-0.05546942725777626,0.032476987689733505,0.03123599172132241,0.041998653762984055,1.5661877265285145,0.09542021155357361,-4.573939800262451,-3.1413638591766357,-1.6227468252182007,5.211383819580078,-0.19779333,-0.13584368,0.07017331
454,15.4284,0.15554597973823547,-0.03279722481966019,-0.9269630908966064,0.12021366506814957,-0.08285199105739594,0.04514138400554657,0.035235639398511896,0.03818421229485277,1.5659532351945329,0.09566666185855865,-4.925029277801514,-2.125122308731079,-1.7501133680343628,5.299411296844482,-0.21822108,-0.09416117,0.07754505
455,15.4623,0.1594924032688141,-0.037442754954099655,-0.9247218370437622,0.10888790339231491,-0.09496612846851349,0.05113505944609642,0.038055922831716604,0.034638958156279646,1.565764550231301,0.09538876265287399,-5.063218593597412,-1.6032241582870483,-1.8014062643051147,5.332599639892578,-0.22570723,-0.071468234,0.08030276
456,15.4964,0.16366513073444366,-0.0438179112970829,-0.9216734170913696,0.0934349074959755,-0.10869015008211136,0.05847201868891716,0.04021967047718953,0.031301318230624216,1.5656052931981141,0.09470421075820923,-5.178009510040283,-0.9452724456787109,-1.8452469110488892,5.366446495056152,-0.23208712,-0.042368706,0.08270708
457,15.5304,0.1663762927055359,-0.049302879720926285,-0.9190195798873901,0.0801394060254097,-0.11830991506576538,0.06405390053987503,0.04284010447652981,0.026094201637571205,1.565378525031294,0.0939108356833458,-5.250850200653076,-0.4378179609775543,-1.8764142990112305,5.383126258850098,-0.23469736,-0.019569159,0.08387013
458,15.5646,0.16848887503147125,-0.05501585826277733,-0.9162403345108032,0.06622561812400818,-0.12648068368434906,0.06896275281906128,0.04451391786640143,0.021535337985140915,1.565195965338569,0.09294135123491287,-5.284672737121582,0.04088917374610901,-1.8875311613082886,5.395438194274902,-0.23542714,0.0018215738,0.084087715
459,15.5984,0.17008940875530243,-0.06086885929107666,-0.9133336544036865,0.05191050097346306,-0.13296668231487274,0.07341564446687698,0.04602594005886152,0.015490320172932523,1.5650008887887206,0.0919031947851181,-5.28637170791626,0.47748520970344543,-1.8781301975250244,5.404942035675049,-0.23472568,0.021201316,0.083392814
460,15.6329,0.17111437022686005,-0.06680319458246231,-0.910313606262207,0.03715813159942627,-0.13790768384933472,0.07707715034484863,0.046697218939940416,0.011147971517125675,1.5648658665214537,0.09076032042503357,-5.269300937652588,0.8807729482650757,-1.8560500144958496,5.410361289978027,-0.23292258,0.038933422,0.08204427
461,15.6673,0.17155785858631134,-0.0727408230304718,-0.9072226285934448,0.02209344692528248,-0.14112064242362976,0.08002462238073349,0.04704599317419992,0.004979019966579623,1.564742828479092,0.08952991664409637,-5.219875335693359,1.2490630149841309,-1.812264323234558,5.41318941116333,-0.23035875,0.055122506,0.07997719
462,15.7013,0.17129674553871155,-0.08006910234689713,-0.9033069610595703,0.003066124627366662,-0.14286549389362335,0.08262413740158081,0.046845923197307716,0.00014800763203259777,1.564660137327245,0.08787812292575836,-5.0988616943359375,1.657861351966858,-1.7149097919464111,5.413078784942627,-0.2264473,0.07362785,0.07616145
463,15.7353,0.1703898161649704,-0.08584179729223251,-0.9001630544662476,-0.01209208182990551,-0.1425313949584961,0.08386294543743134,0.04634263152436398,-0.003891952459568856,1.5646267146555646,0.08641413599252701,-4.9665961265563965,1.9668736457824707,-1.6132580041885376,5.408877849578857,-0.22251105,0.08811893,0.07227641
464,15.7692,0.16888213157653809,-0.09144899249076843,-0.8970658779144287,-0.026958076283335686,-0.14065255224704742,0.08426250517368317,0.04510854764235648,-0.009306380018876369,1.5646335057163443,0.0848388820886612,-4.8082966804504395,2.272634983062744,-1.4959266185760498,5.401324272155762,-0.21758156,0.10283963,0.067692585
465,15.8032,0.16679780185222626,-0.09676509350538254,-0.8939832448959351,-0.04162910580635071,-0.13716258108615875,0.08398184925317764,0.043745616697859584,-0.013336728950007426,1.5646647978591526,0.08313946425914764,-4.612635135650635,2.5571913719177246,-1.3543219566345215,5.3923845291137695,-0.21177666,0.117406525,0.062180027
466,15.8374,0.1641881912946701,-0.10175526142120361,-0.8909608125686646,-0.05589041858911514,-0.1323341727256775,0.08314080536365509,0.042304189080232604,-0.01659213129343905,1.5647184605551177,0.08133836090564728,-4.385104656219482,2.824484348297119,-1.1968210935592651,5.384806156158447,-0.20485155,0.13194668,0.055909876
467,15.8711,0.16112470626831055,-0.10643388330936432,-0.8880424499511719,-0.06948552280664444,-0.12634232640266418,0.08147832751274109,0.03994862725724672,-0.020804633161050422,1.5648211254151403,0.07948579639196396,-4.133512020111084,3.0899949073791504,-1.03022038936615,5.381159782409668,-0.19636127,0.1467893,0.048940316
468,15.9052,0.1567017287015915,-0.11177289485931396,-0.8844819068908691,-0.08556822687387466,-0.11717525124549866,0.07835383713245392,0.03780473264546249,-0.023794726403261312,1.5649251218557079,0.07708694040775299,-3.7796378135681152,3.3835384845733643,-0.7974891662597656,5.3828840255737305,-0.18400738,0.16472374,0.038824856
469,15.9389,0.15268106758594513,-0.1155768558382988,-0.881778359413147,-0.09767123311758041,-0.10860435664653778,0.0750049278140068,0.03488278927942781,-0.027121389111798573,1.565049092004451,0.07504785060882568,-3.4682819843292236,3.602276086807251,-0.602013111114502,5.389683723449707,-0.1721524,0.17880335,0.029881652
470,15.9734,0.14827682077884674,-0.11894455552101135,-0.8794199228286743,-0.1090899407863617,-0.09905090183019638,0.07046835124492645,0.032681303809070625,-0.029195024124480544,1.5651794537398105,0.0728917196393013,-3.1311745643615723,3.817681074142456,-0.40966716408729553,5.401852607727051,-0.15799746,0.19263823,0.020671595
471,16.0071,0.1435306817293167,-0.1218436062335968,-0.8772498369216919,-0.11952294409275055,-0.08873891830444336,0.06532588601112366,0.029346314560937663,-0.03185532439698255,1.5653621465905898,0.0706179216504097,-2.7727513313293457,4.007187843322754,-0.2109377682209015,5.416447639465332,-0.14211892,0.20539066,0.010811733
472,16.0413,0.13843856751918793,-0.12429872155189514,-0.8752964735031128,-0.12903185188770294,-0.07764478772878647,0.059265486896038055,0.02650183381251606,-0.033693307103895336,1.5655079546602717,0.06821577250957489,-2.3875913619995117,4.187255382537842,-0.006532341241836548,5.434626579284668,-0.12383415,0.21717502,0.0003388046
473,16.0757,0.133046954870224,-0.12625226378440857,-0.8735055923461914,-0.13759301602840424,-0.0659584328532219,0.052510738372802734,0.023952375136820993,-0.0351167750289211,1.565622470587145,0.06568842381238937,-1.9872074127197266,4.3294854164123535,0.2073635756969452,5.449542045593262,-0.10418904,0.22699438,-0.010872046
474,16.1098,0.1259932965040207,-0.1280413120985031,-0.8716797828674316,-0.147009938955307,-0.050457846373319626,0.04320627823472023,0.02008606860646041,-0.036843464649998395,1.5658210092464107,0.06242259964346886,-1.4634219408035278,4.473270893096924,0.4718708097934723,5.466350078582764,-0.07734525,0.23642278,-0.02493947
475,16.1433,0.12014970928430557,-0.1289023905992508,-0.8705323934555054,-0.15338779985904694,-0.03759497404098511,0.03492402657866478,0.016894641426136833,-0.03795006217838596,1.5659433814984998,0.05971981957554817,-1.0340687036514282,4.548913478851318,0.68468177318573,5.47440242767334,-0.054829318,0.24119656,-0.03630381
476,16.1778,0.11417163163423538,-0.12919263541698456,-0.8697068691253662,-0.15872640907764435,-0.02428342215716839,0.025750331580638885,0.013969780026173375,-0.03874604357750781,1.56606548743448,0.05689755454659462,-0.6030998826026917,4.577192783355713,0.8990477323532104,5.472999572753906,-0.032056056,0.24328765,-0.04778632
477,16.2113,0.10807744413614273,-0.12889476120471954,-0.869274377822876,-0.1628434956073761,-0.010512360371649265,0.015670860186219215,0.009538419372119833,-0.03954977727211532,1.5662075670786355,0.05392899736762047,-0.16174115240573883,4.573868274688721,1.1106951236724854,5.466855049133301,-0.008585766,0.24279635,-0.058959443
478,16.2453,0.10187457501888275,-0.12802386283874512,-0.86922287940979,-0.16589012742042542,0.0035743764601647854,0.005108415614813566,0.005826321832293796,-0.03992123414872173,1.566289858756319,0.05085032060742378,0.278842568397522,4.51207160949707,1.3168981075286865,5.4470977783203125,0.014805012,0.23956628,-0.06992007
479,16.2791,0.09562256932258606,-0.12656821310520172,-0.8696203231811523,-0.16781316697597504,0.017543165013194084,-0.005489823874086142,0.0010404142692399625,-0.03996848445212462,1.566361497789642,0.04769189655780792,0.7290564775466919,4.412242412567139,1.5036001205444336,5.420985221862793,0.038631044,0.23379469,-0.07967235
480,16.3133,0.08784788101911545,-0.12400037050247192,-0.8706382513046265,-0.168264240026474,0.03538446128368378,-0.01893206499516964,-0.002342392439380576,-0.03968564009960139,1.566422750494714,0.0438624769449234,1.2714990377426147,4.184643268585205,1.7233283519744873,5.3607707023620605,0.06762097,0.22254807,-0.091650195
481,16.3475,0.08174431324005127,-0.12132561206817627,-0.8718990087509155,-0.1672109067440033,0.049425799399614334,-0.02955959178507328,-0.007175548940447093,-0.03884754746574266,1.5664720189748804,0.040987785905599594,1.7102923393249512,3.956998825073242,1.8749949932098389,5.304372787475586,0.09095541,0.21043795,-0.09971449
482,16.3813,0.07577361911535263,-0.11816299706697464,-0.8735272884368896,-0.1647789180278778,0.0633450448513031,-0.04054775834083557,-0.011023798510408828,-0.0377244341774074,1.5664881310994754,0.0384938009083271,2.153780460357666,3.6876306533813477,2.0126054286956787,5.240716934204102,0.11405286,0.19527748,-0.10657698
483,16.4154,0.070008285343647,-0.11454451084136963,-0.8754690885543823,-0.1610395759344101,0.07684578001499176,-0.05143886059522629,-0.01440461597553447,-0.03644265058356306,1.5664852016222763,0.036582086235284805,2.58078932762146,3.3558623790740967,2.12528920173645,5.162510395050049,0.13620387,0.17710917,-0.11216437
484,16.4494,0.06450875103473663,-0.11044793576002121,-0.877740740776062,-0.15599654614925385,0.08992388099431992,-0.062130119651556015,-0.0191739713032165,-0.03409521764368573,1.5664620321207927,0.03538189083337784,3.011094331741333,2.9863057136535645,2.2143936157226562,5.081576347351074,0.15734684,0.1560515,-0.11571469
485,16.4834,0.05927141010761261,-0.10594484955072403,-0.8803583383560181,-0.1496666669845581,0.10224033147096634,-0.07225462794303894,-0.022854634699652543,-0.03176412985499875,1.5664167583822612,0.035120364278554916,3.422339916229248,2.5617263317108154,2.262730836868286,4.991196155548096,0.17689006,0.13240764,-0.11695349
486,16.5173,0.053226836025714874,-0.09982132166624069,-0.8841371536254883,-0.1399880051612854,0.11644607782363892,-0.08393528312444687,-0.0259915991953867,-0.029400971781122335,1.5663543072546988,0.036229208111763,3.890683650970459,1.9620356559753418,2.254978895187378,4.868107318878174,0.19824874,0.099975,-0.11490184
487,16.5514,0.0487983413040638,-0.09456104040145874,-0.8875385522842407,-0.13095064461231232,0.12681502103805542,-0.09202263504266739,-0.03023084398571005,-0.025528569108578994,1.5662452508080602,0.03828606382012367,4.25587797164917,1.454427719116211,2.205939531326294,4.775209903717041,0.21239486,0.07258502,-0.110090144
488,16.5863,0.044746097177267075,-0.0889962688088417,-0.8912136554718018,-0.1207834929227829,0.1361011415719986,-0.09883042424917221,-0.034072281168797416,-0.021118041448271514,1.566104635902504,0.04129515960812569,4.5746049880981445,0.902815580368042,2.1053524017333984,4.680176734924316,0.22353916,0.0441163,-0.10287855
489,16.6203,0.041145358234643936,-0.08316633105278015,-0.8951164484024048,-0.10968030244112015,0.1442931443452835,-0.10430225729942322,-0.03686759122499883,-0.017171163891963027,1.5659484415045708,0.0450613796710968,4.858778476715088,0.3216865360736847,1.9664866924285889,4.592165470123291,0.23130418,0.015314022,-0.09361542
490,16.6539,0.03802536427974701,-0.07708945125341415,-0.8991588354110718,-0.09783878922462463,0.1510862410068512,-0.10790643841028214,-0.039096415708421366,-0.013426130019444626,1.5658055629120882,0.0494069941341877,5.073352336883545,-0.29279646277427673,1.7727196216583252,4.510409832000732,0.23565792,-0.013600436,-0.08234307
491,16.6873,0.03539096191525459,-0.07084780186414719,-0.9033610820770264,-0.08508807420730591,0.156687930226326,-0.10988723486661911,-0.041829771899170205,-0.007748209197854942,1.5655464373380235,0.05420781672000885,5.247946262359619,-0.9271565675735474,1.5484117269515991,4.44620418548584,0.23641072,-0.04176677,-0.069753215
492,16.7214,0.032902251929044724,-0.06288126856088638,-0.9085965156555176,-0.06796665489673615,0.16148051619529724,-0.10951341688632965,-0.04353482333639061,-0.0030050358125654287,1.5653039565207716,0.060497842729091644,5.3476996421813965,-1.7376092672348022,1.2105913162231445,4.3919806480407715,0.23243767,-0.07552516,-0.05261833
493,16.7555,0.031552016735076904,-0.056432414799928665,-0.9126826524734497,-0.053686149418354034,0.1636408567428589,-0.10685278475284576,-0.044638029495577526,0.001231037371362071,1.565094232584928,0.06562213599681854,5.363566875457764,-2.389923334121704,0.9200966358184814,4.375247478485107,0.22560331,-0.10052539,-0.03870127
494,16.7895,0.030771933495998383,-0.04997673258185387,-0.9164806604385376,-0.03903897851705551,0.16433586180210114,-0.10217774659395218,-0.045615214039744056,0.007364374863963467,1.564775319044391,0.07066124677658081,5.340943336486816,-3.0427255630493164,0.6404372453689575,4.385021686553955,0.21605302,-0.12308501,-0.025907109
495,16.8232,0.03055240958929062,-0.04357188567519188,-0.9200456142425537,-0.024363836273550987,0.16331012547016144,-0.09550688415765762,-0.045773984213794014,0.012340296825181271,1.564520055053907,0.07557471841573715,5.2579665184021,-3.6713669300079346,0.3573293387889862,4.415759086608887,0.20465904,-0.14290285,-0.013908548
496,16.8575,0.03087800182402134,-0.03725764900445938,-0.9232769012451172,-0.009512447752058506,0.16085344552993774,-0.08740950375795364,-0.04548903846072314,0.016620904876482216,1.5643024747928473,0.08027862012386322,5.123987197875977,-4.267208576202393,0.0917229950428009,4.466574668884277,0.19208841,-0.15996943,-0.0034385184
497,16.8914,0.031737491488456726,-0.03111942484974861,-0.9260132312774658,0.005225405562669039,0.1567130833864212,-0.0781359001994133,-0.044397870621901224,0.02249926289991129,1.5639991407446874,0.08463376760482788,4.962006568908691,-4.835699081420898,-0.13483837246894836,4.5361762046813965,0.17900684,-0.17445025,0.004864361
498,16.9256,0.033574726432561874,-0.02383020706474781,-0.9288643598556519,0.02320876158773899,0.1495984047651291,-0.06530357897281647,-0.04293569531490685,0.026900305129429963,1.563765980991251,0.08952938765287399,4.6850504875183105,-5.44486665725708,-0.3912278413772583,4.633609771728516,0.1628178,-0.18922342,0.013596195
499,16.9592,0.038092613220214844,-0.013431686908006668,-0.9321365356445312,0.05050241947174072,0.13336825370788574,-0.0442897193133831,-0.04047569180410862,0.031922908351427116,1.5634935396117358,0.09591051191091537,4.12584924697876,-6.17503547668457,-0.7187061309814453,4.785939693450928,0.13824259,-0.20690356,0.024081295
500,16.9932,0.038092613220214844,-0.013431686908006668,-0.9321365356445312,0.05050241947174072,0.13336825370788574,-0.0442897193133831,-0.038370596120455486,0.035058530863643224,1.5633024578035226,0.09591051191091537,4.141794204711914,-6.221311092376709,-0.7066625356674194,4.788736343383789,0.1379268,-0.20717724,0.023532724
501,17.0272,0.044360242784023285,-0.004928219597786665,-0.9337936639785767,0.07501636445522308,0.11201151460409164,-0.02399398386478424,-0.03489643798001447,0.038966353578684616,1.5630774206914109,0.1002880334854126,3.4643092155456543,-6.675114154815674,-0.9368929862976074,4.909868240356445,0.11427815,-0.2201939,0.030905556
502,17.0613,0.04813176766037941,-0.001616796595044434,-0.9340249300003052,0.08601750433444977,0.0995105728507042,-0.014772108756005764,-0.0317782883012628,0.04162112571133011,1.5629023178497383,0.10155484080314636,3.0869476795196533,-6.818790912628174,-1.0125755071640015,4.956852912902832,0.10217383,-0.22569284,0.03351489
503,17.0953,0.053328823298215866,0.0014981160638853908,-0.9339078664779663,0.0985260158777237,0.08249282836914062,-0.004283356014639139,-0.02887878206741204,0.04353155264167685,1.5627453245034781,0.10227280110120773,3.0870485305786133,-6.861697673797607,-1.0061793327331543,4.9555463790893555,0.10166639,-0.22597767,0.033136707
504,17.1293,0.057802967727184296,0.003210162976756692,-0.9335174560546875,0.10735280811786652,0.06807860732078552,0.0032900571823120117,-0.024500547315916374,0.04568445622808611,1.5625278774004732,0.10221962630748749,2.1500306129455566,-6.90607213973999,-1.1302989721298218,5.033607006072998,0.07342203,-0.2358375,0.038598914
505,17.1636,0.062483858317136765,0.004302219022065401,-0.9329185485839844,0.11492893844842911,0.0530955009162426,0.00994957610964775,-0.02093128727682971,0.046884842799925705,1.5623650250998147,0.10171773284673691,1.7067387104034424,-6.85936975479126,-1.1646146774291992,5.05765962600708,0.0595611,-0.2393756,0.04064227
506,17.1985,0.06733538210391998,0.004721600096672773,-0.932142972946167,0.12139269709587097,0.03771856799721718,0.0160589087754488,-0.017802129172040847,0.047549651031793545,1.5622170865012608,0.1007479876279831,1.252834439277649,-6.750826835632324,-1.1945322751998901,5.0791521072387695,0.04494164,-0.24216546,0.042850226
507,17.2324,0.07224971801042557,0.004507189616560936,-0.9311838150024414,0.1266356110572815,0.022061552852392197,0.02164238505065441,-0.013297787501146123,0.04797863218794567,1.5619782009514807,0.09936241060495377,0.7895179390907288,-6.604013919830322,-1.220460295677185,5.096050262451172,0.029189125,-0.24415581,0.045121416
508,17.2668,0.07717261463403702,0.003617280162870884,-0.930029034614563,0.13069531321525574,0.006349159870296717,0.02657480537891388,-0.008831842163327079,0.04781968724394917,1.5617759338666892,0.09752435237169266,0.33200013637542725,-6.386045932769775,-1.2404072284698486,5.114925384521484,0.012742059,-0.2450944,0.04760643
509,17.3013,0.08328520506620407,0.0016308523481711745,-0.9284337759017944,0.13390229642391205,-0.013137908652424812,0.032250940799713135,-0.0053134573435879824,0.047365247932251574,1.5615947057545092,0.09471745789051056,-0.22779804468154907,-6.030047416687012,-1.268492579460144,5.139965534210205,-0.009235704,-0.24447855,0.05142899
510,17.3355,0.08806931972503662,-0.000622232852037996,-0.9270062446594238,0.13517768681049347,-0.028773823752999306,0.036445263773202896,-0.002311474023377462,0.04668614185428137,1.5614690045510575,0.09208709001541138,-0.6567298769950867,-5.6669020652771,-1.291299819946289,5.165178298950195,-0.028069468,-0.24221058,0.055191793
511,17.3693,0.0927254781126976,-0.003468831069767475,-0.9252868890762329,0.13525746762752533,-0.043968454003334045,0.040473248809576035,0.0018757387369998156,0.045407666405853614,1.5612578158766144,0.08904456347227097,-1.0749731063842773,-5.2592453956604,-1.3053420782089233,5.1915483474731445,-0.04864648,-0.23800017,0.059071522
512,17.4036,0.09720295667648315,-0.006907106377184391,-0.9233983755111694,0.1343153566122055,-0.05885586515069008,0.04435870051383972,0.005127742949298337,0.04410659153886301,1.5610996241078636,0.08565016835927963,-1.460810661315918,-4.77428674697876,-1.3140746355056763,5.225793838500977,-0.070737235,-0.2311866,0.063631795
513,17.4374,0.10152742266654968,-0.010850092396140099,-0.9213912487030029,0.13233810663223267,-0.07334195077419281,0.04825780540704727,0.007979457925149787,0.04278055785903132,1.5609575444637078,0.08202050626277924,-1.8165340423583984,-4.226729869842529,-1.3213722705841064,5.265031814575195,-0.09487699,-0.22076075,0.06901485
514,17.4713,0.10557449609041214,-0.015346681699156761,-0.9193305969238281,0.129107266664505,-0.08727072179317474,0.05202123895287514,0.011921693674902051,0.040601051790045695,1.5607640658105135,0.07813608646392822,-2.1483521461486816,-3.6372318267822266,-1.3372581005096436,5.302196979522705,-0.12121342,-0.20521837,0.07545021
515,17.5049,0.11023956537246704,-0.021701833233237267,-0.9166082143783569,0.12355513870716095,-0.10382721573114395,0.05697549507021904,0.015041160370036546,0.03863323789939694,1.5605941561329666,0.07295966148376465,-2.4905757904052734,-2.8131227493286133,-1.3511755466461182,5.356422424316406,-0.15594241,-0.17613804,0.08460115
516,17.5393,0.11368291079998016,-0.027305595576763153,-0.9143263101577759,0.1179947778582573,-0.11637755483388901,0.06134970113635063,0.018906073942311342,0.03583248292712308,1.5603960169478646,0.06868074089288712,-2.741588592529297,-2.1382763385772705,-1.37172532081604,5.394888401031494,-0.1833756,-0.14302208,0.09175007
517,17.5732,0.11690318584442139,-0.03335468843579292,-0.9118746519088745,0.11147622019052505,-0.1281803399324417,0.0662345215678215,0.021633452584769716,0.0336032194382396,1.5602495430879102,0.06434669345617294,-2.9426188468933105,-1.4406195878982544,-1.3823938369750977,5.437014102935791,-0.20687483,-0.10127983,0.09718639
518,17.6071,0.11984769254922867,-0.03979665786027908,-0.9092518091201782,0.10392726212739944,-0.13918493688106537,0.07157903909683228,0.025673636486582652,0.029840761626229898,1.5600422159970475,0.06007181480526924,-3.1230437755584717,-0.7676589488983154,-1.3957850933074951,5.474037170410156,-0.2227029,-0.05474143,0.099532835
519,17.6412,0.12252097576856613,-0.046578701585531235,-0.9064847230911255,0.0956433117389679,-0.1492149531841278,0.07697245478630066,0.028913317857204402,0.026270165845408987,1.5598521994532704,0.05603319779038429,-3.2548956871032715,-0.1160382330417633,-1.393282413482666,5.512968063354492,-0.22970568,-0.008189092,0.09832723
520,17.6752,0.12487447261810303,-0.053649984300136566,-0.9036446809768677,0.08621717989444733,-0.1580483317375183,0.08209314942359924,0.031724294790756044,0.02265351194189192,1.5596964045295008,0.052414972335100174,-3.336129665374756,0.4951266348361969,-1.3777464628219604,5.550258159637451,-0.22892688,0.033975836,0.094541654
521,17.7093,0.12735296785831451,-0.06278256326913834,-0.899894118309021,0.07305768877267838,-0.16714659333229065,0.08743567019701004,0.035503037416712666,0.016627483716612552,1.559450461602832,0.04877379909157753,-3.3879714012145996,1.1883912086486816,-1.3287999629974365,5.588117599487305,-0.22124174,0.07760447,0.08677346
522,17.7435,0.12891234457492828,-0.07028171420097351,-0.8967357873916626,0.06146274879574776,-0.17261330783367157,0.09065400063991547,0.03813408244852123,0.011189674955320635,1.5592453981988958,0.04677348583936691,-3.3791439533233643,1.6960738897323608,-1.2565710544586182,5.610865592956543,-0.21203135,0.10642365,0.07884614
523,17.7775,0.13009236752986908,-0.07786352932453156,-0.8934346437454224,0.049129001796245575,-0.17637260258197784,0.09208472818136215,0.04002376168950058,0.00602211514698236,1.5590645695608796,0.04578966647386551,-3.321303606033325,2.169471502304077,-1.1390819549560547,5.625982284545898,-0.20117562,0.13140768,0.068995655
524,17.8114,0.13084733486175537,-0.08542123436927795,-0.8901505470275879,0.03602411597967148,-0.17818748950958252,0.09164363890886307,0.04184600885944128,-0.001835607968249359,1.5588182271600473,0.045893821865320206,-3.2465732097625732,2.6165363788604736,-1.0037494897842407,5.6297526359558105,-0.18924612,0.15252061,0.0585096
525,17.8454,0.13116319477558136,-0.09285744279623032,-0.8869246244430542,0.022509871050715446,-0.17789319157600403,0.08969821780920029,0.042544414532936156,-0.008291812391205156,1.5586519127499718,0.047009650617837906,-3.117771863937378,3.0327274799346924,-0.8358324766159058,5.632546424865723,-0.17598394,0.17118357,0.047178913
526,17.8791,0.1310555636882782,-0.10008185356855392,-0.8838531970977783,0.008895330131053925,-0.17534279823303223,0.08661115914583206,0.04242199650776578,-0.016193974146309995,1.5584657577897751,0.048971936106681824,-2.96809720993042,3.4229543209075928,-0.6632043123245239,5.635682106018066,-0.162054,0.18688856,0.036210038
527,17.9132,0.13024893403053284,-0.1086428090929985,-0.8802753686904907,-0.0082314508035779,-0.1690671294927597,0.08088935911655426,0.041725321888979455,-0.021369009010903255,1.5583809361090561,0.05214155465364456,-2.707793712615967,3.8469254970550537,-0.41530314087867737,5.649599075317383,-0.14334068,0.20364214,0.021984627
528,17.9472,0.1290542036294937,-0.11502930521965027,-0.8776888847351074,-0.021602729335427284,-0.16187706589698792,0.07518114894628525,0.03994481976912575,-0.028127916281631807,1.5583528397595559,0.054928507655858994,-2.4883193969726562,4.1668009757995605,-0.2303319275379181,5.6663312911987305,-0.12803409,0.21439874,0.011851508
529,17.9835,0.12741325795650482,-0.12095136195421219,-0.8753253221511841,-0.03460707142949104,-0.15260550379753113,0.06772967427968979,0.03790805497337916,-0.03293225056575635,1.558373479258004,0.0577516108751297,-2.241544485092163,4.449356555938721,-0.02797439694404602,5.687029838562012,-0.11247818,0.22326371,0.0014037237
530,18.0174,0.12535326182842255,-0.1263265162706375,-0.8732873201370239,-0.04686668515205383,-0.14164091646671295,0.05964570865035057,0.0357096862337352,-0.03664259572477917,1.5584306040633862,0.060417141765356064,-1.9798047542572021,4.696659564971924,0.16974249482154846,5.710098743438721,-0.09705476,0.23024146,-0.008321182
531,18.0513,0.12287958711385727,-0.1311134248971939,-0.8715875148773193,-0.05847302824258804,-0.1291687935590744,0.0512147881090641,0.03206317371709022,-0.041115345647242826,1.5585794747683217,0.06278301775455475,-1.7063623666763306,4.926337718963623,0.35006090998649597,5.736019134521484,-0.08164055,0.2356996,-0.01674859
532,18.0854,0.11995930969715118,-0.13530436158180237,-0.8701813220977783,-0.06919991225004196,-0.11543837189674377,0.04223259538412094,0.028794368183234935,-0.043978560069457454,1.5587211549383138,0.0647592842578888,-1.4210017919540405,5.1161723136901855,0.5288265943527222,5.759796142578125,-0.06657474,0.23969556,-0.024775825
533,18.1191,0.11572438478469849,-0.13963262736797333,-0.8688503503799438,-0.08121196925640106,-0.09679650515317917,0.030955186113715172,0.024480063862063382,-0.046662144276146234,1.558959774171985,0.06658121198415756,-1.054051160812378,5.304908752441406,0.7375833988189697,5.786019802093506,-0.04827415,0.2429578,-0.033780344
534,18.1533,0.1119154766201973,-0.14237774908542633,-0.868101954460144,-0.08956624567508698,-0.08109836280345917,0.021941756829619408,0.021316863068402744,-0.04795875418712175,1.5591207622598802,0.06752832233905792,-0.7566341757774353,5.413595676422119,0.896382212638855,5.801894664764404,-0.034148917,0.24433,-0.04045612
535,18.1872,0.1077781468629837,-0.14446090161800385,-0.8676528930664062,-0.09695084393024445,-0.064899742603302,0.013280928134918213,0.016757116203564064,-0.049071926394450446,1.5593565851744067,0.0680038258433342,-0.44539979100227356,5.49959135055542,1.0401127338409424,5.817798614501953,-0.019831588,0.24487132,-0.0463114
536,18.2236,0.10336459428071976,-0.1458897590637207,-0.8674957752227783,-0.10322172939777374,-0.04837571829557419,0.00463226018473506,0.013065814726929912,-0.04936224424278271,1.5595402101315676,0.06803376227617264,-0.13639311492443085,5.54198694229126,1.1809653043746948,5.824969291687012,-0.006015864,0.24443933,-0.052088603
537,18.2574,0.09877841919660568,-0.1467123031616211,-0.867634654045105,-0.10806149244308472,-0.03159104660153389,-0.003821450285613537,0.009805959911050812,-0.04922641470481026,1.5596870834656855,0.06769411265850067,0.16722561419010162,5.546153545379639,1.3187288045883179,5.823971271514893,0.007330303,0.24311459,-0.057806227
538,18.2914,0.09405868500471115,-0.14692065119743347,-0.8681378364562988,-0.11153768002986908,-0.014706682413816452,-0.01196154486387968,0.0052822380215906085,-0.04850231784917453,1.5599113216294702,0.06697378307580948,0.48057475686073303,5.525732517242432,1.446141004562378,5.820618629455566,0.020960113,0.24100305,-0.06307297
539,18.3253,0.08810228854417801,-0.1462637484073639,-0.8690905570983887,-0.1143602654337883,0.005981236696243286,-0.021516839042305946,0.0017803130458192878,-0.04749426560349831,1.5600596597021876,0.0655699223279953,0.8535396456718445,5.436810493469238,1.603858470916748,5.796550750732422,0.037224703,0.23711102,-0.06994772
540,18.3592,0.07867178320884705,-0.1433243602514267,-0.8713420629501343,-0.11499808728694916,0.038005977869033813,-0.03577662259340286,-0.002381032722173294,-0.04579312152293975,1.560255801516472,0.06245248392224312,1.4311286211013794,5.178130149841309,1.8503363132476807,5.723302364349365,0.06296786,0.22783121,-0.08141247
541,18.3931,0.07867178320884705,-0.1433243602514267,-0.8713420629501343,-0.11499808728694916,0.038005977869033813,-0.03577662259340286,-0.005101894162116406,-0.044379827705515934,1.5603676542822553,0.06245248392224312,1.4574588537216187,5.193198204040527,1.852889060974121,5.733747482299805,0.063887574,0.22764336,-0.081221215
542,18.4275,0.06963483989238739,-0.1381138414144516,-0.8744945526123047,-0.11124594509601593,0.06780364364385605,-0.04961390048265457,-0.008801498771656988,-0.042031002847850114,1.560507869713648,0.05845550447702408,2.0255677700042725,4.791858673095703,2.08237886428833,5.621207237243652,0.09036788,0.2137821,-0.09290243
543,18.4612,0.06537201255559921,-0.13472677767276764,-0.876389741897583,-0.1078951433300972,0.08181663602590561,-0.05641116201877594,-0.011623598563948916,-0.039899271392106986,1.5606190566891587,0.05627208203077316,2.3171842098236084,4.538787364959717,2.1857175827026367,5.555098056793213,0.104471326,0.20463334,-0.09854409
544,18.4951,0.06034522131085396,-0.12986816465854645,-0.8790161609649658,-0.10233429819345474,0.09832429140806198,-0.06518333405256271,-0.013975334173462412,-0.03791665615146227,1.5606832388714298,0.053564753383398056,2.663048267364502,4.16248083114624,2.2961363792419434,5.4573798179626465,0.12218324,0.19097866,-0.10534897
545,18.5293,0.056610919535160065,-0.12554946541786194,-0.881327748298645,-0.09709180891513824,0.1104292944073677,-0.07229660451412201,-0.01717293863915821,-0.03483514990483442,1.5607468884214826,0.05153798684477806,2.951162576675415,3.825977087020874,2.368481397628784,5.377854347229004,0.13710558,0.17774786,-0.110035285
546,18.5635,0.05314306914806366,-0.12089215219020844,-0.8838123083114624,-0.09107592701911926,0.12168629467487335,-0.07949808984994888,-0.019637525699863816,-0.03215371911355832,1.560779245828727,0.04975249618291855,3.2234580516815186,3.4480035305023193,2.417508363723755,5.290948867797852,0.15195863,0.16254404,-0.11396496
547,18.5973,0.04998086020350456,-0.11590525507926941,-0.8864498138427734,-0.08421098440885544,0.13199733197689056,-0.08637191355228424,-0.02172938880185062,-0.029659493982752572,1.5608016163818836,0.048279646784067154,3.477632522583008,3.0299975872039795,2.4382336139678955,5.1997857093811035,0.16664077,0.14519106,-0.11683498
548,18.6314,0.047142066061496735,-0.11058984696865082,-0.8892267942428589,-0.07655077427625656,0.14131765067577362,-0.09275474399328232,-0.02457108987588445,-0.02590494034963444,1.5608012169077201,0.04720275104045868,3.7274467945098877,2.573711633682251,2.43546199798584,5.109565258026123,0.18119414,0.12511016,-0.11838973
549,18.6654,0.04462294280529022,-0.10496405512094498,-0.8922083377838135,-0.06820108741521835,0.149658665060997,-0.09883732348680496,-0.026663568833873334,-0.02274464406603767,1.5607925616341773,0.0466483011841774,3.9468295574188232,2.0712451934814453,2.392871856689453,5.015378475189209,0.19504048,0.10235473,-0.11824855
550,18.6996,0.041946977376937866,-0.09756939113140106,-0.8961362838745117,-0.05687060207128525,0.15846803784370422,-0.10514335334300995,-0.02905671659833756,-0.018661054799645645,1.5607265152391434,0.046851787716150284,4.166702747344971,1.3842039108276367,2.2747082710266113,4.897892951965332,0.2106579,0.06998183,-0.11500347
551,18.7338,0.040238846093416214,-0.09140479564666748,-0.8994050025939941,-0.04718010872602463,0.16422949731349945,-0.10942906886339188,-0.030632429952742585,-0.01564086887741416,1.5606683251693252,0.04776613786816597,4.324399471282959,0.7924894094467163,2.149911642074585,4.813295364379883,0.2209061,0.040483247,-0.10982532
552,18.768,0.03892258554697037,-0.08508626371622086,-0.9029684066772461,-0.03688805550336838,0.1689106673002243,-0.11270235478878021,-0.03265607868012053,-0.011121546925387743,1.5605740492667364,0.04943914711475372,4.430427551269531,0.16447016596794128,1.9676783084869385,4.735114574432373,0.22834831,0.008476944,-0.10141595
553,18.8022,0.03810352459549904,-0.07866260409355164,-0.9066377878189087,-0.02607831545174122,0.17239008843898773,-0.11481861770153046,-0.03409968468029541,-0.007283685244123269,1.5604514106985383,0.05170827358961105,4.496041774749756,-0.49183180928230286,1.7532908916473389,4.671480178833008,0.23171622,-0.02534794,-0.0903608
554,18.8358,0.03779379650950432,-0.072169728577137,-0.9103728532791138,-0.014839330688118935,0.17452634871006012,-0.11542833596467972,-0.03522537790593669,-0.0037547455679701326,1.560317853169871,0.054499417543411255,4.4912872314453125,-1.1635677814483643,1.4961540699005127,4.6227312088012695,0.23033015,-0.059672143,-0.076728426
555,18.8693,0.037981875240802765,-0.06560838222503662,-0.9141020774841309,-0.003160550259053707,0.1753665953874588,-0.11463606357574463,-0.03656379112364804,0.0015936909921346843,1.5601073302857,0.05773891881108284,4.4512529373168945,-1.8503248691558838,1.226567268371582,4.5943427085876465,0.22372085,-0.09299769,-0.061647516
556,18.9033,0.038845326751470566,-0.05737936496734619,-0.9187725782394409,0.011746922507882118,0.17450281977653503,-0.11080647259950638,-0.03731868494057702,0.006070157116631169,1.5598913479212946,0.06238488480448723,4.3071699142456055,-2.69441294670105,0.8474868535995483,4.582954406738281,0.20905714,-0.13077873,-0.041134473
557,18.9374,0.040071576833724976,-0.050866514444351196,-0.9224227666854858,0.023871706798672676,0.17225052416324615,-0.10540613532066345,-0.037684370247758524,0.010113674651144558,1.5597237019306742,0.06639920175075531,4.140853404998779,-3.345109224319458,0.5381343364715576,4.595886707305908,0.19348596,-0.15630393,-0.025144923
558,18.9714,0.04175479710102081,-0.044440846890211105,-0.9258760213851929,0.035988353192806244,0.1685742437839508,-0.09752725064754486,-0.03764019922436603,0.016072676521332593,1.55946044845692,0.07055377215147018,3.9490866661071777,-3.9780962467193604,0.23931404948234558,4.628880023956299,0.1759683,-0.17726095,-0.010663653
559,19.005,0.04385555535554886,-0.0381629653275013,-0.9290450811386108,0.047981083393096924,0.16353414952754974,-0.08777980506420135,-0.03704203243758822,0.020998242891704582,1.5592360771350806,0.07474133372306824,3.706050395965576,-4.561792373657227,-0.04976782202720642,4.675969123840332,0.1576321,-0.19402999,0.0021168105
560,19.0392,0.04633956030011177,-0.032113686203956604,-0.9318522214889526,0.059646107256412506,0.15699300169944763,-0.07686737924814224,-0.03549976256080971,0.027079731446684848,1.5589489883695702,0.07883986085653305,3.4386026859283447,-5.102982044219971,-0.30908510088920593,4.733389854431152,0.13952729,-0.2070624,0.012541667
561,19.0729,0.049259476363658905,-0.026342734694480896,-0.9342821836471558,0.07076365500688553,0.14883342385292053,-0.06528927385807037,-0.03396575056400504,0.03111166162971314,1.558763232883537,0.08274432271718979,3.1175122261047363,-5.5530476570129395,-0.5515734553337097,4.7909836769104,0.12192757,-0.21718265,0.021572333
562,19.1072,0.05356776341795921,-0.01952758990228176,-0.936682939529419,0.08405353873968124,0.1370164006948471,-0.050598662346601486,-0.031107275736292916,0.03638770624132336,1.558491590452349,0.08724374324083328,2.6669135093688965,-6.033675193786621,-0.8053821325302124,4.858546733856201,0.10032367,-0.22697416,0.03029678
563,19.1413,0.05750993266701698,-0.01446891576051712,-0.9381089210510254,0.0940597653388977,0.12595617771148682,-0.03864806890487671,-0.028391639969766107,0.04008216397996817,1.5582997096958087,0.09050701558589935,2.267963409423828,-6.333975791931152,-0.9779428243637085,4.902901649475098,0.0833997,-0.23291895,0.03596184
564,19.1754,0.06185806542634964,-0.009861267171800137,-0.9391587972640991,0.10334201902151108,0.11384501308202744,-0.027305861935019493,-0.025702419432301525,0.04288721329949979,1.5581363247629325,0.09344710409641266,1.839181900024414,-6.554780960083008,-1.1248881816864014,4.935281753540039,0.06663484,-0.23748428,0.040755484
565,19.209,0.06659722328186035,-0.00577660882845521,-0.9397953748703003,0.11157666146755219,0.10058817267417908,-0.016352541744709015,-0.021486691602760333,0.04617930484813646,1.5579114208088751,0.09599573165178299,1.3932971954345703,-6.725297451019287,-1.2435859441757202,4.955487251281738,0.04990473,-0.24088483,0.044542413
566,19.2435,0.07167380303144455,-0.00226357439532876,-0.9400172233581543,0.11890187859535217,0.08652190119028091,-0.005988432094454765,-0.01784519539969987,0.04821923630886672,1.5577360516510934,0.09813328832387924,0.9283643364906311,-6.817615985870361,-1.3408218622207642,4.966988563537598,0.033108756,-0.2431403,0.04781845
567,19.2774,0.07696699351072311,0.0007002157508395612,-0.9398565292358398,0.1251908540725708,0.07184493541717529,0.0036869042087346315,-0.014576976593522238,0.04955052140947291,1.5576038257029712,0.09992063045501709,0.4606838822364807,-6.848099231719971,-1.41725492477417,4.972388744354248,0.016433338,-0.24428275,0.05055577
568,19.3114,0.08376340568065643,0.0036061888094991446,-0.9392620325088501,0.1310446709394455,0.05273304134607315,0.01414947584271431,-0.009786434571011868,0.050742323447986196,1.5574212660102462,0.10172766447067261,-0.11598141491413116,-6.822912693023682,-1.4902864694595337,4.970024108886719,-0.004151245,-0.24420795,0.053340826
569,19.3453,0.08930665999650955,0.00521512608975172,-0.9384911060333252,0.13437040150165558,0.03707006946206093,0.021673468872904778,-0.005988919260113443,0.051159699047450456,1.557267734773403,0.10277234017848969,-0.5691370368003845,-6.746279239654541,-1.5369640588760376,4.965930938720703,-0.02049464,-0.24293369,0.055346116
570,19.3793,0.09488803893327713,0.006118445191532373,-0.9374487400054932,0.13651756942272186,0.021144913509488106,0.028393035754561424,-0.0013166988320771754,0.05099995099393774,1.5570805145487705,0.10339280962944031,-1.0181154012680054,-6.6276984214782715,-1.5741957426071167,4.9603071212768555,-0.036953866,-0.24056123,0.057137553
571,19.4133,0.10044597834348679,0.006316093727946281,-0.9361674785614014,0.1373383104801178,0.0050734421238303185,0.03461315855383873,0.001962539453296472,0.05054695977608287,1.55696519967357,0.10359931737184525,-1.4434349536895752,-6.44741678237915,-1.607053279876709,4.9618682861328125,-0.053070154,-0.23704942,0.05908584
572,19.4473,0.10590223968029022,0.005819256883114576,-0.9346605539321899,0.13709266483783722,-0.01093414705246687,0.03992634639143944,0.006421573706034734,0.0493938651195382,1.5567576062665984,0.10339556634426117,-1.8586394786834717,-6.232862949371338,-1.632491111755371,4.964832305908203,-0.069291934,-0.23236735,0.0608609
573,19.4813,0.11120516061782837,0.00467500789090991,-0.9328968524932861,0.13568797707557678,-0.026936063542962074,0.044657979160547256,0.009864075079463385,0.04807991137196354,1.5565959523884305,0.10279571264982224,-2.243231773376465,-5.964651584625244,-1.6492787599563599,4.978130340576172,-0.08519683,-0.22653452,0.06263879
574,19.5152,0.1175498515367508,0.002421339973807335,-0.93038010597229,0.13219046592712402,-0.0460900217294693,0.05004621669650078,0.012719074273893499,0.04670212914320025,1.5564722485557965,0.10156914591789246,-2.6696343421936035,-5.5659284591674805,-1.6558010578155518,5.009441375732422,-0.10442523,-0.21771646,0.064768195
575,19.5511,0.12233615666627884,2.4829249014146626e-05,-0.9281141757965088,0.1281093806028366,-0.06079515069723129,0.05380132049322128,0.016570804158475103,0.04437596612193532,1.5562991430849413,0.10024137049913406,-2.9902849197387695,-5.220010280609131,-1.6543792486190796,5.0362348556518555,-0.11981896,-0.20916276,0.066290006
576,19.5854,0.12683434784412384,-0.002822859911248088,-0.9256503582000732,0.12294811010360718,-0.07484154403209686,0.057350900024175644,0.019451420673937715,0.04224363545494692,1.5561629223951836,0.09866911172866821,-3.2707314491271973,-4.832474231719971,-1.642304539680481,5.071711540222168,-0.134887,-0.19929424,0.06772966
577,19.6191,0.13099561631679535,-0.006108587607741356,-0.9230315685272217,0.11673138290643692,-0.08823903650045395,0.060563042759895325,0.022816095845846655,0.03929457986065848,1.5560168480093928,0.09685906022787094,-3.525999069213867,-4.413917064666748,-1.6264700889587402,5.108770370483398,-0.14994456,-0.18770364,0.06916631
578,19.6527,0.13475608825683594,-0.009776798076927662,-0.9202913045883179,0.1094048023223877,-0.10079780220985413,0.06368159502744675,0.025022052514002736,0.03707283356007067,1.5559117863043892,0.09483324736356735,-3.7347450256347656,-3.957735776901245,-1.6011961698532104,5.150571823120117,-0.16460238,-0.17443031,0.07056993
579,19.6864,0.1380985826253891,-0.013791963458061218,-0.9174802303314209,0.10111809521913528,-0.11247485131025314,0.06622851639986038,0.02788397072578055,0.033688140987499504,1.5557892808942455,0.09261895716190338,-3.9155282974243164,-3.4764292240142822,-1.5709342956542969,5.189363956451416,-0.17906286,-0.15898222,0.07184113
580,19.7202,0.14163261651992798,-0.01933479495346546,-0.9138815402984619,0.08977870643138885,-0.12585517764091492,0.06916716694831848,0.029933631046868005,0.03085046378342521,1.555698999733292,0.08951913565397263,-4.098010063171387,-2.834949493408203,-1.5274572372436523,5.233848571777344,-0.19657043,-0.13598484,0.07326798
581,19.7543,0.14393053948879242,-0.024222861975431442,-0.9109432697296143,0.07987470924854279,-0.13552629947662354,0.07129742950201035,0.03159482146929156,0.028275894411483142,1.5556241649066607,0.0867409035563469,-4.205915927886963,-2.2923903465270996,-1.4863934516906738,5.264721870422363,-0.20965044,-0.114267774,0.0740916
582,19.7888,0.1457487791776657,-0.029492365196347237,-0.9080443382263184,0.06927908211946487,-0.1445525884628296,0.07336952537298203,0.033722063001884385,0.024349610580541532,1.5555104479281143,0.08374044299125671,-4.294973373413086,-1.7290388345718384,-1.4569909572601318,5.287806510925293,-0.22121789,-0.089056276,0.07504411
583,19.8233,0.14707502722740173,-0.03508969396352768,-0.905193567276001,0.05803842470049858,-0.15248148143291473,0.07506870478391647,0.03528489955629996,0.0209945498362867,1.5554214983477057,0.08055555820465088,-4.3442511558532715,-1.1627485752105713,-1.4222958087921143,5.306299209594727,-0.23025815,-0.06162911,0.07538588
584,19.858,0.14796559512615204,-0.04097125679254532,-0.902349591255188,0.04649585112929344,-0.15946610271930695,0.07665552943944931,0.03653841203069742,0.017895031882192578,1.5553474624694015,0.07726452499628067,-4.358999729156494,-0.6055012941360474,-1.380945086479187,5.322981834411621,-0.23626368,-0.032818988,0.07484909
585,19.8923,0.14840270578861237,-0.04713878780603409,-0.8994693756103516,0.034439921379089355,-0.1652519702911377,0.07800234854221344,0.03804567382270901,0.013208933628089151,1.5552711629041707,0.07388049364089966,-4.351837158203125,-0.0642869770526886,-1.3373785018920898,5.336843490600586,-0.23894638,-0.0035298057,0.073431455
586,19.9264,0.147635817527771,-0.06179805472493172,-0.8929793834686279,0.005936151370406151,-0.17423082888126373,0.07993558049201965,0.03921598748017672,0.008226017748117986,1.555151320655117,0.06627504527568817,-4.269155025482178,0.5740382671356201,-1.254364252090454,5.357596397399902,-0.23788923,0.031987015,0.069896676
587,19.9605,0.14646965265274048,-0.06852034479379654,-0.8901534080505371,-0.007088313810527325,-0.17631544172763824,0.08009755611419678,0.039850165198319444,0.00403423340125229,1.5550790158315215,0.06306137144565582,-3.982196092605591,1.5072753429412842,-1.0644712448120117,5.393022537231445,-0.2268309,0.0858563,0.060633622
588,19.9943,0.144816055893898,-0.0752003863453865,-0.8873730897903442,-0.020386599004268646,-0.17690390348434448,0.07980243861675262,0.0401723619171378,0.00024721956651265815,1.5550004525793641,0.06010515242815018,-4.014467239379883,1.522287368774414,-1.0845996141433716,5.389650344848633,-0.22663806,0.08594123,0.061231427
589,20.0278,0.1426585167646408,-0.0817900076508522,-0.8846918344497681,-0.033753152936697006,-0.17601530253887177,0.07797951996326447,0.040156312210380865,-0.005410762591916752,1.5549193593241712,0.057450246065855026,-3.5524632930755615,2.3703062534332275,-0.8165063858032227,5.416774749755859,-0.20425887,0.13628742,0.04694733
590,20.0614,0.13994698226451874,-0.08820516616106033,-0.8822122812271118,-0.04701767489314079,-0.17352917790412903,0.0758717954158783,0.03970419484225868,-0.010173509430995372,1.5548368013303788,0.055087894201278687,-3.2701926231384277,2.7761290073394775,-0.6772321462631226,5.43057918548584,-0.18825479,0.15981309,0.038986143
591,20.0952,0.1358497589826584,-0.09598343819379807,-0.8793244361877441,-0.06343603879213333,-0.1680927723646164,0.07137211412191391,0.03895887176049718,-0.014356260876398116,1.5547965875979186,0.05267627164721489,-3.298140287399292,2.8019940853118896,-0.6968346834182739,5.428658485412598,-0.1881026,0.15980594,0.039742526
592,20.1294,0.13195066154003143,-0.10187647491693497,-0.8772726058959961,-0.07610548287630081,-0.16214416921138763,0.06643547862768173,0.03724592238616901,-0.02036736499660003,1.5547370659475552,0.05113384872674942,-2.480968475341797,3.6265323162078857,-0.32529881596565247,5.484816551208496,-0.14077243,0.20577277,0.018457754
593,20.1634,0.1276404708623886,-0.1074267104268074,-0.8754711151123047,-0.08822311460971832,-0.15433844923973083,0.06168467923998833,0.0353432269453619,-0.025116182774969426,1.5547276117256854,0.050056446343660355,-2.075018882751465,3.9695088863372803,-0.18050983548164368,5.523921489715576,-0.11572174,0.22137557,0.010066854
594,20.1974,0.12290199846029282,-0.11254904419183731,-0.8739310503005981,-0.09988757222890854,-0.14497286081314087,0.05485202372074127,0.03336249880402086,-0.028985152466420087,1.5546983169536945,0.04937228560447693,-1.6401275396347046,4.280471324920654,-0.02362886071205139,5.566572666168213,-0.08944858,0.23344654,0.0012886608
595,20.2314,0.11780586838722229,-0.11723735928535461,-0.8726850748062134,-0.1105070412158966,-0.13419632613658905,0.047298163175582886,0.0297516206311179,-0.034227089890725884,1.5547458543791526,0.04909708723425865,-1.192420482635498,4.579677104949951,0.11956533789634705,5.6160993576049805,-0.0629727,0.24185649,-0.0063143433
596,20.2653,0.11238555610179901,-0.1214703768491745,-0.8717793226242065,-0.1201467290520668,-0.12211456149816513,0.0393887460231781,0.026235898452320234,-0.038034580092293144,1.5548140313030585,0.04919106885790825,-0.7313429713249207,4.834194183349609,0.2529089152812958,5.666040420532227,-0.037345897,0.24685724,-0.012914748
597,20.2991,0.10522572696208954,-0.12605243921279907,-0.8710795640945435,-0.13022489845752716,-0.10536167770624161,0.029350511729717255,0.021231854134169573,-0.042171101765945095,1.5549184272177896,0.04976474493741989,-0.1584046334028244,5.093006610870361,0.40091320872306824,5.72586727142334,-0.0077478923,0.2491093,-0.01960948
598,20.3341,0.09933018684387207,-0.12916485965251923,-0.8708231449127197,-0.13671313226222992,-0.09091120958328247,0.021629255264997482,0.01738514472436169,-0.04456855011945088,1.5549807451872975,0.0506092831492424,0.2843055725097656,5.243144989013672,0.5058307647705078,5.76657772064209,0.0134738,0.24848296,-0.023972316
599,20.3685,0.0933225154876709,-0.13174262642860413,-0.8708833456039429,-0.14174231886863708,-0.07568688690662384,0.01397909875959158,0.011585207432359742,-0.04723666718587119,1.5551421327493564,0.05168396979570389,0.7163340449333191,5.365966320037842,0.5924144983291626,5.806031703948975,0.032884177,0.24633114,-0.0271955
600,20.4021,0.08728361874818802,-0.13370674848556519,-0.8712116479873657,-0.14507274329662323,-0.05974559485912323,0.00682700052857399,0.006800779757234895,-0.048678381925553196,1.555264904475609,0.05287649855017662,1.1239906549453735,5.426381587982178,0.6758953332901001,5.831247329711914,0.05033424,0.24300273,-0.030267758
601,20.4375,0.08120846003293991,-0.13507309556007385,-0.8717795610427856,-0.14672088623046875,-0.04341999068856239,7.075892062857747e-05,0.0025787144365371573,-0.04940594089060603,1.5554063183294922,0.05415066331624985,1.5134074687957764,5.436916828155518,0.7584025859832764,5.843743324279785,0.06644336,0.2386978,-0.033296265
602,20.4712,0.07519841194152832,-0.13583911955356598,-0.872610330581665,-0.1469607949256897,-0.02692238800227642,-0.005968307610601187,-0.0033383803572592844,-0.04967668450492621,1.555583551700037,0.05544957146048546,1.8958990573883057,5.421157360076904,0.8298649787902832,5.852127552032471,0.08168089,0.23355934,-0.03575301
603,20.5052,0.06791974604129791,-0.1358819156885147,-0.8739299774169922,-0.14486163854599,-0.006283820606768131,-0.012729844078421593,-0.007811209082243479,-0.04926749396462474,1.5557064565843441,0.05696628987789154,2.3338463306427,5.320594310760498,0.9295454025268555,5.83452033996582,0.09916334,0.22606796,-0.03949567
604,20.5394,0.062328193336725235,-0.1351865828037262,-0.8751411437988281,-0.14163394272327423,0.009929513558745384,-0.01774430088698864,-0.013007764056949991,-0.04806631676683653,1.5558579904503695,0.058048080652952194,2.678410053253174,5.208570957183838,1.0166867971420288,5.8135294914245605,0.11264291,0.21905106,-0.042757664
605,20.5735,0.05702908709645271,-0.13383327424526215,-0.876444935798645,-0.1370379477739334,0.02591307833790779,-0.022229265421628952,-0.016379159549422175,-0.04679905572331153,1.5559276321128752,0.058946434408426285,2.9983997344970703,5.043545246124268,1.1164638996124268,5.77335262298584,0.12550244,0.211105,-0.046731237
606,20.6071,0.05204753950238228,-0.13186582922935486,-0.8778636455535889,-0.131236270070076,0.0414273738861084,-0.026473665609955788,-0.020782730741679124,-0.044529597227319265,1.556007127471414,0.05966157093644142,3.31442928314209,4.846597194671631,1.2257970571517944,5.726564407348633,0.13814436,0.20200463,-0.05109083
607,20.6413,0.047417137771844864,-0.12923483550548553,-0.8793700933456421,-0.12425655871629715,0.05653367191553116,-0.030305322259664536,-0.023890687587477432,-0.04235858830668667,1.5560376206658955,0.06013323366641998,3.6111903190612793,4.598705291748047,1.3431445360183716,5.663779258728027,0.15048125,0.19163182,-0.055969935
608,20.6752,0.04316575825214386,-0.1259642094373703,-0.8810034990310669,-0.11615563184022903,0.0709947943687439,-0.03418086841702461,-0.026352515779741282,-0.040236577388922334,1.5560400175108766,0.06037415564060211,3.89091157913208,4.30524206161499,1.463785171508789,5.588842391967773,0.16253503,0.17984284,-0.061146688
609,20.7093,0.03849804773926735,-0.12101034075021744,-0.8831242322921753,-0.10463082045316696,0.08798395097255707,-0.03920672461390495,-0.02938777040837503,-0.03695275412323252,1.556007127471414,0.060347262769937515,4.218175888061523,3.8752222061157227,1.6227219104766846,5.482826232910156,0.17713153,0.16273007,-0.06814207
610,20.7432,0.03530316427350044,-0.11649537831544876,-0.8848888874053955,-0.09440566599369049,0.10055667906999588,-0.04331803321838379,-0.031467047993616604,-0.03408104047207026,1.5559356215961455,0.060172710567712784,4.454259395599365,3.484394073486328,1.744807481765747,5.391048908233643,0.18815751,0.14718832,-0.07370443
611,20.7773,0.032629333436489105,-0.1115064024925232,-0.8867988586425781,-0.08333239704370499,0.11233598738908768,-0.04768221825361252,-0.033040924182988395,-0.031443639223753726,1.5558659799336398,0.059874795377254486,4.657144069671631,3.0488803386688232,1.8498952388763428,5.293473243713379,0.19848958,0.12994465,-0.07884337
612,20.8114,0.0305036474019289,-0.1060735285282135,-0.8887790441513062,-0.07189147919416428,0.12310382723808289,-0.05251678451895714,-0.034943174376550756,-0.02741937187064322,1.5557119160645787,0.059497635811567307,4.8402934074401855,2.5636942386627197,1.9450139999389648,5.193997859954834,0.20818807,0.11026823,-0.08365789
613,20.8455,0.02895234152674675,-0.10024071484804153,-0.890860915184021,-0.05982651188969612,0.13292045891284943,-0.057615332305431366,-0.036228561560245114,-0.024005114048782968,1.5555673064173874,0.05910063534975052,4.9752631187438965,2.0291316509246826,2.0101869106292725,5.0936126708984375,0.21681157,0.088425316,-0.08759974
614,20.8793,0.027901140972971916,-0.09410468488931656,-0.8929744958877563,-0.04721704125404358,0.14155840873718262,-0.062457386404275894,-0.0374923480107854,-0.0195446479568473,1.5553557182687807,0.05884994938969612,5.077512741088867,1.443000078201294,2.046895742416382,5.000099182128906,0.2242103,0.06371929,-0.09038582
615,20.9133,0.02731447108089924,-0.0860404372215271,-0.8957748413085938,-0.03107064589858055,0.15059052407741547,-0.06849708408117294,-0.03818744137767449,-0.016306459412852217,1.5552111086215894,0.05885293707251549,5.117516994476318,0.6504402160644531,2.0205347537994385,4.895587921142578,0.23092355,0.029350556,-0.09117489
616,20.9471,0.027347436174750328,-0.07936783879995346,-0.8981214761734009,-0.017994234338402748,0.15638235211372375,-0.07303577661514282,-0.03885588648890597,-0.011582626454756427,1.5549683614882286,0.05928841978311539,5.1183600425720215,-0.04619207978248596,1.959273099899292,4.829952716827393,0.23347035,-0.0021070188,-0.089370854
617,20.9813,0.027856003493070602,-0.07256422191858292,-0.9006553888320923,-0.004794983193278313,0.16107943654060364,-0.07739006727933884,-0.03912103330374778,-0.00760211452626673,1.5547780786283425,0.060166921466588974,5.061514377593994,-0.7805434465408325,1.847701072692871,4.782296657562256,0.23241569,-0.03584116,-0.08484313
618,21.0152,0.028844360262155533,-0.06567638367414474,-0.9032526016235352,0.008532047271728516,0.16441431641578674,-0.08124105632305145,-0.03921874634861847,-0.0039557804206088384,1.5546003126255796,0.06149556487798691,4.948796272277832,-1.5364707708358765,1.701408863067627,4.75729513168335,0.2268425,-0.07042862,-0.077989034
619,21.0493,0.030339697375893593,-0.05881804600358009,-0.9058846235275269,0.021830134093761444,0.1661858707666397,-0.08412879705429077,-0.03906317612906581,0.001549698899877938,1.554340654419297,0.06322769820690155,4.798366069793701,-2.308314085006714,1.53641939163208,4.757213592529297,0.21645656,-0.10412914,-0.06930861
620,21.0834,0.032291822135448456,-0.05204581841826439,-0.9084352254867554,0.03503823280334473,0.16666151583194733,-0.08564456552267075,-0.03864609181284578,0.006182214300834106,1.5541110899333321,0.06533443927764893,4.591031551361084,-3.060584783554077,1.3581573963165283,4.780206680297852,0.20198573,-0.13465263,-0.05975311
621,21.1209,0.03539571538567543,-0.04379845783114433,-0.911602258682251,0.05102473497390747,0.1650068759918213,-0.08549998700618744,-0.037691277821835914,0.01223782962164587,1.5538118837848618,0.06841319054365158,4.252687931060791,-3.9308764934539795,1.1204296350479126,4.832869529724121,0.18024392,-0.16660443,-0.04748776
622,21.1552,0.03834953159093857,-0.03741887956857681,-0.9141089916229248,0.06343887746334076,0.1618664711713791,-0.08405479043722153,-0.03666981406335761,0.016567501214545022,1.5536061545906532,0.07120572775602341,3.958218812942505,-4.5963873863220215,0.9402420520782471,4.890471458435059,0.16121075,-0.18720214,-0.038294278
623,21.1892,0.04177355766296387,-0.03127302974462509,-0.9165409803390503,0.07555627822875977,0.15719711780548096,-0.08149269223213196,-0.03470150915238288,0.02268081142365983,1.553336376372228,0.07417326420545578,3.6163997650146484,-5.197453022003174,0.7662770748138428,4.952095031738281,0.14175262,-0.20372541,-0.030035887
624,21.2233,0.0456191711127758,-0.02539108321070671,-0.9188891649246216,0.08703090250492096,0.15090732276439667,-0.07752053439617157,-0.032652708116865894,0.02742507478044627,1.553115467159806,0.07729388028383255,3.2250640392303467,-5.70551872253418,0.590856671333313,5.006437301635742,0.12252335,-0.21675827,-0.022447227
625,21.2572,0.049847546964883804,-0.019818183034658432,-0.9211093187332153,0.09788544476032257,0.14320620894432068,-0.07222801446914673,-0.030475786146375486,0.031388430645999624,1.5529408969503513,0.08050728589296341,2.7947216033935547,-6.1243438720703125,0.4187219440937042,5.048563003540039,0.10358681,-0.22699979,-0.015519996
626,21.2914,0.05442451313138008,-0.01462459098547697,-0.9231914281845093,0.10784042626619339,0.134028822183609,-0.06609729677438736,-0.02685390995040834,0.036656610610015704,1.5527078703549695,0.08373969048261642,2.348310947418213,-6.481387615203857,0.2573135793209076,5.075704574584961,0.08510236,-0.23488429,-0.009324997
627,21.325,0.060654640197753906,-0.008753104135394096,-0.9255338907241821,0.11917458474636078,0.12058982998132706,-0.057815372943878174,-0.02358861229905139,0.0403201715188264,1.5525696522943944,0.0876612737774849,1.7412536144256592,-6.777271747589111,0.06511890888214111,5.08680534362793,0.06220819,-0.24212545,-0.0023264443
628,21.3594,0.0660347267985344,-0.00458382535725832,-0.927114725112915,0.1272960752248764,0.10855758190155029,-0.05111410468816757,-0.02054082832972666,0.04311818010622612,1.5524342305529637,0.09062564373016357,1.2374449968338013,-6.938592433929443,-0.06903252005577087,5.081964492797852,0.04389092,-0.24610484,0.0024485134
629,21.3933,0.07171522080898285,-0.0009020095458254218,-0.9285192489624023,0.13436169922351837,0.09554977715015411,-0.044221676886081696,-0.015951213489084362,0.04636282577556734,1.5522689814073243,0.09346474707126617,0.7276716828346252,-7.055739879608154,-0.19396178424358368,5.064514636993408,0.025637353,-0.24858807,0.0068336683
630,21.4273,0.08368860185146332,0.004875693004578352,-0.9306875467300415,0.14472399652004242,0.06704279035329819,-0.030512528494000435,-0.011125087057102408,0.04877777192967279,1.5521206433346069,0.09862321615219116,-0.2801111340522766,-7.058010101318359,-0.43265578150749207,5.015807151794434,-0.009895396,-0.24933606,0.015284292
631,21.4613,0.08990683406591415,0.006844211369752884,-0.9313303232192993,0.14806492626667023,0.05179109051823616,-0.023943860083818436,-0.007170943544296397,0.050077835627687,1.5520181116326388,0.10076558589935303,-0.771051824092865,-6.997061252593994,-0.536933958530426,4.986961841583252,-0.027304059,-0.24777605,0.019013608
632,21.4951,0.09783539175987244,0.008408594876527786,-0.9317620992660522,0.1505490243434906,0.032229918986558914,-0.0155295729637146,-0.0036802186693399466,0.05082090750608955,1.551903196231602,0.10302205383777618,-1.3640708923339844,-6.8374552726745605,-0.6659907698631287,4.95768928527832,-0.048689485,-0.24405782,0.02377204
633,21.5293,0.10422715544700623,0.00893139187246561,-0.9318393468856812,0.15123732388019562,0.01635456643998623,-0.008979744277894497,0.0013847306345097406,0.051204798016035266,1.5517648450129724,0.1044912338256836,-1.8274242877960205,-6.682535648345947,-0.7678412199020386,4.933938980102539,-0.06554307,-0.23967826,0.027539674
634,21.5634,0.11060848087072372,0.008801999501883984,-0.9316650629043579,0.15075460076332092,0.0005958082620054483,-0.0026087670121341944,0.00544134577211468,0.05095065754663605,1.551664576997931,0.10564951598644257,-2.2676339149475098,-6.476842403411865,-0.8689190149307251,4.9202117919921875,-0.0819572,-0.23408711,0.031404614
635,21.5974,0.11688847094774246,0.008040526881814003,-0.9312288761138916,0.1488318294286728,-0.015145131386816502,0.003390067256987095,0.008983374989055286,0.05035006062536354,1.5515608468734723,0.1064944788813591,-2.676391124725342,-6.228958606719971,-0.9683151245117188,4.917434215545654,-0.09770128,-0.22738725,0.035348207
636,21.6316,0.12303438037633896,0.006651558913290501,-0.9305505752563477,0.14577935636043549,-0.030582506209611893,0.009098971262574196,0.013841210723063296,0.048969889873997585,1.5514129082749184,0.10703292489051819,-3.0637731552124023,-5.956373691558838,-1.0672403573989868,4.921161651611328,-0.11292715,-0.21954508,0.03933725
637,21.6674,0.12897931039333344,0.004667770117521286,-0.9295963048934937,0.14134036004543304,-0.04562739282846451,0.014551163651049137,0.018391249533490795,0.04699952101317804,1.551237672275191,0.10726094990968704,-3.410919666290283,-5.638889789581299,-1.159961462020874,4.939509391784668,-0.12743367,-0.21067175,0.04333674
638,21.7013,0.13611099123954773,0.0013140622759237885,-0.9280868768692017,0.13441379368305206,-0.06379255652427673,0.02117009647190571,0.021741972238001242,0.045081008892209375,1.5511211589775002,0.10711473971605301,-3.802072525024414,-5.180140972137451,-1.2688162326812744,4.979099750518799,-0.14512233,-0.1977222,0.048429787
639,21.7354,0.1414419561624527,-0.00195897463709116,-0.9266163110733032,0.1276155412197113,-0.07746508717536926,0.0261687021702528,0.024474467062585013,0.043180169341786916,1.5510107709503165,0.10668430477380753,-4.072329521179199,-4.7688703536987305,-1.3430559635162354,5.021604537963867,-0.15874667,-0.1858991,0.052354723
640,21.7694,0.14638423919677734,-0.005719037260860205,-0.9249646663665771,0.1198839545249939,-0.09055522084236145,0.031107639893889427,0.027983880878550554,0.040113314642343696,1.5508842707985377,0.10599413514137268,-4.3195624351501465,-4.3238749504089355,-1.4161045551300049,5.066900253295898,-0.17212857,-0.17230041,0.056429803
641,21.8033,0.15083719789981842,-0.009946119040250778,-0.9230794906616211,0.11115817725658417,-0.10284409672021866,0.03607610985636711,0.030551650867334516,0.03740124709555868,1.5507692222394462,0.10497741401195526,-4.526177883148193,-3.836202383041382,-1.474643588066101,5.1171135902404785,-0.18508346,-0.15686913,0.060300797
642,21.8382,0.1547790914773941,-0.014592671766877174,-0.920995831489563,0.1016254648566246,-0.1142355352640152,0.0410311296582222,0.03340681546903546,0.03373208522608041,1.5506567036833905,0.10366001725196838,-4.697862148284912,-3.3137238025665283,-1.519504427909851,5.167141437530518,-0.19750896,-0.13931659,0.06388347
643,21.8717,0.15816283226013184,-0.01963050849735737,-0.9188364744186401,0.09129192680120468,-0.12455247342586517,0.04565344750881195,0.03520781768749898,0.030998868435169878,1.5505750777959795,0.10206400603055954,-4.848414421081543,-2.7688987255096436,-1.5637249946594238,5.2093706130981445,-0.20904815,-0.11938607,0.06742283
644,21.9054,0.16161613166332245,-0.026375871151685715,-0.9159053564071655,0.0772068202495575,-0.1361597329378128,0.05103427916765213,0.03699839404641375,0.027755469041995023,1.5505138250909076,0.09969568997621536,-4.978494167327881,-2.0614535808563232,-1.5926861763000488,5.254060745239258,-0.221508,-0.09172019,0.070863344
645,21.9391,0.16378183662891388,-0.03205150365829468,-0.9134091138839722,0.0653575211763382,-0.14404994249343872,0.055274393409490585,0.03885924040740379,0.023541805162298646,1.5504250086685534,0.09757565706968307,-5.061044216156006,-1.49782133102417,-1.6112260818481445,5.278318405151367,-0.22927684,-0.067854725,0.07299221
646,21.9726,0.1653597503900528,-0.03796043246984482,-0.9108594655990601,0.05299436300992966,-0.15097302198410034,0.05938921868801117,0.04000436222543503,0.020391749565331067,1.5503819986169487,0.0952407494187355,-5.102840900421143,-0.9446609020233154,-1.618654489517212,5.296266078948975,-0.23467289,-0.043443702,0.07443977
647,22.0061,0.16634604334831238,-0.04404938593506813,-0.9081748723983765,0.04011048749089241,-0.15666130185127258,0.06307277828454971,0.041099029624376886,0.0166208861511308,1.5503464454163962,0.09269295632839203,-5.115688800811768,-0.4164566099643707,-1.6137360334396362,5.308020114898682,-0.2377037,-0.019350918,0.07498326
648,22.0403,0.16674625873565674,-0.05029050260782242,-0.9053969383239746,0.026613907888531685,-0.16120468080043793,0.06672479212284088,0.04214774917213646,0.011680256275843051,1.5502859916596514,0.08996755629777908,-5.100487232208252,0.0841268002986908,-1.6045111417770386,5.316357135772705,-0.23844883,0.0039329454,0.07501123
649,22.0744,0.1665499359369278,-0.056636158376932144,-0.9026120901107788,0.013034346513450146,-0.16441529989242554,0.06975865364074707,0.04262215386963125,0.008124960147425187,1.5502566968876605,0.08710270375013351,-5.040683269500732,0.5435754060745239,-1.5730009078979492,5.325324058532715,-0.23739529,0.025600148,0.07408182
650,22.1085,0.16552700102329254,-0.06463218480348587,-0.8991334438323975,-0.004308355040848255,-0.1666346788406372,0.07270140945911407,0.0429123260763414,0.0029068275861795535,1.5502144857843827,0.08342783153057098,-4.91929817199707,1.0740902423858643,-1.5137295722961426,5.335321426391602,-0.23390444,0.0510712,0.07197532
651,22.1422,0.16408643126487732,-0.0710531547665596,-0.8963474035263062,-0.01827818714082241,-0.16686725616455078,0.07446548342704773,0.042796678306004705,-0.0013015328578772846,1.5501823946932474,0.08044066280126572,-4.77862024307251,1.4701769351959229,-1.4436089992523193,5.342170715332031,-0.22956891,0.07062853,0.06935219
652,22.1776,0.16204777359962463,-0.07744458317756653,-0.8935266733169556,-0.03241771459579468,-0.1657644361257553,0.07571481168270111,0.042417648065048386,-0.004949708549831939,1.550151901498766,0.07740070670843124,-4.59064245223999,1.8472356796264648,-1.3476834297180176,5.347129821777344,-0.22377662,0.09004582,0.06569452
653,22.2122,0.15950477123260498,-0.08372628688812256,-0.8906934261322021,-0.04627715423703194,-0.1632709950208664,0.07614165544509888,0.04147456446640248,-0.010083478981691183,1.5501512357084932,0.07444111257791519,-4.372334003448486,2.220451593399048,-1.230893611907959,5.350007057189941,-0.21619669,0.109793596,0.0608634
654,22.2462,0.15640781819820404,-0.08984322845935822,-0.8878724575042725,-0.05989183112978935,-0.159610778093338,0.07598404586315155,0.040001828061210255,-0.015053002074211692,1.5501511025504389,0.07154420763254166,-4.104513645172119,2.578887939453125,-1.0892797708511353,5.354329586029053,-0.20653419,0.12976654,0.054811247
655,22.2803,0.15279600024223328,-0.09574161469936371,-0.8852308988571167,-0.0731201246380806,-0.15454284846782684,0.07517817616462708,0.03847591165800051,-0.018794847435503102,1.5501641520397802,0.06877408921718597,-3.799100875854492,2.933197498321533,-0.9428167343139648,5.363044261932373,-0.19417278,0.14991629,0.048187546
656,22.3143,0.14761972427368164,-0.1026926338672638,-0.8820008039474487,-0.0889415368437767,-0.146468847990036,0.07310521602630615,0.03695062359436045,-0.021897201240039237,1.550188653121809,0.06555741280317307,-3.3552091121673584,3.3326101303100586,-0.7309408187866211,5.383452415466309,-0.17529151,0.17411083,0.0381877
657,22.3482,0.1429876834154129,-0.10783068090677261,-0.879523754119873,-0.10100407153367996,-0.13872087001800537,0.07064079493284225,0.03438525877293597,-0.026025993504746152,1.5502488405624448,0.06321172416210175,-2.964714527130127,3.650585412979126,-0.5586116313934326,5.41032600402832,-0.15650356,0.19270982,0.029488407
658,22.3824,0.1379871368408203,-0.11252930760383606,-0.8771905899047852,-0.11247654259204865,-0.12972496449947357,0.06682645529508591,0.032046535202061036,-0.02910674657612822,1.5503182159088413,0.061105839908123016,-2.5424375534057617,3.939966917037964,-0.37164953351020813,5.443125247955322,-0.13512765,0.20940474,0.019752746
659,22.4173,0.13270467519760132,-0.11680944263935089,-0.8750864267349243,-0.12295158952474594,-0.11971178650856018,0.0621940977871418,0.029708747898756827,-0.031674271054749195,1.5503742754497876,0.059302933514118195,-2.0983147621154785,4.20481014251709,-0.18222054839134216,5.481317043304443,-0.111545466,0.2235258,0.009686762
660,22.4511,0.1272047907114029,-0.12067518383264542,-0.8732031583786011,-0.13258473575115204,-0.10865893214941025,0.05663762241601944,0.0259778943187458,-0.03507839638089953,1.5504429850059116,0.05784188583493233,-1.6377454996109009,4.460708141326904,0.005081623792648315,5.525181293487549,-0.08616343,0.23468232,-0.00026734933
661,22.4853,0.12152048200368881,-0.12412794679403305,-0.871513843536377,-0.14112278819084167,-0.09682014584541321,0.05016929656267166,0.022677651000459965,-0.0375378173252093,1.5505412556501355,0.056734539568424225,-1.1714708805084229,4.67864465713501,0.1978079378604889,5.56784200668335,-0.060671184,0.24230984,-0.010244593
662,22.5191,0.11423765867948532,-0.1278107911348343,-0.8698325157165527,-0.1501772254705429,-0.08087888360023499,0.04129787161946297,0.01815341676457911,-0.040201344599938425,1.5506712179113313,0.05577777698636055,-0.5998608469963074,4.883645534515381,0.4307113587856293,5.612608432769775,-0.03036247,0.2471899,-0.021800824
663,22.5534,0.1083270013332367,-0.13026750087738037,-0.8688924312591553,-0.15602652728557587,-0.06742122024297714,0.033665090799331665,0.01480439182526359,-0.04175852401763218,1.5507852012059866,0.05532331019639969,-0.1484914869070053,5.028846263885498,0.5969682931900024,5.649802207946777,-0.0073273666,0.24815026,-0.02945762
664,22.5871,0.10239530354738235,-0.13227775692939758,-0.8682639598846436,-0.16038820147514343,-0.05330326780676842,0.025614339858293533,0.009764223183342226,-0.04351028064246985,1.5509668287923302,0.055116917937994,0.28513213992118835,5.13190221786499,0.7568800449371338,5.680271625518799,0.013720818,0.2469518,-0.036421757
665,22.6212,0.09648469090461731,-0.1338583081960678,-0.8679744005203247,-0.16357174515724182,-0.03876161947846413,0.016868961974978447,0.0055444621211657875,-0.04443597047024617,1.551114767390884,0.05512392520904541,0.6961817145347595,5.184378623962402,0.913578987121582,5.698264122009277,0.03277635,0.2440814,-0.04301145
666,22.6554,0.09064163267612457,-0.13498173654079437,-0.8680262565612793,-0.16525013744831085,-0.02404755726456642,0.007900928147137165,0.0017350175910817863,-0.04490488239799267,1.5512302154241389,0.055273234844207764,1.0838090181350708,5.194204807281494,1.0630797147750854,5.705496788024902,0.050069533,0.23996055,-0.049111884
667,22.6898,0.08490870893001556,-0.1356191635131836,-0.8684085607528687,-0.16547606885433197,-0.009135567583143711,-0.0007523476961068809,-0.003637836437156207,-0.04498081161738435,1.5514190335454257,0.055491335690021515,1.4607782363891602,5.180176258087158,1.1994991302490234,5.709560394287109,0.06622748,0.23485428,-0.05438184
668,22.7235,0.07794243842363358,-0.13572987914085388,-0.869309663772583,-0.16358566284179688,0.009332169778645039,-0.011232301592826843,-0.007831232204540862,-0.044569686124103364,1.5515607137154177,0.055798426270484924,1.8925431966781616,5.094174861907959,1.3636554479599,5.692536354064941,0.0844456,0.22730295,-0.06084654
669,22.7574,0.07258389890193939,-0.13524526357650757,-0.8703207969665527,-0.16044168174266815,0.02391297183930874,-0.01904880627989769,-0.011355687679178847,-0.043853412304169746,1.551671234900656,0.05600917711853981,2.2207109928131104,4.991078853607178,1.4871644973754883,5.670114040374756,0.098059654,0.22039044,-0.06566854
670,22.7913,0.06743605434894562,-0.13424254953861237,-0.8716112375259399,-0.15601995587348938,0.038172364234924316,-0.026521028950810432,-0.01604295834834029,-0.04236339448021643,1.5517925418883092,0.05613863095641136,2.5437190532684326,4.865810871124268,1.6023294925689697,5.6442461013793945,0.11118387,0.2126806,-0.0700365
671,22.8249,0.06251011788845062,-0.13275745511054993,-0.8731530904769897,-0.1502656638622284,0.05204935371875763,-0.03377877175807953,-0.019467212386964045,-0.0408072761657695,1.551888682003661,0.05620981380343437,2.8468403816223145,4.70274543762207,1.7122695446014404,5.606357574462891,0.12360814,0.20419045,-0.074345745
672,22.8593,0.053476229310035706,-0.12848421931266785,-0.8768672943115234,-0.13561512529850006,0.07804036140441895,-0.04713292047381401,-0.023315927489967893,-0.038414396798008885,1.5519637831464013,0.056248731911182404,3.3936755657196045,4.282884120941162,1.8959901332855225,5.503047943115234,0.14668322,0.18511705,-0.08194947
673,22.8933,0.053476229310035706,-0.12848421931266785,-0.8768672943115234,-0.13561512529850006,0.07804036140441895,-0.04713292047381401,-0.025736197885658896,-0.036526985405145304,1.5520018663499895,0.056248731911182404,3.41713547706604,4.294337272644043,1.9032738208770752,5.512187957763672,0.14707059,0.1848246,-0.081915274
674,22.9273,0.044979702681303024,-0.121839739382267,-0.8818590641021729,-0.11458469182252884,0.10360225290060043,-0.0606897808611393,-0.028761858892584553,-0.03353934934515893,1.5520254353256366,0.05612679198384285,3.9406778812408447,3.7077524662017822,2.048816442489624,5.37421989440918,0.1702774,0.16021265,-0.08852973
675,22.961,0.041823726147413254,-0.11823657900094986,-0.8843740224838257,-0.10395157337188721,0.11373578011989594,-0.06605945527553558,-0.030877842327787987,-0.030939165773076264,1.551989615808975,0.055976033210754395,4.152475833892822,3.4068033695220947,2.0890824794769287,5.310044765472412,0.1801312,0.1477845,-0.09062279
676,22.9953,0.039003338664770126,-0.11427465081214905,-0.8870233297348022,-0.09295042604207993,0.12294965237379074,-0.0713023990392685,-0.03250587639464006,-0.02855041638559987,1.5519503341828964,0.05587039142847061,4.178089618682861,3.408170700073242,2.1016159057617188,5.315694332122803,0.18049602,0.14723505,-0.09079109
677,23.0292,0.03651487082242966,-0.1099335327744484,-0.8897823095321655,-0.08136460930109024,0.13137197494506836,-0.076024629175663,-0.034494229915196045,-0.024912207522009972,1.5518770972529192,0.055846311151981354,4.5249924659729,2.710355520248413,2.1149988174438477,5.169776916503906,0.19906345,0.11923395,-0.09304302
678,23.063,0.03437713161110878,-0.10524193197488785,-0.8926266431808472,-0.06941771507263184,0.13886556029319763,-0.08007016032934189,-0.035828084550135246,-0.021882198072366923,1.5517745655509512,0.05595548823475838,4.676253795623779,2.308364152908325,2.0912373065948486,5.095003128051758,0.20806858,0.10271001,-0.09304901
679,23.0973,0.03213205933570862,-0.09894317388534546,-0.896329402923584,-0.05431577190756798,0.14693276584148407,-0.08470039814710617,-0.03675700346073329,-0.019223886848304072,1.5516974670373933,0.056455548852682114,4.822147846221924,1.7548706531524658,2.0154869556427,4.997977256774902,0.21866557,0.07957653,-0.09139446
680,23.1313,0.030732784420251846,-0.09361174702644348,-0.8994334936141968,-0.04176018387079239,0.1524200290441513,-0.08762986958026886,-0.03778376025187812,-0.015336720276467602,1.5515492621227305,0.0571877621114254,4.921064853668213,1.2618834972381592,1.9258430004119873,4.924233436584473,0.2264409,0.058065083,-0.08861692
681,23.1656,0.029685409739613533,-0.08811590820550919,-0.902691125869751,-0.029181595891714096,0.15679140388965607,-0.08993960171937943,-0.03843896029787566,-0.012081879693578415,1.5514224956548426,0.05829153209924698,4.981015205383301,0.7394043207168579,1.7922098636627197,4.855317115783691,0.23297454,0.034583792,-0.08382614
682,23.1992,0.029014170169830322,-0.08254924416542053,-0.9059876203536987,-0.01666913367807865,0.16006425023078918,-0.09154467284679413,-0.039055914853906144,-0.007840523099734415,1.5512599096702933,0.05973589047789574,5.0143351554870605,0.18661537766456604,1.631494164466858,4.79587459564209,0.23758419,0.008842022,-0.077301815
683,23.2333,0.028721457347273827,-0.07699919492006302,-0.909294843673706,-0.004067845642566681,0.16205184161663055,-0.09227769076824188,-0.03933954567118878,-0.004752275206448645,1.5511154331811565,0.06148857623338699,4.996732234954834,-0.3703171908855438,1.4363049268722534,4.749385356903076,0.2396634,-0.017761905,-0.068890974
684,23.2673,0.028807323426008224,-0.07145243883132935,-0.9126014709472656,0.008651277981698513,0.16299818456172943,-0.09204468131065369,-0.03950515684028888,-0.00030338947650058415,1.5509215550537987,0.06351374089717865,4.952274322509766,-0.9489871263504028,1.2238547801971436,4.716867446899414,0.23860504,-0.045723055,-0.058966428
685,23.3014,0.029422102496027946,-0.06459946930408478,-0.9166944026947021,0.024310540407896042,0.16234484314918518,-0.08974228799343109,-0.0394720046459066,0.0033752087022283126,1.550761232756176,0.06637308746576309,4.828353404998779,-1.650475025177002,0.9180128574371338,4.696270942687988,0.23282303,-0.07958584,-0.044266548
686,23.3357,0.030361535027623177,-0.05921582877635956,-0.9199005365371704,0.036622945219278336,0.16036850214004517,-0.0864834412932396,-0.03927012039052178,0.006688178497543633,1.5505853309661763,0.06881953030824661,4.6905741691589355,-2.197395086288452,0.661318302154541,4.6953020095825195,0.22456619,-0.10520261,-0.031661313
687,23.3693,0.03168851137161255,-0.05393373593688011,-0.9230374097824097,0.048553843051195145,0.15726183354854584,-0.08159755170345306,-0.03867018925952179,0.011505597641117788,1.5503642885956996,0.07137539237737656,4.532470226287842,-2.740544557571411,0.4007192552089691,4.706750869750977,0.21332374,-0.12898555,-0.018860118
688,23.4033,0.033408842980861664,-0.04880312830209732,-0.9259884357452393,0.06038748472929001,0.1530926376581192,-0.07506075501441956,-0.03791400963512901,0.015462373626243505,1.5501963762889701,0.0739290788769722,4.330358028411865,-3.2464406490325928,0.13919299840927124,4.731394290924072,0.19996332,-0.14991118,-0.0064275274
689,23.4376,0.03551369160413742,-0.04383625090122223,-0.928696870803833,0.07185432314872742,0.1477677822113037,-0.06728997081518173,-0.0369871838027002,0.018971885230155323,1.5500371192557834,0.07642295956611633,4.0912652015686035,-3.712268114089966,-0.11381800472736359,4.766707897186279,0.18510477,-0.16795747,0.00514957
690,23.4712,0.03803052753210068,-0.03911946341395378,-0.9311028718948364,0.08289753645658493,0.1411321461200714,-0.058927152305841446,-0.03523693768954331,0.023906052778610427,1.5498046252926194,0.07873860746622086,3.829500675201416,-4.151425838470459,-0.34054845571517944,4.8109588623046875,0.16920094,-0.18342474,0.01504664
691,23.5053,0.0417240671813488,-0.03360596299171448,-0.9337109327316284,0.09610744565725327,0.13113448023796082,-0.04714071750640869,-0.033480304150959435,0.027709606495191417,1.5496452351013783,0.08137143403291702,3.4354331493377686,-4.595820903778076,-0.6154451370239258,4.873598098754883,0.14882737,-0.19909686,0.026661873
692,23.5394,0.045105718076229095,-0.02952771633863449,-0.9354116916656494,0.10614102333784103,0.1219368577003479,-0.03727784380316734,-0.030784248860228517,0.03211647438959464,1.5494328480044444,0.08320620656013489,3.0849132537841797,-4.89722204208374,-0.8115215301513672,4.9258575439453125,0.13195823,-0.20948036,0.034713116
693,23.5729,0.048871785402297974,-0.025874009355902672,-0.9366719722747803,0.11526757478713989,0.11158669739961624,-0.026737941429018974,-0.02858379120360453,0.03492821490136508,1.5493107420684644,0.08464878052473068,2.7128381729125977,-5.159446716308594,-0.9825607538223267,4.976548194885254,0.11472883,-0.21819854,0.041553546
694,23.6066,0.053008511662483215,-0.022673381492495537,-0.9375655651092529,0.12368424981832504,0.10027068853378296,-0.01641828753054142,-0.025051798775022158,0.03849760809850625,1.5491028823453836,0.0857255682349205,2.303527593612671,-5.34074068069458,-1.1359139680862427,5.022737503051758,0.097175285,-0.22530141,0.047919013
695,23.6405,0.057499960064888,-0.019923221319913864,-0.9380689859390259,0.1312006562948227,0.08806252479553223,-0.006416379939764738,-0.021950135727893765,0.0409235772428111,1.5489545442726662,0.08643455803394318,1.868766188621521,-5.477636814117432,-1.264764666557312,5.062277793884277,0.07886124,-0.23115423,0.0533726
696,23.6742,0.06227429583668709,-0.017630208283662796,-0.9382281303405762,0.1377945989370346,0.07503800094127655,0.0031508528627455235,-0.019076969821699565,0.0426931770469523,1.5488241825373068,0.08683188259601593,1.4101126194000244,-5.5280442237854,-1.3793357610702515,5.096596717834473,0.060061697,-0.235459,0.0587508
697,23.7084,0.06867066025733948,-0.015484729781746864,-0.9378577470779419,0.14468152821063995,0.057869233191013336,0.014320341870188713,-0.01483464263047391,0.044639902030718985,1.5486506775922881,0.08679329603910446,0.8104220032691956,-5.515387058258057,-1.4880800247192383,5.131843566894531,0.035114788,-0.23897628,0.06447704
698,23.7422,0.07408376038074493,-0.014329448342323303,-0.9371707439422607,0.14898797869682312,0.043630506843328476,0.023065343499183655,-0.011316610991668438,0.045750510945498486,1.5484979453037722,0.08642442524433136,0.3172253370285034,-5.441987991333008,-1.5575696229934692,5.155508518218994,0.013988533,-0.23997273,0.0686834
699,23.7773,0.07967688888311386,-0.01367376558482647,-0.9361379146575928,0.1523256003856659,0.029092472046613693,0.031117595732212067,-0.008162251164618751,0.04634869437703311,1.5483791683191546,0.0857967734336853,-0.17849263548851013,-5.307107448577881,-1.6064213514328003,5.177495956420898,-0.008043429,-0.23915464,0.0723903
700,23.8118,0.08548306673765182,-0.013510437682271004,-0.9348679780960083,0.1547718197107315,0.014344337396323681,0.0388355478644371,-0.003599969095257992,0.046704621695533,1.5482023344227733,0.08500994741916656,-0.6831712126731873,-5.142385959625244,-1.6438679695129395,5.194820880889893,-0.031385366,-0.23624483,0.075520456
701,23.8454,0.09137160331010818,-0.013898451812565327,-0.9333587884902954,0.1560380905866623,-0.0004174411587882787,0.04604490473866463,0.00016907305095216783,0.04656715681020367,1.5480678447877243,0.084052175283432,-1.172074317932129,-4.910705089569092,-1.6702063083648682,5.214120864868164,-0.055102073,-0.23086423,0.07852048
702,23.8792,0.09729205071926117,-0.014827595092356205,-0.9315227270126343,0.1560647040605545,-0.015217384323477745,0.052559394389390945,0.004844409657043728,0.0458841184084364,1.5478818229855824,0.08290856331586838,-1.6480355262756348,-4.642035007476807,-1.678593397140503,5.232237815856934,-0.07917074,-0.22300087,0.08063873
703,23.9127,0.1046895980834961,-0.016842443495988846,-0.9289959669113159,0.15461468696594238,-0.03362976759672165,0.05990388244390488,0.008132359261977213,0.04510733257510913,1.5477590512593296,0.081313855946064,-2.1942834854125977,-4.190287113189697,-1.6747678518295288,5.267662525177002,-0.109325156,-0.20877147,0.08344148
704,23.9462,0.11054323613643646,-0.01906798779964447,-0.9268076419830322,0.1520126610994339,-0.04797377437353134,0.06512575596570969,0.011895568688786754,0.0438743638918081,1.5476310863689513,0.08000339567661285,-2.6071197986602783,-3.796459436416626,-1.6655699014663696,5.294971466064453,-0.13308756,-0.19380066,0.08502357
705,23.9802,0.11628509312868118,-0.021826263517141342,-0.9245327711105347,0.14821606874465942,-0.06205569952726364,0.06994304060935974,0.016582378506243937,0.04187246153920633,1.5474501245728804,0.078728087246418,-2.9968199729919434,-3.372460126876831,-1.6584739685058594,5.321681499481201,-0.15586482,-0.1754019,0.08625735
706,24.0143,0.12185844779014587,-0.025034146383404732,-0.9220917224884033,0.14330361783504486,-0.07541733980178833,0.07433536648750305,0.019902643386381202,0.040096520082719384,1.5473301491657725,0.07752718031406403,-3.340362548828125,-2.905726671218872,-1.6377121210098267,5.353784561157227,-0.17690624,-0.15388784,0.08673355
707,24.0484,0.12719105184078217,-0.02865322306752205,-0.9195238351821899,0.13710655272006989,-0.08810751140117645,0.07812352478504181,0.024549341420513668,0.03711132456020072,1.5471439942055758,0.07644478231668472,-3.659946918487549,-2.4375381469726562,-1.6150039434432983,5.380171775817871,-0.19531994,-0.1300838,0.08618772
708,24.0825,0.1322842538356781,-0.03261817246675491,-0.9168163537979126,0.12991593778133392,-0.10007980465888977,0.08132977038621902,0.02815738790416382,0.03431710473557056,1.5470075071997094,0.07554611563682556,-3.93628191947937,-1.9495357275009155,-1.5788428783416748,5.40748405456543,-0.21082398,-0.104415506,0.084561504
709,24.1174,0.13826899230480194,-0.03804192319512367,-0.9133286476135254,0.11916858702898026,-0.1137111708521843,0.08455196022987366,0.03117779124853117,0.031541054743596385,1.5468826049445845,0.0747377946972847,-4.216329097747803,-1.3304579257965088,-1.5205689668655396,5.438713073730469,-0.22545123,-0.071140885,0.08130631
710,24.1515,0.1426708698272705,-0.04275400564074516,-0.9104928970336914,0.1093175932765007,-0.1234511137008667,0.08651792258024216,0.035217076333476205,0.02715219231487562,1.5467169563247816,0.07431798428297043,-4.4215803146362305,-0.8599181175231934,-1.481292963027954,5.452425956726074,-0.23312034,-0.045337725,0.07809866
711,24.1854,0.14667022228240967,-0.047773800790309906,-0.9074889421463013,0.09845241904258728,-0.1320069581270218,0.08770550787448883,0.038125801682006764,0.023283686596021123,1.546589923540785,0.07403480261564255,-4.5799479484558105,-0.398790568113327,-1.4218380451202393,5.463350296020508,-0.23793773,-0.020717992,0.07386742
712,24.2192,0.15021659433841705,-0.05299381911754608,-0.9045209884643555,0.08646303415298462,-0.13931632041931152,0.08806414902210236,0.04131475399505171,0.017985858158931892,1.5464366586200509,0.07395821809768677,-4.711440563201904,0.034674257040023804,-1.36588716506958,5.466386795043945,-0.24010715,0.0017670895,0.06960913
713,24.2532,0.1532822549343109,-0.05838469788432121,-0.9015896320343018,0.07376788556575775,-0.14533542096614838,0.08769531548023224,0.043162463481727094,0.014030762253946987,1.5463169495290519,0.07404616475105286,-4.791961193084717,0.443075567483902,-1.2951035499572754,5.468138217926025,-0.2403854,0.022226578,0.06496797
714,24.2873,0.15586479008197784,-0.06390698999166489,-0.8988256454467773,0.060317523777484894,-0.14973147213459015,0.08658355474472046,0.04521368840995497,0.00819879264760708,1.5461929793803086,0.0743020549416542,-4.852972984313965,0.8223321437835693,-1.2321432828903198,5.4637346267700195,-0.23910853,0.040516738,0.060708348
715,24.3212,0.15842075645923615,-0.07094434648752213,-0.8954635858535767,0.0428583100438118,-0.15329495072364807,0.08437304198741913,0.04631421060210579,0.0035183276033875516,1.5461076250673715,0.0747927725315094,-4.8617730140686035,1.256758213043213,-1.125565767288208,5.457582473754883,-0.23618355,0.06105296,0.054679666
716,24.3554,0.15988196432590485,-0.07661157846450806,-0.8928580284118652,0.028550434857606888,-0.15447495877742767,0.082094207406044,0.04686143194946823,-0.0005161296243308666,1.5460470381525722,0.07525110989809036,-4.83544397354126,1.5788867473602295,-1.0291846990585327,5.449092864990234,-0.2329319,0.07605777,0.049577646
717,24.3896,0.16080918908119202,-0.082256980240345,-0.8903266191482544,0.013866116292774677,-0.15415224432945251,0.07962964475154877,0.04704359216802965,-0.006080150212502771,1.5460156128517093,0.07571841031312943,-4.7866411209106445,1.8892077207565308,-0.9304280281066895,5.436518669128418,-0.22883272,0.090316474,0.04448054
718,24.4233,0.16118738055229187,-0.08782831579446793,-0.8878686428070068,-0.000885182002093643,-0.15228410065174103,0.07643263787031174,0.046635437763839785,-0.010295029679595148,1.5460299939215958,0.07614436000585556,-4.698557376861572,2.1819863319396973,-0.8084088563919067,5.421909332275391,-0.22403148,0.10403909,0.038545668
719,24.4579,0.16106754541397095,-0.09326561540365219,-0.8854846954345703,-0.015457117930054665,-0.1490442156791687,0.07271286100149155,0.04596576510179334,-0.013755879296666874,1.5460463723622997,0.07654064148664474,-4.580392837524414,2.458646059036255,-0.6694227457046509,5.406245231628418,-0.21846867,0.11726879,0.031929117
720,24.4923,0.16040769219398499,-0.09853129833936691,-0.8831409215927124,-0.02992350049316883,-0.14441049098968506,0.06882631778717041,0.04450289487620202,-0.018332537234427557,1.546123604033912,0.07682714611291885,-4.437960147857666,2.7320010662078857,-0.5243848562240601,5.391017913818359,-0.21182463,0.1303989,0.025028983
721,24.5263,0.1588653326034546,-0.10488481819629669,-0.8803789615631104,-0.047495391219854355,-0.1369791477918625,0.0634874552488327,0.042975006069309936,-0.021630814390814858,1.546208958346849,0.07703161984682083,-4.212953090667725,3.0459680557250977,-0.32640281319618225,5.376976490020752,-0.20219679,0.14618842,0.0156654
722,24.5603,0.1548479199409485,-0.11423687636852264,-0.8764680624008179,-0.07392168790102005,-0.12162946909666061,0.05355316773056984,0.040702767898929904,-0.025238865035654208,1.5463734085441614,0.07690414786338806,-3.7746527194976807,3.497642755508423,0.0013724267482757568,5.36867618560791,-0.18337733,0.16991983,-6.66742e-05
723,24.5943,0.1548479199409485,-0.11423687636852264,-0.8764680624008179,-0.07392168790102005,-0.12162946909666061,0.05355316773056984,0.03886670974202362,-0.027475812160401486,1.5464831307810727,0.07690414786338806,-3.7746551036834717,3.521977186203003,-0.005798131227493286,5.371111869812012,-0.18278867,0.17055269,0.00028077603
724,24.6285,0.14899155497550964,-0.12211728096008301,-0.8732670545578003,-0.09789898991584778,-0.10274125635623932,0.04074108600616455,0.03596665631179263,-0.030302705642655556,1.546662894154653,0.07588616758584976,-3.2482314109802246,3.9185025691986084,0.3336420953273773,5.379042148590088,-0.15920565,0.19205765,-0.016352808
725,24.6626,0.14542201161384583,-0.12538757920265198,-0.8718408346176147,-0.1086588054895401,-0.09213995933532715,0.03400829806923866,0.033412759727812304,-0.032318799731035,1.5468214853975673,0.07497376203536987,-2.952822208404541,4.103409767150879,0.5051642656326294,5.389106273651123,-0.14529938,0.20191628,-0.024857594
726,24.6976,0.14037257432937622,-0.1288466453552246,-0.8704177141189575,-0.12099770456552505,-0.0779552087187767,0.023952443152666092,0.031032936091176876,-0.03387134358395633,1.546949849762109,0.07339052110910416,-2.942915439605713,4.13109016418457,0.5007107257843018,5.394922256469727,-0.14435114,0.20263156,-0.024560055
727,24.7313,0.13587811589241028,-0.13111519813537598,-0.8696087598800659,-0.12995357811450958,-0.06591375172138214,0.015576835721731186,0.027395064283912442,-0.035792735247853646,1.5471374694609052,0.07176165282726288,-2.213458776473999,4.456581115722656,0.8917545080184937,5.413259983062744,-0.10946296,0.22039288,-0.04410025
728,24.7654,0.1310039907693863,-0.13291466236114502,-0.8690918684005737,-0.13793273270130157,-0.05357930809259415,0.00806421134620905,0.02432140604012191,-0.03711863160844162,1.5472876717463857,0.06981003284454346,-1.8496110439300537,4.583125591278076,1.036323070526123,5.426577568054199,-0.09156927,0.22689822,-0.051305566
729,24.799,0.1257564276456833,-0.1342058777809143,-0.8687622547149658,-0.145029678940773,-0.04078536853194237,-0.0003773377393372357,0.020404212326994797,-0.03834261628425284,1.5474896725150682,0.06754598766565323,-1.4610135555267334,4.690176010131836,1.1867252588272095,5.439483642578125,-0.072273396,0.23201355,-0.058704905
730,24.8332,0.12019806355237961,-0.13499997556209564,-0.8686524629592896,-0.15109503269195557,-0.02764114737510681,-0.009318673051893711,0.017526460790298622,-0.03898278611484825,1.5476281568917523,0.06502819061279297,-1.0634889602661133,4.753448963165283,1.3390690088272095,5.445117950439453,-0.052630544,0.23524137,-0.06626861
731,24.8671,0.11431559920310974,-0.13527360558509827,-0.8688410520553589,-0.15608914196491241,-0.014418781735002995,-0.018074356019496918,0.013203080915474782,-0.03965153499289157,1.5477940718276642,0.06224161759018898,-0.6385080218315125,4.797444820404053,1.4763085842132568,5.452576637268066,-0.031547423,0.2370323,-0.0729415
732,24.9012,0.10651382803916931,-0.13480162620544434,-0.8693324327468872,-0.1609506905078888,0.0026241259183734655,-0.028992529958486557,0.009637610679454975,-0.039918537698118026,1.5479209714536064,0.05844173580408096,-0.09380213916301727,4.771405220031738,1.6501719951629639,5.4449262619018555,-0.004644064,0.23622823,-0.08169861
733,24.9353,0.10003373771905899,-0.13375034928321838,-0.8699462413787842,-0.1636020839214325,0.016308331862092018,-0.03744371235370636,0.006427048790728909,-0.039926285832414476,1.5480103205081786,0.0552610345184803,0.3597099184989929,4.7006635665893555,1.7847216129302979,5.430124282836914,0.017839503,0.23312536,-0.08851173
734,24.9692,0.09339261800050735,-0.13207560777664185,-0.8707963228225708,-0.16512633860111237,0.03015480749309063,-0.045899536460638046,0.0017884046082621678,-0.039631644508500034,1.5481008679852413,0.052034586668014526,0.8345907926559448,4.590478897094727,1.9158432483673096,5.408909320831299,0.04136751,0.22753267,-0.0949611
735,25.0036,0.08662746846675873,-0.1297861635684967,-0.8719112873077393,-0.16560064256191254,0.043948300182819366,-0.053986068814992905,-0.001956416393421054,-0.039118761294442805,1.5481610554258771,0.04889683052897453,1.3158111572265625,4.417006015777588,2.03556489944458,5.371503829956055,0.06528997,0.21916988,-0.10100383
736,25.0373,0.07981658726930618,-0.1268949806690216,-0.8733196258544922,-0.16489171981811523,0.057508498430252075,-0.062120117247104645,-0.005299850775042009,-0.03840254989234723,1.5481788986051805,0.046027302742004395,1.8033902645111084,4.184045314788818,2.1431591510772705,5.318633079528809,0.08954208,0.20774657,-0.106412314
737,25.0713,0.07300341874361038,-0.12344856560230255,-0.8748723268508911,-0.16284088790416718,0.07089259475469589,-0.07003913074731827,-0.010090917107391989,-0.03695884194303687,1.5481851570337424,0.04371677339076996,2.309891700744629,3.90673565864563,2.2471916675567627,5.258353233337402,0.114026144,0.1928532,-0.110931
738,25.1052,0.06462231278419495,-0.11845797300338745,-0.8773276805877686,-0.1586441695690155,0.08689656853675842,-0.07962694019079208,-0.013910779564757812,-0.03546742179832206,1.548151468045953,0.0419422872364521,2.9313712120056152,3.468844413757324,2.332504987716675,5.15824556350708,0.14353913,0.16985734,-0.11421472
739,25.1392,0.058055270463228226,-0.11390244215726852,-0.8796939849853516,-0.15393491089344025,0.09913530200719833,-0.08676640689373016,-0.018644260240021332,-0.03314243431300705,1.548091014289208,0.04165900498628616,3.444225311279297,3.0729827880859375,2.3667993545532227,5.0728559494018555,0.1659945,0.14810246,-0.114067934
740,25.1738,0.05171084403991699,-0.10889478772878647,-0.8823229074478149,-0.1480075716972351,0.11071807891130447,-0.09360844641923904,-0.021921908300933525,-0.031148656682324624,1.548039748438224,0.042546361684799194,3.937570571899414,2.6136157512664795,2.369781970977783,4.972733497619629,0.18619466,0.123589225,-0.11205913
741,25.2072,0.04566267877817154,-0.10351130366325378,-0.8852428197860718,-0.14081646502017975,0.1215783879160881,-0.09962905943393707,-0.026560835314228926,-0.02782752627483308,1.5479215040858245,0.04460761696100235,4.423644065856934,2.1235265731811523,2.34122633934021,4.872547626495361,0.20341027,0.09764509,-0.107655466
742,25.2421,0.03999961540102959,-0.09781631082296371,-0.8883872032165527,-0.13246791064739227,0.1314525157213211,-0.10462941974401474,-0.030153576943989523,-0.024712948977012403,1.5477883460313204,0.047690846025943756,4.866259574890137,1.5926225185394287,2.2717998027801514,4.766215801239014,0.2171814,0.07107882,-0.10139053
743,25.2773,0.03478977829217911,-0.09186318516731262,-0.8917790651321411,-0.12281201034784317,0.14018923044204712,-0.10823173075914383,-0.03314316044052301,-0.02169615338368427,1.5476637100923047,0.051575854420661926,5.253110408782959,1.035855770111084,2.156459093093872,4.6603312492370605,0.22751704,0.044863865,-0.09339823
744,25.3112,0.02905990369617939,-0.08415711671113968,-0.8961011171340942,-0.1091134175658226,0.1493753045797348,-0.11090286076068878,-0.03710184953238492,-0.01693399691332386,1.5474522551017524,0.05712231248617172,5.653828144073486,0.3235853314399719,1.974294662475586,4.5413055419921875,0.2356799,0.013488659,-0.0822985
745,25.3453,0.025163792073726654,-0.07787475734949112,-0.8995569944381714,-0.09707940369844437,0.15519310534000397,-0.11120907962322235,-0.039927975275230995,-0.012839363850786413,1.5472599748710487,0.06183028221130371,5.897338390350342,-0.2539723813533783,1.7958695888519287,4.4619245529174805,0.23895417,-0.010290704,-0.07276681
746,25.3791,0.021863091737031937,-0.07152099907398224,-0.9029808044433594,-0.08398453891277313,0.1595909148454666,-0.10981506109237671,-0.042880825874072805,-0.007421525676778187,1.5469782124277185,0.06664004921913147,6.0834431648254395,-0.8369115591049194,1.5977827310562134,4.403730392456055,0.23968667,-0.03297418,-0.06295238
747,25.4132,0.0192066989839077,-0.06513220816850662,-0.9062778949737549,-0.07006887346506119,0.16247820854187012,-0.10665097832679749,-0.04454292135514807,-0.0034223971079418046,1.5467714179690737,0.07138156145811081,6.189363956451416,-1.4294025897979736,1.3714118003845215,4.36586332321167,0.23810266,-0.054988615,-0.052757733
748,25.4472,0.017230216413736343,-0.05875563994050026,-0.909394383430481,-0.05557896941900253,0.16379588842391968,-0.10225477069616318,-0.04627850343755271,0.002378121450176971,1.5464719455044944,0.07592868059873581,6.247230529785156,-2.0265471935272217,1.1453865766525269,4.354461669921875,0.23426522,-0.0759936,-0.04295091
749,25.4829,0.01593940332531929,-0.05243198201060295,-0.9124633073806763,-0.04069046303629875,0.1635802537202835,-0.09683326631784439,-0.04709355140560385,0.006953304506439427,1.5461927130641995,0.08026394993066788,6.237949848175049,-2.621103048324585,0.9017380475997925,4.364073753356934,0.22846028,-0.095995955,-0.033025485
750,25.5172,0.015265004709362984,-0.044707041233778,-0.9160275459289551,-0.021592717617750168,0.1612214893102646,-0.0886256992816925,-0.04736064149580358,0.010863394029299294,1.5459699396390145,0.08526308834552765,6.142943859100342,-3.3369033336639404,0.5969783067703247,4.405292510986328,0.21888429,-0.11889995,-0.021271426
751,25.5512,0.015486126765608788,-0.03872103616595268,-0.918647050857544,-0.006162787321954966,0.15769752860069275,-0.08134656399488449,-0.04709449599555299,0.016212589226210727,1.5456373108188635,0.08886795490980148,6.030511856079102,-3.899505853652954,0.377060204744339,4.460415840148926,0.20964488,-0.13556254,-0.0131081315
752,25.5853,0.01636115275323391,-0.032998885959386826,-0.9211000204086304,0.00913692731410265,0.15284720063209534,-0.07352319359779358,-0.046321746515752875,0.020224018270331913,1.5453940310532848,0.09209789335727692,5.868837356567383,-4.420231342315674,0.166072815656662,4.527219772338867,0.19964474,-0.15036641,-0.0056494265
753,25.6191,0.017908532172441483,-0.027613334357738495,-0.9232896566390991,0.02431081421673298,0.14664189517498016,-0.06480927765369415,-0.04470248631633585,0.024913328962500248,1.5450639322361694,0.09485481679439545,5.66939115524292,-4.907647132873535,-0.025170058012008667,4.604880332946777,0.1890173,-0.16362078,0.00083916885
754,25.6534,0.020065777003765106,-0.022593868896365166,-0.925171971321106,0.039095234125852585,0.1392296701669693,-0.055818550288677216,-0.04316590062400898,0.027987084994237056,1.5448462188170555,0.09714307636022568,5.42496919631958,-5.3257222175598145,-0.1980341672897339,4.685428142547607,0.17834054,-0.17507789,0.006510179
755,25.6872,0.022857431322336197,-0.018024824559688568,-0.9266879558563232,0.0535135343670845,0.13049742579460144,-0.04699616879224777,-0.04048554550014191,0.03192920006950242,1.5445388900272603,0.0988665521144867,5.142638683319092,-5.69973611831665,-0.34078866243362427,4.767260551452637,0.16730794,-0.18543227,0.011087042
756,25.7214,0.02717747539281845,-0.01296269055455923,-0.9280698299407959,0.07065697759389877,0.11809904873371124,-0.036456964910030365,-0.037975137504524734,0.03468480613892104,1.544305730273824,0.10025940090417862,4.72424840927124,-6.050697326660156,-0.489441841840744,4.861865520477295,0.15354143,-0.19665197,0.015907208
757,25.7553,0.031276583671569824,-0.00948199164122343,-0.9287946224212646,0.08351762592792511,0.10709285736083984,-0.028242090716958046,-0.03556862608093427,0.036796551402920964,1.5441025310826508,0.10076587647199631,4.340695858001709,-6.264936923980713,-0.5861124992370605,4.930401802062988,0.14195944,-0.20489042,0.019168403
758,25.7893,0.03588923439383507,-0.006487887818366289,-0.9292284250259399,0.09566565603017807,0.09518210589885712,-0.020615877583622932,-0.03187075408654819,0.03931831112268461,1.5438464681438397,0.1008143499493599,3.911233901977539,-6.439271450042725,-0.6630029082298279,4.991021156311035,0.12928553,-0.21284962,0.02191551
759,25.8235,0.04097555950284004,-0.003973429091274738,-0.929381251335144,0.1068601906299591,0.08270090073347092,-0.0135367875918746,-0.0287379674247741,0.04091436020872591,1.5436596473933706,0.1004563421010971,3.437227964401245,-6.547954559326172,-0.7246216535568237,5.042750835418701,0.115642786,-0.22030069,0.024379317
760,25.8574,0.0464526042342186,-0.0019119605422019958,-0.9292788505554199,0.11709190160036087,0.06989704817533493,-0.007061883341521025,-0.025871145251520254,0.04201788677948148,1.5434918682446956,0.09978745132684708,2.925187587738037,-6.603885173797607,-0.770119309425354,5.086075782775879,0.10067852,-0.22729118,0.026505811
761,25.8912,0.05221440643072128,-0.0003170424606651068,-0.9289495944976807,0.12631799280643463,0.05652298778295517,-0.0009391169296577573,-0.021677269907079928,0.04318630709586171,1.5432497869016075,0.09887515753507614,2.3793280124664307,-6.62704610824585,-0.8039551973342896,5.119565010070801,0.08393307,-0.23377539,0.028360289
762,25.9253,0.059711139649152756,0.0010487018153071404,-0.9282971620559692,0.13616156578063965,0.03943392634391785,0.0058072698302567005,-0.018246279943433412,0.04378860178232914,1.543085070388186,0.09751452505588531,1.6779865026474,-6.564274787902832,-0.8313605785369873,5.15218448638916,0.061454237,-0.24040866,0.030447582
763,25.9593,0.07231494784355164,0.001632042578421533,-0.9268527030944824,0.14854668080806732,0.011544150300323963,0.014699037186801434,-0.013944237606546533,0.04417200959432729,1.5429252807227813,0.09488023072481155,1.0987532138824463,-6.462066650390625,-0.8426967859268188,5.170758247375488,0.04156428,-0.24445082,0.031878024
764,25.9935,0.07231494784355164,0.001632042578421533,-0.9268527030944824,0.14854668080806732,0.011544150300323963,0.014699037186801434,-0.010912538714086963,0.04420784575574566,1.5427990468871116,0.09488023072481155,0.5033648014068604,-6.323589324951172,-0.852889895439148,5.180916786193848,0.01966063,-0.24698935,0.033312526
765,26.0273,0.08542998880147934,0.00010895165905822068,-0.9251271486282349,0.15620696544647217,-0.016611430794000626,0.021919528022408485,-0.006482553333065093,0.044005844987063156,1.5426497767080127,0.09187773615121841,-0.6502717137336731,-5.825125217437744,-0.8711137771606445,5.204504489898682,-0.02743444,-0.24575734,0.03675159
766,26.0616,0.09208652377128601,-0.001506713218986988,-0.9241873025894165,0.1582626849412918,-0.03062690980732441,0.02484196051955223,-0.00286256371625297,0.04361067765437663,1.5425308665653406,0.09027593582868576,-1.2164273262023926,-5.507066249847412,-0.8853836059570312,5.213418960571289,-0.053269036,-0.24116205,0.038772173
767,26.0953,0.10035202652215958,-0.0042501152493059635,-0.9228173494338989,0.15903934836387634,-0.047906845808029175,0.028315745294094086,0.000364413121110484,0.043116103672813696,1.54244244961715,0.08825474977493286,-1.874226689338684,-5.020035266876221,-0.9015922546386719,5.234392166137695,-0.08622977,-0.23096272,0.041480627
768,26.1292,0.10681299865245819,-0.007035675458610058,-0.9215586185455322,0.1581767499446869,-0.061423443257808685,0.03115764446556568,0.005248052811988618,0.04211998155658318,1.5423091584045916,0.08662502467632294,-2.371473789215088,-4.608486652374268,-0.9206869602203369,5.250054359436035,-0.11262698,-0.21886808,0.043725632
769,26.1636,0.11309009045362473,-0.010306117124855518,-0.9202221632003784,0.15607017278671265,-0.07455257326364517,0.033936094492673874,0.009397366501400006,0.0410380765249277,1.5422148825020028,0.08505745232105255,-2.821528911590576,-4.145588397979736,-0.9435179233551025,5.273273944854736,-0.1382381,-0.20310912,0.046226755
770,26.1975,0.11916137486696243,-0.014119546860456467,-0.9187837839126587,0.15248700976371765,-0.08739563077688217,0.036517370492219925,0.0131888850185079,0.03985402678190006,1.5421183429124874,0.0835084319114685,-3.225646734237671,-3.6336586475372314,-0.9693930149078369,5.302167892456055,-0.16276042,-0.18334799,0.048913855
771,26.2318,0.12504301965236664,-0.018411846831440926,-0.917243480682373,0.14762996137142181,-0.09981071203947067,0.03903871774673462,0.01866731114761273,0.0376729436222064,1.541989046441564,0.08207263797521591,-3.6032400131225586,-3.110058546066284,-1.0028491020202637,5.328587532043457,-0.18518764,-0.15984069,0.051541183
772,26.2656,0.13073615729808807,-0.023142196238040924,-0.9156496524810791,0.14141663908958435,-0.11160309612751007,0.0416194386780262,0.022967898108575774,0.035576057964851276,1.541872000511655,0.08084554970264435,-3.933094024658203,-2.5484492778778076,-1.039204716682434,5.358726978302002,-0.2048319,-0.13272087,0.05412082
773,26.299,0.13750137388706207,-0.029611654579639435,-0.9135129451751709,0.13179370760917664,-0.12514202296733856,0.04478566348552704,0.028184597920363864,0.032357396841489736,1.5417167382201034,0.0796419009566307,-4.2887864112854,-1.8346948623657227,-1.084083914756775,5.392925262451172,-0.22388487,-0.09577544,0.056591764
774,26.3327,0.14260104298591614,-0.035224784165620804,-0.9117002487182617,0.12265096604824066,-0.1349589228630066,0.04723181575536728,0.03167200736782262,0.029707158324481186,1.541608081247628,0.07897970080375671,-4.5235676765441895,-1.2606045007705688,-1.1162983179092407,5.416712284088135,-0.23429479,-0.06529206,0.05781783
775,26.3663,0.1473022848367691,-0.04116770625114441,-0.9097244739532471,0.11219647526741028,-0.14383140206336975,0.04977121576666832,0.03631365787945155,0.025349267627000203,1.5414614742296193,0.07854457199573517,-4.7186198234558105,-0.7088927030563354,-1.1456595659255981,5.433977127075195,-0.24039355,-0.036115058,0.058366466
776,26.4001,0.1515892595052719,-0.04742036014795303,-0.9076738357543945,0.10070428252220154,-0.1514836847782135,0.051922913640737534,0.039665121275640175,0.021396071304886584,1.5413153998438285,0.07837622612714767,-4.883311748504639,-0.1887812316417694,-1.173305869102478,5.444024085998535,-0.24291047,-0.00939054,0.05836373
777,26.4345,0.15545208752155304,-0.05391601100564003,-0.9055304527282715,0.0882340595126152,-0.15798446536064148,0.054034776985645294,0.042262518931551266,0.01757282684099582,1.5411600043942224,0.07849966734647751,-4.992649078369141,0.3039250075817108,-1.1849952936172485,5.45338249206543,-0.24281691,0.014781358,0.05763211
778,26.4682,0.158877894282341,-0.060647692531347275,-0.9032505750656128,0.0749773383140564,-0.1630260944366455,0.05576419085264206,0.04532879106450603,0.011718007624592226,1.5409653273185375,0.0788990706205368,-5.079640865325928,0.7547975778579712,-1.1876717805862427,5.457278251647949,-0.24092573,0.035799805,0.05633089
779,26.5021,0.16244402527809143,-0.06925215572118759,-0.9003362655639648,0.05735016614198685,-0.16727596521377563,0.057368334382772446,0.04714980652244257,0.006791421762865439,1.540801143437334,0.07975281774997711,-5.111494541168213,1.2647948265075684,-1.1544240713119507,5.46087646484375,-0.23705098,0.0586562,0.05353764
780,26.5373,0.16470418870449066,-0.07623735815286636,-0.8979512453079224,0.04280936345458031,-0.16889454424381256,0.058429040014743805,0.048286872278176324,0.0024291969267549477,1.5406723795986288,0.08067704737186432,-5.099781513214111,1.6343966722488403,-1.1083183288574219,5.459469795227051,-0.23313221,0.07471507,0.05066584
781,26.571,0.166307270526886,-0.08319804817438126,-0.8955926895141602,0.0276869498193264,-0.16892606019973755,0.05876639485359192,0.04912467362879083,-0.003713213778829807,1.5404858251642688,0.08166861534118652,-5.060984134674072,1.9833301305770874,-1.0508698225021362,5.451226234436035,-0.22853316,0.089559,0.047452945
782,26.6051,0.1672752946615219,-0.09002872556447983,-0.8932284116744995,0.012500938028097153,-0.16736866533756256,0.058388132601976395,0.04919297538837296,-0.008504138630746876,1.540388619784481,0.08268824219703674,-4.979671478271484,2.3084611892700195,-0.9634921550750732,5.439671516418457,-0.22339779,0.10356208,0.04322414
783,26.6392,0.16760729253292084,-0.0966654121875763,-0.8908810615539551,-0.002667300868779421,-0.1641719788312912,0.057589393109083176,0.04852323198611006,-0.014176861606873052,1.5402799628120056,0.08367142826318741,-4.870348930358887,2.620868682861328,-0.8621360063552856,5.425321578979492,-0.21752158,0.117054336,0.03850508
784,26.6733,0.16729627549648285,-0.1030590757727623,-0.8886469602584839,-0.017798934131860733,-0.15947675704956055,0.056501008570194244,0.04765102176197389,-0.017819504217559012,1.5402734380673349,0.08454960584640503,-4.720466136932373,2.909735679626465,-0.7466155290603638,5.412794589996338,-0.21091408,0.13000925,0.03335936
785,26.7071,0.16607613861560822,-0.1106247529387474,-0.8859790563583374,-0.03631393238902092,-0.1516653299331665,0.054508864879608154,0.045912485235234946,-0.022526959775248115,1.540279829653951,0.08546159416437149,-4.496650218963623,3.250274896621704,-0.5944366455078125,5.402339458465576,-0.20145924,0.14561905,0.026631992
786,26.7412,0.16442887485027313,-0.11624284088611603,-0.8839930295944214,-0.0506012849509716,-0.14394012093544006,0.05208475887775421,0.04412436813913929,-0.02582523277044621,1.540340017094587,0.0859423354268074,-4.288023471832275,3.5035459995269775,-0.4664027988910675,5.400423049926758,-0.19291319,0.15762046,0.02098292
787,26.7752,0.1621776521205902,-0.12145119905471802,-0.8821806907653809,-0.06443383544683456,-0.13515633344650269,0.0491902120411396,0.04233093720443108,-0.028408963000419233,1.54039421242277,0.08613123744726181,-4.051715850830078,3.7405242919921875,-0.3389153778553009,5.405086040496826,-0.18334408,0.16926236,0.015336251
788,26.8092,0.1594008356332779,-0.12620414793491364,-0.8805499076843262,-0.07758969068527222,-0.1253063827753067,0.045579951256513596,0.0394240968746096,-0.031618619310344945,1.5405103262462976,0.08603629469871521,-3.7913172245025635,3.9740288257598877,-0.21263495087623596,5.416745185852051,-0.17244036,0.18075062,0.009671269
789,26.8433,0.15606962144374847,-0.130400612950325,-0.8791184425354004,-0.0902068242430687,-0.1147228479385376,0.041543878614902496,0.03687671671292155,-0.033838274613358116,1.5406157874254647,0.08554013073444366,-3.506255626678467,4.188670635223389,-0.08886769413948059,5.43277645111084,-0.16044843,0.19167617,0.004066641
790,26.8781,0.15223444998264313,-0.1340761035680771,-0.8779140710830688,-0.10200469940900803,-0.10315878689289093,0.036984484642744064,0.03448708099214487,-0.03550582125228964,1.5407300370362291,0.08466703444719315,-3.2008683681488037,4.386475563049316,0.033034831285476685,5.451529502868652,-0.14736234,0.2019456,-0.0015208654
791,26.9124,0.14674091339111328,-0.13788266479969025,-0.8766317367553711,-0.11550087481737137,-0.08774813264608383,0.03137985244393349,0.030868506699810498,-0.03750228493060276,1.5408911582821787,0.08299568295478821,-2.7848734855651855,4.617209434509277,0.17844900488853455,5.479808807373047,-0.1290489,0.21395794,-0.00826919
792,26.9463,0.1418856978416443,-0.14035183191299438,-0.8757702112197876,-0.12514744699001312,-0.07488101720809937,0.026441223919391632,0.02786859721226915,-0.03876802297887937,1.5410155279050854,0.0812932625412941,-2.4305410385131836,4.783070087432861,0.2960817515850067,5.5037946701049805,-0.11308301,0.22253644,-0.013775458
793,26.9802,0.13665775954723358,-0.14225517213344574,-0.8751250505447388,-0.13402864336967468,-0.06160920113325119,0.021248742938041687,0.023957043991107038,-0.04000848180274625,1.5411573412331323,0.07924094051122665,-2.0517992973327637,4.9354376792907715,0.4069211184978485,5.529758930206299,-0.09569225,0.23017998,-0.018978072
794,27.0145,0.13104259967803955,-0.1435416340827942,-0.8746529817581177,-0.14186294376850128,-0.04791892319917679,0.015682240948081017,0.021098779303449677,-0.04063254783112508,1.5412685282086431,0.07679656893014908,-1.6636415719985962,5.048260688781738,0.5185930728912354,5.550171375274658,-0.077877685,0.23631704,-0.024276158
795,27.0481,0.12507769465446472,-0.14418548345565796,-0.8743150234222412,-0.1487201303243637,-0.03386224806308746,0.010274279862642288,0.016895794075546134,-0.04127935059731047,1.5413898351962962,0.07397887110710144,-1.2485814094543457,5.139258861541748,0.6279172897338867,5.571376800537109,-0.058608934,0.24123897,-0.0294747
796,27.0823,0.11884817481040955,-0.14420902729034424,-0.8741656541824341,-0.15438084304332733,-0.019486069679260254,0.004898039624094963,0.0134504334449862,-0.04159008323987387,1.5414823800441764,0.07086288928985596,-0.828150749206543,5.18322229385376,0.7364299297332764,5.584428787231445,-0.039060965,0.24447441,-0.034734815
797,27.1161,0.11084958165884018,-0.14337386190891266,-0.8742231130599976,-0.16003939509391785,-0.0013740734430029988,-0.0018940754234790802,0.010391258220217577,-0.041655222495661524,1.5415612096124427,0.06666874140501022,-0.30155718326568604,5.164906978607178,0.8752217292785645,5.584167957305908,-0.014367501,0.24607873,-0.041699383
798,27.1505,0.10436353087425232,-0.14210522174835205,-0.87445068359375,-0.16325299441814423,0.01312173530459404,-0.007464307826012373,0.005974735846714169,-0.041455797503095825,1.5416466970834344,0.06322545558214188,0.14067940413951874,5.118102550506592,0.9916682243347168,5.580174446105957,0.006743738,0.24534608,-0.047537524
799,27.1844,0.09788338094949722,-0.1403011530637741,-0.8747938871383667,-0.16522426903247833,0.027441762387752533,-0.01312094833701849,0.0023707850135373182,-0.04105386407676482,1.5416950334572193,0.05977889895439148,0.5767477750778198,5.016465187072754,1.1182173490524292,5.560915946960449,0.027879214,0.2424892,-0.054053128
800,27.2182,0.09145809710025787,-0.13799814879894257,-0.8753261566162109,-0.16591407358646393,0.04180603101849556,-0.01894059218466282,-0.0007713896811907928,-0.040504195950150874,1.5417455003598761,0.05640730261802673,1.0079216957092285,4.8614020347595215,1.2520010471343994,5.525935173034668,0.049212825,0.23736301,-0.06113025
801,27.2526,0.08513173460960388,-0.13519369065761566,-0.8760610818862915,-0.1654805839061737,0.05579381063580513,-0.02491367794573307,-0.005321357881439,-0.039434915966538045,1.5417966330528057,0.053170524537563324,1.4496129751205444,4.670773029327393,1.3877614736557007,5.483148097991943,0.07128816,0.22969635,-0.06824646
802,27.2864,0.07899270951747894,-0.13189318776130676,-0.8769508600234985,-0.16359740495681763,0.0693255141377449,-0.031070951372385025,-0.009879496446650624,-0.03798276496433429,1.5418435046879913,0.05015293508768082,1.8775640726089478,4.423502445220947,1.5285276174545288,5.42363977432251,0.09308293,0.21930146,-0.07577894
803,27.3207,0.07162754237651825,-0.12710031867027283,-0.8784017562866211,-0.1596078872680664,0.0857868418097496,-0.03903815895318985,-0.013410361192958915,-0.036544146149419504,1.5418469667974082,0.046812739223241806,2.4052090644836426,4.042863845825195,1.6961908340454102,5.3312530517578125,0.120244,0.20211554,-0.08479793
804,27.3547,0.06604228168725967,-0.12282352894544601,-0.8798792362213135,-0.15502920746803284,0.09835286438465118,-0.04547563195228577,-0.016459579732261462,-0.03510798659732383,1.5418372462594294,0.04466906562447548,2.813765287399292,3.6845595836639404,1.809861660003662,5.245621681213379,0.14134319,0.1850856,-0.09091435
805,27.3892,0.060791317373514175,-0.11818177998065948,-0.8815732002258301,-0.14911910891532898,0.11023123562335968,-0.05192944407463074,-0.02063093472073381,-0.03267913166830653,1.541787178830936,0.043108731508255005,3.2193968296051025,3.2932701110839844,1.9105470180511475,5.1587724685668945,0.16142137,0.1651254,-0.09579531
806,27.4233,0.05590733140707016,-0.11317800730466843,-0.883508563041687,-0.1420382410287857,0.12167029827833176,-0.058893948793411255,-0.023880446900848236,-0.030429368080813247,1.5417285892869543,0.042196232825517654,3.600506067276001,2.8486318588256836,1.9922022819519043,5.0622782707214355,0.17985554,0.14229728,-0.09951618
807,27.4572,0.05137759447097778,-0.10784018784761429,-0.8856805562973022,-0.13385072350502014,0.1321791261434555,-0.06599897146224976,-0.026645702768029186,-0.028211986867699646,1.5416602792049936,0.04203543812036514,3.9568567276000977,2.361116647720337,2.0443127155303955,4.9618682861328125,0.19623712,0.117097676,-0.10138604
808,27.4914,0.04719412326812744,-0.10221856832504272,-0.8880647420883179,-0.12474486231803894,0.1418181210756302,-0.07289686799049377,-0.030385384310934904,-0.02456557213900094,1.5415381732690137,0.042712025344371796,4.303614616394043,1.8429112434387207,2.070946455001831,4.865241050720215,0.21017015,0.08999991,-0.10113617
809,27.5253,0.042470116168260574,-0.0946844294667244,-0.8913242816925049,-0.11195594072341919,0.15256266295909882,-0.08095640689134598,-0.03319483824923816,-0.02125941160966809,1.5414219262874316,0.044692713767290115,4.671526908874512,1.1218106746673584,2.042783498764038,4.739745616912842,0.22370674,0.053720467,-0.09782335
810,27.5593,0.036370303481817245,-0.08170457929372787,-0.8970224857330322,-0.08849504590034485,0.16620178520679474,-0.09117834270000458,-0.03642481572663794,-0.016742482341433537,1.5412228549959481,0.05014931410551071,5.09053373336792,-0.15079495310783386,1.8588135242462158,4.56323766708374,0.23474306,-0.0069537046,-0.085716665
811,27.5934,0.036370303481817245,-0.08170457929372787,-0.8970224857330322,-0.08849504590034485,0.16620178520679474,-0.09117834270000458,-0.03842984313233134,-0.013312736573358795,1.541044689519022,0.05014931410551071,5.128458499908447,-0.14143718779087067,1.8804171085357666,4.570052146911621,0.23464069,-0.0064711296,-0.08603411
812,27.6272,0.03233570232987404,-0.06773702055215836,-0.9032235145568848,-0.061997052282094955,0.1751849204301834,-0.09627264738082886,-0.040852171236083354,-0.008043319695852046,1.5407843655224667,0.057726383209228516,5.316082954406738,-1.543992042541504,1.528061032295227,4.459862232208252,0.23142427,-0.067214385,-0.06652086
813,27.6613,0.03114510513842106,-0.06055902689695358,-0.906416654586792,-0.04799749702215195,0.1775151789188385,-0.09669792652130127,-0.04242940342454756,-0.003337124978491529,1.5405532031398477,0.06205439567565918,5.337693214416504,-2.26729416847229,1.3138563632965088,4.443394184112549,0.22441451,-0.09532465,-0.055238925
814,27.6951,0.03043733723461628,-0.051541849970817566,-0.9103330373764038,-0.029840581119060516,0.17835833132266998,-0.09415481984615326,-0.0434901113584017,0.0009854604342873954,1.5403112549548141,0.06774445623159409,5.266820430755615,-3.164874315261841,1.0103352069854736,4.459357261657715,0.21144803,-0.1270608,-0.04056212
815,27.7295,0.030435241758823395,-0.04438784345984459,-0.9133206605911255,-0.015257105231285095,0.17711766064167023,-0.08963163197040558,-0.04435104892098627,0.007468681833275354,1.539944803988819,0.07242428511381149,5.183446884155273,-3.868910789489746,0.7737240791320801,4.503254413604736,0.19892773,-0.14847912,-0.029693596
816,27.7635,0.030976928770542145,-0.03734235092997551,-0.9160579442977905,-0.0005909285973757505,0.1743287891149521,-0.08311423659324646,-0.044396351787842035,0.012879143779272172,1.5396561173266545,0.07705213874578476,5.042759418487549,-4.537460803985596,0.5418161153793335,4.568192958831787,0.18525231,-0.16668952,-0.01990432
817,27.7976,0.032043129205703735,-0.030516136437654495,-0.9185123443603516,0.0137875284999609,0.1695660650730133,-0.0755678191781044,-0.04397443633095703,0.01770016755299364,1.539384075421303,0.08152265846729279,4.858206272125244,-5.141023635864258,0.32883521914482117,4.646130561828613,0.17152284,-0.18150793,-0.011609789
818,27.8314,0.03364329785108566,-0.023991653695702553,-0.920653223991394,0.02793448604643345,0.16322384774684906,-0.06745690107345581,-0.042552815973937515,0.02439899557400569,1.5390145618200546,0.08572854846715927,4.648367404937744,-5.694516658782959,0.14940214157104492,4.732464790344238,0.15805703,-0.19362894,-0.005080076
819,27.8654,0.03576301410794258,-0.01785239391028881,-0.9224390983581543,0.04153885692358017,0.15501508116722107,-0.05875338986515999,-0.040826700596970265,0.029339954183240497,1.5387270735803804,0.08957761526107788,4.391026020050049,-6.151190280914307,-0.011903107166290283,4.813467502593994,0.14525063,-0.20347506,0.00039374258
820,27.9,0.03908102959394455,-0.010811411775648594,-0.9242240190505981,0.05761678144335747,0.14280657470226288,-0.04822522774338722,-0.0380365733019215,0.034876736829731685,1.5384176142617132,0.0938444584608078,4.0125274658203125,-6.5868682861328125,-0.18396125733852386,4.898348331451416,0.13002376,-0.21344388,0.0059611644
821,27.9343,0.042141079902648926,-0.0057002827525138855,-0.9252909421920776,0.06956789642572403,0.13129965960979462,-0.03999653458595276,-0.035722340410102284,0.03825294265692283,1.5382194750766114,0.09685095399618149,3.6935720443725586,-6.875561237335205,-0.2917877435684204,4.954095840454102,0.11822744,-0.22007963,0.009339825
822,27.9683,0.04553024098277092,-0.0010869663674384356,-0.9261415004730225,0.08056087046861649,0.1189286932349205,-0.03208504617214203,-0.03201605865233644,0.04235689886387015,1.538008286402168,0.09950483590364456,3.3477182388305664,-7.099044322967529,-0.3872668743133545,4.995268821716309,0.10650198,-0.22584406,0.012320239
823,28.0023,0.04920483008027077,0.0030421155970543623,-0.9267107248306274,0.09052427113056183,0.10565941780805588,-0.02460537478327751,-0.028817208950771566,0.044942453775308804,1.5378327840863317,0.10179422795772552,2.9786481857299805,-7.2553391456604,-0.4693722128868103,5.024600982666016,0.09477677,-0.23085561,0.014934823
824,28.0373,0.05308837443590164,0.006635568104684353,-0.9269982576370239,0.09933612495660782,0.0913570448756218,-0.01772911846637726,-0.025887217844817803,0.04676256209399903,1.5377074823570436,0.1036902666091919,2.599012613296509,-7.355355262756348,-0.5365639328956604,5.045070648193359,0.083094336,-0.23516175,0.017154755
825,28.0713,0.05712377652525902,0.009651926346123219,-0.9270291328430176,0.10691021382808685,0.07649373263120651,-0.011427617631852627,-0.02165066950509816,0.04864538785636063,1.5375773869377931,0.10516871511936188,2.2117106914520264,-7.425039768218994,-0.5894128680229187,5.056897163391113,0.0711634,-0.23890607,0.01896479
826,28.1056,0.062286462634801865,0.012547627091407776,-0.9267768859863281,0.11470958590507507,0.057044051587581635,-0.004466696176677942,-0.018226766046664778,0.049576799319291424,1.5374879047251666,0.10639864951372147,1.733293056488037,-7.431121349334717,-0.6436504125595093,5.066967010498047,0.05658671,-0.24260335,0.021013215
827,28.1411,0.06650614738464355,0.014135144650936127,-0.9263629913330078,0.11974924057722092,0.04118208959698677,0.0007005793740972877,-0.014072104708978565,0.050103377007016545,1.5373805793332365,0.10684908181428909,1.3510193824768066,-7.3930559158325195,-0.6797575950622559,5.071771144866943,0.04475848,-0.2449276,0.02251997
828,28.1753,0.070794016122818,0.015080822631716728,-0.9258103370666504,0.12362819164991379,0.025217963382601738,0.005314807873219252,-0.011194065009930062,0.05012803205304579,1.537282708163176,0.10683847218751907,0.9617528915405273,-7.327296733856201,-0.7134681940078735,5.071694374084473,0.032384407,-0.24672675,0.024024097
829,28.2092,0.07513834536075592,0.0153927281498909,-0.9251440763473511,0.1264604926109314,0.009279047138988972,0.009291485883295536,-0.007204538385180176,0.0496838500727342,1.5371852364672791,0.10637786239385605,0.5707796216011047,-7.2199835777282715,-0.7455810308456421,5.070407867431641,0.019598832,-0.24791223,0.02560098
830,28.2433,0.07951951771974564,0.015069578774273396,-0.9244080781936646,0.12827086448669434,-0.006577265914529562,0.01285470463335514,-0.004138767935598729,0.048980559163114716,1.5370986837318514,0.10548077523708344,0.18627196550369263,-7.061715602874756,-0.7796450853347778,5.071267604827881,0.006552352,-0.24840479,0.027425002
831,28.2773,0.0839204415678978,0.014164594002068043,-0.9237565994262695,0.12907098233699799,-0.022219166159629822,0.016101142391562462,-0.0015542461694169508,0.048155299636758804,1.5370410262942513,0.1042538434267044,-0.19283635914325714,-6.8558549880981445,-0.8263989686965942,5.073116302490234,-0.0069785574,-0.24810663,0.029906563
832,28.3112,0.08938073366880417,0.012194852344691753,-0.9228239059448242,0.12863236665725708,-0.041242532432079315,0.019637564197182655,0.00194117278703509,0.04668706147709529,1.536948481446371,0.10215593874454498,-0.6615504622459412,-6.5358405113220215,-0.8897101879119873,5.077905654907227,-0.024948308,-0.24647881,0.03355264
833,28.3456,0.09368661046028137,0.009975082240998745,-0.9220168590545654,0.1273622214794159,-0.05605367198586464,0.022381648421287537,0.004566988374349634,0.04530218442074046,1.5368564692307087,0.10006824880838394,-1.0267629623413086,-6.221122741699219,-0.9476176500320435,5.086489677429199,-0.040258296,-0.2439237,0.03715509
834,28.3807,0.09791327267885208,0.0071865469217300415,-0.9211676120758057,0.1251511126756668,-0.07048792392015457,0.025104690343141556,0.006765858017143931,0.04395165382006924,1.5367873602004212,0.09763137251138687,-1.3750896453857422,-5.8465657234191895,-1.0127253532409668,5.101036071777344,-0.056440517,-0.23997213,0.041567285
835,28.4143,0.10205085575580597,0.003840517718344927,-0.9202290773391724,0.12231823801994324,-0.08441822975873947,0.027928238734602928,0.009842036381145678,0.04184527649014151,1.536681899021254,0.09485054761171341,-1.7216928005218506,-5.420608997344971,-1.0854511260986328,5.1181182861328125,-0.074337594,-0.23404583,0.046866562
836,28.4483,0.10604364424943924,-1.587518818269018e-05,-0.9192299842834473,0.11874505132436752,-0.09771262109279633,0.030955281108617783,0.012815491108327375,0.039549947880872655,1.5365736415229423,0.09178656339645386,-2.0480666160583496,-4.936259746551514,-1.1641796827316284,5.140555381774902,-0.09361131,-0.22562242,0.053211346
837,28.4823,0.10984009504318237,-0.004320669919252396,-0.9182291030883789,0.1142689436674118,-0.11045216023921967,0.034128837287425995,0.015134036032458458,0.037582046605250635,1.5364853577328061,0.08852140605449677,-2.34036922454834,-4.3910136222839355,-1.2493482828140259,5.168849945068359,-0.11404809,-0.21397766,0.06088176
838,28.5172,0.11429379135370255,-0.010255849920213223,-0.9168649911880493,0.1079775020480156,-0.1253545731306076,0.03858713433146477,0.017122786946583358,0.035756961504273314,1.536407060796758,0.08420605212450027,-2.657416820526123,-3.6364505290985107,-1.3513728380203247,5.2124223709106445,-0.14128211,-0.19333264,0.071846016
839,28.5513,0.11761100590229034,-0.015387699007987976,-0.9156560897827148,0.1020212322473526,-0.13638778030872345,0.04249987006187439,0.01990271828778686,0.033011132148887734,1.536322239116039,0.08063086867332458,-2.895552635192871,-3.0089871883392334,-1.4387917518615723,5.243745803833008,-0.1638933,-0.1703139,0.08143811
840,28.5853,0.12070197612047195,-0.020803555846214294,-0.9142407178878784,0.09552232921123505,-0.1467776745557785,0.04709084331989288,0.02212185136155503,0.030626400389587076,1.5362544616662963,0.07698284089565277,-3.096342086791992,-2.3592090606689453,-1.5147347450256348,5.278973579406738,-0.18531936,-0.14120117,0.090658486
841,28.6193,0.1235148087143898,-0.02644890733063221,-0.9127113819122314,0.08834230154752731,-0.15614411234855652,0.05254308506846428,0.024984171128090957,0.02734216724676074,1.5361942742256605,0.07334617525339127,-3.273009777069092,-1.7211511135101318,-1.5936148166656494,5.312177658081055,-0.20320514,-0.10685784,0.09893974
842,28.6534,0.12601809203624725,-0.03228677809238434,-0.9110293388366699,0.080496646463871,-0.16457857191562653,0.058918461203575134,0.027084839306431834,0.024753780646069284,1.5361339536269702,0.06974662840366364,-3.4005680084228516,-1.0971812009811401,-1.6621975898742676,5.349235534667969,-0.21572366,-0.069602475,0.10544572
843,28.6872,0.12815281748771667,-0.03831018880009651,-0.909218430519104,0.07188103348016739,-0.17203865945339203,0.06561893969774246,0.0301046205530133,0.020534755074084518,1.5360470014173793,0.06619258224964142,-3.507045030593872,-0.5078376531600952,-1.7302169799804688,5.382958889007568,-0.22233272,-0.03219489,0.109688886
844,28.7213,0.13033674657344818,-0.04609083756804466,-0.9065827131271362,0.06011787801980972,-0.1796812266111374,0.0743497908115387,0.032487706561984075,0.01674493120127965,1.5359812213384543,0.06183435022830963,-3.5630407333374023,0.18178805708885193,-1.7726640701293945,5.430216312408447,-0.22359574,0.011407963,0.1112421
845,28.7554,0.13167820870876312,-0.052461035549640656,-0.9041783809661865,0.049982961267232895,-0.18429860472679138,0.08127877116203308,0.0344291010623814,0.013062923740730956,1.535921699688091,0.05851021036505699,-3.570251226425171,0.6849132776260376,-1.778481125831604,5.465584754943848,-0.2205453,0.04230918,0.1098622
846,28.7893,0.13263851404190063,-0.05894066020846367,-0.901488184928894,0.039141517132520676,-0.18772564828395844,0.08761398494243622,0.036873375277991345,0.007314102496901717,1.5358408727490072,0.05539962276816368,-3.5601305961608887,1.152622938156128,-1.760953426361084,5.494268417358398,-0.21520717,0.06967518,0.106448285
847,28.8236,0.1331847608089447,-0.06548821926116943,-0.8986045122146606,0.027753565460443497,-0.18983511626720428,0.09313499182462692,0.03839798090660206,0.0023207480137398774,1.535755784752179,0.05261014774441719,-3.4989190101623535,1.591783046722412,-1.7061197757720947,5.520456314086914,-0.20799178,0.09462287,0.101419576
848,28.8574,0.1332886666059494,-0.07206334918737411,-0.8955543041229248,0.015812767669558525,-0.19043926894664764,0.09757605195045471,0.03935599901329843,-0.002247516025174877,1.5356882736185455,0.05022861063480377,-3.3919625282287598,2.0049169063568115,-1.614803671836853,5.541691780090332,-0.19914065,0.117707804,0.09480442
849,28.8916,0.13295161724090576,-0.078604556620121,-0.8924399614334106,0.0035917777568101883,-0.18937885761260986,0.10063499212265015,0.04005728422972195,-0.008892797343370869,1.5355765540108166,0.04837609454989433,-3.2668919563293457,2.403165817260742,-1.5028773546218872,5.555285453796387,-0.18883364,0.13890834,0.08686966
850,28.9257,0.1319747120141983,-0.08661586046218872,-0.8885256052017212,-0.012061038985848427,-0.18556299805641174,0.10238569229841232,0.04000456196251679,-0.014159809053518138,1.5355186302571076,0.046970564872026443,-3.0385396480560303,2.860307216644287,-1.3102219104766846,5.570395469665527,-0.17367558,0.16348825,0.074889116
851,28.9593,0.12920671701431274,-0.09885835647583008,-0.8822818994522095,-0.03685249015688896,-0.17388655245304108,0.1010308712720871,0.03923668939646288,-0.020455057897869295,1.5354631033483792,0.04690704494714737,-2.5787570476531982,3.5075509548187256,-0.9250223636627197,5.596867561340332,-0.1448518,0.19702324,0.05195959
852,28.9933,0.12920671701431274,-0.09885835647583008,-0.8822818994522095,-0.03685249015688896,-0.17388655245304108,0.1010308712720871,0.03823296062636883,-0.024574554065896155,1.5354639022967063,0.04690704494714737,-2.603423833847046,3.533710241317749,-0.942999005317688,5.595417022705078,-0.1449781,0.19678341,0.052513234
853,29.0272,0.12491172552108765,-0.11004229635000229,-0.8763940334320068,-0.060425765812397,-0.15605132281780243,0.09115356206893921,0.03613131872975439,-0.0301100009706531,1.535488403378735,0.048974327743053436,-2.0579447746276855,4.094714641571045,-0.46776440739631653,5.6304931640625,-0.11168495,0.22222072,0.025385639
854,29.0613,0.12219277769327164,-0.11512342840433121,-0.8736896514892578,-0.07129105925559998,-0.14491401612758636,0.08488720655441284,0.033845764753923965,-0.03424659546511611,1.5355455281841173,0.05049406364560127,-1.7642066478729248,4.353199481964111,-0.22795823216438293,5.654132843017578,-0.09378828,0.23142362,0.012118654
855,29.0952,0.11830075085163116,-0.12087443470954895,-0.8706674575805664,-0.08375534415245056,-0.12918952107429504,0.07409000396728516,0.03156372698297029,-0.037472819549854555,1.535604916676426,0.05256242677569389,-1.7690285444259644,4.387785911560059,-0.2415492832660675,5.658662796020508,-0.09335957,0.23156314,0.012747639
856,29.1296,0.1147681251168251,-0.12490014731884003,-0.8686075210571289,-0.09273771196603775,-0.11539923399686813,0.06408732384443283,0.02783605671269974,-0.04145620529963775,1.5357620431807406,0.05412910878658295,-1.0622502565383911,4.826399326324463,0.34784433245658875,5.7037835121154785,-0.053604174,0.24355386,-0.017553216
857,29.1635,0.11091402918100357,-0.12837298214435577,-0.8668391704559326,-0.10063952952623367,-0.10061705112457275,0.054491497576236725,0.02446284694173494,-0.04413259064900491,1.5358804206911947,0.055539656430482864,-0.738199770450592,4.9832892417907715,0.5891436338424683,5.723658561706543,-0.03638602,0.24562736,-0.029039012
858,29.1973,0.10681439936161041,-0.13128891587257385,-0.8653868436813354,-0.1073075607419014,-0.08495251834392548,0.042672500014305115,0.021405893792000853,-0.045994061188375436,1.536022633493405,0.056759078055620193,-0.42115694284439087,5.0952324867248535,0.8474231958389282,5.733908653259277,-0.020316837,0.24579675,-0.04088015
859,29.2314,0.10249778628349304,-0.13364161550998688,-0.8643410205841064,-0.11295664310455322,-0.06881645321846008,0.030446097254753113,0.016779723944505314,-0.04795280784775031,1.536209187927765,0.057712867856025696,-0.0988263338804245,5.1848883628845215,1.0896049737930298,5.74315071105957,-0.0046624434,0.24461342,-0.05140554
860,29.2652,0.09800466150045395,-0.13539406657218933,-0.8637701272964478,-0.11747140437364578,-0.052361633628606796,0.018142519518733025,0.012914540935229608,-0.04893050005699963,1.5363849565597103,0.05832192301750183,0.21728990972042084,5.226368427276611,1.3168597221374512,5.743051528930664,0.010070731,0.24222638,-0.06103247
861,29.2991,0.09226364642381668,-0.13667616248130798,-0.8636976480484009,-0.12104441970586777,-0.031315162777900696,0.0026975825894623995,0.007996614508234781,-0.049404026743572534,1.5365749731034875,0.058541592210531235,0.601309061050415,5.220691204071045,1.5846381187438965,5.731297969818115,0.027387392,0.23778307,-0.07217438
862,29.3334,0.08764258772134781,-0.13696728646755219,-0.864127516746521,-0.12251109629869461,-0.01447475515305996,-0.00922686979174614,0.004612067057137078,-0.04927059405058116,1.5367018727294297,0.05827556923031807,0.8983438611030579,5.168755054473877,1.7814581394195557,5.710720062255859,0.04053565,0.2332279,-0.080384105
863,29.3672,0.08298827707767487,-0.13656282424926758,-0.8649173974990845,-0.12283305078744888,0.002255050465464592,-0.020803917199373245,-6.093157017145535e-05,-0.04845070661948664,1.536851542382692,0.057602908462285995,1.2045197486877441,5.087575435638428,1.9666492938995361,5.686097145080566,0.05390918,0.22769824,-0.08801886
864,29.4013,0.07833713293075562,-0.13546177744865417,-0.8662090301513672,-0.12190207839012146,0.018691908568143845,-0.031970955431461334,-0.003656033317542014,-0.04730380797366561,1.5369928230785208,0.05649267137050629,1.5032033920288086,4.960758686065674,2.1298933029174805,5.649153232574463,0.067058995,0.22130305,-0.095016085
865,29.4353,0.07374131679534912,-0.13367928564548492,-0.8679614067077637,-0.11983249336481094,0.03488769009709358,-0.04272951930761337,-0.00661329633738522,-0.045999836918989546,1.5370454205100499,0.0550110824406147,1.7973805665969849,4.790406227111816,2.2703163623809814,5.60066556930542,0.08027489,0.21394986,-0.10139722
866,29.4694,0.06925845891237259,-0.13130924105644226,-0.8701740503311157,-0.11661654710769653,0.05040816590189934,-0.0527261421084404,-0.010548562615370693,-0.04368973608804915,1.5371233179719348,0.053294871002435684,2.101691246032715,4.591070652008057,2.378736972808838,5.549434661865234,0.09413606,0.20563692,-0.10654511
867,29.5031,0.06394418329000473,-0.1276639699935913,-0.8733878135681152,-0.11123977601528168,0.06878943741321564,-0.06446016579866409,-0.013434352529310245,-0.041548741825139596,1.5371572732758332,0.05107657238841057,2.457080841064453,4.282005310058594,2.473578691482544,5.468461036682129,0.111242495,0.19386458,-0.11198942
868,29.5377,0.060008201748132706,-0.12424824386835098,-0.8763303756713867,-0.10588857531547546,0.08260045200586319,-0.0733863115310669,-0.015770534653879297,-0.03948540783633026,1.5371945575310944,0.04933108761906624,2.7326457500457764,3.9957005977630615,2.51594877243042,5.396828651428223,0.12522331,0.18310271,-0.11529318
869,29.5715,0.056430842727422714,-0.12041226029396057,-0.8796159029006958,-0.09939383715391159,0.0954723060131073,-0.08167051523923874,-0.018885469813971455,-0.036264247918852174,1.5371910954216772,0.04767711088061333,3.0034940242767334,3.677604913711548,2.5272278785705566,5.323263168334961,0.13959594,0.17092715,-0.11746011
870,29.6052,0.05318624898791313,-0.11623873561620712,-0.8831347227096558,-0.09224830567836761,0.10730315744876862,-0.08936288952827454,-0.021196109518913667,-0.03345399087103269,1.5371697901329566,0.04630265757441521,3.2524924278259277,3.321654796600342,2.5025272369384766,5.242280960083008,0.1540107,0.15728565,-0.118498646
871,29.6392,0.05031385272741318,-0.11173704266548157,-0.8869097232818604,-0.08444463461637497,0.11801571398973465,-0.0960603579878807,-0.023844238312996167,-0.029783969715983957,1.5371068063731763,0.045285534113645554,3.4906086921691895,2.9311258792877197,2.440281391143799,5.159124374389648,0.16878545,0.14173213,-0.11799776
872,29.6733,0.04782076179981232,-0.10693935304880142,-0.8908437490463257,-0.07583735138177872,0.12769010663032532,-0.10202756524085999,-0.02553901369347915,-0.027113316404744268,1.537038895765379,0.04474269971251488,3.6896824836730957,2.500688314437866,2.3395907878875732,5.069967746734619,0.18323907,0.124190584,-0.11619007
873,29.7073,0.045258279889822006,-0.1005648747086525,-0.8960901498794556,-0.0641949325799942,0.1383056342601776,-0.10814040154218674,-0.027747904000023516,-0.023191021073653974,1.5369354319570296,0.0448908768594265,3.8925580978393555,1.9078483581542969,2.1499087810516357,4.955639839172363,0.20111167,0.09857029,-0.111076504
874,29.7412,0.04368140548467636,-0.09522022306919098,-0.9004719257354736,-0.05426279082894325,0.14563113451004028,-0.11179010570049286,-0.029368658066364507,-0.02000265964947589,1.536846482376621,0.045751310884952545,4.031136512756348,1.39081871509552,1.9592368602752686,4.868314266204834,0.21474783,0.07409208,-0.104373015
875,29.7752,0.04250229150056839,-0.08966191858053207,-0.9050160646438599,-0.04395169019699097,0.15175554156303406,-0.114354707300663,-0.03069176434959171,-0.017119803373924627,1.5367551359512313,0.047337304800748825,4.117555141448975,0.8351345062255859,1.7166616916656494,4.782615661621094,0.22680894,0.04600205,-0.094559565
876,29.8092,0.04175424575805664,-0.08403245359659195,-0.9096802473068237,-0.03323133662343025,0.15669403970241547,-0.11562447994947433,-0.03244600936557292,-0.012811787649936485,1.5365877562767198,0.04962073639035225,4.175058841705322,0.25337275862693787,1.4408749341964722,4.708088397979736,0.23593442,0.014318206,-0.08142448
877,29.8433,0.04143684357404709,-0.0783727765083313,-0.9144167900085449,-0.021983778104186058,0.1603531390428543,-0.11543698608875275,-0.03376655443684552,-0.009165626753779178,1.536428232927424,0.05251792445778847,4.174458980560303,-0.34261205792427063,1.1241674423217773,4.645871162414551,0.24064544,-0.01975059,-0.064804986
878,29.8774,0.04150208458304405,-0.07270640879869461,-0.9190993309020996,-0.010632315650582314,0.16288435459136963,-0.11322074383497238,-0.03484600228627649,-0.005819724266812046,1.536309322784752,0.055911608040332794,4.127121448516846,-0.947045087814331,0.776094913482666,4.598119258880615,0.2396746,-0.054997813,-0.045070212
879,29.9112,0.0421377494931221,-0.0656181201338768,-0.9247745275497437,0.003989997319877148,0.16420583426952362,-0.10777705162763596,-0.03619476022034712,-0.000753358013020071,1.536079758298787,0.06063226982951164,4.014255046844482,-1.6995631456375122,0.3253834545612335,4.563360691070557,0.22957794,-0.09719916,-0.018608898
880,29.9452,0.04315115883946419,-0.0600120909512043,-0.9291250705718994,0.015958432108163834,0.1638670265674591,-0.10102818161249161,-0.037005838413898366,0.0034950447094980737,1.5358789559525952,0.06460291892290115,3.8713250160217285,-2.284031629562378,-0.0421069860458374,4.55571985244751,0.21530908,-0.12702957,0.002341838
881,29.9792,0.04461134597659111,-0.054506998509168625,-0.9331686496734619,0.028032677248120308,0.16218911111354828,-0.09163643419742584,-0.03758066509043515,0.009123006813662203,1.535602519831445,0.06857216358184814,3.6985859870910645,-2.849745273590088,-0.39797356724739075,4.567635536193848,0.19731937,-0.15203378,0.021231871
