step,t_s,north_m,east_m,down_m,vn_m_s,ve_m_s,vd_m_s,roll_rad,pitch_rad,yaw_rad,pos_error_m,raw_action_0,raw_action_1,raw_action_2,raw_action_3,cmd_vn_m_s,cmd_ve_m_s,cmd_vd_m_s
1,0.0,0.24106281995773315,0.043318308889865875,-0.9132643938064575,3.31354676745832e-05,-0.0012532923137769103,-0.05240520462393761,0.0014310695074399567,0.001322746340361122,1.494371459834838,0.025399576872587204,0.35606396198272705,1.6051838397979736,-0.17248037457466125,5.168913841247559,0.05384391,0.24273553,0.026082443
2,0.0335,0.2407730668783188,0.04351579770445824,-0.9149298667907715,-9.315042552771047e-05,-0.0015600919723510742,-0.052063390612602234,0.0013396591037662389,0.0013051393085448753,1.4943614729807504,0.027099628001451492,0.3724677860736847,1.6017595529556274,-0.3219778835773468,5.169054985046387,0.055568337,0.23896594,0.048035767
3,0.0676,0.2405889332294464,0.04369417577981949,-0.9162369966506958,-0.00012989467359147966,-0.001701589673757553,-0.0517893023788929,0.0012411294255144127,0.0012742617242108179,1.4943514861266627,0.028428377583622932,0.38105475902557373,1.5954333543777466,-0.4386507570743561,5.168869972229004,0.056105215,0.23490621,0.064585455
4,0.1016,0.24048815667629242,0.043910346925258636,-0.9174191951751709,0.00014173844829201698,-0.0018432209035381675,-0.04597460478544235,0.0011346189764822432,0.0008876384832930279,1.4943480240172455,0.029623566195368767,0.3798116445541382,1.5843122005462646,-0.6124783754348755,5.179804801940918,0.05455414,0.22756223,0.087973155
5,0.1357,0.2404652237892151,0.04415253922343254,-0.9181952476501465,0.00034667193540371954,-0.00180529011413455,-0.02878578007221222,0.0006365131855830518,-0.002158103642504532,1.4943537498135893,0.030409738421440125,0.35321012139320374,1.5832496881484985,-0.902862548828125,5.2127580642700195,0.047563944,0.2132034,0.12158118
6,0.17,0.24051623046398163,0.0443606823682785,-0.918305516242981,0.0005834147450514138,-0.001272529480047524,-0.0074197412468492985,2.080152678454626e-05,-0.006492371138841508,1.4943480240172455,0.03052792325615883,0.3122180700302124,1.5830918550491333,-1.1869386434555054,5.253229141235352,0.038966503,0.19757843,0.14813636
7,0.2038,0.24068212509155273,0.04456884413957596,-0.917680025100708,0.0012531618122011423,0.0003407742769923061,0.014886155724525452,-0.0005686787145447343,-0.010648712036519882,1.4943409666403569,0.02990643121302128,0.2642139792442322,1.5607490539550781,-1.4063109159469604,5.292483329772949,0.031195309,0.18427506,0.16604081
8,0.2382,0.24113161861896515,0.04494493454694748,-0.9156783819198608,0.0027671935968101025,0.0042473007924854755,0.0461917407810688,-0.0012845284182725336,-0.01613508499670562,1.4943332434731955,0.02791212871670723,0.1826455146074295,1.4870364665985107,-1.6028659343719482,5.340050220489502,0.020811543,0.16944037,0.18263856
9,0.2726,0.24165472388267517,0.04538339748978615,-0.9130713939666748,0.004366234410554171,0.00893386173993349,0.07167293131351471,-0.0016794540118737805,-0.02040470126672618,1.494346559278646,0.02533826045691967,0.11412335932254791,1.3763643503189087,-1.6662019491195679,5.370135307312012,0.013183271,0.15899448,0.19247586
10,0.3071,0.24229222536087036,0.046018436551094055,-0.9096273183822632,0.006043943110853434,0.0146569162607193,0.09609868377447128,-0.0017315796685769271,-0.02278786217710261,1.4943440292756103,0.02200109139084816,0.05145801231265068,1.2159861326217651,-1.637751817703247,5.390157222747803,0.006304689,0.14898388,0.20065907
11,0.3413,0.24299199879169464,0.0468929260969162,-0.9053736925125122,0.008038043044507504,0.02121003344655037,0.11922997981309891,-0.001552405233306001,-0.024118263025003108,1.4943353740020675,0.01803532801568508,-0.014507059007883072,1.0099079608917236,-1.5247083902359009,5.40122127532959,-0.0019830351,0.13804887,0.20841925
12,0.3752,0.24378278851509094,0.04805300757288933,-0.9003629684448242,0.009824132546782494,0.028324084356427193,0.1400415450334549,-0.0010379351757535456,-0.024961492646933252,1.494331778734596,0.013771045953035355,-0.0659460574388504,0.750769853591919,-1.3163440227508545,5.403434753417969,-0.0108690765,0.123740144,0.21695676
13,0.4091,0.24464735388755798,0.049507103860378265,-0.894682765007019,0.011778999119997025,0.03586699813604355,0.15890376269817352,-0.00042225329343344533,-0.024857440030311415,1.4943300476798875,0.010178673081099987,-0.11042912304401398,0.43882858753204346,-1.0266731977462769,5.402707576751709,-0.024606016,0.09778058,0.22876517
14,0.4428,0.24579299986362457,0.051757749170064926,-0.8866811990737915,0.01383122242987156,0.04559703543782234,0.180037260055542,0.00021102619300861298,-0.024256472763199814,1.49433071347016,0.010276014916598797,-0.14472870528697968,-0.007673770189285278,-0.5648329257965088,5.408755302429199,-0.062048133,-0.003289901,0.24215534
15,0.4772,0.246769979596138,0.053920626640319824,-0.8796885013580322,0.01520965714007616,0.05336502194404602,0.19566257297992706,0.001341138666602319,-0.02264775077544002,1.4943284497832334,0.015078136697411537,-0.15296781063079834,-0.4322563707828522,-0.13668206334114075,5.4275102615356445,-0.07992669,-0.22585681,0.07141728
16,0.5114,0.24775980412960052,0.056392937898635864,-0.8722199201583862,0.016382429748773575,0.060918111354112625,0.21035054326057434,0.0024564542764821786,-0.020478535327354025,1.4943316455765414,0.021962471306324005,-0.14383776485919952,-0.8994901180267334,0.3270805776119232,5.467937469482422,-0.03715355,-0.23233989,-0.084485486
17,0.5462,0.24870754778385162,0.05917774885892868,-0.8643954992294312,0.01719280146062374,0.06807603687047958,0.21774694323539734,0.0036239274021700224,-0.0171375726921198,1.4943538829716436,0.029842546209692955,-0.11334659159183502,-1.4058079719543457,0.8741673231124878,5.5279717445373535,-0.01707736,-0.21180601,-0.1317064
18,0.5796,0.2505030333995819,0.06553708016872406,-0.8503545522689819,0.017114097252488136,0.08017134666442871,0.15529736876487732,0.005263319174878037,-0.008969233187548045,1.4944083446159357,0.04514206200838089,-0.11504076421260834,-2.357020139694214,2.39945387840271,5.644148826599121,-0.008545756,-0.17509027,-0.17824244
19,0.614,0.2505030333995819,0.06553708016872406,-0.8503545522689819,0.017114097252488136,0.08017134666442871,0.15529736876487732,0.006060383003341388,-0.0009974761281861015,1.4944425662359433,0.04514206200838089,-0.024402040988206863,-2.436988115310669,2.4246041774749756,5.657581806182861,-0.0017745583,-0.17722197,-0.17632139
20,0.6479,0.2521544098854065,0.07363849133253098,-0.8419580459594727,0.01388125866651535,0.08253613114356995,0.05115799605846405,0.006297309673304066,0.008815993233949205,1.4944983594607804,0.0567295178771019,-0.10339032113552094,-3.2447147369384766,3.4361703395843506,5.706860065460205,-0.0054678773,-0.17159925,-0.18172453
21,0.6818,0.25272807478904724,0.07733562588691711,-0.841040849685669,0.012014368548989296,0.07924534380435944,0.010821887291967869,0.006069958419846713,0.014823512489652519,1.4945454974120749,0.05968744680285454,-0.11060969531536102,-3.5412278175354004,3.6352128982543945,5.695908546447754,-0.0054475185,-0.17440519,-0.17903395
22,0.7158,0.2531742453575134,0.08092334121465683,-0.8416581153869629,0.010093961842358112,0.07396498322486877,-0.023546230047941208,0.005421892732738142,0.021796410995752746,1.4945903716764426,0.06148596853017807,-0.0896085649728775,-3.800626754760742,3.734450578689575,5.6728010177612305,-0.0042037675,-0.17829715,-0.17519265
23,0.75,0.25350186228752136,0.08431605994701385,-0.8436230421066284,0.008214566856622696,0.0670471340417862,-0.051950257271528244,0.004759812680541679,0.026062755530762254,1.494612875387654,0.062325820326805115,-0.08707351982593536,-4.003610610961914,3.7541067600250244,5.633549690246582,-0.003965774,-0.18234494,-0.17098126
24,0.7837,0.25375503301620483,0.08744771033525467,-0.8467090129852295,0.006588854361325502,0.059038665145635605,-0.0746370479464531,0.0042030380229915575,0.02895489229853406,1.494636976995519,0.062447573989629745,-0.09354345500469208,-4.165966987609863,3.7122690677642822,5.584277153015137,-0.004190438,-0.18662158,-0.1662974
25,0.8178,0.2539740204811096,0.09085327386856079,-0.8517206907272339,0.004746216349303722,0.04771140590310097,-0.09610907733440399,0.0034145415629490464,0.03201810387682984,1.4946666712416734,0.06193066015839577,-0.09624667465686798,-4.305776119232178,3.598010301589966,5.513500213623047,-0.004287532,-0.19181082,-0.16028173
26,0.852,0.25405004620552063,0.09309503436088562,-0.8563119173049927,0.003494093893095851,0.03798094019293785,-0.10879047960042953,0.0028428303167538633,0.03371560691683555,1.4946934360106288,0.06121842935681343,-0.09812246263027191,-4.3639702796936035,3.470005989074707,5.450603485107422,-0.0043991073,-0.19564912,-0.15557016
27,0.8858,0.25404638051986694,0.09488321840763092,-0.8612768650054932,0.002452653832733631,0.027720510959625244,-0.11803720891475677,0.00240263553592196,0.03477840584826432,1.4947078170805153,0.060348667204380035,-0.10100831091403961,-4.373470783233643,3.3123881816864014,5.382333755493164,-0.004601997,-0.19925785,-0.15091431
28,0.92,0.2539927661418915,0.09622236341238022,-0.8664723634719849,0.0015039702411741018,0.01720573380589485,-0.12446717917919159,0.0018623844405492892,0.0357104518925486,1.4947224644665107,0.059428151696920395,-0.09878309071063995,-4.336205959320068,3.1295108795166016,5.310473918914795,-0.004617341,-0.20268388,-0.14628027
29,0.9544,0.2539486289024353,0.09712472558021545,-0.8717974424362183,0.0008160414290614426,0.006629164796322584,-0.12871946394443512,0.00148649550732993,0.03606529314066644,1.4947309865819989,0.05853388458490372,-0.10612381994724274,-4.255198955535889,2.9217910766601562,5.23506498336792,-0.005138837,-0.20604962,-0.14148198
30,0.9885,0.2539355158805847,0.09759656339883804,-0.8771375417709351,0.0001725801412248984,-0.0041562761180102825,-0.13111436367034912,0.0011188117890335643,0.03614958635035665,1.4947400413297052,0.05771375074982643,-0.1187492161989212,-4.125699520111084,2.691434621810913,5.158017158508301,-0.006024937,-0.20932415,-0.13655436
31,1.0229,0.2539503276348114,0.09752810001373291,-0.8837107419967651,-0.0004589982272591442,-0.01767529547214508,-0.13214638829231262,0.0009023056349371792,0.03598485319217844,1.4947512266062835,0.05674458667635918,-0.1444328874349594,-3.895162343978882,2.374614953994751,5.0627522468566895,-0.007911178,-0.21335393,-0.13006735
32,1.0567,0.25397783517837524,0.0969504714012146,-0.8888025283813477,-0.0008246767101809382,-0.028426846489310265,-0.13162937760353088,0.0006890980035073443,0.03554372552474203,1.4947629445150798,0.05599432811141014,-0.1731281280517578,-3.6495039463043213,2.0993123054504395,4.9908905029296875,-0.010271538,-0.21652183,-0.12455034
33,1.0908,0.25401249527931213,0.09592483192682266,-0.8937129974365234,-0.001088071963749826,-0.039089471101760864,-0.13014864921569824,0.0005730685090798367,0.03503803700681722,1.4947573518767907,0.055250052362680435,-0.20788289606571198,-3.3540515899658203,1.803541898727417,4.926231384277344,-0.0136267515,-0.21985853,-0.118222415
34,1.1262,0.2540420591831207,0.09448476880788803,-0.89845871925354,-0.0011984365992248058,-0.04950515553355217,-0.1278669238090515,0.0005347146331377484,0.03448908252415163,1.4947730645272221,0.05452200770378113,-0.24856512248516083,-3.0138661861419678,1.4845901727676392,4.871827602386475,-0.018445818,-0.22365658,-0.110170245
35,1.16,0.2540660500526428,0.09261153638362885,-0.9030543565750122,-0.0013818970182910562,-0.059870608150959015,-0.12495239824056625,0.0005685175334816898,0.0336223047325203,1.4947821192749284,0.05378669872879982,-0.2970040440559387,-2.621873140335083,1.137648344039917,4.829586029052734,-0.025840433,-0.22811252,-0.09897955
36,1.1941,0.2540830075740814,0.09033608436584473,-0.9075402021408081,-0.0015281899832189083,-0.07002424448728561,-0.12116138637065887,0.0006688960150928031,0.03285622771960759,1.494789176651817,0.053093452006578445,-0.3478240966796875,-2.189044713973999,0.758155107498169,4.80439567565918,-0.037119713,-0.23361439,-0.08091015
37,1.2278,0.25404736399650574,0.08701877295970917,-0.9127528667449951,-0.001737177255563438,-0.08228278160095215,-0.11528593301773071,0.0009358233637835353,0.031849758806423205,1.4947785240074567,0.052286140620708466,-0.40818995237350464,-1.6075718402862549,0.25714871287345886,4.802718639373779,-0.060800403,-0.23944984,-0.038302623
38,1.2619,0.25400084257125854,0.08401098102331161,-0.9166152477264404,-0.0019032696727663279,-0.09182891249656677,-0.10844139754772186,0.0012661368722543121,0.031135336715685025,1.4947918398129072,0.051699016243219376,-0.44995301961898804,-1.1181223392486572,-0.1724381446838379,4.8294878005981445,-0.0923902,-0.22958742,0.03540724
39,1.2958,0.25395384430885315,0.08070012927055359,-0.920143723487854,-0.0022036898881196976,-0.10087276995182037,-0.0981702134013176,0.0020120179434805394,0.030178833281858643,1.4947850487521275,0.0511322095990181,-0.48608899116516113,-0.6229541301727295,-0.6349289417266846,4.882539749145508,-0.119885646,-0.15364112,0.1565945
40,1.3299,0.25393298268318176,0.07711319625377655,-0.9231853485107422,-0.002596516627818346,-0.109380342066288,-0.08074188977479935,0.002966612171685605,0.029457303879961316,1.4947737303174946,0.050493642687797546,-0.5028833746910095,-0.13291886448860168,-1.1462922096252441,4.96910285949707,-0.09987459,-0.026398202,0.2276581
41,1.3639,0.25395461916923523,0.07330016046762466,-0.9254754781723022,-0.0032068316359072924,-0.11748022586107254,-0.054052501916885376,0.004169274914019373,0.028686986615250498,1.4947710671564045,0.04958682134747505,-0.4973958730697632,0.34232857823371887,-1.6957762241363525,5.090053081512451,-0.06908011,0.047543813,0.23551543
42,1.3979,0.254006952047348,0.06928101181983948,-0.9266499280929565,-0.003961588256061077,-0.1248575747013092,-0.013608544133603573,0.006455794285744951,0.026388934507648114,1.4947592160895538,0.04806169867515564,-0.48473411798477173,0.7811890840530396,-2.290360450744629,5.244508743286133,-0.049102116,0.07913212,0.23200667
43,1.4322,0.25407660007476807,0.06396233290433884,-0.9259690046310425,-0.005594882648438215,-0.1333197057247162,0.04113292321562767,0.008353045850776912,0.02251431392125944,1.4947217986762382,0.04464725777506828,-0.4357834458351135,1.3162133693695068,-2.8589251041412354,5.445865631103516,-0.034287896,0.103561044,0.22494322
44,1.4675,0.2541126608848572,0.05950513854622841,-0.9237194061279297,-0.007367889396846294,-0.13885681331157684,0.07941053062677383,0.010160922873952845,0.015460136987046758,1.494650425959024,0.04062324017286301,-0.39900511503219604,1.7221087217330933,-3.106506586074829,5.5812273025512695,-0.027908329,0.12045253,0.21728395
45,1.5019,0.2540753483772278,0.054911158978939056,-0.9201685190200806,-0.009639423340559006,-0.1429336965084076,0.11114712804555893,0.010946204815335847,0.009660407754504973,1.4945919695730967,0.03560064733028412,-0.3842984437942505,2.1184163093566895,-3.200984239578247,5.688002109527588,-0.024904782,0.13728574,0.20744246
46,1.5357,0.2539467215538025,0.05023760721087456,-0.9154444932937622,-0.012066432274878025,-0.14513656497001648,0.13684159517288208,0.011383164011487899,0.0009624149232382465,1.4945119415823398,0.02973182685673237,-0.3601570129394531,2.495731830596924,-3.1496875286102295,5.772255897521973,-0.02231614,0.15464117,0.19516173
47,1.5698,0.2537015974521637,0.045516788959503174,-0.9097750186920166,-0.014714372344315052,-0.14528702199459076,0.1570928543806076,0.011320567242303427,-0.005886236194888124,1.4944618741538465,0.02334713563323021,-0.30510011315345764,2.837637186050415,-2.969541549682617,5.838088512420654,-0.018519333,0.1722423,0.1802488
48,1.6038,0.2533723711967468,0.040800001472234726,-0.9034419059753418,-0.01705961301922798,-0.1434464007616043,0.17248329520225525,0.011042806822689268,-0.011519623969624639,1.4944103419867534,0.01712549850344658,-0.23561391234397888,3.1460187435150146,-2.6891732215881348,5.889339447021484,-0.014209251,0.18972807,0.16217692
49,1.6379,0.2529023587703705,0.03500879183411598,-0.8949152231216431,-0.01960751786828041,-0.13833455741405487,0.18451839685440063,0.010429164573264572,-0.018946949303854856,1.4943711935187292,0.011978484690189362,-0.15454323589801788,3.4925460815429688,-2.224830150604248,5.9325971603393555,-0.009323613,0.21070576,0.1342243
50,1.6723,0.2524647116661072,0.0305013507604599,-0.8878873586654663,-0.021553680300712585,-0.13219091296195984,0.18935458362102509,0.00980877391524951,-0.024256075369630904,1.4943572119230062,0.013168168254196644,-0.08463607728481293,3.7325150966644287,-1.7825562953948975,5.953174591064453,-0.005114346,0.22554652,0.107715406
51,1.706,0.251945436000824,0.026174558326601982,-0.8808372020721436,-0.02317155711352825,-0.12436320632696152,0.18926654756069183,0.009212195662450035,-0.028463553641576655,1.494346026646428,0.018351126462221146,-0.009922195225954056,3.933532953262329,-1.2735062837600708,5.960325241088867,-0.00059995457,0.23784465,0.07700372
52,1.7399,0.2513437271118164,0.022129476070404053,-0.8739633560180664,-0.024563850834965706,-0.11485517024993896,0.1843366175889969,0.008284162044854982,-0.03378026763586483,1.4943718593090016,0.024907609447836876,0.05087084695696831,4.104649066925049,-0.7172045707702637,5.953280448913574,0.003051899,0.24625054,0.04302731
53,1.7739,0.2506808936595917,0.01843680813908577,-0.8674280643463135,-0.02556493505835533,-0.10393069684505463,0.17506155371665955,0.007510633902525207,-0.03745846760829255,1.4943980914457389,0.03163238242268562,0.11348189413547516,4.2247395515441895,-0.10950174927711487,5.932906627655029,0.0067106457,0.24982603,0.0064752838
54,1.8078,0.2499779462814331,0.015190132893621922,-0.8613630533218384,-0.026429031044244766,-0.09152793884277344,0.16243954002857208,0.006527413033270717,-0.04126045463713852,1.4944279188499479,0.03800923749804497,0.16525976359844208,4.301455974578857,0.5243862867355347,5.900430202484131,0.00952736,0.24798246,-0.030231297
55,1.8418,0.24908442795276642,0.01184757798910141,-0.8546375036239624,-0.027075374498963356,-0.0742412582039833,0.1409839540719986,0.005798808049281915,-0.04337616551444914,1.4944440309745428,0.0450858399271965,0.2287207990884781,4.317028999328613,1.36776602268219,5.8420891761779785,0.012610603,0.23802093,-0.075412266
56,1.876,0.24840697646141052,0.009799241088330746,-0.8501402139663696,-0.027086932212114334,-0.059284329414367676,0.11946680396795273,0.0048069553131739355,-0.04556820508531495,1.4945174010625746,0.049773141741752625,0.26140111684799194,4.287990093231201,2.0440080165863037,5.785584926605225,0.013736461,0.22533113,-0.10741131
57,1.9098,0.24774892628192902,0.008413649164140224,-0.8466018438339233,-0.02672198787331581,-0.04331742972135544,0.09400973469018936,0.004001256757039519,-0.0465691125691292,1.494566136910523,0.0533527173101902,0.28465723991394043,4.222280025482178,2.6986024379730225,5.721936225891113,0.014178765,0.21031159,-0.13441727
58,1.9434,0.2470715045928955,0.007695290260016918,-0.8440781831741333,-0.026222990825772285,-0.02673829160630703,0.06637012958526611,0.0033178194012573816,-0.046839810410368145,1.4946259248769953,0.05575712397694588,0.3063820004463196,4.121364116668701,3.292196750640869,5.654939651489258,0.014496413,0.19500166,-0.15576974
59,1.9779,0.24636797606945038,0.007716159801930189,-0.8427088260650635,-0.02537970431149006,-0.009778248146176338,0.037695467472076416,0.0024000496169064665,-0.04624750673917771,1.494704354971098,0.05682068318128586,0.3262687623500824,3.9949254989624023,3.7916743755340576,5.588778495788574,0.014783391,0.18101196,-0.17180255
60,2.0119,0.24565325677394867,0.008481357246637344,-0.8425647020339966,-0.024355245754122734,0.007195684593170881,0.008883106522262096,0.0017057910886012805,-0.044955449169190545,1.4947721324208405,0.05647660046815872,0.3393891453742981,3.8410258293151855,4.1810712814331055,5.523147106170654,0.014917659,0.16883013,-0.18377663
61,2.0459,0.24472351372241974,0.010458618402481079,-0.8439570665359497,-0.02272215485572815,0.027910536155104637,-0.025899356231093407,0.0011706182045025243,-0.04325105936105346,1.494830588806768,0.05419859290122986,0.34176620841026306,3.6083145141601562,4.516017436981201,5.441644668579102,0.014755193,0.15578304,-0.19497162
62,2.0799,0.2432900071144104,0.01578579470515251,-0.849582314491272,-0.019672833383083344,0.05890849977731705,-0.07556179165840149,0.0004709942128312368,-0.040081481544938846,1.494902227840091,0.04659094661474228,0.32903435826301575,3.1103947162628174,4.72899055480957,5.309260368347168,0.014508304,0.13714844,-0.20851813
63,2.1139,0.2432900071144104,0.01578579470515251,-0.849582314491272,-0.019672833383083344,0.05890849977731705,-0.07556179165840149,-2.4806986326426416e-05,-0.03707151446309324,1.4949490994752763,0.04659094661474228,0.36373433470726013,3.101323366165161,4.738546371459961,5.3146443367004395,0.016023861,0.13662493,-0.20875074
64,2.1477,0.24207352101802826,0.02336551807820797,-0.8584941625595093,-0.0162428580224514,0.08591832965612411,-0.11746808886528015,-0.0005142693777012704,-0.03288598230300543,1.4950317906271233,0.035108279436826706,0.35164567828178406,2.3792929649353027,4.630215167999268,5.171131134033203,0.016848942,0.11400274,-0.22185466
65,2.1812,0.24159452319145203,0.027844058349728584,-0.8638842105865479,-0.014330299571156502,0.097650445997715,-0.13488797843456268,-0.0008129937709935248,-0.029750792554466454,1.4950819912136712,0.028290629386901855,0.3560851216316223,1.9101052284240723,4.470047950744629,5.095606803894043,0.018264232,0.097972654,-0.22927663
66,2.2147,0.24159452319145203,0.027844058349728584,-0.8638842105865479,-0.014330299571156502,0.097650445997715,-0.13488797843456268,-0.0011109096907365949,-0.026123009550425295,1.4951144817789703,0.028290629386901855,0.4002111554145813,1.8917059898376465,4.478944778442383,5.101865768432617,0.020508967,0.096941166,-0.22952516
67,2.2481,0.24079374969005585,0.03922906517982483,-0.8778181076049805,-0.010086960159242153,0.11932598054409027,-0.1685217022895813,-0.0014196526346750306,-0.021522386283745802,1.4951565597241936,0.011700941249728203,0.3865252435207367,0.582227349281311,3.8878390789031982,4.909592151641846,0.024462696,0.036848433,-0.24605644
68,2.2819,0.2404959350824356,0.04467965289950371,-0.884739875793457,-0.008228560909628868,0.12675389647483826,-0.18098168075084686,-0.0016063404871639103,-0.018252804688104106,1.4951676118427173,0.0068012624979019165,0.4018460512161255,-0.10129788517951965,3.534994125366211,4.819388389587402,0.028225847,-0.0071152085,-0.24829957
69,2.3156,0.2402326762676239,0.05028041824698448,-0.8920725584030151,-0.006408603396266699,0.1330055445432663,-0.19316290318965912,-0.0019401504348627169,-0.013538146111904181,1.495186520286457,0.010778315365314484,0.43884196877479553,-0.8284187316894531,3.1446053981781006,4.7262468338012695,0.033434335,-0.06311527,-0.23958007
70,2.3501,0.23999735713005066,0.055927760899066925,-0.8997620344161987,-0.004642485175281763,0.13775546848773956,-0.20412832498550415,-0.0022397543670135173,-0.009362496776174081,1.4951922460828007,0.01912013068795204,0.4696916937828064,-1.5561161041259766,2.7112815380096436,4.62948751449585,0.037145104,-0.1230639,-0.21441902
71,2.3841,0.23979465663433075,0.06159217283129692,-0.9077717065811157,-0.0029370500706136227,0.14100083708763123,-0.21256791055202484,-0.002557166498471109,-0.0052726402386933146,1.4952160813745567,0.028457341715693474,0.499619722366333,-2.267943859100342,2.2301623821258545,4.533397197723389,0.038793318,-0.17609607,-0.17316249
72,2.4179,0.23979465663433075,0.06159217283129692,-0.9077717065811157,-0.0029370500706136227,0.14100083708763123,-0.21256791055202484,-0.003046246930062779,-9.584822255843339e-05,1.4952135513715212,0.028457341715693474,0.5757818818092346,-2.3011605739593506,2.249699831008911,4.543884754180908,0.04403008,-0.17596991,-0.17203471
73,2.4519,0.23933514952659607,0.07420550286769867,-0.9262715578079224,0.0008289887919090688,0.14210793375968933,-0.21327391266822815,-0.0037698244172710803,0.007291530126068695,1.4952183450614833,0.05040781944990158,0.6347219944000244,-3.726719617843628,0.9597980976104736,4.358652114868164,0.040683933,-0.23887247,-0.061520416
74,2.4857,0.2391849011182785,0.07964802533388138,-0.9343047142028809,0.002543345559388399,0.13938170671463013,-0.20754535496234894,-0.004354361748962302,0.012872034387518421,1.4952118203168128,0.06001470610499382,0.692661464214325,-4.251648426055908,0.34896424412727356,4.303160190582275,0.040067755,-0.24594122,-0.020186216
75,2.52,0.23909799754619598,0.08485764265060425,-0.9418765306472778,0.004233029205352068,0.13482382893562317,-0.19161193072795868,-0.005201720570953695,0.020791993548845554,1.495202632411052,0.06913959234952927,0.7904094457626343,-4.704798221588135,-0.31263595819473267,4.282394886016846,0.04133107,-0.24601725,0.016347956
76,2.5538,0.2390802949666977,0.0897679328918457,-0.9486410617828369,0.005957078188657761,0.12835627794265747,-0.16750870645046234,-0.005826426902321179,0.026969888535286687,1.495172272374625,0.0774589329957962,0.8607015013694763,-5.055271148681641,-1.0021311044692993,4.290490627288818,0.04118173,-0.24187806,0.04794867
77,2.5877,0.23914486169815063,0.09430088847875595,-0.9543743133544922,0.007839176803827286,0.12026074528694153,-0.13901837170124054,-0.0065156711976364495,0.03418201380868169,1.4951228707364042,0.08474043011665344,0.9360194802284241,-5.324791431427002,-1.6406474113464355,4.329840183258057,0.0414176,-0.23561484,0.07259643
78,2.6221,0.2393677532672882,0.09930886328220367,-0.9598774909973145,0.010215477086603642,0.10768748819828033,-0.10072924196720123,-0.006869647958697314,0.03855690088346334,1.4950981033382662,0.09213301539421082,0.9475213885307312,-5.519489288330078,-2.3578269481658936,4.404916286468506,0.038984053,-0.22708939,0.09700852
79,2.6568,0.23967167735099792,0.10268542915582657,-0.9628942012786865,0.01218335796147585,0.09608765691518784,-0.07014982402324677,-0.007190340927767342,0.04266920027476318,1.4950582890799695,0.09657575935125351,0.9544909596443176,-5.601552486419678,-2.8201470375061035,4.483151435852051,0.037616104,-0.22075494,0.11114086
80,2.6907,0.24008122086524963,0.10541436821222305,-0.9647321701049805,0.014099503867328167,0.08300845324993134,-0.03983435034751892,-0.007369801054684503,0.04643652043635688,1.4950283285177062,0.09970295429229736,0.9499597549438477,-5.615955829620361,-3.2043724060058594,4.569797515869141,0.036339886,-0.21483351,0.12258049
81,2.7252,0.2405698001384735,0.10755182802677155,-0.9654593467712402,0.016101062297821045,0.06917034834623337,-0.011181038804352283,-0.00737976190133978,0.04814461370288486,1.4950056916484407,0.10161049664020538,0.9142774939537048,-5.571655750274658,-3.519333839416504,4.656294822692871,0.034354843,-0.20936024,0.1322423
82,2.7587,0.24112844467163086,0.10908512026071548,-0.9651130437850952,0.018041014671325684,0.05464357137680054,0.015109458938241005,-0.007221471304345496,0.049419627041895516,1.4950006316423694,0.10232699662446976,0.8699588179588318,-5.48370885848999,-3.7575294971466064,4.73893404006958,0.032440588,-0.2044864,0.14011751
83,2.7928,0.24174948036670685,0.11001397669315338,-0.9637963771820068,0.01996622607111931,0.03974344953894615,0.03934577479958534,-0.006944761064856507,0.049548332623952,1.4949549584296746,0.10193885117769241,0.8078418970108032,-5.349280834197998,-3.9351625442504883,4.816190242767334,0.030189484,-0.1999055,0.14705914
84,2.827,0.24260762333869934,0.11031538993120193,-0.9609507322311401,0.02210557647049427,0.02098175138235092,0.06643439829349518,-0.0064617723541840685,0.04882757304205727,1.4949200710193946,0.10002855211496353,0.7197381854057312,-5.119742393493652,-4.074265956878662,4.9036760330200195,0.02733525,-0.19444492,0.15473832
85,2.8609,0.24334196746349335,0.10985789448022842,-0.9578086137771606,0.023545512929558754,0.005945129785686731,0.08571113646030426,-0.006035117822945212,0.047829407781927964,1.4948970346759654,0.09743092954158783,0.6328287720680237,-4.882583141326904,-4.129533290863037,4.966342926025391,0.024619957,-0.189955,0.16065788
86,2.8949,0.24410636723041534,0.10873199254274368,-0.9539949893951416,0.02509589120745659,-0.008996563963592052,0.10288012027740479,-0.0053567779239370545,0.045844707785492426,1.4948471004055264,0.09392642974853516,0.5383260250091553,-4.587199687957764,-4.134518623352051,5.025641441345215,0.021710526,-0.18500037,0.16674389
87,2.9289,0.24492694437503815,0.10694413632154465,-0.9496243000030518,0.026483016088604927,-0.02356528490781784,0.11846019327640533,-0.004723777302190195,0.043933964604766236,1.4948373798675476,0.08960321545600891,0.4284413158893585,-4.231088638305664,-4.100292682647705,5.083090305328369,0.01813137,-0.17905703,0.17352183
88,2.9632,0.24581989645957947,0.10450483858585358,-0.9447417259216309,0.027633419260382652,-0.03765019401907921,0.13250067830085754,-0.004153272800863954,0.04202832304200322,1.4948215340590616,0.08450378477573395,0.32067587971687317,-3.8138527870178223,-4.018359184265137,5.141729354858398,0.014446497,-0.17181465,0.1810277
89,2.9968,0.24680715799331665,0.10156673938035965,-0.939434289932251,0.028747782111167908,-0.05105707794427872,0.1452431082725525,-0.003255558388026747,0.03909573327339203,1.4948064871989026,0.07880852371454239,0.19297970831394196,-3.3479888439178467,-3.8985371589660645,5.202274322509766,0.009381688,-0.16276212,0.18952698
90,3.0309,0.2481619417667389,0.09719009697437286,-0.9322084188461304,0.029928866773843765,-0.06688651442527771,0.15948545932769775,-0.0024756305967767005,0.03657277096994865,1.4947746624238762,0.07088015973567963,0.04544271156191826,-2.706202745437622,-3.6759560108184814,5.2855424880981445,0.0024887063,-0.14820734,0.20131664
91,3.0657,0.2493370771408081,0.09310854971408844,-0.925977349281311,0.030722402036190033,-0.07878318428993225,0.17031671106815338,-0.0017763980169648436,0.034300243596918994,1.4947541560834825,0.06392539292573929,-0.07544863224029541,-2.1462910175323486,-3.451585531234741,5.36057186126709,-0.0046399306,-0.13199233,0.21226516
92,3.1001,0.25057104229927063,0.088504359126091,-0.9193572998046875,0.031245382502675056,-0.08994908630847931,0.1809884011745453,-0.0007262703617900351,0.030923203451292604,1.4947047544452616,0.05647701397538185,-0.2047445923089981,-1.552429437637329,-3.1940197944641113,5.44229793548584,-0.014389421,-0.10910452,0.22447526
93,3.1349,0.2517991065979004,0.08338233828544617,-0.9123846292495728,0.03173720836639404,-0.10036798566579819,0.1917373389005661,0.00042577297680429017,0.02729360408816423,1.4946562849134222,0.04863366112112999,-0.3152029514312744,-0.9383870363235474,-2.8948965072631836,5.531983852386475,-0.025756346,-0.07667892,0.23655222
94,3.1688,0.25302785634994507,0.07781472057104111,-0.9050817489624023,0.03192778676748276,-0.1099565178155899,0.20220491290092468,0.0014664426065223114,0.024257213454877993,1.494602089585239,0.0406189039349556,-0.42129218578338623,-0.32116177678108215,-2.562901258468628,5.622346878051758,-0.040244527,-0.030679429,0.24482474
95,3.2028,0.2542329430580139,0.0718790590763092,-0.8974626064300537,0.03176093101501465,-0.11853599548339844,0.21298357844352722,0.002486624718726009,0.02139549289958733,1.4945593458497433,0.03282548859715462,-0.4939717650413513,0.27945801615715027,-2.1922249794006348,5.711631774902344,-0.054534335,0.030852081,0.24202098
96,3.2368,0.2556185722351074,0.06413023173809052,-0.8874795436859131,0.0310843326151371,-0.1278737634420395,0.22619977593421936,0.004127614388088071,0.016773694381349805,1.4944835789167306,0.02473071590065956,-0.5616082549095154,0.9906018972396851,-1.6853687763214111,5.810591220855713,-0.06902749,0.12175527,0.20714934
97,3.2708,0.25661560893058777,0.057756710797548294,-0.8791958093643188,0.0301956906914711,-0.13398057222366333,0.23526272177696228,0.0056751525904722225,0.012397249981508837,1.4944249893727488,0.02165130153298378,-0.5958225727081299,1.518664836883545,-1.236366629600525,5.8734259605407715,-0.07277003,0.18548019,0.15100205
98,3.3059,0.2575345039367676,0.051295552402734756,-0.8707127571105957,0.02879546955227852,-0.13874006271362305,0.23983345925807953,0.0071697950560763,0.007940273046720094,1.494360807190478,0.023447563871741295,-0.6093761920928955,2.0098493099212646,-0.7174159288406372,5.915239334106445,-0.06864351,0.22640057,0.080813706
99,3.3403,0.25834977626800537,0.044784191995859146,-0.8622835874557495,0.02720155194401741,-0.1418171226978302,0.23577500879764557,0.009531924796070861,0.0002780705582469635,1.4942645339170715,0.02922474592924118,-0.6472218632698059,2.4693856239318848,-0.1170167624950409,5.926542282104492,-0.063317165,0.24157791,0.01144765
100,3.3744,0.25909972190856934,0.03829462453722954,-0.8542349338531494,0.024932222440838814,-0.14298252761363983,0.2212035208940506,0.011465159204440616,-0.0067949197625394205,1.4941853048746416,0.03685925155878067,-0.6668739318847656,2.8917787075042725,0.5902451276779175,5.911942958831787,-0.05509889,0.23892641,-0.048767615
101,3.4078,0.25969016551971436,0.03184663504362106,-0.8469970226287842,0.02200235426425934,-0.14177151024341583,0.19843821227550507,0.013620454434344443,-0.016033147304496332,1.4940727863185859,0.04477743059396744,-0.6970882415771484,3.2763469219207764,1.3280363082885742,5.877231597900391,-0.04836403,0.22731318,-0.09213925
102,3.442,0.26023590564727783,0.02401883341372013,-0.8393346071243286,0.01762467995285988,-0.13639900088310242,0.1585584580898285,0.014834199463823763,-0.022277848103001024,1.4940072725557698,0.054099731147289276,-0.6701613664627075,3.672494649887085,2.30834698677063,5.820574760437012,-0.038171317,0.20917942,-0.13147976
103,3.4758,0.26054349541664124,0.01810743287205696,-0.8346434831619263,0.01373114250600338,-0.12898825109004974,0.12100538611412048,0.015958010791647867,-0.030107622851023447,1.4938983492671856,0.060501184314489365,-0.6843735575675964,3.9292829036712646,3.0095181465148926,5.760795593261719,-0.03424277,0.19660248,-0.15058187
104,3.5098,0.26074784994125366,0.012623712420463562,-0.8313279151916504,0.009750375524163246,-0.11899647116661072,0.08165330439805984,0.01637503060943525,-0.03506404027814832,1.4938500128934007,0.06573670357465744,-0.681034505367279,4.121941566467285,3.619882822036743,5.698681354522705,-0.030799834,0.18641509,-0.16370946
105,3.544,0.26078495383262634,0.007609974127262831,-0.8295180797576904,0.005614173598587513,-0.1071368008852005,0.04317028447985649,0.016362177736283717,-0.03838489812774705,1.4938155249572842,0.06962621212005615,-0.6716428995132446,4.267549514770508,4.102550506591797,5.637558937072754,-0.02818389,0.17907752,-0.17215373
106,3.5781,0.2606458365917206,0.0031324734445661306,-0.8291369676589966,0.0016252758214250207,-0.09390382468700409,0.007519684266299009,0.01588482691683303,-0.04143452550388882,1.4938339007688057,0.072201669216156,-0.6683283448219299,4.380576133728027,4.455578804016113,5.579620361328125,-0.026588613,0.17427579,-0.17725967
107,3.6116,0.26032260060310364,-0.0006866147741675377,-0.830083966255188,-0.0022203901316970587,-0.07979704439640045,-0.024613093584775925,0.015198021598539514,-0.04258043794786868,1.493877842926792,0.07348959147930145,-0.6546703577041626,4.460560321807861,4.704132080078125,5.527304649353027,-0.025119044,0.17114721,-0.18049282
108,3.646,0.2596632242202759,-0.004468926694244146,-0.8329125642776489,-0.006981292273849249,-0.0613032765686512,-0.05940546840429306,0.014441351994118052,-0.04282667215778173,1.4939424245832265,0.07344713807106018,-0.6315891742706299,4.524870872497559,4.887790679931641,5.468502044677734,-0.023599941,0.16907619,-0.18263704
109,3.6797,0.2581084370613098,-0.008381443098187447,-0.8404560089111328,-0.013330862857401371,-0.031773265451192856,-0.10269949585199356,0.01323231847111411,-0.04222476446191019,1.4940486847107206,0.07035501301288605,-0.5847477316856384,4.575760841369629,4.941166877746582,5.393044471740723,-0.021625984,0.16922739,-0.18274136
110,3.7137,0.2581084370613098,-0.008381443098187447,-0.8404560089111328,-0.013330862857401371,-0.031773265451192856,-0.10269949585199356,0.012177214618819448,-0.041104509910557564,1.49416160274094,0.07035501301288605,-0.5668249130249023,4.579614639282227,4.944365501403809,5.397529125213623,-0.020952534,0.16928424,-0.18276717
111,3.7478,0.2560352385044098,-0.009722770191729069,-0.8506209850311279,-0.01830352656543255,-0.0037496015429496765,-0.13283270597457886,0.010932522825235566,-0.03923899885647068,1.4943015518562237,0.06456094980239868,-0.49338603019714355,4.569492340087891,4.7708234786987305,5.342341423034668,-0.018619651,0.17244582,-0.18004374
112,3.7818,0.2548637390136719,-0.009442822076380253,-0.8564002513885498,-0.020373472943902016,0.00952149648219347,-0.14398977160453796,0.010059378414123266,-0.03774475326428686,1.4943992898682295,0.060941316187381744,-0.4445430636405945,4.537562370300293,4.614632606506348,5.31954288482666,-0.01713192,0.1748698,-0.17783996
113,3.816,0.25328031182289124,-0.008169569075107574,-0.8640429973602295,-0.022641316056251526,0.025247519835829735,-0.1544302999973297,0.00885235162461259,-0.03543713250211161,1.494537907402968,0.055936213582754135,-0.371711790561676,4.462829113006592,4.359098434448242,5.29240608215332,-0.014869566,0.17852631,-0.17437677
114,3.8497,0.25195595622062683,-0.006485770922154188,-0.8703629970550537,-0.024150053039193153,0.037083663046360016,-0.160562202334404,0.007932447410274735,-0.03360046681158165,1.494637775943846,0.051752399653196335,-0.3104633688926697,4.371086120605469,4.110720634460449,5.268238067626953,-0.012917901,0.18187414,-0.17104073
115,3.8837,0.25061577558517456,-0.004254692234098911,-0.8767919540405273,-0.025480447337031364,0.04844939336180687,-0.16495315730571747,0.007174737508552459,-0.032018574091209805,1.4947324513205984,0.0475776344537735,-0.25117960572242737,4.243959903717041,3.8234565258026123,5.238608360290527,-0.010982376,0.1855595,-0.16717374
116,3.9179,0.24922002851963043,-0.0015365889994427562,-0.8832182884216309,-0.026475727558135986,0.05929234251379967,-0.16773313283920288,0.006181034083546335,-0.02984145862542144,1.4948637451623394,0.04361758008599281,-0.1788192242383957,4.0771613121032715,3.5050551891326904,5.20476770401001,-0.008309984,0.1894715,-0.1628849
117,3.9519,0.24776585400104523,0.001628046273253858,-0.8896143436431885,-0.02721831016242504,0.06950774043798447,-0.16922254860401154,0.005402986369593181,-0.028245567664569864,1.4949592194874186,0.040079325437545776,-0.10691957175731659,3.867222309112549,3.149596691131592,5.162602424621582,-0.005358123,0.19380039,-0.15783758
118,3.9858,0.24626414477825165,0.005198409780859947,-0.895954966545105,-0.027910863980650902,0.0792432576417923,-0.16952553391456604,0.004766990731917283,-0.0269163631585653,1.4950368506331946,0.03722415864467621,-0.02919088676571846,3.606829881668091,2.757659912109375,5.1110405921936035,-0.0016073044,0.19859876,-0.15184188
119,4.0199,0.24437376856803894,0.0101506058126688,-0.9036836624145508,-0.028414098545908928,0.09069573134183884,-0.1684393584728241,0.0038989229716329477,-0.02518255998454505,1.4951311265357834,0.03504152595996857,0.07988329231739044,3.205822706222534,2.228502035140991,5.03436279296875,0.0051140203,0.20523243,-0.14266568
120,4.0541,0.24289774894714355,0.014474624767899513,-0.9096541404724121,-0.02837546356022358,0.09935923665761948,-0.16654545068740845,0.003222698517185992,-0.023928017615819776,1.495206893468796,0.03462802246212959,0.17024318873882294,2.819605827331543,1.7805683612823486,4.962996482849121,0.012746192,0.21110527,-0.13331203
121,4.0879,0.24150627851486206,0.019097818061709404,-0.9154155254364014,-0.028295835480093956,0.10751860588788986,-0.16359034180641174,0.002409268471511939,-0.022574567940922483,1.495306229377456,0.03546435385942459,0.2606464624404907,2.372990846633911,1.309798240661621,4.883280277252197,0.023930302,0.21786748,-0.12025434
122,4.122,0.24022914469242096,0.02398350089788437,-0.9210594892501831,-0.027839506044983864,0.11525020003318787,-0.1594206541776657,0.0018140097058013836,-0.021716050109859605,1.4953601583895302,0.03756481781601906,0.354544460773468,1.8697774410247803,0.8174221515655518,4.7999067306518555,0.04279418,0.22568563,-0.09866438
123,4.1558,0.23907002806663513,0.0291022639721632,-0.9265024662017822,-0.02718302421271801,0.12254602462053299,-0.1538073718547821,0.000892559349600195,-0.020698387597718474,1.49542460688791,0.04069918766617775,0.4457383453845978,1.3147282600402832,0.30924758315086365,4.7148590087890625,0.07835029,0.23109823,-0.054358434
124,4.1899,0.23800157010555267,0.03442668169736862,-0.9316757917404175,-0.026258418336510658,0.1294928342103958,-0.14626191556453705,1.3579552309527403e-05,-0.020062200025190574,1.495442583225268,0.04458986967802048,0.5325474143028259,0.7127269506454468,-0.2074165940284729,4.6318206787109375,0.1457327,0.1950392,0.05675998
125,4.224,0.23684656620025635,0.041388992220163345,-0.937656044960022,-0.024672165513038635,0.13781242072582245,-0.13111267983913422,-0.0009485053030848304,-0.019654089313487347,1.4954580295595905,0.05009640008211136,0.6313560605049133,-0.10277703404426575,-0.8758342266082764,4.541260719299316,0.14553346,-0.023691066,0.20188797
126,4.2578,0.23603317141532898,0.04718916863203049,-0.9417884349822998,-0.02304372936487198,0.1440471112728119,-0.10647741705179214,-0.0029033017585527758,-0.019097228571335584,1.4954786690580386,0.054591722786426544,0.7259998917579651,-0.7708866596221924,-1.473743200302124,4.507047176361084,0.10001462,-0.10619827,0.20302464
127,4.2921,0.23532070219516754,0.05315130203962326,-0.9448728561401367,-0.020914243534207344,0.14982803165912628,-0.0653243437409401,-0.005293731746318631,-0.017894386897866075,1.4954821311674558,0.0586140900850296,0.835282027721405,-1.4502240419387817,-2.1200544834136963,4.52290678024292,0.077311896,-0.13422959,0.19622764
128,4.326,0.23475313186645508,0.05926939472556114,-0.9464044570922852,-0.018118102103471756,0.1550871878862381,-0.02020755223929882,-0.008781522982886793,-0.013306769428041336,1.49544737691523,0.06165717542171478,0.9587229490280151,-2.1452009677886963,-2.6177613735198975,4.5617570877075195,0.06813702,-0.15246074,0.18604589
129,4.3598,0.23434758186340332,0.06553016602993011,-0.9463415145874023,-0.014491032809019089,0.15929090976715088,0.01947310008108616,-0.010911328848326119,-0.008159951067286656,1.4953842599973952,0.06374436616897583,1.1250975131988525,-2.859325885772705,-2.870476484298706,4.605562686920166,0.06689197,-0.16999944,0.17066239
130,4.3939,0.23409302532672882,0.07190237939357758,-0.9447354078292847,-0.010236158967018127,0.1618122011423111,0.051875654608011246,-0.012709523304374741,-0.001181347960900264,1.4952923809397876,0.065042644739151,1.2650599479675293,-3.5872299671173096,-2.9271159172058105,4.647194862365723,0.0658934,-0.18684869,0.1524652
131,4.4277,0.2340160608291626,0.079936683177948,-0.9412027597427368,-0.004307129420340061,0.16204789280891418,0.08230780065059662,-0.014076600873912675,0.00818574003737379,1.495154562353376,0.06631159782409668,1.4140688180923462,-4.468735218048096,-2.7959189414978027,4.705312728881836,0.064774185,-0.20469914,0.12807253
132,4.4618,0.23413753509521484,0.08630011230707169,-0.9374194145202637,0.0006695387419313192,0.15968507528305054,0.0992719978094101,-0.014594049952823169,0.014665833587471113,1.495067876459894,0.06735475361347198,1.496435284614563,-5.104369640350342,-2.581883192062378,4.756113052368164,0.063272074,-0.21582226,0.10916683
133,4.4957,0.23441079258918762,0.09249887615442276,-0.9329946041107178,0.0057060252875089645,0.15487751364707947,0.10991135239601135,-0.014813941754485046,0.02330998115059645,1.4949692063415065,0.0686136931180954,1.5883578062057495,-5.672032833099365,-2.2766401767730713,4.8100481033325195,0.06288138,-0.2245497,0.09012974
134,4.53,0.2348526418209076,0.09844649583101273,-0.9282853603363037,0.010611672885715961,0.1479225605726242,0.11530835181474686,-0.014719462993922584,0.02951708560464979,1.494871068855337,0.07028616964817047,1.6279776096343994,-6.1305623054504395,-1.9510371685028076,4.861534595489502,0.061328392,-0.2309476,0.07349854
135,4.5638,0.23549748957157135,0.10405714064836502,-0.9235208034515381,0.015499357134103775,0.13889576494693756,0.11631780117750168,-0.014431714679923326,0.03435899126609046,1.4947970329770328,0.07237251847982407,1.6238532066345215,-6.4884443283081055,-1.6194002628326416,4.911182403564453,0.058990803,-0.23571005,0.058829036
136,4.5979,0.23637373745441437,0.10925394296646118,-0.9188560247421265,0.02011120319366455,0.12780660390853882,0.11369618028402328,-0.013867996297964608,0.04018381767101434,1.4946779896763063,0.07476834952831268,1.6023321151733398,-6.767409801483154,-1.2820186614990234,4.961153030395508,0.056645967,-0.23924284,0.045322184
137,4.6322,0.23777559399604797,0.11505216360092163,-0.9132894277572632,0.025742603465914726,0.11194472759962082,0.1078539788722992,-0.01326098490353529,0.043900333873625574,1.4946257917189407,0.07794660329818726,1.4959022998809814,-6.996995449066162,-0.8979767560958862,5.021493434906006,0.051860068,-0.24257243,0.031131133
138,4.6659,0.23915047943592072,0.11906462907791138,-0.9091031551361084,0.029973972588777542,0.09769542515277863,0.1011798158288002,-0.012662837882406193,0.04649592557342246,1.4945795858740278,0.08043789863586426,1.3779151439666748,-7.111596584320068,-0.6052431464195251,5.069470405578613,0.047389485,-0.2445832,0.020815622
139,4.6998,0.24072587490081787,0.12249021977186203,-0.9051649570465088,0.03400690481066704,0.08254075795412064,0.09308572113513947,-0.011655177828812372,0.04917137049402969,1.4945010226218705,0.08274649828672409,1.2370108366012573,-7.181015491485596,-0.3224097490310669,5.116894721984863,0.042398755,-0.24613053,0.011050649
140,4.7339,0.24249449372291565,0.12527908384799957,-0.9015794992446899,0.037572335451841354,0.06651364266872406,0.08428827673196793,-0.010746845361500099,0.050549830996633106,1.494434576752673,0.08476021885871887,1.0654109716415405,-7.196471691131592,-0.06686460971832275,5.160586357116699,0.036610972,-0.24729407,0.0022976846
141,4.7677,0.2444499135017395,0.12739865481853485,-0.8983262777328491,0.04110721871256828,0.05000931769609451,0.07528449594974518,-0.009473560996603394,0.05136919411788802,1.4943742561539828,0.08637136220932007,0.867309033870697,-7.16926383972168,0.16653457283973694,5.200966835021973,0.030017111,-0.24812448,-0.0057636746
142,4.8019,0.24654679000377655,0.1288536638021469,-0.8953818082809448,0.04420997574925423,0.033268898725509644,0.06608186662197113,-0.00854764074297494,0.051455280800124834,1.49433071347016,0.08753123879432678,0.6530547142028809,-7.0941691398620605,0.37912651896476746,5.237893104553223,0.022884507,-0.24859565,-0.013285447
143,4.8357,0.2493143528699875,0.12978394329547882,-0.892204761505127,0.04761309549212456,0.012215216644108295,0.054577022790908813,-0.007040115755746255,0.05097956948922022,1.4942521502180026,0.0883396565914154,0.3657320737838745,-6.944088459014893,0.6123490333557129,5.276681900024414,0.013098118,-0.24869159,-0.021930315
144,4.8702,0.2516315281391144,0.12979485094547272,-0.8900643587112427,0.049901556223630905,-0.004392074886709452,0.04541701078414917,-0.005764426223490072,0.05013615885555974,1.4942159312271777,0.08841443061828613,0.13057373464107513,-6.770672798156738,0.7772414684295654,5.303488254547119,0.0047889627,-0.24832328,-0.028506348
145,4.9038,0.2540467083454132,0.12917779386043549,-0.8882429599761963,0.05167024955153465,-0.02075839973986149,0.03655822202563286,-0.004595846221474164,0.0491722817944652,1.4941580074734684,0.08798528462648392,-0.12427018582820892,-6.557222843170166,0.9173613786697388,5.322146415710449,-0.00469139,-0.2475452,-0.034631796
146,4.9377,0.2565450966358185,0.12793610990047455,-0.8867360353469849,0.05317777022719383,-0.03669453039765358,0.027724962681531906,-0.002828890592997305,0.0474576304937529,1.4940861021240361,0.0870477482676506,-0.3901961147785187,-6.292988300323486,1.0406358242034912,5.335681915283203,-0.015264994,-0.24619013,-0.040711068
147,4.9718,0.2591173052787781,0.12608332931995392,-0.8855483531951904,0.054225631058216095,-0.052241381257772446,0.019135283306241035,-0.0013393566373260278,0.04587272923358711,1.4940344367988887,0.0856146588921547,-0.6556088924407959,-5.9699625968933105,1.147005558013916,5.345324516296387,-0.026805934,-0.24409434,-0.04689771
148,5.0057,0.26170992851257324,0.12359780073165894,-0.8847240209579468,0.054825302213430405,-0.06737020611763,0.010976606048643589,-1.0864322510894914e-05,0.044364568624707626,1.4939926251697744,0.08366084843873978,-0.917539119720459,-5.580610275268555,1.2319480180740356,5.350354194641113,-0.039630007,-0.24103564,-0.053209838
149,5.0401,0.26499810814857483,0.11962553858757019,-0.8841227293014526,0.05499834194779396,-0.08553583174943924,0.0010521129006519914,0.0019811369781802543,0.04204973652164314,1.4939396282640818,0.08053719997406006,-1.2510101795196533,-4.997573375701904,1.3106564283370972,5.348564624786377,-0.058833625,-0.23503035,-0.061638724
150,5.0738,0.2676296532154083,0.11577744036912918,-0.8839632272720337,0.05457892641425133,-0.0993422120809555,-0.006525890901684761,0.003631379831958716,0.04008459411446287,1.4938991482155126,0.07753722369670868,-1.5145083665847778,-4.450215816497803,1.350951910018921,5.341392517089844,-0.07741085,-0.22746323,-0.069051005
151,5.1087,0.2702293395996094,0.11141088604927063,-0.8840922117233276,0.053581271320581436,-0.11243316531181335,-0.01423253957182169,0.005855972385961546,0.037522370990886844,1.4938256449694265,0.07419289648532867,-1.7681875228881836,-3.8367092609405518,1.373490571975708,5.329105377197266,-0.0995104,-0.21592307,-0.07729757
152,5.1428,0.2727801203727722,0.1065027192234993,-0.8845186233520508,0.05214667320251465,-0.1249135434627533,-0.022253485396504402,0.007525020173898139,0.035685913359817044,1.4937757106989875,0.07052120566368103,-2.028925895690918,-3.16652512550354,1.3707200288772583,5.308748722076416,-0.12671962,-0.19777009,-0.08561038
153,5.177,0.27526456117630005,0.10112249106168747,-0.8852217197418213,0.0501493401825428,-0.13676682114601135,-0.030361492186784744,0.010168287138545295,0.03287702534324543,1.4937119279908802,0.06664310395717621,-2.282212495803833,-2.452380895614624,1.3432420492172241,5.283916473388672,-0.1580791,-0.16986594,-0.09304064
154,5.2108,0.2776429057121277,0.0953233391046524,-0.8861536979675293,0.047564271837472916,-0.14786139130592346,-0.038475703448057175,0.012453721480186126,0.030477538007030052,1.493679437425581,0.06267005950212479,-2.511751174926758,-1.7105138301849365,1.2970010042190552,5.259713172912598,-0.19004905,-0.12942426,-0.09813623
155,5.2459,0.28043657541275024,0.08754207193851471,-0.8876968622207642,0.04331319406628609,-0.16049137711524963,-0.04873104766011238,0.014675558286639105,0.0282110297941829,1.4936362942159218,0.05775725841522217,-2.7542386054992676,-0.7790837287902832,1.2105257511138916,5.234787464141846,-0.22156137,-0.06267244,-0.09737927
156,5.2796,0.2843180000782013,0.07408028841018677,-0.8911827802658081,0.03388969972729683,-0.17774276435375214,-0.0647505596280098,0.01825084892917858,0.0244702226495977,1.4935738430883594,0.05074964463710785,-3.035400867462158,0.6212034225463867,0.9769591093063354,5.217488765716553,-0.23358637,0.047804113,-0.075180955
157,5.3138,0.2843180000782013,0.07408028841018677,-0.8911827802658081,0.03388969972729683,-0.17774276435375214,-0.0647505596280098,0.021442474806286613,0.02091134685816774,1.4935223109212665,0.05074964463710785,-3.0940184593200684,0.5939986705780029,0.9482412338256836,5.207419395446777,-0.23509859,0.045134913,-0.07205199
158,5.348,0.2870962619781494,0.05983610078692436,-0.8958003520965576,0.020824698731303215,-0.1900566965341568,-0.07445763051509857,0.025731699640130185,0.015196867908832913,1.493406996046066,0.046102333813905716,-3.211669683456421,1.7996118068695068,0.541235089302063,5.233517169952393,-0.21577597,0.12090688,-0.036362868
159,5.3817,0.28799980878829956,0.05258472263813019,-0.8981900215148926,0.01288690697401762,-0.19369639456272125,-0.0755118653178215,0.028736504766769158,0.010117915943239969,1.4932863548486854,0.04507191479206085,-3.218188762664795,2.316838026046753,0.28008976578712463,5.259708404541016,-0.20238706,0.14570247,-0.017614426
160,5.4158,0.2886355519294739,0.043546050786972046,-0.9010430574417114,0.0017749047838151455,-0.19520089030265808,-0.07082267105579376,0.03265478663087292,0.002071237517515087,1.4930906125085646,0.04510026052594185,-3.167863607406616,2.8841500282287598,-0.09790411591529846,5.303803443908691,-0.18481258,0.16826077,0.0057117078
161,5.4499,0.2887504994869232,0.03635716810822487,-0.9030901193618774,-0.007846116088330746,-0.1939135491847992,-0.06370483338832855,0.03505229324102755,-0.004718297016009516,1.492919504408527,0.04609004408121109,-3.0718045234680176,3.2890961170196533,-0.4025785028934479,5.34526252746582,-0.16995974,0.18198225,0.022274248
162,5.4838,0.2885315418243408,0.029315950348973274,-0.9049125909805298,-0.017718605697155,-0.19048361480236053,-0.05361666902899742,0.036494503162224745,-0.01084169342760435,1.4927685031747195,0.047814708203077316,-2.9247913360595703,3.652235269546509,-0.6985511779785156,5.39249324798584,-0.15455861,0.19299988,0.03691446
163,5.5178,0.28792527318000793,0.022546781226992607,-0.9063050746917725,-0.027618633583188057,-0.18487390875816345,-0.04128853976726532,0.03741889053778045,-0.019330791960124737,1.492579685053433,0.049948956817388535,-2.762848377227783,3.980290651321411,-0.9778493642807007,5.439386367797852,-0.1397383,0.20131364,0.049457297
164,5.5519,0.2868805229663849,0.01614699512720108,-0.9072141647338867,-0.037484899163246155,-0.17714832723140717,-0.0282182265073061,0.03726664094721198,-0.02555743319748733,1.492467965445704,0.05220898985862732,-2.549184560775757,4.269733905792236,-1.1996937990188599,5.490634441375732,-0.12458166,0.20866694,0.05863045
165,5.5859,0.285421758890152,0.010176741518080235,-0.9075279235839844,-0.047197066247463226,-0.16752834618091583,-0.014724095351994038,0.03659284870785433,-0.030490023655234403,1.492404049579542,0.054393649101257324,-2.305210828781128,4.523304462432861,-1.3643726110458374,5.543870449066162,-0.109626286,0.21510963,0.06488391
166,5.6199,0.28309470415115356,0.003391396487131715,-0.9072462320327759,-0.05871075764298439,-0.15320433676242828,0.0019464967772364616,0.03482046090694695,-0.03648290592791529,1.4923792821814044,0.056919634342193604,-1.982396125793457,4.80197286605835,-1.505972146987915,5.610878944396973,-0.09162566,0.22194551,0.06960551
167,5.6541,0.2808530926704407,-0.0013652443885803223,-0.9064652919769287,-0.06727868318557739,-0.14022478461265564,0.014304026961326599,0.03285186471272799,-0.04041569993936538,1.492430947506552,0.058593861758708954,-1.7132930755615234,4.990665912628174,-1.5612318515777588,5.662744522094727,-0.07783893,0.22673768,0.07093043
168,5.6877,0.27830544114112854,-0.005477604456245899,-0.9052001237869263,-0.07522623240947723,-0.12598660588264465,0.025473373010754585,0.029862287457978302,-0.04428066240561331,1.492522693406105,0.05987679213285446,-1.4388432502746582,5.156198501586914,-1.5680346488952637,5.71258544921875,-0.064486064,0.23109047,0.07027616
169,5.7219,0.27541273832321167,-0.008917124941945076,-0.9035305976867676,-0.0823696032166481,-0.11060064285993576,0.03534191846847534,0.027467104871993685,-0.04636293396648663,1.4926345461718886,0.06070806086063385,-1.160421371459961,5.279283046722412,-1.5270190238952637,5.756172180175781,-0.05164896,0.23497455,0.06796578
170,5.7557,0.27223435044288635,-0.011619375087320805,-0.9015313386917114,-0.08869005739688873,-0.09463153034448624,0.04362626373767853,0.023789593576379102,-0.04848743327539451,1.492803790059163,0.0610605925321579,-0.8767678141593933,5.3828654289245605,-1.4475047588348389,5.7969651222229,-0.038845733,0.23849113,0.06413258
171,5.7898,0.2687772214412689,-0.01359726581722498,-0.899341344833374,-0.09404485672712326,-0.07808156311511993,0.050214555114507675,0.02066011506002159,-0.04954125860230647,1.492971835523947,0.060961149632930756,-0.5973135828971863,5.445637226104736,-1.3333091735839844,5.828492164611816,-0.02648505,0.24146107,0.0591193
172,5.8239,0.2641512155532837,-0.015071483328938484,-0.8963266611099243,-0.0995514914393425,-0.056911490857601166,0.05651005357503891,0.017899981616749844,-0.05004101742561666,1.4931179099097378,0.0602412112057209,-0.26180803775787354,5.463383674621582,-1.1458607912063599,5.851015090942383,-0.011712141,0.24440777,0.051260777
173,5.8578,0.2602861821651459,-0.015431004576385021,-0.8937538862228394,-0.10278330743312836,-0.03981877863407135,0.05962925776839256,0.013957906072781905,-0.05013783581480865,1.4933156496206763,0.059205759316682816,0.012378614395856857,5.45153284072876,-0.9543758630752563,5.862097263336182,0.00055916136,0.24625427,0.04311065
174,5.8922,0.2563498020172119,-0.015158131718635559,-0.8911241292953491,-0.10503751784563065,-0.022701524198055267,0.060863371938467026,0.01082620756198446,-0.04980487826071069,1.493477303498844,0.05788709595799446,0.27198195457458496,5.39414644241333,-0.7264034748077393,5.8567376136779785,0.012477086,0.24745476,0.03332353
175,5.9259,0.25232356786727905,-0.01416660938411951,-0.8884323835372925,-0.10642974823713303,-0.005592084024101496,0.06080254539847374,0.008144439714382895,-0.049236289206789574,1.493628704206815,0.05620957165956497,0.5248692631721497,5.287593364715576,-0.46152082085609436,5.83388614654541,0.024602085,0.24784423,0.021632766
176,5.9599,0.24827058613300323,-0.012508011423051357,-0.8858435153961182,-0.10683277994394302,0.01131594367325306,0.05904378741979599,0.004435612349121963,-0.048074114835403414,1.4938220497019548,0.05425560101866722,0.7857882976531982,5.143474578857422,-0.15871915221214294,5.79803991317749,0.037737843,0.24701771,0.0076225596
177,5.9937,0.24427595734596252,-0.010189361870288849,-0.8835084438323975,-0.10630565136671066,0.02792319469153881,0.055519405752420425,0.0015803523001436703,-0.04684766673558388,1.4939541424920229,0.05203966051340103,1.0361639261245728,4.941380977630615,0.17294052243232727,5.740717887878418,0.05127686,0.24453513,-0.008558343
178,6.0278,0.23943787813186646,-0.006425817962735891,-0.8808393478393555,-0.10441085696220398,0.048105187714099884,0.04873887449502945,-0.0018354452917589443,-0.04504922156788576,1.4940857026498726,0.04898447170853615,1.3372173309326172,4.604301452636719,0.6336542367935181,5.64076566696167,0.06912478,0.23801017,-0.03275549
179,6.0619,0.23575036227703094,-0.002681227633729577,-0.8789693117141724,-0.10187569260597229,0.06383930146694183,0.041148118674755096,-0.004115402077999512,-0.04361984059300218,1.4941560101026508,0.046290233731269836,1.5953878164291382,4.277188301086426,1.0411783456802368,5.54950475692749,0.08518239,0.22837152,-0.055591535
180,6.0958,0.23222801089286804,0.0016149840084835887,-0.8774044513702393,-0.09837625175714493,0.07908417284488678,0.03132392093539238,-0.007264111010111187,-0.04135773491833206,1.4942398996769883,0.04350591078400612,1.856831669807434,3.8914566040039062,1.4658112525939941,5.44945764541626,0.10193178,0.21362361,-0.0804665
181,6.13,0.22886905074119568,0.006358027923852205,-0.8762656450271606,-0.09427182376384735,0.09355956315994263,0.01869003102183342,-0.00966782091307056,-0.039303984148257816,1.494299021853188,0.04076506942510605,2.116300344467163,3.450019598007202,1.8809254169464111,5.344803810119629,0.118544355,0.1932525,-0.10535985
182,6.1637,0.2257104218006134,0.011530586518347263,-0.8755521774291992,-0.08935058861970901,0.1073857843875885,0.004748762119561434,-0.011719396421488809,-0.03736085443196274,1.4943456271722644,0.03815731406211853,2.3708336353302,2.954569101333618,2.254725694656372,5.243325233459473,0.13444935,0.16755283,-0.1278649
183,6.198,0.22285428643226624,0.017158349975943565,-0.8753316402435303,-0.0836867019534111,0.12062585353851318,-0.012180653400719166,-0.014627805519639922,-0.034192154626770006,1.494366932460985,0.035712890326976776,2.6294052600860596,2.4076297283172607,2.5952889919281006,5.149056434631348,0.14906739,0.13649438,-0.14713325
184,6.2321,0.21974007785320282,0.024767154827713966,-0.8760219812393188,-0.07533379644155502,0.13570472598075867,-0.034717973321676254,-0.016908816517157702,-0.03130178636440958,1.4943541492877526,0.03307420760393143,2.904475212097168,1.639961838722229,2.8890557289123535,5.037554740905762,0.1645513,0.09291106,-0.16367772
185,6.2658,0.21764980256557465,0.031304631382226944,-0.8772971630096436,-0.06780795753002167,0.14662720263004303,-0.053767718374729156,-0.018855944095979803,-0.02847041128138361,1.4943071444945129,0.0315968319773674,3.0986790657043457,0.9590420722961426,3.0299718379974365,4.956748008728027,0.17452517,0.05401559,-0.17065541
186,6.3002,0.21590091288089752,0.03815188258886337,-0.8791381120681763,-0.05954869091510773,0.15651759505271912,-0.07303639501333237,-0.021553516140175307,-0.023785998308907496,1.4942309780873364,0.031098032370209694,3.282186269760132,0.22423434257507324,3.098069429397583,4.888472080230713,0.18157834,0.012405177,-0.17139256
187,6.334,0.2145431935787201,0.045274216681718826,-0.8816291093826294,-0.050663962960243225,0.16509050130844116,-0.09145864844322205,-0.0236352488270468,-0.019393370003957792,1.4941327074431126,0.031796492636203766,3.414449691772461,-0.5653412342071533,3.072396755218506,4.8299055099487305,0.18444817,-0.030539665,-0.1659705
188,6.3679,0.2135450541973114,0.052625227719545364,-0.8848135471343994,-0.04136703908443451,0.1719142198562622,-0.10800378769636154,-0.02605970329848167,-0.01324026010070851,1.4939698551424543,0.033898625522851944,3.519901752471924,-1.3931236267089844,2.963690757751465,4.787559509277344,0.18303466,-0.07244234,-0.15411173
189,6.4018,0.21290303766727448,0.060198329389095306,-0.8885968923568726,-0.0314798429608345,0.17707431316375732,-0.12204520404338837,-0.027547469919076032,-0.008507773949664565,1.493842955516512,0.03744974732398987,3.550776958465576,-2.250596761703491,2.7720937728881836,4.759760856628418,0.17628218,-0.111733325,-0.13762361
190,6.4359,0.2125246524810791,0.06975926458835602,-0.8939779996871948,-0.018734239041805267,0.1809573918581009,-0.13478203117847443,-0.029284454322242165,-0.001228112055352187,1.4936157878755283,0.04365916922688484,3.536407470703125,-3.3185651302337646,2.4556663036346436,4.7534027099609375,0.16264038,-0.15262175,-0.11293678
191,6.4698,0.21257120370864868,0.07743913680315018,-0.8986607789993286,-0.008383183740079403,0.181862473487854,-0.1405586153268814,-0.030262614665276855,0.004931940792082717,1.4934275023864596,0.04969329014420509,3.4764575958251953,-4.140511989593506,2.155942440032959,4.767683029174805,0.14932072,-0.17784317,-0.092601985
192,6.5048,0.2129235863685608,0.08500658720731735,-0.9034745693206787,0.0019141174852848053,0.180738165974617,-0.14232149720191956,-0.030780998971460777,0.01047349060095488,1.4932452090098436,0.05629180744290352,3.370955467224121,-4.893205165863037,1.8327362537384033,4.792275428771973,0.1355283,-0.19672991,-0.07368463
193,6.5391,0.2136557400226593,0.09239871799945831,-0.908292293548584,0.012137114070355892,0.1776072382926941,-0.13994452357292175,-0.03087874530584509,0.01836451181226532,1.4929786265847267,0.0631449967622757,3.2529773712158203,-5.575154781341553,1.5045504570007324,4.826297283172607,0.122701794,-0.21029396,-0.056751404
194,6.5733,0.21477589011192322,0.0995216816663742,-0.9129552841186523,0.02222207561135292,0.1725086122751236,-0.13392223417758942,-0.03037045812526285,0.024548120111482517,1.4927759600257717,0.0699983462691307,3.0829873085021973,-6.148928165435791,1.1715606451034546,4.855396747589111,0.11046041,-0.22031006,-0.041975867
195,6.607,0.2163238376379013,0.10633230954408646,-0.9172459840774536,0.03203648328781128,0.16557839512825012,-0.1256377100944519,-0.02903362199825953,0.03167119801652259,1.4925462623817525,0.07663174718618393,2.870994806289673,-6.615444660186768,0.8550534248352051,4.87713623046875,0.09883511,-0.22773926,-0.029435547
196,6.6408,0.21880094707012177,0.11428074538707733,-0.9220643043518066,0.04379178211092949,0.15413089096546173,-0.11264556646347046,-0.0277141983674772,0.03611510673661853,1.4923927311449092,0.0844307541847229,2.575589656829834,-7.063807964324951,0.4875100553035736,4.8925371170043945,0.08545986,-0.23438206,-0.016175922
197,6.6752,0.22114813327789307,0.12011348456144333,-0.925447940826416,0.052442047744989395,0.1432419717311859,-0.10106369853019714,-0.025385209898743266,0.041588194059975596,1.4922048451300043,0.09017066657543182,2.3180391788482666,-7.326710224151611,0.21710112690925598,4.894056797027588,0.07538118,-0.23826003,-0.0070599928
198,6.7089,0.2238059788942337,0.12537963688373566,-0.9283705949783325,0.06055082008242607,0.13089995086193085,-0.0886305496096611,-0.023172514184672525,0.04518238794476813,1.4920710212852277,0.09533616900444031,2.048210859298706,-7.524548053741455,-0.028924912214279175,4.889591217041016,0.06566137,-0.24122132,0.00092727237
199,6.7432,0.22672200202941895,0.1300068497657776,-0.9307485818862915,0.06800569593906403,0.11724991351366043,-0.0761341005563736,-0.02108118579549834,0.04771862860295908,1.4919718185346222,0.09982123970985413,1.7580068111419678,-7.647095203399658,-0.25055575370788574,4.880746841430664,0.05598342,-0.24352042,0.007978904
200,6.777,0.2298944592475891,0.13393527269363403,-0.9325941801071167,0.07452338188886642,0.10267306119203568,-0.06394603103399277,-0.017900227126912836,0.050464122982613796,1.4918278746777036,0.10356508195400238,1.4618427753448486,-7.728394508361816,-0.4424915909767151,4.869876384735107,0.046390787,-0.24525641,0.014042231
201,6.8111,0.23329046368598938,0.1371077299118042,-0.9338921308517456,0.08027669042348862,0.08713927119970322,-0.052088942378759384,-0.015273847828498414,0.05192127157305065,1.4917242777112993,0.106509730219841,1.15452241897583,-7.754541873931885,-0.6109402775764465,4.859941482543945,0.036703784,-0.24652708,0.019422594
202,6.8447,0.23785924911499023,0.13998478651046753,-0.9347972869873047,0.08632422983646393,0.0668303370475769,-0.03780526667833328,-0.012944302800708544,0.05271600461541153,1.4916331976020187,0.10906647145748138,0.7599624991416931,-7.719259738922119,-0.7916860580444336,4.851983070373535,0.02436753,-0.24751128,0.025384719
203,6.879,0.2457735240459442,0.1421482115983963,-0.9349431991577148,0.0931515321135521,0.03316338732838631,-0.017507636919617653,-0.009613634947563156,0.05315360359440358,1.4915081621888395,0.11082601547241211,0.42799168825149536,-7.65915060043335,-0.9163531064987183,4.8450026512146,0.013849721,-0.24784851,0.029652996
204,6.913,0.2457735240459442,0.1421482115983963,-0.9349431991577148,0.0931515321135521,0.03316338732838631,-0.017507636919617653,-0.006994905995498907,0.05298533758659181,1.4913871215172954,0.11082601547241211,0.08890339732170105,-7.552025318145752,-1.0264999866485596,4.842333793640137,0.0029160175,-0.24770525,0.03366904
205,6.9471,0.2539978325366974,0.14143124222755432,-0.9338734149932861,0.09704381972551346,-0.0006047864444553852,0.00011831166921183467,-0.0038083897986581398,0.05220895122742805,1.4912483708245023,0.1100618988275528,-0.2526431679725647,-7.403697967529297,-1.128462314605713,4.843504905700684,-0.008428784,-0.2470052,0.03764822
206,6.9809,0.2580976188182831,0.13998842239379883,-0.93291175365448,0.09773284196853638,-0.01734749600291252,0.007909005507826805,-0.0016192304209067866,0.05136083012758949,1.491171405468999,0.1087571457028389,-0.9255289435386658,-6.962452411651611,-1.305767297744751,4.864931106567383,-0.03238813,-0.24364534,0.04569426
207,7.0148,0.26312974095344543,0.1371225118637085,-0.931347131729126,0.09738335758447647,-0.03790007904171944,0.0168285071849823,0.0014628864802366476,0.0497556971655175,1.4910225347640635,0.10624628514051437,-0.9520293474197388,-6.9783830642700195,-1.3125895261764526,4.856834411621094,-0.033221334,-0.24351266,0.045803186
208,7.049,0.26709043979644775,0.1340828537940979,-0.9298311471939087,0.09629958122968674,-0.05373670533299446,0.02358362264931202,0.003886953570964128,0.048215678492097944,1.4909150762140788,0.10365655273199081,-1.6788949966430664,-6.219460964202881,-1.474758505821228,4.914915561676025,-0.063510515,-0.23527448,0.055788282
209,7.0834,0.27099305391311646,0.13040244579315186,-0.9280887842178345,0.09464104473590851,-0.06925199925899506,0.02981799840927124,0.005987796779325867,0.046714096723348794,1.4908124113540564,0.1005997359752655,-1.9977200031280518,-5.781785488128662,-1.5330500602722168,4.951282501220703,-0.07919466,-0.22920455,0.06077397
210,7.1178,0.2748209238052368,0.12611664831638336,-0.9261287450790405,0.0922466367483139,-0.08417065441608429,0.03614893928170204,0.008961073095520475,0.044313656474805875,1.4906859112022774,0.09713888168334961,-2.3140504360198975,-5.279119968414307,-1.5882612466812134,4.992372989654541,-0.096760035,-0.22074187,0.06641178
211,7.152,0.27851706743240356,0.12127818167209625,-0.9240012168884277,0.08899416774511337,-0.0984351858496666,0.04234536737203598,0.01136943624830638,0.042215509977122166,1.490567666849878,0.09336090832948685,-2.602526903152466,-4.700772762298584,-1.6326628923416138,5.041684627532959,-0.115859576,-0.20926952,0.072683066
212,7.1857,0.2820415794849396,0.1159968301653862,-0.9217833280563354,0.08504332602024078,-0.1117691919207573,0.04829297214746475,0.013500175260424536,0.04024830778128629,1.4904950957101732,0.08941483497619629,-2.8637354373931885,-4.060825824737549,-1.666776418685913,5.09516716003418,-0.13659917,-0.19369996,0.07950465
213,7.22,0.28619328141212463,0.10882025957107544,-0.9187257289886475,0.07918818295001984,-0.12733010947704315,0.05599061772227287,0.016609362777929706,0.03721210440151421,1.4903812455735725,0.08429034054279327,-3.1606879234313965,-3.196027994155884,-1.693053960800171,5.163444519042969,-0.16450861,-0.16634801,0.08812068
214,7.254,0.2892633080482483,0.1027197316288948,-0.9160487651824951,0.0737500861287117,-0.13876044750213623,0.062090739607810974,0.019083654772154585,0.034607185396118234,1.4902884344095833,0.08016348630189896,-3.3661532402038574,-2.4773099422454834,-1.6944109201431274,5.217134475708008,-0.18659852,-0.1373266,0.09392757
215,7.2876,0.29208531975746155,0.09633760899305344,-0.9131433963775635,0.06754741817712784,-0.14918185770511627,0.06840138882398605,0.022302442811786824,0.031064253201120526,1.4901725869021647,0.07608949393033981,-3.550151824951172,-1.7662792205810547,-1.6837056875228882,5.266092300415039,-0.20602465,-0.102501824,0.097709864
216,7.3221,0.2946700155735016,0.0897061750292778,-0.9100544452667236,0.060771048069000244,-0.15855205059051514,0.07454418390989304,0.02460497860075571,0.028329873357827686,1.4901058747168583,0.07219290733337402,-3.690211057662964,-1.0682430267333984,-1.6477664709091187,5.315362453460693,-0.22069669,-0.06388732,0.09854629
217,7.3558,0.2970004677772522,0.0828869491815567,-0.9068334102630615,0.05314689129590988,-0.1667071431875229,0.08052223175764084,0.02806097106972994,0.023873620469960305,1.490014661449523,0.0686124861240387,-3.8150768280029297,-0.4203774631023407,-1.6063400506973267,5.356396675109863,-0.22923002,-0.025258504,0.096517414
218,7.3899,0.2990068793296814,0.0759492889046669,-0.9035500288009644,0.044752586632966995,-0.17360983788967133,0.08552582561969757,0.03082602303863993,0.019833392875660737,1.489929040820477,0.06544660776853561,-3.8940086364746094,0.17927661538124084,-1.541841745376587,5.393921375274658,-0.23222953,0.010691636,0.09195182
219,7.4239,0.3010005056858063,0.06723187863826752,-0.8992906808853149,0.03321694955229759,-0.18013189733028412,0.09026790410280228,0.033159551364794614,0.015949846538431095,1.4898685870637323,0.06218154355883598,-3.920095443725586,0.8478754758834839,-1.415655255317688,5.434604644775391,-0.23041774,0.049836937,0.083210245
220,7.4581,0.30216264724731445,0.06028832495212555,-0.8957805633544922,0.02295476570725441,-0.1835005283355713,0.09240379929542542,0.03620366932643128,0.009913987503659053,1.4897539379788043,0.06020577996969223,-3.928701162338257,1.3171000480651855,-1.2971742153167725,5.451964378356934,-0.22620857,0.0758366,0.0746893
221,7.492,0.30288147926330566,0.05343387648463249,-0.8921650648117065,0.01215238869190216,-0.18511326611042023,0.09273476153612137,0.0382648145297197,0.004691219117566676,1.4896607273406515,0.058794744312763214,-3.8879709243774414,1.7443639039993286,-1.1348804235458374,5.46245813369751,-0.22041231,0.09888945,0.06433732
222,7.5261,0.3030935227870941,0.04672010615468025,-0.8885687589645386,0.0007665842422284186,-0.1849023550748825,0.09183000773191452,0.03971665344273321,-4.4617798573894305e-05,1.489578435662968,0.05790303647518158,-3.80107045173645,2.1360390186309814,-0.9453790187835693,5.466451644897461,-0.21299522,0.119694196,0.05297487
223,7.56,0.30282413959503174,0.040169116109609604,-0.8850762844085693,-0.011142467148602009,-0.18288476765155792,0.0893840342760086,0.041132668677895945,-0.006815558220690234,1.4894957445111212,0.057516276836395264,-3.696929931640625,2.504251718521118,-0.746180534362793,5.462283134460449,-0.20415196,0.13828985,0.0412056
224,7.5938,0.3020695745944977,0.033819105476140976,-0.8818392753601074,-0.023352649062871933,-0.1789839267730713,0.08540709316730499,0.04165007510461711,-0.012103658317570919,1.4894368886510303,0.057550884783267975,-3.5449469089508057,2.8475887775421143,-0.5292004346847534,5.457941055297852,-0.1935981,0.15551369,0.028900912
225,7.6278,0.30043232440948486,0.026300864294171333,-0.8780635595321655,-0.03870652616024017,-0.17177189886569977,0.07849885523319244,0.04157035504186127,-0.018396869219509785,1.4893984059732788,0.05801794305443764,-3.3095006942749023,3.2431182861328125,-0.24234822392463684,5.454616069793701,-0.17831467,0.174738,0.013057632
226,7.6618,0.29855483770370483,0.02069159969687462,-0.8753374814987183,-0.050873417407274246,-0.1637994945049286,0.07156457006931305,0.041025867595805364,-0.022487551232898747,1.4893844243775558,0.05856231227517128,-3.083448886871338,3.527143716812134,-0.003405839204788208,5.455870628356934,-0.16454141,0.1882182,0.00018174505
227,7.6958,0.29619359970092773,0.015491651371121407,-0.8728835582733154,-0.06287199258804321,-0.154344379901886,0.06370231509208679,0.039610792789402556,-0.027794546769802732,1.489410390198184,0.05914784595370293,-2.8366785049438477,3.797880172729492,0.2278921902179718,5.461330890655518,-0.14943115,0.20006552,-0.012004953
228,7.7301,0.2934112548828125,0.01072657946497202,-0.8707258701324463,-0.07435236871242523,-0.143611341714859,0.054649464786052704,0.037956295639812426,-0.03157081556877802,1.4894483402437177,0.05972026661038399,-2.5593342781066895,4.040717124938965,0.4665340483188629,5.4707536697387695,-0.13313915,0.21020217,-0.024269572
229,7.7641,0.29020971059799194,0.006491201464086771,-0.8688757419586182,-0.0850897803902626,-0.1314835399389267,0.04479203745722771,0.0361721899301087,-0.03451842931100754,1.4895210445414768,0.060145601630210876,-2.2616190910339355,4.251677989959717,0.7061721086502075,5.4811296463012695,-0.11616455,0.21838082,-0.03627143
230,7.7991,0.2865964472293854,0.002783315721899271,-0.8673319816589355,-0.09520193934440613,-0.1181224063038826,0.03424271568655968,0.03311430467399309,-0.03809835031683293,1.4896454141643836,0.0603608563542366,-1.9443894624710083,4.447788715362549,0.9380770921707153,5.493529319763184,-0.09832001,0.2249069,-0.04743481
231,7.8328,0.28159505128860474,-0.0010834294371306896,-0.8659741878509521,-0.10658411681652069,-0.10032881796360016,0.020987898111343384,0.03032096494087941,-0.04042910729097825,1.4897877601246483,0.06025431677699089,-1.5283639430999756,4.632229328155518,1.2102514505386353,5.5048370361328125,-0.07602668,0.23042484,-0.060202546
232,7.867,0.277239590883255,-0.0035494149196892977,-0.865323543548584,-0.1147843673825264,-0.08513791859149933,0.010071332566440105,0.02648797705246924,-0.042652609613409824,1.4899861656258593,0.059837739914655685,-1.1828889846801758,4.744633197784424,1.4123247861862183,5.5106201171875,-0.058101665,0.23304899,-0.06937119
233,7.9009,0.2725868821144104,-0.005481477361172438,-0.8650444746017456,-0.12185225635766983,-0.06942492723464966,-0.0013927274849265814,0.023611675690210394,-0.043805566950710785,1.4901392973885388,0.05913744494318962,-0.8222042918205261,4.837638854980469,1.6026065349578857,5.516751289367676,-0.039819393,0.23428708,-0.07761431
234,7.9349,0.2676304578781128,-0.006891896482557058,-0.8651224374771118,-0.1278436928987503,-0.05350275710225105,-0.012477030977606773,0.0201307556173141,-0.04469414729317254,1.4902972228411804,0.058169517666101456,-0.45115020871162415,4.888959884643555,1.776646375656128,5.517887592315674,-0.021601446,0.23408745,-0.0850673
235,7.9687,0.2623728811740875,-0.007765502668917179,-0.8655681610107422,-0.1327970176935196,-0.037582606077194214,-0.023403747007250786,0.015613686949241241,-0.045193115490534105,1.49052958364629,0.05694565922021866,-0.0591655857861042,4.915160655975342,1.9315767288208008,5.518822193145752,-0.0028006528,0.23266327,-0.09143281
236,8.0029,0.25691500306129456,-0.00809482391923666,-0.8664027452468872,-0.1366385519504547,-0.02147075906395912,-0.033962495625019073,0.012391197531812712,-0.04517738619534582,1.4906574153786136,0.05552380904555321,0.33145079016685486,4.88962459564209,2.069373369216919,5.508633613586426,0.015576191,0.22978291,-0.09724809
237,8.0379,0.24983900785446167,-0.007714219857007265,-0.8679076433181763,-0.13968180119991302,-0.0016233139904215932,-0.046535857021808624,0.007736744601451341,-0.04468944931056207,1.490836646119976,0.05356213450431824,0.8355701565742493,4.809271812438965,2.2163939476013184,5.488930702209473,0.038965654,0.22427373,-0.103358455
238,8.0718,0.24408406019210815,-0.006780486088246107,-0.8694745302200317,-0.1408011019229889,0.01401321217417717,-0.05594242736697197,0.004037651818182759,-0.0439075410533256,1.4909576867915202,0.05194632336497307,1.2445018291473389,4.699284076690674,2.3125784397125244,5.4637651443481445,0.057794403,0.21823376,-0.10739566
239,8.1062,0.23827789723873138,-0.005294515285640955,-0.8713301420211792,-0.1408505141735077,0.029331350699067116,-0.06472843885421753,0.0008255194706439542,-0.04298380698447481,1.4910872495785525,0.05039406195282936,1.6558868885040283,4.544127941131592,2.389112710952759,5.427372932434082,0.076741844,0.21059698,-0.11072309
240,8.14,0.23241810500621796,-0.0033066594041883945,-0.8735097646713257,-0.1399002969264984,0.04417100548744202,-0.07291190326213837,-0.003701086773119914,-0.04127544740183782,1.4911957733929733,0.049048811197280884,2.0878758430480957,4.359549045562744,2.4409565925598145,5.387264251708984,0.09639162,0.20126866,-0.11269241
241,8.1739,0.22656944394111633,-0.0008284563664346933,-0.876003623008728,-0.1379656195640564,0.058400850743055344,-0.0806656926870346,-0.007260844996735287,-0.03960254115121251,1.4912853887636544,0.048041414469480515,2.5189924240112305,4.127148628234863,2.466948986053467,5.333600997924805,0.11601582,0.19008178,-0.11361889
242,8.2077,0.22084906697273254,0.0021477059926837683,-0.8788350820541382,-0.13486388325691223,0.07202151417732239,-0.08769849687814713,-0.011666034371443647,-0.037151550776228524,1.4913815288790062,0.04744391888380051,2.957073211669922,3.858905076980591,2.4647295475006104,5.27377986907959,0.1356277,0.17699069,-0.11304611
243,8.2414,0.2140018492937088,0.0064911795780062675,-0.8827394247055054,-0.12931697070598602,0.0878710001707077,-0.0952664464712143,-0.014627100198069972,-0.03527743854405853,1.4914222752436845,0.04745094105601311,3.470472574234009,3.452465534210205,2.4150705337524414,5.177596092224121,0.15894532,0.1581206,-0.11060861
244,8.2755,0.2088112235069275,0.01038394682109356,-0.8860288858413696,-0.12356103211641312,0.09955952316522598,-0.10021674633026123,-0.017899948327236216,-0.03291962759830829,1.4914513036995662,0.04817246273159981,3.8756790161132812,3.0949833393096924,2.3518917560577393,5.097740650177002,0.17651416,0.14095812,-0.10711471
245,8.3099,0.20390138030052185,0.014636985026299953,-0.8893485069274902,-0.11687808483839035,0.11045510321855545,-0.10421577095985413,-0.021866387633989178,-0.02968139224093467,1.4914473089579312,0.04952286556363106,4.272818565368652,2.706505537033081,2.276867151260376,5.015128135681152,0.19258258,0.12198641,-0.10262194
246,8.3442,0.19928374886512756,0.01923663727939129,-0.8928127288818359,-0.10928282141685486,0.12045717984437943,-0.10716260224580765,-0.024568738803984615,-0.027210871324425234,1.4914228078759024,0.05147305503487587,4.6354594230651855,2.2772228717803955,2.1692616939544678,4.923016548156738,0.20687774,0.101631075,-0.09681284
247,8.3778,0.19500713050365448,0.024130580946803093,-0.8963123559951782,-0.1006913110613823,0.1292555034160614,-0.10898582637310028,-0.02824118385174424,-0.023410486353422518,1.4913505030523069,0.05395449325442314,4.9786176681518555,1.8297889232635498,2.046088695526123,4.834469318389893,0.21892974,0.08046314,-0.08997471
248,8.4118,0.19108621776103973,0.029244353994727135,-0.8997310400009155,-0.09125467389822006,0.13717736303806305,-0.10978630930185318,-0.030965383345651333,-0.020156931577997136,1.4912754019095666,0.05688190832734108,5.275793552398682,1.3524574041366577,1.90590500831604,4.743852615356445,0.22857793,0.058596287,-0.082574844
249,8.4459,0.1867062747478485,0.03586779534816742,-0.9040223360061646,-0.07837103307247162,0.14534509181976318,-0.10896515846252441,-0.03316431384583773,-0.017194022344553774,1.4911852539066675,0.06105055660009384,5.573144435882568,0.7300090789794922,1.686272382736206,4.635217189788818,0.23742783,0.031099943,-0.071838796
250,8.4796,0.18112263083457947,0.046676941215991974,-0.9107887744903564,-0.05549684539437294,0.1541796177625656,-0.10470879822969437,-0.03595494672537469,-0.01277841699312103,1.491054093222981,0.06830158084630966,5.884117603302002,-0.2832920253276825,1.2697134017944336,4.498768329620361,0.24410503,-0.011752485,-0.05267458
251,8.5132,0.18112263083457947,0.046676941215991974,-0.9107887744903564,-0.05549684539437294,0.1541796177625656,-0.10470879822969437,-0.037843956014892315,-0.009106820827958866,1.4909113477885527,0.06830158084630966,5.919785976409912,-0.2775770425796509,1.2923858165740967,4.505213260650635,0.2439912,-0.011440677,-0.05326726
252,8.547,0.17760547995567322,0.05753512680530548,-0.9171478748321533,-0.03026188723742962,0.1581314653158188,-0.09437711536884308,-0.0398169339413423,-0.004307566315554193,1.4907199996642306,0.07539229840040207,6.008316993713379,-0.7926056385040283,1.062781810760498,4.461986541748047,0.24412727,-0.032204803,-0.04318248
253,8.5808,0.17667722702026367,0.06294390559196472,-0.9201095104217529,-0.01704423874616623,0.15810087323188782,-0.08817838132381439,-0.04087011428392776,-0.0007987674453305927,1.4905571473635721,0.0786883533000946,6.016504287719727,-1.8236854076385498,0.5641582012176514,4.43070650100708,0.23829304,-0.07222991,-0.022344366
254,8.6149,0.17623519897460938,0.06966078281402588,-0.9234477281570435,-0.00023690919624641538,0.15641875565052032,-0.07942242920398712,-0.041737913647508486,0.0031793467279178952,1.4903503529049276,0.08251041173934937,6.050290107727051,-1.8367005586624146,0.5857152938842773,4.433891296386719,0.23820028,-0.07231101,-0.023059646
255,8.6489,0.17642395198345184,0.07494702190160751,-0.9257571697235107,0.013150516897439957,0.1535165160894394,-0.07093506306409836,-0.04223999025320488,0.007998525534376374,1.4901049426104767,0.08528780192136765,5.855092525482178,-2.9684975147247314,0.05423876643180847,4.479497909545898,0.22297189,-0.11304544,-0.0020655044
256,8.6829,0.17706003785133362,0.08006249368190765,-0.9277335405349731,0.02645399607717991,0.1495305597782135,-0.06246744841337204,-0.0422054315768719,0.011357116007372863,1.489927176607714,0.08778257668018341,5.724597454071045,-3.4448487758636475,-0.14324124157428741,4.523978233337402,0.21415727,-0.12887184,0.005358657
257,8.717,0.1781332641839981,0.08498422056436539,-0.9294849634170532,0.03950662165880203,0.14429743587970734,-0.052678901702165604,-0.041620468243435994,0.016019782605072797,1.4896503410124002,0.09002262353897095,5.5738396644592285,-3.905254602432251,-0.3281121551990509,4.5809245109558105,0.20450887,-0.14328708,0.012038711
258,8.7511,0.17967888712882996,0.08970685303211212,-0.9309465885162354,0.052301812916994095,0.1380610466003418,-0.04279329627752304,-0.04066744772497273,0.019688799873226248,1.4894382202315755,0.09193979948759079,5.384312152862549,-4.3297600746154785,-0.49493372440338135,4.645827293395996,0.19432485,-0.15626508,0.01786262
259,8.7847,0.1816788613796234,0.09420427680015564,-0.9320274591445923,0.06459800899028778,0.13073976337909698,-0.03313038498163223,-0.03951399104496738,0.022784493694442583,1.4892474047394713,0.0934886708855629,5.162394046783447,-4.712413311004639,-0.6349936723709106,4.716062545776367,0.18388331,-0.1678551,0.022618331
260,8.8189,0.18486382067203522,0.09943003207445145,-0.932863712310791,0.07935861498117447,0.12006109207868576,-0.021644150838255882,-0.03739340741509976,0.026929508355258362,1.4889880128492976,0.09484215825796127,4.840443134307861,-5.1372857093811035,-0.769251823425293,4.807971000671387,0.1704325,-0.18088435,0.027085433
261,8.8528,0.1879621148109436,0.10323963314294815,-0.9331178665161133,0.09051823616027832,0.11034049093723297,-0.013165508396923542,-0.03537778146050567,0.02991284798739238,1.4888043878921366,0.09543131291866302,4.542300224304199,-5.421253681182861,-0.8469955921173096,4.880568027496338,0.15941939,-0.19026768,0.029726682
262,8.8868,0.191515251994133,0.10667736828327179,-0.9330364465713501,0.10101676732301712,0.0999201238155365,-0.005378837697207928,-0.0324908170509135,0.03321419194022247,1.488561374442667,0.09560170769691467,4.207152843475342,-5.649581432342529,-0.9018867015838623,4.949399948120117,0.14810789,-0.1988869,0.031749867
263,8.9209,0.19545738399028778,0.10970498621463776,-0.9326460361480713,0.11079896241426468,0.08873967081308365,0.001839738106355071,-0.030265571190205762,0.03520729753884857,1.4884304800750894,0.0953865796327591,3.8411865234375,-5.844600200653076,-0.9337418079376221,5.012811660766602,0.13609809,-0.20708157,0.03308365
264,8.955,0.19971920549869537,0.11231936514377594,-0.932034969329834,0.11964885890483856,0.07682042568922043,0.008147564716637135,-0.0268861362801929,0.03764218827280519,1.4882227535100632,0.09486810117959976,3.444876194000244,-5.972624778747559,-0.9520823955535889,5.068601608276367,0.12373291,-0.21452446,0.034196854
265,8.9889,0.2042873054742813,0.11448398232460022,-0.9313110113143921,0.1276029348373413,0.06437258422374725,0.013730708509683609,-0.024009219061931975,0.039199093052011524,1.4880571048902602,0.0940813198685646,3.018254280090332,-6.061764240264893,-0.9619134664535522,5.1155853271484375,0.110322766,-0.22156867,0.035159715
266,9.0228,0.21034519374370575,0.11652921885251999,-0.9301936626434326,0.13626007735729218,0.04831226170063019,0.019606970250606537,-0.021456922455200294,0.040303851334771254,1.4879171557749766,0.09272030740976334,2.4536561965942383,-6.066015243530273,-0.9607203006744385,5.16636323928833,0.09275014,-0.22930016,0.036315985
267,9.0569,0.21541070938110352,0.11765040457248688,-0.9291462898254395,0.14211256802082062,0.0350436195731163,0.02379760332405567,-0.017733987618243047,0.04147813892792807,1.4877432513557944,0.09137824177742004,1.9768872261047363,-6.041436195373535,-0.9505264759063721,5.197831630706787,0.07689383,-0.23499022,0.036972076
268,9.0907,0.22064098715782166,0.11832619458436966,-0.9280139207839966,0.14699193835258484,0.021581197157502174,0.027427740395069122,-0.01470749333317944,0.04212761733877114,1.4875969106538947,0.08986354619264603,1.48712956905365,-5.9574360847473145,-0.9359047412872314,5.224484920501709,0.059857152,-0.23978755,0.037670285
269,9.126,0.2259981334209442,0.11855562776327133,-0.9267547130584717,0.1508929282426834,0.008055930025875568,0.03047129698097706,-0.01202529896368454,0.04247853874665952,1.4875124884473392,0.08817892521619797,0.9897964596748352,-5.8214640617370605,-0.9129092693328857,5.247462272644043,0.041412964,-0.24356936,0.038196012
270,9.16,0.23148192465305328,0.11834436655044556,-0.9253643751144409,0.15375730395317078,-0.005379206035286188,0.03296927362680435,-0.008158771890296184,0.04272214308499612,1.4873710745934559,0.08634325861930847,0.4810663163661957,-5.65999174118042,-0.882244348526001,5.264062881469727,0.020921374,-0.24615067,0.038368437
271,9.1941,0.2370399385690689,0.11765588074922562,-0.9238318204879761,0.15559008717536926,-0.018717782571911812,0.03533982113003731,-0.005023839095190516,0.04268595322249546,1.4872713392106325,0.08434876054525375,-0.021167892962694168,-5.438845634460449,-0.8465396165847778,5.280696392059326,-0.0009614126,-0.24702387,0.038448505
272,9.2276,0.2440648227930069,0.11612335592508316,-0.921882152557373,0.15647906064987183,-0.03541344404220581,0.03785642981529236,-0.0010763125884220648,0.04237954405551424,1.4871439069524721,0.08173680305480957,-0.631054699420929,-5.072493076324463,-0.8044223785400391,5.303274154663086,-0.030488644,-0.24507137,0.038864695
273,9.2619,0.24965913593769073,0.11437109112739563,-0.9203356504440308,0.15622811019420624,-0.048553626984357834,0.03936609625816345,0.001731627002104114,0.041998653762984055,1.4870632131714427,0.07960876822471619,-1.1139219999313354,-4.753590106964111,-0.7772786617279053,5.316009521484375,-0.05632873,-0.24037921,0.039305374
274,9.2958,0.2552596926689148,0.1122240424156189,-0.9188625812530518,0.15495175123214722,-0.06131158024072647,0.040539368987083435,0.005789628465899549,0.04122574199680502,1.486954423040913,0.07756561785936356,-1.5794774293899536,-4.397870063781738,-0.7601734399795532,5.327438831329346,-0.083405554,-0.232233,0.04014156
275,9.3297,0.26079925894737244,0.1096336618065834,-0.9174014329910278,0.15256069600582123,-0.07384016364812851,0.041597675532102585,0.009150574692133725,0.04039289662253158,1.4868689355699214,0.07556385546922684,-2.0137100219726562,-3.9894092082977295,-0.7511391639709473,5.341733932495117,-0.11109475,-0.22009248,0.04143974
276,9.364,0.26629751920700073,0.10657361894845963,-0.9159442186355591,0.1492026150226593,-0.08601858466863632,0.04248682036995888,0.012137549123036778,0.039511885483230536,1.4868087481292858,0.07361850887537003,-2.4203250408172607,-3.5342700481414795,-0.7481217384338379,5.358368873596191,-0.1391498,-0.20319295,0.043011162
277,9.3981,0.2716820538043976,0.1030450239777565,-0.9145478010177612,0.14496135711669922,-0.09786917269229889,0.04326627403497696,0.01653221328980417,0.03792111278509896,1.4867082137981351,0.07177970558404922,-2.8105297088623047,-3.061047315597534,-0.7612216472625732,5.371410369873047,-0.16631322,-0.1811376,0.045045324
278,9.4319,0.2781863510608673,0.09801628440618515,-0.9127552509307861,0.13791044056415558,-0.11201222240924835,0.04438285902142525,0.02016169822022946,0.036342037189817704,1.4866279194912693,0.06966271251440048,-3.2314367294311523,-2.405261754989624,-0.7832719087600708,5.3931355476379395,-0.1968575,-0.14652734,0.047716532
279,9.467,0.28311628103256226,0.09351564943790436,-0.911229133605957,0.13120776414871216,-0.12274890393018723,0.04531027004122734,0.024776402951172744,0.033878388477277435,1.4865376383303157,0.0681217610836029,-3.528785228729248,-1.8649988174438477,-0.8034597635269165,5.409030914306641,-0.21668266,-0.11451898,0.0493359
280,9.5011,0.28780028223991394,0.08863000571727753,-0.9095420837402344,0.12337721139192581,-0.13255299627780914,0.04638988897204399,0.028067576957590098,0.031755874055619505,1.4864781166799523,0.0667676106095314,-3.8033978939056396,-1.3428683280944824,-0.8255302906036377,5.418583869934082,-0.23095046,-0.081541836,0.050127964
281,9.535,0.29221928119659424,0.0833791196346283,-0.9078129529953003,0.11447187513113022,-0.14162610471248627,0.04764819145202637,0.03181763858696333,0.02887580889772632,1.48640621133052,0.065691739320755,-4.0317511558532715,-0.8135091066360474,-0.8487921953201294,5.428325653076172,-0.24000381,-0.04842692,0.050527263
282,9.5687,0.29629331827163696,0.07776761054992676,-0.9060181379318237,0.10455065220594406,-0.14968641102313995,0.048926182091236115,0.036341928998898425,0.024604631141457237,1.4862906301392107,0.06487925350666046,-4.232096195220947,-0.30602744221687317,-0.8766673803329468,5.433202743530273,-0.24419153,-0.017657753,0.05058362
283,9.603,0.30001240968704224,0.07186928391456604,-0.9041743278503418,0.0935753881931305,-0.15666645765304565,0.050003428012132645,0.03929590311882511,0.021154299970394023,1.4861904952822238,0.06440472602844238,-4.374721050262451,0.18793818354606628,-0.8912850618362427,5.4393815994262695,-0.24475087,0.010514507,0.04986439
284,9.6366,0.3040812909603119,0.06412559002637863,-0.9018820524215698,0.0782555341720581,-0.16368426382541656,0.051262155175209045,0.043042667005754764,0.015654457240757372,1.4860496140605586,0.06428622454404831,-4.500637531280518,0.7618064880371094,-0.9104471206665039,5.4427170753479,-0.2417323,0.040917143,0.048900735
285,9.6708,0.3068549335002899,0.057687174528837204,-0.9000132083892822,0.06509573757648468,-0.1677013337612152,0.052014078944921494,0.04548417819173375,0.010917283510075967,1.4859338997111946,0.0645768940448761,-4.555380344390869,1.1874256134033203,-0.9113085269927979,5.443597793579102,-0.23750716,0.061909672,0.047513552
286,9.7046,0.3091411590576172,0.051133520901203156,-0.8980964422225952,0.05138953775167465,-0.17020168900489807,0.052487730979919434,0.04719548805751584,0.00666182724676541,1.4858101958785606,0.06517210602760315,-4.5636067390441895,1.582284688949585,-0.8894617557525635,5.442953586578369,-0.23229942,0.08054239,0.045275908
287,9.739,0.31093278527259827,0.04447136074304581,-0.8962286710739136,0.037139277905225754,-0.17124536633491516,0.05264504626393318,0.048824156705721405,0.0003852378249874333,1.4856695809730043,0.06605622172355652,-4.548501491546631,1.9592220783233643,-0.8642394542694092,5.437343597412109,-0.22618748,0.097428024,0.042976823
288,9.7728,0.3122357130050659,0.03772440925240517,-0.8943605422973633,0.02261231653392315,-0.17056520283222198,0.05257504805922508,0.04945005365734967,-0.004606054138738384,1.4855747724381974,0.0672064870595932,-4.484363555908203,2.3172221183776855,-0.8127902746200562,5.430992126464844,-0.21927586,0.113307245,0.03974372
289,9.8068,0.313071608543396,0.031006667762994766,-0.8924707174301147,0.008061534725129604,-0.16834646463394165,0.051978807896375656,0.049456029125045535,-0.010550936573811145,1.485471841262066,0.06860905140638351,-4.383159637451172,2.654895067214966,-0.7363028526306152,5.423891544342041,-0.21165964,0.12820297,0.035555538
290,9.8409,0.3133459985256195,0.022755177691578865,-0.8902361392974854,-0.010066267102956772,-0.16346320509910583,0.051031820476055145,0.04898263559652714,-0.01443771303415981,1.4854440112286746,0.07052616029977798,-4.213075637817383,3.05493426322937,-0.6336270570755005,5.417301177978516,-0.20090856,0.14568037,0.030215716
291,9.8748,0.31291085481643677,0.016406597569584846,-0.8885418176651001,-0.024348018690943718,-0.1578483134508133,0.04965151846408844,0.047679663227259854,-0.01961045300290748,1.4854294970007336,0.0720493495464325,-4.0411152839660645,3.353733539581299,-0.54133141040802,5.416677474975586,-0.19136547,0.15881476,0.02563454
292,9.9089,0.31191784143447876,0.010346789844334126,-0.8869315385818481,-0.03838542103767395,-0.15088635683059692,0.047654975205659866,0.046211287748352634,-0.023342236608705432,1.4854614549338145,0.07349910587072372,-3.8423149585723877,3.640540361404419,-0.44553592801094055,5.422013282775879,-0.180838,0.17134151,0.020969084
293,9.943,0.31038612127304077,0.00458905566483736,-0.8853577375411987,-0.05191803351044655,-0.142757847905159,0.04521246626973152,0.04459092483379675,-0.026356508440781797,1.4855133865750711,0.07483823597431183,-3.611154794692993,3.903942584991455,-0.3369889557361603,5.434622764587402,-0.16942088,0.18315731,0.01581017
294,9.9768,0.30830785632133484,-0.0007829397218301892,-0.8838804960250854,-0.06491376459598541,-0.1334252804517746,0.042548149824142456,0.041878832319876505,-0.030189028195406604,1.4856350930368878,0.07597754895687103,-3.3541336059570312,4.16257381439209,-0.2311437427997589,5.454822540283203,-0.15671287,0.19448507,0.01079957
295,10.0109,0.30574458837509155,-0.005741269793361425,-0.8825521469116211,-0.07711368054151535,-0.12322875112295151,0.03966016322374344,0.039422557234604395,-0.032826204739506155,1.4857703816202639,0.07691095024347305,-3.0734305381774902,4.401102066040039,-0.12478175759315491,5.480434417724609,-0.14309739,0.20491311,0.0058097765
296,10.0458,0.3019038736820221,-0.011252154596149921,-0.8810054063796997,-0.09122202545404434,-0.10907259583473206,0.03553631156682968,0.037082770479888026,-0.03484612920254719,1.4858910228176443,0.07771195471286774,-2.701606512069702,4.663895130157471,0.016084522008895874,5.514547348022461,-0.12530911,0.2163263,-0.0007460513
297,10.0797,0.29437747597694397,-0.018383875489234924,-0.879051923751831,-0.11104318499565125,-0.08392109721899033,0.02771940268576145,0.033508198682783416,-0.037309888186601345,1.4861031435984693,0.07799209654331207,-2.06516695022583,5.017724514007568,0.23384931683540344,5.570178985595703,-0.09506159,0.23097062,-0.010764306
298,10.1139,0.29437747597694397,-0.018383875489234924,-0.879051923751831,-0.11104318499565125,-0.08392109721899033,0.02771940268576145,0.03047872602654758,-0.038937416668965226,1.4862721211696348,0.07799209654331207,-2.0483007431030273,5.049198627471924,0.22837242484092712,5.578795909881592,-0.09389619,0.23146039,-0.010468824
299,10.1478,0.28535783290863037,-0.023346183821558952,-0.8776884078979492,-0.1270025372505188,-0.05666371062397957,0.018259475007653236,0.026472139566361675,-0.04053926229156665,1.4865098082969244,0.07699403911828995,-1.3693902492523193,5.310161113739014,0.44168660044670105,5.630490303039551,-0.062226374,0.24129868,-0.020070652
300,10.182,0.28039976954460144,-0.024890517815947533,-0.8772766590118408,-0.13346624374389648,-0.04240747541189194,0.013387944549322128,0.0235157457149133,-0.04142606164504941,1.4866608095307319,0.07595092058181763,-1.0166317224502563,5.40251350402832,0.5403796434402466,5.653460502624512,-0.046011176,0.24450938,-0.024456745
301,10.2158,0.2739391028881073,-0.025907862931489944,-0.877071738243103,-0.13983893394470215,-0.024167833849787712,0.006791108287870884,0.0191710272618552,-0.0423327556441129,1.4868960998130403,0.07415635883808136,-0.5740700364112854,5.4723896980285645,0.6624010801315308,5.675164222717285,-0.025895657,0.24685338,-0.029880172
302,10.2499,0.26864004135131836,-0.02600562572479248,-0.8771865367889404,-0.14353571832180023,-0.009395817294716835,0.0014828391140326858,0.015572171804857728,-0.04279761457357544,1.4870694716000044,0.07235750555992126,-0.22334204614162445,5.486931324005127,0.7561118602752686,5.684510707855225,-0.01007264,0.2474585,-0.034100354
303,10.2839,0.26321518421173096,-0.025484561920166016,-0.8775315284729004,-0.14609819650650024,0.005598267540335655,-0.0039853802882134914,0.012341814618943157,-0.042960466874233785,1.4872151465116317,0.07025182992219925,0.12545059621334076,5.459362030029297,0.8523374795913696,5.6832499504089355,0.005674525,0.24694413,-0.03855391
304,10.3181,0.25768399238586426,-0.024378325790166855,-0.8780926465988159,-0.14749352633953094,0.020433466881513596,-0.009368276223540306,0.007727442783136129,-0.04286213381217181,1.4873814609217073,0.06789708137512207,0.4877012372016907,5.406314373016357,0.9467122554779053,5.678347587585449,0.022127185,0.24528648,-0.042952683
305,10.352,0.2520909309387207,-0.022719034925103188,-0.8788409233093262,-0.14775358140468597,0.03504839166998863,-0.014660303480923176,0.004062256669867244,-0.042447596143744167,1.4875171489792467,0.06536893546581268,0.8471106886863708,5.306908130645752,1.0450001955032349,5.659664630889893,0.038682614,0.24233559,-0.047719073
306,10.3859,0.24651682376861572,-0.020527055487036705,-0.8798320293426514,-0.14679889380931854,0.04939882084727287,-0.01997494325041771,0.0009219263572348916,-0.04189812359302277,1.4875969106538947,0.06272762268781662,1.202717661857605,5.164187908172607,1.1434582471847534,5.627517223358154,0.05543209,0.2380124,-0.05270088
307,10.4195,0.23966601490974426,-0.017010003328323364,-0.8813276290893555,-0.14399638772010803,0.06698447465896606,-0.02656530775129795,-0.003434766502922787,-0.04073594922163661,1.4877325987114343,0.059319186955690384,1.6506474018096924,4.92713737487793,1.2717511653900146,5.570974826812744,0.07713822,0.23025548,-0.059431605
308,10.4539,0.2343718558549881,-0.013649371452629566,-0.8827524185180664,-0.140436589717865,0.08050684630870819,-0.03172677010297775,-0.0067593015434055615,-0.03955814126241385,1.487774543498603,0.056631214916706085,2.0042903423309326,4.68876314163208,1.371387243270874,5.51216459274292,0.09489334,0.22198999,-0.06492847
309,10.4877,0.22931554913520813,-0.00985040981322527,-0.8843768835067749,-0.13573957979679108,0.09362968802452087,-0.03694714978337288,-0.010698114715038154,-0.03773243614424525,1.4878202167112977,0.05406934395432472,2.358285427093506,4.410849094390869,1.4693371057510376,5.444921493530273,0.113094956,0.21152858,-0.070464164
310,10.5219,0.22452853620052338,-0.0056475927121937275,-0.8860472440719604,-0.12998074293136597,0.1059039831161499,-0.04238133877515793,-0.013354558605446046,-0.03624709133576718,1.4878291383009494,0.05172327905893326,2.693789005279541,4.081928730010986,1.5684590339660645,5.363748550415039,0.1311224,0.19869123,-0.07634603
311,10.5557,0.2200113981962204,-0.0010827428195625544,-0.8877881765365601,-0.12335481494665146,0.11763101071119308,-0.047772228717803955,-0.017018797788096868,-0.03384135805455773,1.4878191514468617,0.049688324332237244,3.0341224670410156,3.716317892074585,1.6665499210357666,5.279318332672119,0.14935204,0.18293253,-0.082034476
312,10.59,0.2158021628856659,0.0038458858616650105,-0.8896739482879639,-0.11575417220592499,0.12853531539440155,-0.0532052256166935,-0.019795132821531464,-0.0316768426696768,1.4877886582523803,0.04801604151725769,3.3548643589019775,3.302079439163208,1.7475132942199707,5.186331748962402,0.16703433,0.16440624,-0.08700641
313,10.624,0.21093732118606567,0.010512408800423145,-0.8922234773635864,-0.10519807785749435,0.14107903838157654,-0.06011294201016426,-0.02211945659716856,-0.029583591811090715,1.4877371260852872,0.04660148546099663,3.727397918701172,2.7123730182647705,1.8159193992614746,5.059852600097656,0.18807778,0.13686144,-0.091628015
314,10.6606,0.2073982059955597,0.016222933307290077,-0.8944469690322876,-0.09595827758312225,0.15014301240444183,-0.06558126211166382,-0.025269597498514804,-0.026354850206884304,1.4876488422951513,0.04613066092133522,4.0232038497924805,2.1988208293914795,1.8478524684906006,4.9619460105896,0.2034703,0.1112036,-0.09345366
315,10.695,0.20420601963996887,0.022267615422606468,-0.8969054222106934,-0.08600609749555588,0.15826959908008575,-0.07116717845201492,-0.028260824664783576,-0.022728898126092575,1.4875166163470288,0.04633322358131409,4.284734725952148,1.6345117092132568,1.8406133651733398,4.861309051513672,0.21677291,0.08269307,-0.09312014
316,10.729,0.20142707228660583,0.028594231233000755,-0.899523138999939,-0.0754096657037735,0.1652788668870926,-0.07622908800840378,-0.030522096021018442,-0.019483877949723057,1.4873869204019419,0.04722967743873596,4.520530700683594,1.0307435989379883,1.7995884418487549,4.767300605773926,0.2272288,0.05181131,-0.090458035
317,10.7631,0.19910208880901337,0.03516903519630432,-0.902298092842102,-0.0640970841050148,0.17127832770347595,-0.08053615689277649,-0.03237601192139047,-0.0164857556929445,1.4872369844325704,0.0488116629421711,4.695297718048096,0.3814548850059509,1.7080209255218506,4.678947448730469,0.23425633,0.019031428,-0.085216045
318,10.7969,0.19728074967861176,0.04192736744880676,-0.90525221824646,-0.052276525646448135,0.17610786855220795,-0.08414404839277267,-0.03480128822769298,-0.011821777280348243,1.4869941041411552,0.051034945994615555,4.834198474884033,-0.2993101477622986,1.5817564725875854,4.606385707855225,0.23719397,-0.014685902,-0.0776102
319,10.8308,0.19571058452129364,0.05054677277803421,-0.9090389013290405,-0.03673973307013512,0.18037430942058563,-0.08715642243623734,-0.03649359186178923,-0.007769195115304227,1.4867873096825106,0.054594650864601135,4.904517650604248,-1.1864206790924072,1.3608434200286865,4.539237976074219,0.2346094,-0.056752868,-0.065096445
320,10.8659,0.1950572431087494,0.05746031925082207,-0.9121153354644775,-0.023702453821897507,0.18217676877975464,-0.0880286768078804,-0.037774122937683396,-0.00397526909016793,1.4866026194609134,0.05791633203625679,4.897464752197266,-1.901017665863037,1.1535645723342896,4.512754917144775,0.22763501,-0.08835963,-0.053617883
321,10.9003,0.1949462592601776,0.06430041044950485,-0.9152084589004517,-0.010456415824592113,0.18254758417606354,-0.08706067502498627,-0.03914631252815752,0.0017516882252901394,1.4862962227774998,0.06152986362576485,4.852964878082275,-2.6110246181488037,0.9319474697113037,4.511793613433838,0.2170755,-0.11679241,-0.041686468
322,10.9339,0.1954820454120636,0.07099858671426773,-0.9182112216949463,0.0030272421427071095,0.18147331476211548,-0.08414057642221451,-0.03984975324058832,0.00667431653601031,1.4860412251031248,0.06520350277423859,4.737220764160156,-3.295835494995117,0.6962448358535767,4.533842086791992,0.20374121,-0.14174925,-0.029944511
323,10.9678,0.19662339985370636,0.07751137763261795,-0.921042799949646,0.01657060906291008,0.17862440645694733,-0.0793423056602478,-0.04004834599531337,0.01310936053164461,1.4856582625383714,0.06885755062103271,4.580253601074219,-3.9516823291778564,0.46903231739997864,4.578450679779053,0.18872093,-0.1628218,-0.019325614
324,11.0019,0.19832220673561096,0.08378278464078903,-0.9236055612564087,0.030104784294962883,0.17404885590076447,-0.07347305864095688,-0.03969559782536477,0.01760470571148191,1.4854043301284323,0.07240452617406845,4.355293273925781,-4.542050838470459,0.2519210875034332,4.637486457824707,0.17288952,-0.18030311,-0.010000363
325,11.0358,0.20117203891277313,0.09124083071947098,-0.9264183044433594,0.04661483317613602,0.16623319685459137,-0.064737968146801,-0.03850784878513545,0.02380363967053467,1.4850392107429826,0.07663694024085999,4.018947601318359,-5.2039666175842285,0.010158687829971313,4.72422981262207,0.15280695,-0.1978633,-0.00038624989
326,11.0698,0.20401038229465485,0.09685440361499786,-0.9283281564712524,0.0593220517039299,0.1581411063671112,-0.0567375011742115,-0.036979057000186256,0.028457673881232465,1.4847732941081382,0.07979985326528549,3.702059268951416,-5.655276775360107,-0.16347284615039825,4.794757843017578,0.13688573,-0.20910706,0.006044501
327,11.1039,0.20732223987579346,0.10209134221076965,-0.9299459457397461,0.07143960893154144,0.14851680397987366,-0.048559363931417465,-0.03522954741751834,0.03224334280661789,1.484551585947389,0.08272143453359604,3.341306686401367,-6.023936748504639,-0.3191665709018707,4.858270645141602,0.12113308,-0.21838702,0.011570811
328,11.1406,0.21108506619930267,0.10692428797483444,-0.931210994720459,0.08294510096311569,0.13765810430049896,-0.040079958736896515,-0.0321821296328435,0.037073790633587414,1.4842565076986083,0.08535327017307281,2.952458381652832,-6.341996669769287,-0.4483013153076172,4.91373348236084,0.1052958,-0.22617953,0.015988115
329,11.1748,0.215231254696846,0.11132916063070297,-0.9321370124816895,0.09360510855913162,0.12569397687911987,-0.031745877116918564,-0.029349612303381237,0.0404158580645551,1.4840357316442407,0.08770839124917984,2.526717185974121,-6.576980113983154,-0.5600727796554565,4.956357002258301,0.08937348,-0.23263688,0.019810548
330,11.2089,0.21977964043617249,0.11524707078933716,-0.9326971769332886,0.10328572988510132,0.11265040189027786,-0.02368580549955368,-0.02539009721546248,0.043873431785426575,1.483795115039752,0.0897211879491806,2.0737991333007812,-6.75897216796875,-0.6481499671936035,4.986894607543945,0.07302512,-0.23800509,0.02282344
331,11.2429,0.22596703469753265,0.11937706917524338,-0.932898998260498,0.11393009126186371,0.09506576508283615,-0.014294506050646305,-0.0224790374397889,0.045809828697590795,1.483629466419949,0.0917285680770874,1.4731217622756958,-6.861451625823975,-0.7339388132095337,5.012454509735107,0.052193347,-0.24310422,0.026003772
332,11.2768,0.23124539852142334,0.1220882385969162,-0.93272864818573,0.12135329097509384,0.08020847290754318,-0.007312124129384756,-0.01809311697183483,0.047918744352932516,1.4834383846117358,0.09300804138183594,0.9753738641738892,-6.909250736236572,-0.7802143096923828,5.021733283996582,0.034729395,-0.24601242,0.027780496
333,11.3109,0.2367626130580902,0.12423406541347504,-0.932315468788147,0.1275387406349182,0.06476690620183945,-0.0008951700874604285,-0.014484401577020262,0.04910385519920698,1.4832900465390184,0.09401053935289383,0.4713003635406494,-6.8909687995910645,-0.816596508026123,5.025383949279785,0.016940646,-0.24769229,0.029352136
334,11.3459,0.24246563017368317,0.1257883906364441,-0.9317036867141724,0.1326027810573578,0.04915117099881172,0.004785210359841585,-0.011251889935395708,0.049759895805423573,1.4831540921653699,0.09474998712539673,-0.033778730779886246,-6.817601680755615,-0.8427392244338989,5.025372505187988,-0.0012292877,-0.24810863,0.03066927
335,11.38,0.2542753219604492,0.12699386477470398,-0.9300059080123901,0.1392255425453186,0.017073139548301697,0.01451210118830204,-0.006609600681224084,0.05017523658336745,1.482985780384477,0.09543174505233765,-1.022206425666809,-6.491427898406982,-0.883112907409668,5.02766227722168,-0.038541872,-0.24475662,0.03329741
336,11.4138,0.2542753219604492,0.12699386477470398,-0.9300059080123901,0.1392255425453186,0.017073139548301697,0.01451210118830204,-0.0029257828432976527,0.05009555397131444,1.4828636744484969,0.09543174505233765,-1.041132926940918,-6.53248929977417,-0.8850545883178711,5.017181396484375,-0.039000276,-0.24470352,0.033153668
337,11.4479,0.2677915096282959,0.1254371553659439,-0.927767276763916,0.14074119925498962,-0.018828440457582474,0.0230131633579731,0.001728178026440434,0.04949304706419764,1.482714936901616,0.09531142562627792,-2.080531120300293,-5.929276466369629,-0.9465881586074829,5.03225040435791,-0.08185136,-0.23326705,0.037240267
338,11.4818,0.2738083600997925,0.12382613867521286,-0.9267004728317261,0.1395924687385559,-0.03444579988718033,0.025993486866354942,0.00499548787285148,0.04876390268605836,1.4826100083546667,0.09507457911968231,-2.5160932540893555,-5.600677967071533,-0.982728123664856,5.044425964355469,-0.10116096,-0.22517844,0.03951114
339,11.5158,0.27977463603019714,0.1216956228017807,-0.9255727529525757,0.1374533623456955,-0.04948795586824417,0.028911322355270386,0.00955654135109998,0.047354104267565277,1.482466863446075,0.09477584809064865,-2.933417797088623,-5.246842384338379,-1.026775598526001,5.059562683105469,-0.120256685,-0.21509649,0.042093094
340,11.5496,0.2855958640575409,0.11904945969581604,-0.924423098564148,0.13417750597000122,-0.06417754292488098,0.03171247988939285,0.013222572966000101,0.045837633763846905,1.4823600706863629,0.09442021697759628,-3.3125882148742676,-4.8404107093811035,-1.0785727500915527,5.085146903991699,-0.13886382,-0.2029102,0.04521381
341,11.5839,0.29121702909469604,0.11586756259202957,-0.9233397245407104,0.12972548604011536,-0.07808466255664825,0.03440136834979057,0.016462605957109525,0.04429342893408888,1.4822591368810487,0.09401460736989975,-3.65350341796875,-4.389968395233154,-1.1412681341171265,5.117821216583252,-0.15682173,-0.1884335,0.0489874
342,11.6177,0.2979305684566498,0.11115618050098419,-0.9219636917114258,0.1225283294916153,-0.09469843655824661,0.03766181319952011,0.02106981326540586,0.04169036789967217,1.4821390283158862,0.09341730922460556,-4.03741979598999,-3.7739365100860596,-1.230942964553833,5.163355827331543,-0.17826734,-0.16663356,0.054350786
343,11.6518,0.30298998951911926,0.1068258285522461,-0.9208827018737793,0.11548995226621628,-0.10718570649623871,0.0403466522693634,0.024604387711888845,0.03929445086379318,1.4820291729209205,0.09289053082466125,-4.306270122528076,-3.237898111343384,-1.3113782405853271,5.202020645141602,-0.19414903,-0.14598127,0.059123747
344,11.6858,0.30768632888793945,0.10209622234106064,-0.9197559356689453,0.10744808614253998,-0.11856783926486969,0.04345794767141342,0.02755160614114406,0.03698792033318917,1.4819563354651069,0.09233016520738602,-4.5342817306518555,-2.6779892444610596,-1.3918566703796387,5.240560531616211,-0.20811336,-0.122913696,0.063883096
345,11.7198,0.31196328997612,0.09698250144720078,-0.9186305999755859,0.09843048453330994,-0.12903055548667908,0.046784937381744385,0.03154934799367846,0.03331896444257647,1.4818186500367496,0.09172715246677399,-4.737358570098877,-2.1138875484466553,-1.4825565814971924,5.271842956542969,-0.21951397,-0.09795076,0.06869691
346,11.754,0.31582915782928467,0.09149175137281418,-0.9174530506134033,0.08847704529762268,-0.13841532170772552,0.05042199045419693,0.03452032889387883,0.03005827530826212,1.4817237083438883,0.09107930213212967,-4.898017406463623,-1.5368067026138306,-1.5684854984283447,5.300140857696533,-0.22812343,-0.07157623,0.073051654
347,11.7879,0.31923985481262207,0.08559935539960861,-0.9161957502365112,0.07775451242923737,-0.14677086472511292,0.05433124676346779,0.03793076674405049,0.025539086514290203,1.481614785055304,0.09034715592861176,-5.0200629234313965,-0.9594240188598633,-1.6485668420791626,5.32426118850708,-0.23369898,-0.044664063,0.076745726
348,11.8215,0.3227735161781311,0.07774976640939713,-0.91444993019104,0.06311202049255371,-0.15543638169765472,0.05930468067526817,0.0400406977295578,0.02212140403371568,1.481524370736296,0.08929499983787537,-5.125067234039307,-0.26918259263038635,-1.7383463382720947,5.346257209777832,-0.2364596,-0.012419507,0.08020357
349,11.8554,0.32495954632759094,0.07119855284690857,-0.9129029512405396,0.0506989061832428,-0.16112421452999115,0.06310246139764786,0.04262341470995983,0.01696757666989678,1.4814019984842068,0.08836037665605545,-5.166798114776611,0.24550899863243103,-1.7942092418670654,5.360477447509766,-0.23592828,0.0112105245,0.08192786
350,11.8898,0.3265839219093323,0.06450027972459793,-0.9112139940261841,0.037689268589019775,-0.16542690992355347,0.06677372008562088,0.044263638980582824,0.012617554781199138,1.4813101194265992,0.0873895063996315,-5.179745197296143,0.7177355289459229,-1.8376858234405518,5.37144136428833,-0.23362736,0.03237276,0.08288703
351,11.9238,0.32764601707458496,0.057759080082178116,-0.909394383430481,0.0242372564971447,-0.16835367679595947,0.07032092660665512,0.045391712406448355,0.008684929818060428,1.4812334203872048,0.08641357719898224,-5.1447978019714355,1.14366614818573,-1.8542346954345703,5.381919860839844,-0.23021093,0.05117489,0.08297024
352,11.9578,0.3282054364681244,0.05103238299489021,-0.907475471496582,0.01050192303955555,-0.1696336716413498,0.07356065511703491,0.046365235104116026,0.0029069336965042362,1.4811613818797182,0.08550100028514862,-5.088969707489014,1.535125732421875,-1.8558647632598877,5.387788772583008,-0.22597001,0.06816554,0.0824076
353,11.9919,0.328208327293396,0.04439537972211838,-0.9055113792419434,-0.0032569782342761755,-0.1693519651889801,0.07645099610090256,0.04669606629053112,-0.0016914817992286087,1.4811078523418075,0.08460788428783417,-4.9924750328063965,1.8926461935043335,-1.8314350843429565,5.390692710876465,-0.22111882,0.083826095,0.08111503
354,12.026,0.32741284370422363,0.03632577136158943,-0.9029703140258789,-0.0205116868019104,-0.166822612285614,0.07925749570131302,0.04661082849089177,-0.005615464492540821,1.4810914739011036,0.083466537296772,-4.816901683807373,2.3005266189575195,-1.7623108625411987,5.389559268951416,-0.2142197,0.10231019,0.078374386
355,12.0601,0.3260900676250458,0.030108148232102394,-0.9008560180664062,-0.03410983085632324,-0.16314293444156647,0.08099059015512466,0.04595680190024955,-0.010966686188594237,1.4810609807066222,0.08245223015546799,-4.651717662811279,2.6181135177612305,-1.6923614740371704,5.385207176208496,-0.20767562,0.116885506,0.07555536
356,12.0941,0.3242014944553375,0.024206621572375298,-0.8986678123474121,-0.047489382326602936,-0.1579931080341339,0.08189264684915543,0.04498472729642461,-0.01495743932386178,1.481102392861573,0.08134935796260834,-4.45059061050415,2.9132916927337646,-1.5965791940689087,5.38182258605957,-0.20034184,0.13114084,0.07186948
357,12.1278,0.3217932879924774,0.018671344965696335,-0.8964532613754272,-0.06059130281209946,-0.15146930515766144,0.08228716254234314,0.04333838607767284,-0.01958415844833215,1.4811488650225948,0.08016491681337357,-4.2242584228515625,3.196361780166626,-1.4903507232666016,5.381634712219238,-0.19190954,0.14521183,0.06770716
358,12.1619,0.3189215064048767,0.013512743636965752,-0.8942563533782959,-0.07299353182315826,-0.14365893602371216,0.08198752999305725,0.041905742730453915,-0.022507171239992064,1.4812170419465007,0.07891974598169327,-3.969571113586426,3.45219087600708,-1.3671646118164062,5.387201309204102,-0.18257742,0.1587809,0.0628817
359,12.1956,0.3156062066555023,0.008808418177068233,-0.8920506238937378,-0.08486752212047577,-0.13460379838943481,0.08103714138269424,0.039560438238854044,-0.026294209196625357,1.4813478031560237,0.07756977528333664,-3.693723678588867,3.6986196041107178,-1.2348805665969849,5.39865255355835,-0.17192705,0.17215493,0.057478413
360,12.2297,0.31097763776779175,0.0036146503407508135,-0.8893218040466309,-0.09879199415445328,-0.12185300141572952,0.07931467145681381,0.03742361348752614,-0.028952308200038846,1.4814753685722384,0.07578575611114502,-3.320713996887207,3.9643561840057373,-1.0525389909744263,5.4190521240234375,-0.15730783,0.18779825,0.04986055
361,12.2639,0.30695489048957825,0.00012024436000501737,-0.887213945388794,-0.10902738571166992,-0.11063481122255325,0.0771118551492691,0.0354158605029046,-0.030999184685549325,1.481592015027984,0.07423019409179688,-3.008450984954834,4.152922630310059,-0.8958292007446289,5.437941551208496,-0.14447673,0.19943841,0.043020967
362,12.2982,0.30268773436546326,-0.0028172824531793594,-0.8851953744888306,-0.11829037964344025,-0.09855008870363235,0.0741049200296402,0.03233742105271954,-0.0335787516457245,1.4817852273650691,0.07255356013774872,-2.683215379714966,4.3297810554504395,-0.7295446395874023,5.459339141845703,-0.1303604,0.21035658,0.035443943
363,12.3324,0.2982107698917389,-0.005193958058953285,-0.8833168745040894,-0.12668730318546295,-0.08579479902982712,0.07042549550533295,0.02968645224700582,-0.035352618749393626,1.4819271738511703,0.07073405385017395,-2.349928855895996,4.475417613983154,-0.555295467376709,5.478466987609863,-0.11552645,0.22001906,0.027299259
364,12.3663,0.2935088872909546,-0.007025102153420448,-0.8815919160842896,-0.13412775099277496,-0.07248029112815857,0.06609471142292023,0.027268441377052182,-0.03669984536583746,1.4820416897780437,0.06873062252998352,-2.0086233615875244,4.59128475189209,-0.3742833435535431,5.494166374206543,-0.099923745,0.22840437,0.018619614
365,12.3999,0.2886192500591278,-0.008346454240381718,-0.8800195455551147,-0.1406446397304535,-0.058732952922582626,0.060829922556877136,0.023637262842621173,-0.03831044196933332,1.482233836850693,0.06656841188669205,-1.6525218486785889,4.69287633895874,-0.1843750774860382,5.509171485900879,-0.08297882,0.2356455,0.009258108
366,12.434,0.2823127806186676,-0.009241887368261814,-0.8782883882522583,-0.14728285372257233,-0.041019391268491745,0.053487300872802734,0.020651803084588104,-0.039297022478720786,1.4823885665100267,0.06362508982419968,-1.2118182182312012,4.753262042999268,0.06444147229194641,5.514267921447754,-0.061755285,0.24223027,-0.003283992
367,12.4677,0.27713891863822937,-0.00936039350926876,-0.8771153688430786,-0.15153281390666962,-0.02669455297291279,0.046946071088314056,0.01682046198680512,-0.04023261593680084,1.482583643059875,0.061074186116456985,-0.8454089164733887,4.7772040367126465,0.2697562873363495,5.514892578125,-0.043497723,0.24579525,-0.013879418
368,12.5018,0.2718469202518463,-0.009021134115755558,-0.8761335611343384,-0.15466071665287018,-0.012105178087949753,0.039469145238399506,0.01407831112267521,-0.040650848741240975,1.482690702135696,0.05840171501040459,-0.48240166902542114,4.751192569732666,0.4891678988933563,5.502678871154785,-0.025121909,0.24742664,-0.025474273
369,12.5359,0.2664868235588074,-0.008236182853579521,-0.8754494190216064,-0.1567511111497879,0.002422973047941923,0.031593207269907,0.010105761109577279,-0.040925516356979816,1.482834379676506,0.05562719330191612,-0.10637347400188446,4.701213359832764,0.7072219848632812,5.486977577209473,-0.005592363,0.24715646,-0.037180714
370,12.5723,0.26114434003829956,-0.007014037575572729,-0.875063419342041,-0.15780779719352722,0.01677688956260681,0.023053374141454697,0.006875961523015943,-0.04088600586549497,1.4829458329681258,0.05279674753546715,0.2630029320716858,4.604069232940674,0.9266939163208008,5.458905220031738,0.013978326,0.24470139,-0.049252797
371,12.6063,0.25585076212882996,-0.0053667789325118065,-0.8750510215759277,-0.15776465833187103,0.031133636832237244,0.014007271267473698,0.004057008630058972,-0.04064598431106237,1.4830495630925844,0.04991825297474861,0.626775324344635,4.461416721343994,1.1402710676193237,5.41934061050415,0.033717245,0.24000098,-0.06134064
372,12.6401,0.24931247532367706,-0.002683894708752632,-0.8755050897598267,-0.15621964633464813,0.04874766990542412,0.0019567939452826977,8.150359558682458e-05,-0.039949630103844704,1.4831797916698892,0.04627533257007599,1.0850741863250732,4.229012489318848,1.3990330696105957,5.358466148376465,0.05916857,0.230606,-0.076288596
373,12.6738,0.24416497349739075,-2.6689103833632544e-05,-0.8762466907501221,-0.15400104224681854,0.06260790675878525,-0.008195829577744007,-0.0030787900303754366,-0.03911397176566987,1.4832427754296695,0.043370455503463745,1.4540596008300781,3.992492198944092,1.5936963558197021,5.298813819885254,0.08010328,0.21994402,-0.08779578
374,12.7077,0.23913560807704926,0.003105893498286605,-0.8773428201675415,-0.15074720978736877,0.07596344500780106,-0.01910417154431343,-0.007004833032491908,-0.03768219394580522,1.4833165449918648,0.04052862524986267,1.8298324346542358,3.718247890472412,1.7765133380889893,5.2335615158081055,0.10145801,0.20616426,-0.09850165
375,12.7417,0.23419256508350372,0.006677170749753714,-0.8788793087005615,-0.146405428647995,0.08899730443954468,-0.030647607520222664,-0.009807183300676568,-0.03638831793613624,1.4833505002957632,0.03788769990205765,2.197758674621582,3.386183023452759,1.9314563274383545,5.155765533447266,0.122775905,0.18916622,-0.10789915
376,12.7761,0.22940999269485474,0.01063908077776432,-0.8808225393295288,-0.14118273556232452,0.10130728781223297,-0.04193577915430069,-0.013773066048373594,-0.03421754204209903,1.4833792624355362,0.035661160945892334,2.5763230323791504,3.0235517024993896,2.0500357151031494,5.077605724334717,0.14408587,0.16909799,-0.114652224
377,12.8103,0.22480298578739166,0.014958124607801437,-0.8832288980484009,-0.13513624668121338,0.11303664743900299,-0.05335071310400963,-0.016895744141275693,-0.03211696332932602,1.4833819255966263,0.03407789021730423,2.94439959526062,2.608940839767456,2.1232597827911377,4.990259170532227,0.16466162,0.14590153,-0.11874047
378,12.8441,0.21937553584575653,0.02083425782620907,-0.8867744207382202,-0.12623898684978485,0.1265338659286499,-0.06717550754547119,-0.01957868856512448,-0.03001784311336875,1.4833788629613727,0.033352166414260864,3.3739423751831055,2.021669387817383,2.145869731903076,4.8713297843933105,0.18825462,0.11280235,-0.11973231
379,12.8779,0.21531623601913452,0.025926675647497177,-0.8899533748626709,-0.11806247383356094,0.13637536764144897,-0.07737397402524948,-0.023371533461290908,-0.026585744192799573,1.4833278634264977,0.03398442640900612,3.720555305480957,1.518535852432251,2.1247570514678955,4.780621528625488,0.20462103,0.08351559,-0.11685621
380,12.9119,0.2115923911333084,0.03135399520397186,-0.8933998346328735,-0.10895789414644241,0.14520898461341858,-0.08650276064872742,-0.026315341795994058,-0.02348687538422116,1.4832547596545749,0.03571294620633125,4.028146266937256,0.9677386283874512,2.052675724029541,4.68748140335083,0.21781233,0.05232814,-0.110993505
381,12.9461,0.20824389159679413,0.03707553818821907,-0.8971651792526245,-0.09918884187936783,0.15292170643806458,-0.094438336789608,-0.028800661981904847,-0.020455222264842823,1.4831793921957257,0.038484252989292145,4.293900966644287,0.37786057591438293,1.9245884418487549,4.595881938934326,0.22740056,0.020011107,-0.10192422
382,12.9796,0.2028328776359558,0.049122732132673264,-0.9053672552108765,-0.07711245864629745,0.16472811996936798,-0.10483484715223312,-0.03222321097325257,-0.01562359994222068,1.4830250620105556,0.04648695886135101,4.649689674377441,-0.8808465003967285,1.5056447982788086,4.440357685089111,0.23406997,-0.04434268,-0.07579565
383,13.0139,0.2028328776359558,0.049122732132673264,-0.9053672552108765,-0.07711245864629745,0.16472811996936798,-0.10483484715223312,-0.03474030183873017,-0.011390313974836381,1.4828568833877172,0.04648695886135101,4.702885150909424,-0.8655622005462646,1.5350819826126099,4.4490966796875,0.23410338,-0.043086536,-0.07641435
384,13.0477,0.19903355836868286,0.0628390833735466,-0.9147570133209229,-0.04906490072607994,0.17093738913536072,-0.10517915338277817,-0.03750683727159111,-0.005611672088730711,1.4826407678652571,0.057461321353912354,4.817009449005127,-1.659136414527893,1.2027561664581299,4.389491081237793,0.23004827,-0.07923619,-0.057440612
385,13.0817,0.19816331565380096,0.0687897577881813,-0.9188084602355957,-0.035861726850271225,0.17112956941127777,-0.1018543392419815,-0.03912025932255598,-0.0012695718039044315,1.482465265549421,0.062466610223054886,4.809424877166748,-2.8649661540985107,0.5945360660552979,4.364741802215576,0.21357864,-0.12722842,-0.026402367
386,13.1158,0.1977931261062622,0.07458335906267166,-0.9226127862930298,-0.022278428077697754,0.169452503323555,-0.09603358060121536,-0.04083434054034743,0.005151502819500238,1.4821851010027447,0.06732187420129776,4.766955375671387,-3.421093225479126,0.3066065013408661,4.388172626495361,0.20283116,-0.14556552,-0.0130459275
387,13.1499,0.19790160655975342,0.08016100525856018,-0.9260386228561401,-0.008625633083283901,0.16610187292099,-0.0871521458029747,-0.04159036620073969,0.010311478860515592,1.481943951766038,0.07188617438077927,4.667791366577148,-3.936903238296509,0.016521096229553223,4.429165840148926,0.19110335,-0.16118017,-0.00067638775
388,13.1839,0.19849425554275513,0.08546870946884155,-0.9289820194244385,0.004992480389773846,0.16109798848628998,-0.07656505703926086,-0.041771198999945275,0.01490807617664094,1.4817382225718294,0.07602512091398239,4.524281024932861,-4.402583122253418,-0.2507772445678711,4.484902381896973,0.1790288,-0.17421313,0.009923422
389,13.2178,0.19997337460517883,0.09165740758180618,-0.9319992065429688,0.021873246878385544,0.15266279876232147,-0.06200999394059181,-0.041202535044618495,0.021293616584918792,1.4814051942775148,0.08049145340919495,4.2954277992248535,-4.919243335723877,-0.5394942760467529,4.569960117340088,0.16387466,-0.1876738,0.02058222
390,13.2519,0.2016526609659195,0.09626573324203491,-0.9338821172714233,0.03480839356780052,0.1440345197916031,-0.05001755431294441,-0.040131228561863685,0.02604186011917814,1.481177227688204,0.08354416489601135,4.075087070465088,-5.2712931632995605,-0.7381153106689453,4.642457485198975,0.1519748,-0.19658567,0.027527003
391,13.2858,0.2037218064069748,0.10044503957033157,-0.935288667678833,0.047229476273059845,0.13409258425235748,-0.03829340264201164,-0.03878356918174271,0.029824237543903797,1.4809929369407706,0.08606547862291336,3.82043194770813,-5.555400371551514,-0.9078547954559326,4.71376371383667,0.14039275,-0.20414914,0.033361733
392,13.3198,0.20614030957221985,0.10414884239435196,-0.9362430572509766,0.05903429910540581,0.12288720160722733,-0.026854267343878746,-0.036292456620460996,0.03451264525801503,1.4807524534943364,0.08804281800985336,3.5485129356384277,-5.7961201667785645,-1.0442450046539307,4.782441139221191,0.12902077,-0.21074176,0.037967816
393,13.3534,0.20886364579200745,0.10737691074609756,-0.9367461204528809,0.06995740532875061,0.11058693379163742,-0.016048595309257507,-0.03387404419574924,0.03772723881893039,1.4805535153609075,0.08948551118373871,3.2468225955963135,-5.9638590812683105,-1.1588228940963745,4.844346046447754,0.11783376,-0.21644051,0.042056028
394,13.3877,0.21185897290706635,0.11005619168281555,-0.936754584312439,0.07994084060192108,0.09724298119544983,-0.005885788705199957,-0.030456763269932834,0.04093799576340036,1.480384804105851,0.09032182395458221,2.9263410568237305,-6.082718849182129,-1.2436145544052124,4.900190353393555,0.106588565,-0.22155595,0.045297213
395,13.4218,0.215958833694458,0.11262601613998413,-0.9362000226974487,0.09108365327119827,0.07955311238765717,0.0055558583699166775,-0.027916392631457662,0.042719900204015566,1.480269888704814,0.09057925641536713,2.494835138320923,-6.111341953277588,-1.3229193687438965,4.9625749588012695,0.0926453,-0.2269437,0.049126398
396,13.4556,0.21951761841773987,0.11410708725452423,-0.9353971481323242,0.09890254586935043,0.0647798553109169,0.013701580464839935,-0.024087439015980042,0.04457820407840242,1.4801248795834594,0.09024333953857422,2.1274681091308594,-6.105611324310303,-1.3616862297058105,5.005476474761963,0.08049468,-0.23101133,0.05152063
397,13.4893,0.22337137162685394,0.11503157764673233,-0.9343317747116089,0.10577996075153351,0.049820493906736374,0.021076686680316925,-0.02098476896106446,0.045523592975866924,1.4799847973101212,0.08941344171762466,1.7357758283615112,-6.033003807067871,-1.3875399827957153,5.044844150543213,0.06749521,-0.23459186,0.053954147
398,13.5229,0.22748762369155884,0.1154174655675888,-0.9330108165740967,0.11170259863138199,0.03465692698955536,0.028010373935103416,-0.0182590735196388,0.04603173243423245,1.4798818661339896,0.08813148736953735,1.3251296281814575,-5.900267124176025,-1.4015765190124512,5.082343578338623,0.053367753,-0.23762505,0.056446545
399,13.5569,0.23188085854053497,0.1152462512254715,-0.9313936233520508,0.11684156209230423,0.019419273361563683,0.034174252301454544,-0.014324228041911507,0.046279597830313164,1.4797349927998718,0.08638104051351547,0.8848505020141602,-5.730479717254639,-1.3966941833496094,5.116275787353516,0.03708985,-0.24020174,0.058544554
400,13.5905,0.23652854561805725,0.11451921612024307,-0.9295282363891602,0.12100670486688614,0.004252440761774778,0.039750028401613235,-0.011195217659339361,0.04613935743178527,1.4796222079277068,0.08422372490167618,0.43121200799942017,-5.490676403045654,-1.3766961097717285,5.1509108543396,0.018989304,-0.24179317,0.06062563
401,13.6259,0.24252119660377502,0.11276345700025558,-0.9269251823425293,0.1250292807817459,-0.014724905602633953,0.04581599310040474,-0.00844299567704029,0.04577842836386308,1.4795395167758598,0.08100763708353043,-0.13567082583904266,-5.080186367034912,-1.3323314189910889,5.198580741882324,-0.0064559137,-0.24174133,0.063399166
402,13.6598,0.2474147230386734,0.11069003492593765,-0.9246819019317627,0.1270507276058197,-0.029638808220624924,0.050133176147937775,-0.004525964770440755,0.0449797297081915,1.4793943744964506,0.07809510827064514,-0.5989568829536438,-4.707216262817383,-1.291210651397705,5.233179092407227,-0.03044898,-0.23929925,0.06564087
403,13.6938,0.2523970603942871,0.10799326002597809,-0.9224222898483276,0.12810024619102478,-0.044344544410705566,0.054233577102422714,-0.0013605983378741494,0.044139377548595406,1.4792806575179043,0.074959896504879,-1.04976487159729,-4.2542877197265625,-1.2525213956832886,5.271480560302734,-0.05758589,-0.23337317,0.0687083
404,13.7281,0.2573998272418976,0.10471542179584503,-0.9200152158737183,0.12841950356960297,-0.05878034979104996,0.057826630771160126,0.0026855123977358388,0.042841594182264575,1.479122865223317,0.07163084298372269,-1.4954389333724976,-3.7541592121124268,-1.2056045532226562,5.309712886810303,-0.08865428,-0.22255825,0.07147199
405,13.7619,0.26237040758132935,0.10089057683944702,-0.9174695014953613,0.1276085078716278,-0.07270349562168121,0.061310358345508575,0.005608045092191429,0.04173538364447291,1.4790260593176927,0.06820377707481384,-1.9056535959243774,-3.188471555709839,-1.1504108905792236,5.352365493774414,-0.122514986,-0.2049877,0.07396023
406,13.7957,0.2672393023967743,0.09661466628313065,-0.9148366451263428,0.12581264972686768,-0.08612306416034698,0.06456094980239868,0.009980413607207816,0.039906844756456894,1.4788911702084802,0.06484802812337875,-2.2997817993164062,-2.613264560699463,-1.0963935852050781,5.389801979064941,-0.15753275,-0.179006,0.07510186
407,13.8301,0.27304014563560486,0.09060516953468323,-0.9114311933517456,0.12203362584114075,-0.10226340591907501,0.06836410611867905,0.013750667407189806,0.03813937131999856,1.4787931658803652,0.060811541974544525,-2.7196812629699707,-1.8361806869506836,-1.0213215351104736,5.43943977355957,-0.19783755,-0.13356914,0.07429391
408,13.8638,0.27739855647087097,0.08533892035484314,-0.9085949659347534,0.11759456247091293,-0.11436109244823456,0.0710294172167778,0.017198405117082094,0.03632539243300471,1.478689302597852,0.0578482411801815,-3.0106489658355713,-1.2208552360534668,-0.9577487707138062,5.472960472106934,-0.22222084,-0.09011328,0.07069297
409,13.898,0.2814292907714844,0.07969829440116882,-0.9056023359298706,0.11185012757778168,-0.1255151778459549,0.07314737886190414,0.022382666378436257,0.03314472088647423,1.4785466903214783,0.05519549176096916,-3.2746710777282715,-0.6438053846359253,-0.8906323909759521,5.495811462402344,-0.23700961,-0.046596456,0.06446096
410,13.9318,0.28509196639060974,0.0737212523818016,-0.9025768041610718,0.10479462146759033,-0.13582345843315125,0.07433472573757172,0.02678603679331415,0.029878630528574063,1.4784100701575573,0.052997246384620667,-3.4829111099243164,-0.08003935217857361,-0.8150273561477661,5.514615058898926,-0.24336302,-0.0055926256,0.056948774
411,13.9658,0.2883712947368622,0.06746461987495422,-0.8995941877365112,0.09643027186393738,-0.1449187994003296,0.07443974912166595,0.03065649202931037,0.026483718075319716,1.4782778442094349,0.05138888955116272,-3.637801170349121,0.45270994305610657,-0.7316368818283081,5.527924537658691,-0.24328825,0.030276258,0.048930287
412,13.9998,0.2912658751010895,0.06101366877555847,-0.8967381715774536,0.08657440543174744,-0.1526530236005783,0.07328039407730103,0.03595324896017976,0.020796404409401,1.4780866292431671,0.05049389973282814,-3.7730255126953125,0.9336229562759399,-0.6571707725524902,5.52888298034668,-0.2392846,0.059210204,0.041677654
413,14.0342,0.2942473590373993,0.05273281782865524,-0.8933889865875244,0.07228026539087296,-0.1599576473236084,0.07002431154251099,0.03975412079031926,0.015612817260697761,1.4779160537753475,0.05033820867538452,-3.8360602855682373,1.5020464658737183,-0.5361156463623047,5.527713298797607,-0.23084399,0.0903892,0.032262027
414,14.0678,0.2961227595806122,0.046044833958148956,-0.8908896446228027,0.05972495302557945,-0.1639280617237091,0.06637255847454071,0.043662546877795125,0.008532347852504351,1.4777037998364684,0.050965193659067154,-3.868378162384033,1.9160990715026855,-0.4460859000682831,5.516104698181152,-0.2228377,0.11037678,0.025696753
415,14.1019,0.2975018620491028,0.03936516121029854,-0.8885533809661865,0.04632941260933876,-0.1657947450876236,0.06150893121957779,0.045726305307903184,0.0033489861882410646,1.477556793344296,0.0521346852183342,-3.8315892219543457,2.308210849761963,-0.3266373574733734,5.503937721252441,-0.21357597,0.12866159,0.018207038
416,14.1357,0.29838836193084717,0.032779593020677567,-0.8864351511001587,0.03220474720001221,-0.16576933860778809,0.056402601301670074,0.04768293808316281,-0.004033050843295592,1.4773955389402915,0.05373632535338402,-3.774848699569702,2.6782031059265137,-0.21932628750801086,5.488054275512695,-0.20366663,0.14449866,0.0118334405
417,14.1698,0.2987257242202759,0.02640577405691147,-0.884581446647644,0.017608800902962685,-0.1635580062866211,0.051052600145339966,0.048388800607709906,-0.009711334468568934,1.477292341448051,0.055561427026987076,-3.6620655059814453,3.0211334228515625,-0.10496297478675842,5.476459980010986,-0.19279802,0.15905465,0.005526022
418,14.2041,0.2984749674797058,0.02031695283949375,-0.8830440044403076,0.002980766585096717,-0.15935350954532623,0.04558214172720909,0.04842923072200867,-0.014410936821934204,1.477239477700413,0.05741516873240471,-3.507164478302002,3.336008310317993,0.004201978445053101,5.470756530761719,-0.18114139,0.17230135,-0.0002170278
419,14.2384,0.2973202168941498,0.01319600734859705,-0.8814573287963867,-0.015160145238041878,-0.1514142006635666,0.037955645471811295,0.047610783062378474,-0.02054418224822448,1.4772005955484977,0.05956967920064926,-3.2713403701782227,3.6982309818267822,0.13598284125328064,5.470938205718994,-0.16557582,0.18718247,-0.0068826433
420,14.2719,0.2957385182380676,0.007980218157172203,-0.8804597854614258,-0.029507635161280632,-0.1431662142276764,0.03194180876016617,0.04630328748044726,-0.02495071932808604,1.477222300311382,0.06103423982858658,-3.0447850227355957,3.9625465869903564,0.2310810387134552,5.478537082672119,-0.15216048,0.19802482,-0.011548074
421,14.3068,0.29357320070266724,0.003276647301390767,-0.8796910047531128,-0.04318010434508324,-0.1334311068058014,0.026088107377290726,0.043991709427339716,-0.029703136535116248,1.4773332209707837,0.06215410307049751,-2.787384510040283,4.1997551918029785,0.3203594386577606,5.491647720336914,-0.13796881,0.20787776,-0.015857019
422,14.3409,0.29092952609062195,-0.0009103920892812312,-0.8790806531906128,-0.05621734634041786,-0.12239544838666916,0.02022639289498329,0.041955693645649716,-0.03259378567774789,1.4774325568794437,0.06296804547309875,-2.508896827697754,4.425891876220703,0.4015328586101532,5.509605407714844,-0.12290411,0.21681254,-0.019670015
423,14.3749,0.2877747416496277,-0.0044890111312270164,-0.8786143064498901,-0.0685494989156723,-0.11010227352380753,0.014521933160722256,0.0385517243640945,-0.03610938094027486,1.4776224402651663,0.06335422396659851,-2.2048916816711426,4.618767738342285,0.4837366044521332,5.528594970703125,-0.10722362,0.22461013,-0.023524053
424,14.4088,0.28411129117012024,-0.007440799381583929,-0.8782559633255005,-0.08007804304361343,-0.09693431854248047,0.009119479916989803,0.03556380742383691,-0.03835881579382109,1.4777870236205333,0.06328345090150833,-1.8739535808563232,4.793740272521973,0.5612188577651978,5.550597667694092,-0.09048527,0.23146938,-0.027098877
425,14.4429,0.2788470387458801,-0.010265123099088669,-0.878054141998291,-0.0929739698767662,-0.07931798696517944,0.002698608674108982,0.03273370774530174,-0.03997675689626068,1.4779401553832128,0.06256428360939026,-1.4397556781768799,4.946890354156494,0.6574125289916992,5.571140766143799,-0.06930004,0.23810965,-0.031643365
426,14.4771,0.27418217062950134,-0.011895463801920414,-0.8780847787857056,-0.10234006494283676,-0.06459090113639832,-0.00230099493637681,0.028457430451664073,-0.04173850869756455,1.478166390917815,0.06160643696784973,-1.0609257221221924,5.056617259979248,0.7246387004852295,5.591158866882324,-0.050837077,0.24230126,-0.03472299
427,14.5108,0.2691960334777832,-0.01301658060401678,-0.8783334493637085,-0.11045613139867783,-0.04946601763367653,-0.006904036272317171,0.024874954475667888,-0.042687022648120694,1.4783472195558314,0.06041176617145538,-0.6727550625801086,5.125271320343018,0.7850790023803711,5.606074333190918,-0.032167606,0.2450635,-0.037538346
428,14.546,0.2639368176460266,-0.013645920902490616,-0.8788074254989624,-0.11742221564054489,-0.03431934490799904,-0.011511159129440784,0.021644236306589935,-0.04324026107507103,1.4785241866102672,0.059051305055618286,-0.2759456932544708,5.157854080200195,0.8394159078598022,5.615326881408691,-0.013182975,0.2464103,-0.04010209
429,14.5796,0.2527277171611786,-0.013401059433817863,-0.8804244995117188,-0.12795163691043854,-0.0039659300819039345,-0.020256802439689636,0.016940342726858813,-0.043600324615638945,1.4787320463333478,0.056057319045066833,0.5341175198554993,5.097170829772949,0.9295201301574707,5.606081962585449,0.025635893,0.2446475,-0.04461392
430,14.614,0.2527277171611786,-0.013401059433817863,-0.8804244995117188,-0.12795163691043854,-0.0039659300819039345,-0.020256802439689636,0.013060894120697072,-0.04357422147576697,1.4789084807555657,0.056057319045066833,0.5620996356010437,5.134000778198242,0.925835132598877,5.6219482421875,0.026781913,0.24461564,-0.04411253
431,14.648,0.2393873631954193,-0.01068298239260912,-0.8830533027648926,-0.13393534719944,0.029772214591503143,-0.029359547421336174,0.00816278743787732,-0.04313373879265706,1.4790943693996532,0.0529068224132061,1.502232313156128,4.8664021492004395,1.0220439434051514,5.560931205749512,0.07229875,0.23420799,-0.049188465
432,14.6821,0.23341169953346252,-0.0086820675060153,-0.8845117092132568,-0.1345292180776596,0.044257692992687225,-0.032878343015909195,0.004655481784391874,-0.042566081845117475,1.4792167416517423,0.0518500916659832,1.9332215785980225,4.6912055015563965,1.056624174118042,5.520330429077148,0.09325216,0.2262881,-0.050968025
433,14.7181,0.2275029420852661,-0.006214681547135115,-0.8860986232757568,-0.13389627635478973,0.05829281359910965,-0.03643490746617317,-0.000354336898982689,-0.04142339432277013,1.4793737349980025,0.0511232390999794,1.9618314504623413,4.727344036102295,1.0573498010635376,5.537631988525391,0.0938436,0.22613104,-0.050578
434,14.7518,0.22169314324855804,-0.003281312296167016,-0.8877850770950317,-0.132011279463768,0.07201342284679413,-0.039790257811546326,-0.00448729015783711,-0.04016398960446086,1.4794854546057312,0.05078287422657013,2.806293249130249,4.22793436050415,1.1337699890136719,5.411160945892334,0.13492756,0.20328057,-0.054512057
435,14.7858,0.2160484939813614,0.00013549138384405524,-0.8895487785339355,-0.12875129282474518,0.08506356924772263,-0.04276157543063164,-0.00809705469247955,-0.038867263180187656,1.4795589578518176,0.050840333104133606,3.2295119762420654,3.920118570327759,1.172003984451294,5.336165904998779,0.1548912,0.18801351,-0.056210693
436,14.8199,0.20932462811470032,0.005066320300102234,-0.8919020891189575,-0.12262741476297379,0.10050074756145477,-0.046161528676748276,-0.012998937134352599,-0.03668116578750408,1.479643912690591,0.05149313434958458,3.746189594268799,3.4757955074310303,1.21714186668396,5.231845378875732,0.17827997,0.165412,-0.057923395
437,14.854,0.20430824160575867,0.009498292580246925,-0.8938086032867432,-0.11652450263500214,0.11218643188476562,-0.04879145696759224,-0.01681144989128818,-0.03462341611460551,1.4796815964200156,0.0524580180644989,4.141528606414795,3.0685558319091797,1.2544443607330322,5.138877868652344,0.19517481,0.1446096,-0.059117287
438,14.8877,0.1996528059244156,0.014389739371836185,-0.8956514596939087,-0.10912396013736725,0.1229531317949295,-0.05116904526948929,-0.021462831343868907,-0.03157307717510999,1.4796724085142547,0.05375582352280617,4.5217108726501465,2.6248486042022705,1.2979633808135986,5.0448713302612305,0.20984134,0.12181269,-0.060235247
439,14.9219,0.19538994133472443,0.01969791390001774,-0.8975586891174316,-0.1005253866314888,0.13284072279930115,-0.05344107374548912,-0.02459295692514752,-0.029163960847078292,1.4796353905751027,0.055397097021341324,4.857911586761475,2.1273269653320312,1.323754072189331,4.942041873931885,0.2221877,0.09729817,-0.060544923
440,14.9565,0.19154377281665802,0.025366945192217827,-0.8995130062103271,-0.0908179059624672,0.1417837142944336,-0.0555204413831234,-0.028811953368807864,-0.025268265917969764,1.479542712569168,0.05737669765949249,5.1606292724609375,1.595045804977417,1.335357666015625,4.841782569885254,0.23187082,0.07166656,-0.059998587
441,14.9909,0.18816131353378296,0.03136086463928223,-0.9014714956283569,-0.08012375980615616,0.14955788850784302,-0.05739231035113335,-0.03187338187753005,-0.02178643038344875,1.479425932955368,0.05963940918445587,5.427788257598877,1.0326441526412964,1.3345199823379517,4.749185085296631,0.2387298,0.045418672,-0.058696043
442,15.0262,0.18462790548801422,0.03928849846124649,-0.9040088653564453,-0.06558308750391006,0.15755224227905273,-0.059269096702337265,-0.03430930250581447,-0.018522670291502404,1.4793032943871698,0.06282896548509598,5.662098407745361,0.26686084270477295,1.2759554386138916,4.63909912109375,0.24362677,0.011482394,-0.054901358
443,15.0598,0.182413712143898,0.045930612832307816,-0.9060522317886353,-0.052792709320783615,0.16263848543167114,-0.06013131141662598,-0.03730825700043367,-0.01359291152300814,1.4790829178069658,0.06559835374355316,5.8055548667907715,-0.37657713890075684,1.2120585441589355,4.574121475219727,0.24423163,-0.015842076,-0.050989617
444,15.094,0.18075647950172424,0.05273909494280815,-0.9080133438110352,-0.039671480655670166,0.1666296273469925,-0.06042876094579697,-0.039251186979646996,-0.009407408491244747,1.4788791859835748,0.06850756704807281,5.883175373077393,-1.054990291595459,1.1189544200897217,4.526932239532471,0.24187282,-0.043373425,-0.04600316
445,15.1279,0.1796209216117859,0.05959964171051979,-0.9099586009979248,-0.026034973561763763,0.1690489500761032,-0.06024134159088135,-0.04107366717618308,-0.0038655736409121608,1.4786281830508348,0.07156527042388916,5.900601863861084,-1.7429730892181396,1.0004578828811646,4.504535675048828,0.23665051,-0.06990396,-0.040124528
446,15.1619,0.1790526658296585,0.0664665549993515,-0.9118444919586182,-0.012121163308620453,0.1697855144739151,-0.059111081063747406,-0.04193150049162203,0.00011926889082168761,1.478397020668216,0.07467307895421982,5.878669738769531,-2.43636417388916,0.8724921941757202,4.510241508483887,0.22881062,-0.0948286,-0.033959296
447,15.1954,0.1790534257888794,0.07327018678188324,-0.9136433601379395,0.0020601607393473387,0.16917191445827484,-0.057319168001413345,-0.04256807505474583,0.005929732065332383,1.4780775744954608,0.07777108997106552,5.795836448669434,-3.1205718517303467,0.7335704565048218,4.540141582489014,0.21876767,-0.11778804,-0.027689101
448,15.2298,0.17983025312423706,0.08158670365810394,-0.9157401323318481,0.019832255318760872,0.16612423956394196,-0.05402006953954697,-0.04252883087936999,0.010600532747627367,1.4778065978545454,0.081560879945755,5.628899097442627,-3.9405357837677,0.5618611574172974,4.608546257019043,0.20412146,-0.14289613,-0.02037484
449,15.2639,0.1810157299041748,0.08798501640558243,-0.9173030853271484,0.033766936510801315,0.16182737052440643,-0.050671231001615524,-0.04208859786761228,0.014622424061702822,1.4775864875904503,0.08449095487594604,5.449141025543213,-4.540633678436279,0.4291461408138275,4.679946422576904,0.19171025,-0.15974738,-0.015098107
450,15.2978,0.18262656033039093,0.09407640993595123,-0.9187339544296265,0.04741250351071358,0.15617941319942474,-0.0466560497879982,-0.040854401633496296,0.020184955106686414,1.477271435633494,0.08729769289493561,5.249154567718506,-5.100000381469727,0.3123159110546112,4.761434555053711,0.17914277,-0.17405246,-0.010658695
451,15.3318,0.1846739500761032,0.09982994198799133,-0.9200242757797241,0.0604562982916832,0.14910294115543365,-0.042221542447805405,-0.03933156034910775,0.024434136816827125,1.4770285553420788,0.08991627395153046,5.012096881866455,-5.581592082977295,0.20197322964668274,4.841849327087402,0.16697185,-0.18594389,-0.00672849
452,15.3658,0.18717487156391144,0.1051827073097229,-0.9212138652801514,0.07286614924669266,0.14068344235420227,-0.037563346326351166,-0.037669543930627346,0.027931427008049,1.476835476163048,0.09228280931711197,4.7415266036987305,-5.982332229614258,0.09845814108848572,4.9154510498046875,0.1552738,-0.19590725,-0.0032242716
453,15.3998,0.19005857408046722,0.11013541370630264,-0.9223951101303101,0.08462242037057877,0.130994513630867,-0.03300478309392929,-0.0348576702608024,0.03244037303479712,1.4765647658382415,0.09445561468601227,4.44883394241333,-6.329153060913086,0.0016649961471557617,4.979182243347168,0.14376496,-0.20452784,-5.3804684e-05
454,15.4337,0.1941668689250946,0.11567122489213943,-0.9236598014831543,0.09809276461601257,0.11733986437320709,-0.027362730354070663,-0.03229031431034416,0.035632038443202584,1.4763692898142295,0.09675219655036926,4.0381879806518555,-6.63756799697876,-0.11167460680007935,5.041153907775879,0.12992468,-0.21355717,0.0035930197
455,15.4676,0.19792652130126953,0.1195492073893547,-0.9244996309280396,0.10785622149705887,0.10513713955879211,-0.022878393530845642,-0.02879397703144983,0.03895587570427084,1.4761566364011867,0.09817975014448166,3.6773977279663086,-6.834944248199463,-0.19169078767299652,5.079000473022461,0.118415006,-0.2200904,0.0061725895
456,15.5017,0.20211678743362427,0.12289100885391235,-0.9251872301101685,0.11675070971250534,0.09223034232854843,-0.018422549590468407,-0.02619375392806973,0.04093004373083295,1.4760463815320575,0.09920243918895721,3.28106689453125,-6.96150016784668,-0.2664402723312378,5.107388496398926,0.106520176,-0.22600582,0.00865001
457,15.5358,0.20671498775482178,0.1256995052099228,-0.9257053136825562,0.12453660368919373,0.07872907817363739,-0.01418701559305191,-0.022383658822061232,0.0431444122429634,1.4758686155292946,0.09983467310667038,2.8524653911590576,-7.055212020874023,-0.33238303661346436,5.126049041748047,0.09361816,-0.23155268,0.01090884
458,15.5702,0.21168263256549835,0.1279858648777008,-0.9261058568954468,0.13151943683624268,0.0646701455116272,-0.010326557792723179,-0.019272468732252,0.0444316511558532,1.4757374548456084,0.10013476014137268,2.392435073852539,-7.092905521392822,-0.3927742838859558,5.137669086456299,0.0797923,-0.23656201,0.013099777
459,15.6039,0.2169780135154724,0.12977249920368195,-0.9264811277389526,0.1376054435968399,0.05035274103283882,-0.006524194497615099,-0.016564675767076015,0.04525796346307753,1.4756334584050406,0.1001901775598526,1.9078574180603027,-7.084322452545166,-0.4553344249725342,5.142455577850342,0.06488568,-0.24093576,0.015485792
460,15.6379,0.22394433617591858,0.13128328323364258,-0.9267780780792236,0.1439710408449173,0.03216081112623215,-0.002006187103688717,-0.012685769155807996,0.0459562276561395,1.4754753997943444,0.09990893304347992,1.2740020751953125,-7.0194478034973145,-0.5290380120277405,5.1403961181640625,0.044522405,-0.24530785,0.01848823
461,15.672,0.22974243760108948,0.1319335252046585,-0.9269437789916992,0.14782559871673584,0.017434651032090187,0.00152103160507977,-0.009569573155387255,0.04619213379445008,1.475342641214004,0.0994798019528389,0.7548550367355347,-6.918970584869385,-0.5921595096588135,5.133379936218262,0.027016342,-0.24763069,0.02119345
462,15.7059,0.2356533706188202,0.1320703774690628,-0.9270981550216675,0.15057097375392914,0.002734414068982005,0.004684759769588709,-0.00684292480163405,0.04618662854113418,1.4752447700439435,0.09890686720609665,0.2362547665834427,-6.769320011138916,-0.6608918905258179,5.123971939086914,0.00867868,-0.248667,0.024277477
463,15.7398,0.24157817661762238,0.1317126303911209,-0.9271260499954224,0.15246228873729706,-0.011813638731837273,0.00780990207567811,-0.0029200367611566165,0.04583847432406596,1.47511014725084,0.09818124771118164,-0.2841787040233612,-6.588851451873779,-0.7321962714195251,5.111546993255615,-0.010706759,-0.24824256,0.027586337
464,15.7739,0.24747802317142487,0.13091111183166504,-0.9270098209381104,0.15322516858577728,-0.026266951113939285,0.010972903110086918,0.00023304028179329714,0.04533647678096443,1.4750132081871612,0.09734617918729782,-0.7841442823410034,-6.358504295349121,-0.8056538105010986,5.103005409240723,-0.030359624,-0.24618149,0.031192407
465,15.8078,0.2533683180809021,0.1296626180410385,-0.926729679107666,0.1532164067029953,-0.04033569619059563,0.01407392043620348,0.004161969426224419,0.044431913310773,1.4749104101690842,0.09639627486467361,-1.2763971090316772,-6.096909046173096,-0.8784706592559814,5.095771312713623,-0.05072537,-0.24229762,0.034911353
466,15.8419,0.26062673330307007,0.12741464376449585,-0.9260746240615845,0.1517050415277481,-0.05737657845020294,0.018057774752378464,0.006903707812474556,0.0436285666067614,1.4748502227284483,0.09497181326150894,-1.8400635719299316,-5.688461780548096,-0.9613449573516846,5.10236120223999,-0.07596711,-0.23484841,0.039689172
467,15.8756,0.2662823796272278,0.12505607306957245,-0.9253544807434082,0.14945334196090698,-0.07069965451955795,0.021257594227790833,0.010813162233832276,0.04221480673614682,1.474775387901817,0.0936516597867012,-2.2732279300689697,-5.330958843231201,-1.0307866334915161,5.109949111938477,-0.096546456,-0.22641161,0.043778628
468,15.9094,0.2717156708240509,0.1222112625837326,-0.9245260953903198,0.14606769382953644,-0.08360656350851059,0.024819307029247284,0.013962392875040308,0.04089824808413092,1.4747073441359657,0.09219297021627426,-2.662522792816162,-4.9238176345825195,-1.1056042909622192,5.127348899841309,-0.116660014,-0.21573998,0.048442706
469,15.9438,0.2769401967525482,0.11892564594745636,-0.9235374927520752,0.14174363017082214,-0.09587344527244568,0.028424736112356186,0.016729456778930066,0.03958999932695392,1.4746588746041263,0.09062107652425766,-3.0141725540161133,-4.476505756378174,-1.175917148590088,5.152432918548584,-0.13642925,-0.20261823,0.05322505
470,15.978,0.2819439470767975,0.1151929423213005,-0.9223825931549072,0.13652928173542023,-0.1077747642993927,0.03200952336192131,0.020660951459051446,0.0374425219312657,1.4746016166406894,0.08893492817878723,-3.3440771102905273,-4.002201080322266,-1.246263027191162,5.17909049987793,-0.15590854,-0.18659179,0.05810364
471,16.0118,0.2866891026496887,0.11101054400205612,-0.9210312366485596,0.13035555183887482,-0.1189495325088501,0.0359412282705307,0.023730623283585262,0.03550789768570206,1.4745456902577978,0.0871225893497467,-3.6317648887634277,-3.4848155975341797,-1.3085700273513794,5.212518692016602,-0.17458469,-0.1675206,0.06290503
472,16.0463,0.292214035987854,0.10523312538862228,-0.9191277027130127,0.12126574665307999,-0.13189579546451569,0.041073013097047806,0.026360322170686575,0.033578666341345834,1.4744835054463445,0.08477901667356491,-3.931892156600952,-2.790411949157715,-1.3742961883544922,5.258648872375488,-0.19606647,-0.13914579,0.06853021
473,16.08,0.29994261264801025,0.09493118524551392,-0.9155751466751099,0.10375624150037766,-0.1500571072101593,0.049517180770635605,0.030016782010121923,0.03053454421851996,1.4744322395953604,0.08099094778299332,-4.149573802947998,-2.23634672164917,-1.4262982606887817,5.288267612457275,-0.210643,-0.113522686,0.07240255
474,16.114,0.29994261264801025,0.09493118524551392,-0.9155751466751099,0.10375624150037766,-0.1500571072101593,0.049517180770635605,0.03280585444370766,0.02784861934290435,1.474386433224611,0.08099094778299332,-4.324618816375732,-1.672698736190796,-1.4663792848587036,5.3161211013793945,-0.22231436,-0.08598792,0.07538171
475,16.1479,0.30616286396980286,0.08368076384067535,-0.911331057548523,0.0828784853219986,-0.16450175642967224,0.05814024433493614,0.036127174185307954,0.023996371390266943,1.4743191884070865,0.07739506661891937,-4.546431064605713,-0.5834097862243652,-1.4977377653121948,5.363726615905762,-0.23570313,-0.030246034,0.07764804
476,16.1818,0.30866488814353943,0.07781311869621277,-0.908916711807251,0.07130446285009384,-0.1700899749994278,0.06221592426300049,0.038313895756372014,0.020984071961872918,1.4742716509816287,0.07573402673006058,-4.6154704093933105,-0.09119758009910583,-1.4930025339126587,5.379158973693848,-0.2378227,-0.0046991645,0.07693038
477,16.2158,0.31118080019950867,0.07035407423973083,-0.9057199954986572,0.05604442209005356,-0.17525088787078857,0.06676687300205231,0.04114166100776417,0.016214747843109913,1.4741936203616894,0.07385312765836716,-4.662911891937256,0.4681309759616852,-1.4663889408111572,5.39251708984375,-0.237399,0.023833567,0.07465705
478,16.2499,0.31260648369789124,0.06436758488416672,-0.9030745029449463,0.04312131926417351,-0.1778300255537033,0.06964795291423798,0.04314608920221231,0.011877653728969468,1.4741194513253306,0.07245981693267822,-4.663571834564209,0.8726781606674194,-1.4262579679489136,5.398514747619629,-0.23533146,0.044036765,0.071971305
479,16.2838,0.3134753406047821,0.05843060091137886,-0.9004206657409668,0.029704734683036804,-0.1788811832666397,0.07160866260528564,0.04458633504210557,0.007851718259137106,1.474048744398389,0.07114534080028534,-4.624989032745361,1.2422716617584229,-1.3647561073303223,5.40087890625,-0.23219725,0.062368166,0.06851749
480,16.3179,0.3138035833835602,0.05255219340324402,-0.8977365493774414,0.015865962952375412,-0.17841175198554993,0.07275404036045074,0.04611604644986867,0.001875572809580336,1.4739414190064588,0.06989604234695435,-4.568089962005615,1.5883585214614868,-1.2919199466705322,5.397076606750488,-0.2281337,0.07932377,0.06451941
481,16.3522,0.3135828971862793,0.046772170811891556,-0.8950015306472778,0.001816719421185553,-0.1763971745967865,0.07335865497589111,0.04682014046900439,-0.0029206000821450063,1.473878834720842,0.06868894398212433,-4.466238021850586,1.9120229482650757,-1.1908777952194214,5.3914618492126465,-0.2232168,0.09556044,0.059518535
482,16.3861,0.3128242790699005,0.041231825947761536,-0.8921866416931152,-0.0123800253495574,-0.17260092496871948,0.07314836978912354,0.047030380392309334,-0.006980570698693716,1.473813320958026,0.06752096116542816,-4.327632427215576,2.2091915607452393,-1.059170126914978,5.382580757141113,-0.21755624,0.111059204,0.053245988
483,16.42,0.31109002232551575,0.03464960679411888,-0.8887557983398438,-0.030034730210900307,-0.1658044308423996,0.07150790840387344,0.046752196571693744,-0.012465471638198802,1.4737673814292223,0.06604369729757309,-4.113070964813232,2.560157537460327,-0.8716709613800049,5.368830680847168,-0.20888893,0.13002172,0.04426921
484,16.454,0.30911654233932495,0.029675191268324852,-0.8860846757888794,-0.04403054341673851,-0.15873150527477264,0.0694674551486969,0.046029660162009225,-0.016532448396994154,1.4737557966784802,0.06484755873680115,-3.9040415287017822,2.8241374492645264,-0.7054456472396851,5.359071731567383,-0.20042105,0.14498222,0.03621533
485,16.4876,0.3066492974758148,0.025009749457240105,-0.8834855556488037,-0.05759507045149803,-0.15058143436908722,0.06650904566049576,0.04456544171111605,-0.0211456863087433,1.4737860235568527,0.0636272132396698,-3.6674180030822754,3.081080675125122,-0.5271786451339722,5.352470397949219,-0.19026574,0.15984656,0.027350044
486,16.5219,0.30373749136924744,0.020667802542448044,-0.8810346126556396,-0.07064402103424072,-0.1412428617477417,0.06236253306269646,0.04323658258381536,-0.02404826350022606,1.4738314304534386,0.0623936802148819,-3.3960299491882324,3.3121910095214844,-0.32966986298561096,5.349365234375,-0.17854144,0.17413373,0.017331924
487,16.556,0.3003748953342438,0.016666514798998833,-0.8788058757781982,-0.08316676318645477,-0.13093727827072144,0.057361774146556854,0.04089119070724222,-0.027797956864354795,1.4739199805596837,0.06109878048300743,-3.0968480110168457,3.5412075519561768,-0.13278022408485413,5.351562023162842,-0.1645092,0.18811426,0.0070534847
488,16.59,0.29657071828842163,0.013047447428107262,-0.8768560886383057,-0.09502613544464111,-0.11965905874967575,0.05146143585443497,0.03870856790754335,-0.030468612256189086,1.4740145227783814,0.05969840660691261,-2.765777826309204,3.7463815212249756,0.06821641325950623,5.3570709228515625,-0.1484677,0.20110677,-0.0036618754
489,16.6248,0.29119858145713806,0.009069526568055153,-0.8748198747634888,-0.1087784543633461,-0.10447152704000473,0.043353673070669174,0.03660602719406102,-0.0325430691037387,1.4741053365715533,0.05776682868599892,-2.3102502822875977,3.9655864238739014,0.3174634277820587,5.3665361404418945,-0.12554546,0.21550106,-0.017251851
490,16.6587,0.286506325006485,0.006353022530674934,-0.8735220432281494,-0.11877793818712234,-0.09164823591709137,0.03581339865922928,0.03324378423724138,-0.03511482343118477,1.4742627293919768,0.05612718313932419,-1.9162147045135498,4.138373374938965,0.5118677616119385,5.379240989685059,-0.10438901,0.22544482,-0.027884854
491,16.6929,0.2815002202987671,0.0040556155145168304,-0.8725192546844482,-0.12790676951408386,-0.07829516381025314,0.027364695444703102,0.030302229186491784,-0.03687942148590367,1.4743728511030516,0.054423071444034576,-1.5024442672729492,4.277906894683838,0.7069419622421265,5.389801979064941,-0.08185289,0.23305959,-0.03851407
492,16.7269,0.27622750401496887,0.002190752886235714,-0.8717827796936035,-0.13594594597816467,-0.06471496820449829,0.018494196236133575,0.02629130260596689,-0.03876017497604205,1.4745309097137478,0.05269258841872215,-1.0746734142303467,4.3848748207092285,0.897193431854248,5.398118019104004,-0.05836893,0.2381565,-0.048729427
493,16.7609,0.2707151174545288,0.0007307898486033082,-0.8713488578796387,-0.1428329348564148,-0.050592079758644104,0.009225153364241123,0.023283099868343465,-0.039835039275565635,1.4746402324764956,0.05098023638129234,-0.628758430480957,4.475246906280518,1.078559160232544,5.40795373916626,-0.033832427,0.24080545,-0.05803544
494,16.7948,0.2650129199028015,-0.00032046757405623794,-0.871326208114624,-0.14860790967941284,-0.03624174743890762,-0.0005822572275064886,0.01964428139053529,-0.04084035345874613,1.4747797821176158,0.04930334910750389,-0.17989955842494965,4.521846294403076,1.2458784580230713,5.410653114318848,-0.009581784,0.24084191,-0.06635779
495,16.8292,0.25755953788757324,-0.0010224786819890141,-0.871823787689209,-0.15411007404327393,-0.018091956153512,-0.01297631673514843,0.01481446918521656,-0.0417167997734912,1.4749226607100985,0.04729676991701126,0.39419350028038025,4.528924465179443,1.4306654930114746,5.406844615936279,0.020678017,0.23757158,-0.075047724
496,16.8628,0.2513764798641205,-0.0010951143922284245,-0.8726451396942139,-0.1571967601776123,-0.00344253983348608,-0.0230015330016613,0.01125409536567343,-0.04206803327056983,1.475027722415102,0.045878782868385315,0.858982264995575,4.485727310180664,1.5589489936828613,5.393828868865967,0.044497967,0.2323747,-0.08075843
497,16.8967,0.24509161710739136,-0.0007047753315418959,-0.8738166093826294,-0.15896181762218475,0.011056793853640556,-0.032548557966947556,0.006015129550607406,-0.04211037753190208,1.4751455672933382,0.044731996953487396,1.3349173069000244,4.419734477996826,1.6630969047546387,5.379647731781006,0.06800621,0.22515956,-0.08472503
498,16.9308,0.23877553641796112,0.00016511569265276194,-0.87531578540802,-0.1593741774559021,0.025412073358893394,-0.041793424636125565,0.0017767704433985345,-0.04179221300542168,1.4752574200591215,0.04394199699163437,1.801936149597168,4.3001298904418945,1.7497119903564453,5.351464748382568,0.09046013,0.21587352,-0.0878384
499,16.9658,0.23252688348293304,0.0015112714609131217,-0.8771250247955322,-0.15843696892261505,0.03956948593258858,-0.050336118787527084,-0.001990488600728743,-0.04122172644922388,1.475354758596964,0.04358261823654175,2.259251117706299,4.13390588760376,1.8142406940460205,5.311488151550293,0.111882806,0.2047196,-0.089844964
500,16.9999,0.22636955976486206,0.0032744414638727903,-0.8792287111282349,-0.1559811681509018,0.05321133881807327,-0.0581326000392437,-0.0073739013864956545,-0.03993585240639275,1.4754510318703702,0.043762825429439545,2.718946933746338,3.9488956928253174,1.8561317920684814,5.271231651306152,0.1322143,0.19202304,-0.090258166
501,17.0339,0.21894916892051697,0.006130393128842115,-0.8821824789047241,-0.15096884965896606,0.06946133822202682,-0.0668693482875824,-0.011602805101500281,-0.038525221750059006,1.4755216056392573,0.04469015821814537,3.259052276611328,3.641789197921753,1.8803329467773438,5.199126243591309,0.15559655,0.17386952,-0.089772515
502,17.0682,0.21333204209804535,0.008909335359930992,-0.8847652673721313,-0.14543619751930237,0.08186324685811996,-0.07270743697881699,-0.016683137541611406,-0.03629749165939693,1.475544242508523,0.0459529384970665,3.683852195739746,3.3717730045318604,1.8806931972503662,5.141455173492432,0.17258297,0.15796253,-0.08810767
503,17.1024,0.2080586701631546,0.012084011919796467,-0.8874759674072266,-0.13863694667816162,0.09340241551399231,-0.07753275334835052,-0.020086230892839337,-0.034441730271613256,1.4755326577577812,0.04762842133641243,4.073501110076904,3.05785870552063,1.8600008487701416,5.0725483894348145,0.18780547,0.1409801,-0.085753836
504,17.1369,0.20318646728992462,0.015627482905983925,-0.8902982473373413,-0.1305924952030182,0.10425400733947754,-0.08145816624164581,-0.024704087724604085,-0.03141876155410211,1.4754868513870318,0.049626756459474564,4.445669651031494,2.7254152297973633,1.8287861347198486,5.0053935050964355,0.20112628,0.12330035,-0.08273601
505,17.1711,0.19879014790058136,0.01952713541686535,-0.8932268619537354,-0.12115262448787689,0.11403652280569077,-0.08419238030910492,-0.028140784759242855,-0.02867332126990703,1.4754334550071757,0.051829077303409576,4.770229339599609,2.3609707355499268,1.7739112377166748,4.933026313781738,0.21256378,0.10520603,-0.07904636
506,17.2059,0.1949416846036911,0.02371744066476822,-0.8962364196777344,-0.11052556335926056,0.1228351891040802,-0.08619026839733124,-0.030874288672208414,-0.02611126875508833,1.475342374897895,0.05413961037993431,5.043620586395264,1.971685528755188,1.7001476287841797,4.858548641204834,0.22214961,0.0868442,-0.07488413
507,17.2398,0.1908740997314453,0.029301246628165245,-0.900039792060852,-0.09588368237018585,0.13229063153266907,-0.08722598850727081,-0.034303237572550736,-0.022244088374995065,1.475243837937562,0.05713488906621933,5.324431419372559,1.460169792175293,1.5829012393951416,4.770512580871582,0.23176093,0.06355802,-0.06890026
508,17.2739,0.18830005824565887,0.0340399406850338,-0.9030712842941284,-0.08326776325702667,0.13867390155792236,-0.08737123757600784,-0.03663976611612096,-0.018957859941945772,1.475105353560878,0.05948043614625931,5.490794658660889,1.0230705738067627,1.4728155136108398,4.7037882804870605,0.23764665,0.044279438,-0.06374481
509,17.3078,0.1863534301519394,0.03899585083127022,-0.9060617685317993,-0.0698859766125679,0.14388567209243774,-0.08647670596837997,-0.03906437871274555,-0.01465473569586605,1.4748994912086149,0.06173199042677879,5.611242771148682,0.5611124038696289,1.3486214876174927,4.646139621734619,0.24193703,0.02419319,-0.058147807
510,17.3434,0.1850220263004303,0.04414337873458862,-0.9089558124542236,-0.05593845248222351,0.14796261489391327,-0.08458380401134491,-0.040431445879310475,-0.011548738770182471,1.4747178636222715,0.06387948989868164,5.6647114753723145,0.06893487274646759,1.1987953186035156,4.596324443817139,0.2445658,0.0029761642,-0.05175627
511,17.3779,0.1842590868473053,0.0494588166475296,-0.9117671251296997,-0.04148642346262932,0.15088297426700592,-0.08210008591413498,-0.04191091092744435,-0.006993545806778096,1.4744695238506216,0.06597340106964111,5.679847240447998,-0.45506468415260315,1.0415115356445312,4.560791492462158,0.24514003,-0.019640418,-0.044951238
512,17.4118,0.18409132957458496,0.05491083487868309,-0.9145194292068481,-0.026641665026545525,0.15269553661346436,-0.07906119525432587,-0.04264635534603734,-0.003341496567823867,1.4742301056686233,0.06800758838653564,5.632091999053955,-1.0070840120315552,0.8617656230926514,4.539010524749756,0.24335171,-0.043514136,-0.03723521
513,17.446,0.18472278118133545,0.06184663623571396,-0.9177531003952026,-0.007788671646267176,0.15348179638385773,-0.0741809532046318,-0.04301655970469358,-0.0001386366664561721,1.4740073322434384,0.07043104618787766,5.485479831695557,-1.7195316553115845,0.6165931224822998,4.535504341125488,0.23719358,-0.074353,-0.026661647
514,17.48,0.18756882846355438,0.07292389869689941,-0.9224346876144409,0.022390898317098618,0.1510605812072754,-0.0647934302687645,-0.04302193179995497,0.004461599495844903,1.4736890844931738,0.07410635054111481,5.0853800773620605,-2.858510971069336,0.2230970561504364,4.584775924682617,0.21777159,-0.122410215,-0.009553701
515,17.5139,0.18756882846355438,0.07292389869689941,-0.9224346876144409,0.022390898317098618,0.1510605812072754,-0.0647934302687645,-0.04261955728756842,0.00810571412721151,1.473444206830941,0.07410635054111481,5.116331577301025,-2.8951733112335205,0.23969611525535583,4.585996150970459,0.21739931,-0.12301953,-0.010184987
516,17.5477,0.1925121694803238,0.08363907784223557,-0.9263490438461304,0.051431022584438324,0.14403313398361206,-0.051355991512537,-0.04157112902305307,0.012892147495532323,1.4730921369348327,0.07754074782133102,4.525857448577881,-3.945793628692627,-0.1384318470954895,4.694309234619141,0.18838952,-0.16424428,0.0057622474
517,17.582,0.19572274386882782,0.08876227587461472,-0.9278761148452759,0.06537079066038132,0.13876071572303772,-0.04449646174907684,-0.04046576736785887,0.016385792485012155,1.4728435308470738,0.07911091297864914,4.194007396697998,-4.458035469055176,-0.27698814868927,4.76511287689209,0.17112724,-0.18190034,0.011301892
518,17.6159,0.20043379068374634,0.09485701471567154,-0.929498553276062,0.08206913620233536,0.13067135214805603,-0.034734345972537994,-0.03838443207455629,0.021335503115438696,1.4724746830360977,0.08096537739038467,3.7062935829162598,-5.01892614364624,-0.4414864182472229,4.858306407928467,0.14814058,-0.20060652,0.017646216
519,17.6501,0.2047339379787445,0.0994194820523262,-0.9305124282836914,0.09450792521238327,0.12271063029766083,-0.026967676356434822,-0.036213643696951466,0.02526822222548313,1.4721987795471654,0.08232994377613068,3.2701804637908936,-5.401106834411621,-0.5526928305625916,4.928589820861816,0.128989,-0.21304126,0.021800416
520,17.6838,0.20942875742912292,0.10363833606243134,-0.9312317371368408,0.10609661787748337,0.11378376930952072,-0.019335560500621796,-0.033978993548644386,0.028642888412669067,1.4719716119061816,0.08357652276754379,2.7972264289855957,-5.712072849273682,-0.6442761421203613,4.990017890930176,0.10939046,-0.22338066,0.025195552
521,17.7174,0.2144872099161148,0.10744603723287582,-0.9317188262939453,0.11663752049207687,0.10362189263105392,-0.01207756344228983,-0.03024565365808441,0.033215178142063644,1.4716756015510195,0.0847078412771225,2.304323196411133,-5.977673053741455,-0.7139418125152588,5.038769721984863,0.08936891,-0.23183298,0.027688911
522,17.751,0.21985197067260742,0.11083067208528519,-0.9319911003112793,0.12608805298805237,0.09247718006372452,-0.005481052212417126,-0.026845057020378427,0.03654085880994894,1.471441909165365,0.08575040847063065,1.783055305480957,-6.159405708312988,-0.7710851430892944,5.07328462600708,0.06901979,-0.2384227,0.029847719
523,17.7851,0.22551016509532928,0.11371462792158127,-0.9320547580718994,0.13436488807201385,0.08031650632619858,0.0005448104930110276,-0.02367759308837906,0.039155962325919856,1.4712774589680526,0.08665421605110168,1.243672251701355,-6.262394905090332,-0.8163653016090393,5.095625877380371,0.048304155,-0.24323104,0.03170758
524,17.819,0.23286260664463043,0.11655418574810028,-0.9318786859512329,0.14293918013572693,0.0638832375407219,0.007319743279367685,-0.018865369189525163,0.042357934999981764,1.4710544192267585,0.08759240806102753,0.564346194267273,-6.308516979217529,-0.8582181930541992,5.108523368835449,0.022073783,-0.24675073,0.033568263
525,17.8531,0.2388322800397873,0.11820430308580399,-0.931604266166687,0.14818716049194336,0.0500696636736393,0.012099402025341988,-0.014825888528687573,0.044384355079369074,1.470917399588674,0.08822909742593765,0.03013676032423973,-6.277813911437988,-0.8889497518539429,5.109619140625,0.0011882621,-0.24752788,0.035050396
526,17.8868,0.24482214450836182,0.11929860711097717,-0.9312682151794434,0.15205936133861542,0.03567476198077202,0.016428425908088684,-0.01122861848477654,0.04580056589042437,1.4708176642058504,0.0887761190533638,-0.4885486960411072,-6.181299686431885,-0.9248199462890625,5.107210636138916,-0.019482207,-0.24649611,0.036879707
527,17.9208,0.2508196234703064,0.11981657147407532,-0.9307976961135864,0.15445680916309357,0.020968273282051086,0.020312124863266945,-0.005984250925976048,0.047253137172737644,1.4706565429599006,0.08916595578193665,-0.991516649723053,-6.055599689483643,-0.959691047668457,5.09947395324707,-0.0399108,-0.24375166,0.038629748
528,17.9549,0.2568182349205017,0.11971044540405273,-0.9302499294281006,0.1555842161178589,0.005972448270767927,0.02384759671986103,-0.0007198837816046051,0.04797402159030847,1.4705276459631407,0.08937856554985046,-1.4761085510253906,-5.857303142547607,-1.0025981664657593,5.095686912536621,-0.060268227,-0.23914859,0.04093521
529,17.9884,0.2627739906311035,0.11893583834171295,-0.9297095537185669,0.1552145779132843,-0.009209485724568367,0.027175307273864746,0.00348682350000408,0.048094234185201125,1.4704385632246777,0.08941130340099335,-1.9415805339813232,-5.615628719329834,-1.0619689226150513,5.092123985290527,-0.08041724,-0.23259059,0.0439851
530,18.0225,0.2700611650943756,0.11711890250444412,-0.9288657903671265,0.15280099213123322,-0.028105687350034714,0.03113350085914135,0.0071080799388542676,0.04782524243153551,1.4703646605044278,0.08918308466672897,-2.4688363075256348,-5.204073429107666,-1.1442055702209473,5.105293273925781,-0.10510085,-0.22154264,0.04870998
531,18.0558,0.27573075890541077,0.11498025804758072,-0.9280332326889038,0.14946793019771576,-0.043064482510089874,0.034046731889247894,0.012129893575200102,0.04694346147223187,1.4702269750760708,0.08876931667327881,-2.867048501968384,-4.846615314483643,-1.2149605751037598,5.117406368255615,-0.124422535,-0.21033065,0.05272617
532,18.0899,0.2812179923057556,0.11221706122159958,-0.927051305770874,0.14488458633422852,-0.05757070332765579,0.037169039249420166,0.015967226785435763,0.04580024964004492,1.4701121928330885,0.08813577890396118,-3.225843906402588,-4.423985004425049,-1.288745641708374,5.140855312347412,-0.14337549,-0.19662793,0.057279438
533,18.124,0.2864733636379242,0.10878713428974152,-0.9259592294692993,0.13907824456691742,-0.0717974454164505,0.04063338413834572,0.01925154835353267,0.04446854009814,1.4700091284989023,0.08726879954338074,-3.546948194503784,-3.9368157386779785,-1.369378924369812,5.173229217529297,-0.16201805,-0.17982647,0.0625507
534,18.158,0.2914420962333679,0.10469274967908859,-0.9247616529464722,0.13210931420326233,-0.08551833033561707,0.04426604509353638,0.023774650745950237,0.04206435894050336,1.4698646520097656,0.08617705851793289,-3.8437533378601074,-3.4093878269195557,-1.458266019821167,5.2062578201293945,-0.17992164,-0.1595895,0.068259746
535,18.1918,0.29611727595329285,0.09996248036623001,-0.9234853982925415,0.12411972135305405,-0.09869487583637238,0.0481824055314064,0.027180975260594493,0.039766745838361914,1.4697298960586076,0.08492878824472427,-4.099126815795898,-2.8176369667053223,-1.548081636428833,5.2450666427612305,-0.19671552,-0.13521732,0.07429185
536,18.2259,0.3014523386955261,0.09323509782552719,-0.9217697381973267,0.11272456496953964,-0.11382648348808289,0.05315951630473137,0.030024288795444585,0.03748096299712531,1.4696348212076917,0.08321528136730194,-4.354104042053223,-2.0192267894744873,-1.6505470275878906,5.294805526733398,-0.21447048,-0.09946123,0.08130114
537,18.2601,0.30527204275131226,0.0872960314154625,-0.9202299118041992,0.10244083404541016,-0.12494267523288727,0.057682156562805176,0.03377951029942984,0.03374554459255832,1.469475564174505,0.08178563416004181,-4.531547546386719,-1.3800913095474243,-1.737422227859497,5.326026439666748,-0.22452907,-0.06838075,0.08608578
538,18.2958,0.3086567521095276,0.08099521696567535,-0.9184472560882568,0.09161052107810974,-0.1351224035024643,0.06263870745897293,0.03729254851119141,0.029378070676342256,1.4692991297522873,0.08036749809980392,-4.6625752449035645,-0.7473371028900146,-1.805564284324646,5.356520652770996,-0.23056899,-0.036956564,0.08928695
539,18.3299,0.3115988075733185,0.07434424757957458,-0.9164718389511108,0.07978831976652145,-0.14409366250038147,0.06767957657575607,0.039819813484270945,0.02540499011162091,1.4691627759044752,0.0790247991681099,-4.762789249420166,-0.14621701836585999,-1.8651351928710938,5.381230354309082,-0.23269182,-0.007143609,0.09112343
540,18.3638,0.31403297185897827,0.06746625155210495,-0.914347767829895,0.06741658598184586,-0.15168355405330658,0.07239646464586258,0.041820841987140034,0.021652435929914938,1.4690233594214095,0.07781374454498291,-4.808134078979492,0.4102596342563629,-1.8970082998275757,5.405450344085693,-0.23182523,0.019780759,0.09146467
541,18.3977,0.31591540575027466,0.06044614315032959,-0.9121150970458984,0.05431916192173958,-0.15771795809268951,0.07691530138254166,0.04420566529260316,0.015848096099735955,1.4688449276283742,0.07675851881504059,-4.825409412384033,0.9138188362121582,-1.9197500944137573,5.42386531829834,-0.22877684,0.043324944,0.091017015
542,18.4319,0.3174745440483093,0.051511771976947784,-0.9090973138809204,0.037186965346336365,-0.16298635303974152,0.08177172392606735,0.045660250590490815,0.010932470810370524,1.4686939263945666,0.07564961910247803,-4.766438961029053,1.4773344993591309,-1.896211862564087,5.444185733795166,-0.2232204,0.06918608,0.08880281
543,18.4665,0.3180553615093231,0.04431485757231712,-0.9064880609512329,0.023005671799182892,-0.1654098778963089,0.08495199680328369,0.04684969323472586,0.004622190710319932,1.4685455883218492,0.07493028044700623,-4.675567150115967,1.88899564743042,-1.844008207321167,5.453848838806152,-0.21769829,0.08795321,0.08585855
544,18.5002,0.3179575800895691,0.037182342261075974,-0.9037015438079834,0.008646960370242596,-0.16625042259693146,0.08725949376821518,0.04723608045819353,0.0001674759995396772,1.4684301402885944,0.07429084926843643,-4.554903507232666,2.281728982925415,-1.7654516696929932,5.456198692321777,-0.21120043,0.10579854,0.081859946
545,18.5354,0.317234069108963,0.03018530085682869,-0.900855302810669,-0.00587037205696106,-0.16534274816513062,0.08877917379140854,0.04713775155732076,-0.006109880869062683,1.468341590182349,0.07379782944917679,-4.384458541870117,2.652399778366089,-1.6555886268615723,5.456005096435547,-0.20354451,0.123135254,0.0768592
546,18.5691,0.31594613194465637,0.023376910015940666,-0.8979939222335815,-0.02029034122824669,-0.16274778544902802,0.0894184559583664,0.04657507971444666,-0.010902674615080661,1.468271815361789,0.0734923779964447,-4.184422969818115,3.0114033222198486,-1.528842568397522,5.455154895782471,-0.19454125,0.14000548,0.0710786
547,18.6032,0.3140585720539093,0.016826188191771507,-0.8952025175094604,-0.0344424769282341,-0.1584957242012024,0.08947774022817612,0.04573049146424166,-0.014830022670161001,1.4682662227235,0.07330743223428726,-3.938084602355957,3.3446309566497803,-1.385209083557129,5.460610389709473,-0.18405038,0.15631473,0.06473915
548,18.6368,0.31094110012054443,0.009111421182751656,-0.8917473554611206,-0.051699887961149216,-0.15095408260822296,0.08800751715898514,0.04401348493044032,-0.020079040357896125,1.4682607632432654,0.07322550565004349,-3.590348482131958,3.7385213375091553,-1.1881691217422485,5.477010726928711,-0.1687895,0.1757554,0.05585822
549,18.6708,0.3079257607460022,0.0034207396674901247,-0.8890678882598877,-0.06481082737445831,-0.1433698982000351,0.08586499840021133,0.042273267283263256,-0.023898183969827083,1.4683088333009413,0.07325944304466248,-3.283514976501465,4.031218528747559,-1.0204848051071167,5.49954891204834,-0.15492806,0.1902074,0.04815015
550,18.7058,0.3044886291027069,-0.0018233865266665816,-0.8864791393280029,-0.07737956941127777,-0.13436758518218994,0.08303432911634445,0.040455489230526845,-0.02699096079741194,1.4683901928722431,0.07334769517183304,-2.9524641036987305,4.302587032318115,-0.8447116613388062,5.529004096984863,-0.13963342,0.20348595,0.039949674
551,18.7402,0.30064940452575684,-0.006597860716283321,-0.8839945793151855,-0.08918589353561401,-0.12419823557138443,0.0790647342801094,0.03747522055602483,-0.03094880308727099,1.4684891293067397,0.07344289869070053,-2.601186752319336,4.568464279174805,-0.662060022354126,5.56494140625,-0.12272947,0.21554977,0.031237386
552,18.7741,0.2964310646057129,-0.010871881619095802,-0.8816385269165039,-0.1000765785574913,-0.11313984543085098,0.07430324703454971,0.034774153112898595,-0.03381843406323703,1.468606841026921,0.07349769026041031,-2.23195219039917,4.808999538421631,-0.4717072546482086,5.60380744934082,-0.10483276,0.22587433,0.022155661
553,18.8078,0.29187676310539246,-0.014611468650400639,-0.879409909248352,-0.10990586876869202,-0.10101260989904404,0.06894699484109879,0.031094812974629186,-0.03687886388655043,1.4687890012454825,0.07347918301820755,-1.848688006401062,5.032393455505371,-0.2786079943180084,5.645539283752441,-0.0860904,0.23435041,0.012974323
554,18.8423,0.2858195900917053,-0.018523452803492546,-0.8768662214279175,-0.12076053768396378,-0.08471819758415222,0.061430513858795166,0.02833286317227022,-0.038748378004650835,1.4689104413911902,0.07334824651479721,-1.373081922531128,5.2464213371276855,-0.031777650117874146,5.6895060539245605,-0.063296445,0.24184997,0.0014648888
555,18.8757,0.2807140052318573,-0.020973945036530495,-0.8750612735748291,-0.12830249965190887,-0.0709490031003952,0.0547357052564621,0.024171403491723198,-0.040931982845001665,1.4691277553361406,0.07306673377752304,-0.9849845767021179,5.396468639373779,0.1604020893573761,5.724873065948486,-0.044870183,0.2458318,-0.0073069884
556,18.9098,0.2753787040710449,-0.022841187193989754,-0.8735107183456421,-0.13469251990318298,-0.056504059582948685,0.04732869565486908,0.020647336047978415,-0.0423281367240973,1.4692823518374196,0.07260338962078094,-0.603485643863678,5.50016450881958,0.35417208075523376,5.751623153686523,-0.027211022,0.24800108,-0.015969533
557,18.9439,0.26981645822525024,-0.024128742516040802,-0.8722448348999023,-0.1399143785238266,-0.04169844090938568,0.03945596516132355,0.017455289890760856,-0.04325620259090868,1.469410050411689,0.07194138318300247,-0.22551505267620087,5.561758518218994,0.5458776950836182,5.770023822784424,-0.010080181,0.24860217,-0.024399905
558,18.978,0.2640351951122284,-0.024866996333003044,-0.8712987899780273,-0.1441272795200348,-0.02676139585673809,0.03143652155995369,0.012805985911889854,-0.0441077358658939,1.4696091217031724,0.0711037889122963,0.16393552720546722,5.599055290222168,0.7270292043685913,5.786340713500977,0.0072557884,0.24781425,-0.03217832
559,19.0118,0.2580695152282715,-0.025079935789108276,-0.8706691265106201,-0.14718522131443024,-0.011583040468394756,0.023171162232756615,0.009108635106451482,-0.04439671797249192,1.4697575929339444,0.070138119161129,0.5487520098686218,5.589407444000244,0.9081344604492188,5.790257453918457,0.02411364,0.24561362,-0.039905872
560,19.0461,0.2505115568637848,-0.024621162563562393,-0.870294451713562,-0.14903491735458374,0.007359441369771957,0.012388931587338448,0.005828167319705437,-0.0443683802740178,1.469880630976306,0.06883008033037186,1.0157253742218018,5.514096736907959,1.141345500946045,5.775557518005371,0.044379197,0.2409226,-0.04986781
561,19.0797,0.23856404423713684,-0.022186029702425003,-0.8705861568450928,-0.1482010930776596,0.03704596310853958,-0.004185805097222328,0.00127599681007141,-0.04384916789118243,1.4700144548210825,0.06656943261623383,1.74583101272583,5.270266056060791,1.5103442668914795,5.713798522949219,0.07585722,0.22899567,-0.065625206
562,19.1139,0.23856404423713684,-0.022186029702425003,-0.8705861568450928,-0.1482010930776596,0.03704596310853958,-0.004185805097222328,-0.0022748563386118478,-0.04308135774296657,1.470119782842195,0.06656943261623383,1.7697553634643555,5.295055389404297,1.5064637660980225,5.727810859680176,0.07651139,0.2289198,-0.06512857
563,19.148,0.22722534835338593,-0.017665013670921326,-0.8718932867050171,-0.14254935085773468,0.06567052006721497,-0.022473717108368874,-0.006603782298420641,-0.04170710420264763,1.470219118750855,0.06414347887039185,2.4724552631378174,4.900108337402344,1.8977766036987305,5.617743968963623,0.10643593,0.21094319,-0.08169677
564,19.1817,0.22197161614894867,-0.014663557521998882,-0.8728902339935303,-0.13770799338817596,0.07919470965862274,-0.0311212707310915,-0.00961844528228211,-0.040434458580293625,1.4702638598571685,0.06288528442382812,2.8135828971862793,4.6561598777771,2.0825560092926025,5.553833961486816,0.120750204,0.19982786,-0.089376815
565,19.2159,0.21587787568569183,-0.010275098495185375,-0.8744847774505615,-0.1301119327545166,0.0953035056591034,-0.042701225727796555,-0.013713991725849672,-0.03831639663108317,1.4702710503921117,0.06128719449043274,3.22526216506958,4.305131435394287,2.3053457736968994,5.464968204498291,0.13777417,0.18390317,-0.09847792
566,19.2498,0.21143200993537903,-0.006260951980948448,-0.8760392665863037,-0.12292275577783585,0.10736221820116043,-0.05178907886147499,-0.016815905484627563,-0.036288237174608905,1.4702578677447158,0.059979282319545746,3.538330554962158,3.9855589866638184,2.4619252681732178,5.387966632843018,0.15067662,0.16972144,-0.10483888
567,19.2838,0.20741747319698334,-0.0017823034431785345,-0.8778140544891357,-0.11460904777050018,0.11862614005804062,-0.06093982979655266,-0.019407372405626726,-0.034283155673455856,1.470237361404322,0.058628760278224945,3.8274950981140137,3.6280629634857178,2.59948992729187,5.305189609527588,0.16274421,0.15426439,-0.110529706
568,19.3173,0.20378607511520386,0.003067603101953864,-0.8798470497131348,-0.10535021126270294,0.12897589802742004,-0.06972336024045944,-0.02289023783447554,-0.03108186959561248,1.4701432186597878,0.057363394647836685,4.109017848968506,3.2440435886383057,2.7096564769744873,5.224512577056885,0.17426096,0.13757792,-0.11491489
569,19.3513,0.2005387246608734,0.008228938095271587,-0.8821333646774292,-0.09529417753219604,0.13832637667655945,-0.07817140966653824,-0.025419061172911695,-0.028216828411337627,1.470044948015564,0.05627406761050224,4.361069202423096,2.8261120319366455,2.7829678058624268,5.139837741851807,0.18494855,0.119852565,-0.11802286
570,19.3858,0.1977064609527588,0.01374367531388998,-0.8846313953399658,-0.08466237783432007,0.1466742604970932,-0.08603184670209885,-0.027439202017791302,-0.025596225883834613,1.4699360247269797,0.055376917123794556,4.582454204559326,2.371644973754883,2.8173723220825195,5.052279472351074,0.19486952,0.10085454,-0.11980916
571,19.4199,0.19475775957107544,0.021088285371661186,-0.8880374431610107,-0.07037828117609024,0.15563948452472687,-0.09469614923000336,-0.029991823197280835,-0.021596896537619176,1.4697571934597808,0.05466069281101227,4.818946838378906,1.7514901161193848,2.806135416030884,4.944632530212402,0.20611304,0.074913666,-0.120022304
572,19.4543,0.1929566115140915,0.02723200060427189,-0.8909200429916382,-0.058496005833148956,0.16146083176136017,-0.10080146789550781,-0.03173996374870088,-0.0182428053504487,1.4696005995876842,0.054459426552057266,4.961884021759033,1.215623378753662,2.752692461013794,4.862102031707764,0.21376203,0.05237005,-0.11858825
573,19.4878,0.19169875979423523,0.033597733825445175,-0.8939718008041382,-0.046085141599178314,0.16636762022972107,-0.10606884211301804,-0.03355500998072536,-0.013906111750769067,1.4693774266883355,0.05460842698812485,5.064621448516846,0.6356323957443237,2.66078782081604,4.786926746368408,0.21996252,0.02760627,-0.11556117
574,19.5221,0.19095903635025024,0.04016454145312309,-0.8971199989318848,-0.033349957317113876,0.17003053426742554,-0.11026866734027863,-0.03463003864722248,-0.01076376683739511,1.4691878096187219,0.05518636852502823,5.1038641929626465,0.016312822699546814,2.5193045139312744,4.7210693359375,0.22417618,0.00071650546,-0.110654995
575,19.5556,0.19075196981430054,0.046831514686346054,-0.9003385305404663,-0.020334092900156975,0.17251750826835632,-0.11334682255983353,-0.03584735917852469,-0.00609162573202803,1.4689157677133704,0.05621705576777458,5.093270778656006,-0.6393415927886963,2.3398945331573486,4.671898365020752,0.22570994,-0.02833263,-0.10369319
576,19.5899,0.19104503095149994,0.05353148281574249,-0.9036345481872559,-0.00711807981133461,0.1738118976354599,-0.11526423692703247,-0.03660092141490863,-0.0022044404348401463,1.4686609031970497,0.057735610753297806,5.039072513580322,-1.3253583908081055,2.128355026245117,4.642848014831543,0.22382407,-0.058869384,-0.094536655
577,19.624,0.19201885163784027,0.06185150891542435,-0.9077333211898804,0.00940125435590744,0.17350457608699799,-0.11574417352676392,-0.03704473721057033,0.0012770466000850923,1.4684539755803505,0.06031959131360054,4.877501964569092,-2.1818339824676514,1.8179399967193604,4.633150577545166,0.21604608,-0.09664305,-0.08052458
578,19.6578,0.19325509667396545,0.068389892578125,-0.9109196662902832,0.022415440529584885,0.17175237834453583,-0.11449044942855835,-0.03727789280281757,0.006383702202947316,1.4681214799182543,0.06284358352422714,4.720825672149658,-2.870375156402588,1.5652129650115967,4.64950704574585,0.205525,-0.124964125,-0.068142824
579,19.6921,0.19490985572338104,0.07479673624038696,-0.9139792919158936,0.03514982387423515,0.16882392764091492,-0.11127211898565292,-0.037155300007700655,0.010606165957511265,1.4678735396207678,0.06566064059734344,4.51425313949585,-3.5321168899536133,1.3040075302124023,4.682572841644287,0.19198705,-0.1502177,-0.055458244
580,19.7258,0.19695676863193512,0.08097081631422043,-0.9168546199798584,0.04765801131725311,0.16452576220035553,-0.10644286125898361,-0.03678569902147889,0.014395771367882964,1.4676454398734025,0.06864781677722931,4.2655744552612305,-4.143838405609131,1.0497814416885376,4.729348182678223,0.17658678,-0.17154714,-0.043458983
581,19.7598,0.199393630027771,0.08684695512056351,-0.9194746017456055,0.05981585755944252,0.15873847901821136,-0.10035721212625504,-0.03576426855251422,0.01989846555242114,1.4673305210745007,0.07166454195976257,3.9965882301330566,-4.71161413192749,0.8188173770904541,4.787184238433838,0.16031563,-0.18899757,-0.032845322
582,19.7933,0.20225408673286438,0.09240104258060455,-0.9218056201934814,0.07133349031209946,0.15160474181175232,-0.09280581772327423,-0.03450298089609048,0.02426656156642309,1.4671034865915713,0.07459722459316254,3.683347463607788,-5.202758312225342,0.6000717878341675,4.8465986251831055,0.14381789,-0.20314392,-0.02343006
583,19.8276,0.20639729499816895,0.09884048998355865,-0.9243812561035156,0.08502907305955887,0.14085903763771057,-0.08220993727445602,-0.032345545774638884,0.029548958233352074,1.4668274499445846,0.07809609174728394,3.2429451942443848,-5.715749263763428,0.3501288592815399,4.915928840637207,0.12319418,-0.21713196,-0.013300822
584,19.8618,0.21005314588546753,0.10355912148952484,-0.926205039024353,0.09507700055837631,0.13079440593719482,-0.07339803874492645,-0.03046988766067988,0.0330046843862173,1.46664342551326,0.08077318966388702,2.8599908351898193,-6.0347676277160645,0.16519224643707275,4.960117340087891,0.10703216,-0.22584485,-0.0061821467
585,19.8958,0.21401433646678925,0.10776852816343307,-0.9277573823928833,0.10427892953157425,0.119544617831707,-0.06415946036577225,-0.02735963591903598,0.03748769164006697,1.4664315710485445,0.08318133652210236,2.463974714279175,-6.296942234039307,-0.0004970729351043701,4.9949116706848145,0.09109836,-0.23281127,1.8377837e-05
586,19.9293,0.2182118147611618,0.1114148199558258,-0.9290757179260254,0.11255206912755966,0.10726523399353027,-0.05488705635070801,-0.024522539200855543,0.040597444039006475,1.466266588219014,0.08529140800237656,2.046217918395996,-6.4706501960754395,-0.1561289280653,5.0180182456970215,0.075358525,-0.23830241,0.0057499474
587,19.9631,0.222601056098938,0.11451544612646103,-0.9301208257675171,0.11987075954675674,0.0938667505979538,-0.04627784341573715,-0.02186267377262528,0.042953055796262796,1.4661652549395365,0.0870852991938591,1.6169490814208984,-6.569268703460693,-0.29451727867126465,5.032511234283447,0.059694678,-0.24252488,0.010873017
588,19.9968,0.22717401385307312,0.11706714332103729,-0.9308246374130249,0.12603957951068878,0.07966194301843643,-0.03760220482945442,-0.01782826352083185,0.045662143931578296,1.466036224784722,0.08850988745689392,1.183329701423645,-6.628654956817627,-0.4170783460140228,5.040006637573242,0.043850712,-0.24563843,0.015455696
589,20.031,0.23308371007442474,0.1194203719496727,-0.9313452243804932,0.13214069604873657,0.061221975833177567,-0.027640093117952347,-0.014472750247251165,0.047304011871936565,1.4659360899277352,0.089769147336483,0.6370565295219421,-6.5944294929504395,-0.5555403828620911,5.0444865226745605,0.023955327,-0.24797127,0.020890063
590,20.0658,0.23791909217834473,0.12066436558961868,-0.9314855337142944,0.13584111630916595,0.045907918363809586,-0.020067494362592697,-0.011515068507744383,0.04833584115272016,1.4658581924658503,0.09038713574409485,0.20173315703868866,-6.510839939117432,-0.656887412071228,5.045714378356934,0.0077032647,-0.24861914,0.02508352
591,20.0998,0.24281691014766693,0.12129027396440506,-0.931337833404541,0.13829125463962555,0.03028058633208275,-0.012849422171711922,-0.007241613540683822,0.04925328766468485,1.4657404807456689,0.09059244394302368,-0.2320445030927658,-6.391496181488037,-0.7493921518325806,5.04429292678833,-0.0090086935,-0.24813786,0.029093746
592,20.1338,0.24774663150310516,0.12133516371250153,-0.9310170412063599,0.13966262340545654,0.01463529746979475,-0.005953828804194927,-0.003806338332380938,0.049495352363016235,1.4656733690861987,0.09047269076108932,-0.6573042273521423,-6.210285663604736,-0.8413188457489014,5.045441627502441,-0.026077747,-0.24638554,0.033378303
593,20.1678,0.2526489198207855,0.12076044082641602,-0.9304666519165039,0.14002296328544617,-0.0010519729694351554,0.00045736334868706763,0.00045054567395640306,0.049298157767863476,1.4655856179282807,0.08996757864952087,-1.068713665008545,-5.970082759857178,-0.9268734455108643,5.051402568817139,-0.043547027,-0.2432638,0.037767444
594,20.2018,0.2574445307254791,0.11957348883152008,-0.9296715259552002,0.1393633931875229,-0.01667858101427555,0.0065640611574053764,0.003341949617298371,0.04881409078903875,1.4655199710074103,0.08907095342874527,-1.4697341918945312,-5.691567897796631,-1.0087380409240723,5.0591278076171875,-0.061606567,-0.23857237,0.04228308
595,20.2357,0.2632081210613251,0.11724435538053513,-0.9284237623214722,0.1369866281747818,-0.035953912883996964,0.013790379278361797,0.007408101680408507,0.04771765072349631,1.4654264940531485,0.08744195103645325,-1.9300333261489868,-5.2540812492370605,-1.1085319519042969,5.079883575439453,-0.08456053,-0.230197,0.0485681
596,20.2699,0.267660915851593,0.11469221115112305,-0.9272458553314209,0.13391192257404327,-0.05103663355112076,0.019404588267207146,0.010561489349630585,0.046519823283016716,1.465338343421067,0.08574215322732925,-2.2720603942871094,-4.839065074920654,-1.1885076761245728,5.103417873382568,-0.10371984,-0.22090392,0.05425552
597,20.3037,0.2719334363937378,0.11149169504642487,-0.925891637802124,0.12980611622333527,-0.06566936522722244,0.024723012000322342,0.013235600609098171,0.04525839622675467,1.4652708322874333,0.0836593359708786,-2.5842652320861816,-4.3575758934021,-1.262860655784607,5.1342058181762695,-0.123737276,-0.20864521,0.060467064
598,20.3378,0.2759826183319092,0.1077265739440918,-0.9244166612625122,0.12481534481048584,-0.07983525842428207,0.030186405405402184,0.017049448067470697,0.04309070793510627,1.4651701647982283,0.0812976285815239,-2.87978458404541,-3.8349292278289795,-1.3432124853134155,5.165616989135742,-0.14455682,-0.19250232,0.06742537
599,20.3719,0.2798323631286621,0.1034839078783989,-0.9227584600448608,0.1188712790608406,-0.09339616447687149,0.03580992668867111,0.020028741983401852,0.04105822916423903,1.4650877399624904,0.07873672991991043,-3.1387691497802734,-3.2595765590667725,-1.4156460762023926,5.2023468017578125,-0.16549842,-0.17186825,0.074643016
600,20.4059,0.28348299860954285,0.09884563833475113,-0.920886754989624,0.11213494837284088,-0.10600074380636215,0.04168316721916199,0.02260678594832864,0.039071818919040956,1.4650150356647311,0.0760669857263565,-3.36454176902771,-2.6566522121429443,-1.474888563156128,5.240987777709961,-0.18553498,-0.14649898,0.08133156
601,20.4398,0.2877347469329834,0.09244741499423981,-0.9182401895523071,0.10255218297243118,-0.12071958929300308,0.048869986087083817,0.02620804761298289,0.03584561564024853,1.4649131697530358,0.07260224223136902,-3.611858606338501,-1.8791537284851074,-1.5309572219848633,5.286925792694092,-0.20758864,-0.108002834,0.08799052
602,20.474,0.2908165752887726,0.08694083243608475,-0.915835976600647,0.09395067393779755,-0.13148610293865204,0.05488370358943939,0.029021985232652644,0.032962317238344425,1.4648351391330965,0.06981220841407776,-3.7713606357574463,-1.2598512172698975,-1.5582709312438965,5.322213172912598,-0.2207712,-0.073750265,0.09121942
603,20.5077,0.2935943305492401,0.08110354095697403,-0.9131201505661011,0.08469103276729584,-0.14122894406318665,0.061215005815029144,0.03245942503956419,0.02880232645758615,1.4647508500845954,0.06705533713102341,-3.9086649417877197,-0.6617965698242188,-1.5705114603042603,5.354278564453125,-0.22916375,-0.038800918,0.092078574
604,20.5418,0.2960347831249237,0.07499463856220245,-0.9101971387863159,0.07467234134674072,-0.1498248279094696,0.06736262142658234,0.03484266709313009,0.02545187006918471,1.464688398957033,0.06446580588817596,-3.994727611541748,-0.08799102902412415,-1.5564825534820557,5.387015342712402,-0.23289342,-0.0051298947,0.09074324
605,20.5758,0.29810458421707153,0.06865944713354111,-0.9069896936416626,0.06385452300310135,-0.1572588086128235,0.07307753711938858,0.03802622442437302,0.020120204922089262,1.4645809404070482,0.06210233271121979,-4.061738967895508,0.44415798783302307,-1.5240920782089233,5.413247108459473,-0.23284732,0.025462246,0.08737163
606,20.6098,0.29981327056884766,0.062153879553079605,-0.9034513235092163,0.052388716489076614,-0.16327029466629028,0.07782020419836044,0.040292062685758454,0.015432458837061349,1.464500512942128,0.06008651852607727,-4.0806660652160645,0.9372662305831909,-1.4454021453857422,5.436914920806885,-0.23031764,0.05290042,0.081580214
607,20.6439,0.30144500732421875,0.05383899435400963,-0.8987840414047241,0.037220314145088196,-0.1687343269586563,0.08211234211921692,0.041983527840230246,0.01108419297020748,1.464434999179312,0.058296870440244675,-4.034412860870361,1.502213954925537,-1.2889727354049683,5.4607038497924805,-0.22444135,0.083570756,0.07170778
608,20.6776,0.3023392856121063,0.0471334345638752,-0.8949750661849976,0.024666737765073776,-0.17119377851486206,0.0841425359249115,0.04386452267934242,0.004557584086750291,1.464314491139986,0.05757792666554451,-3.9886584281921387,1.919838309288025,-1.145349383354187,5.46773099899292,-0.21808259,0.10496846,0.06262275
609,20.712,0.3028440773487091,0.04046764597296715,-0.8912061452865601,0.011701259762048721,-0.17196887731552124,0.08488069474697113,0.04482493763101985,-0.0007206331857726777,1.4642423194744447,0.057512667030096054,-3.89516019821167,2.3103504180908203,-0.9704477787017822,5.470517158508301,-0.21024896,0.124705724,0.052381832
610,20.7463,0.3029564619064331,0.03394708037376404,-0.8875224590301514,-0.0014447902794927359,-0.1708613932132721,0.083686962723732,0.04524638287352489,-0.005325206461303356,1.4642030378483661,0.0580541156232357,-3.767704486846924,2.6722419261932373,-0.7647287845611572,5.46881628036499,-0.20117956,0.14268647,0.040833298
611,20.7797,0.30199912190437317,0.021648796275258064,-0.8806226253509521,-0.0277843177318573,-0.16340096294879913,0.07698648422956467,0.04520805832096297,-0.011722439291093685,1.4641601609548158,0.060491666197776794,-3.422818660736084,3.304086923599243,-0.29883483052253723,5.4656982421875,-0.17951502,0.17328796,0.015672855
612,20.8139,0.30199912190437317,0.021648796275258064,-0.8806226253509521,-0.0277843177318573,-0.16340096294879913,0.07698648422956467,0.044636989198276716,-0.01660725409530096,1.4641614925353608,0.060491666197776794,-3.455075740814209,3.325895309448242,-0.3221115171909332,5.462579727172852,-0.17970678,0.17298779,0.016753793
613,20.8477,0.29903480410575867,0.009396814741194248,-0.8739051818847656,-0.05603371933102608,-0.14698286354541779,0.06181037053465843,0.043238613244146545,-0.022277105330728242,1.464203570480584,0.06418900191783905,-2.974616527557373,3.90783429145813,0.25358638167381287,5.469588756561279,-0.15121977,0.1986615,-0.012891501
614,20.8812,0.2971190810203552,0.004550735931843519,-0.8714207410812378,-0.0676591768860817,-0.13721948862075806,0.05351213738322258,0.0418547431955789,-0.025980524190322252,1.464252439486587,0.06581731885671616,-2.746520519256592,4.136160373687744,0.4986134469509125,5.476747989654541,-0.13760202,0.20722365,-0.024980778
615,20.9148,0.2971190810203552,0.004550735931843519,-0.8714207410812378,-0.0676591768860817,-0.13721948862075806,0.05351213738322258,0.03990609574240031,-0.029768096859768164,1.4643503106566476,0.06581731885671616,-2.757885456085205,4.166107654571533,0.4815363585948944,5.479393482208252,-0.13736162,0.20750076,-0.023983816
616,20.9489,0.2922826111316681,-0.0037724098656326532,-0.8676097393035889,-0.08906898647546768,-0.11410732567310333,0.03126005455851555,0.036939633893674675,-0.03395870150949474,1.464520886124467,0.06844449788331985,-2.2623519897460938,4.540480613708496,0.9881348609924316,5.490713119506836,-0.10943551,0.21963418,-0.047798503
617,20.9833,0.2893625497817993,-0.0071602463722229,-0.8663461208343506,-0.09829340875148773,-0.10111483931541443,0.02096475288271904,0.034537991061452014,-0.036502476000738165,1.4646613678719687,0.06922697275876999,-2.003685474395752,4.695881366729736,1.1981873512268066,5.498192310333252,-0.095518984,0.2238604,-0.057119563
618,21.017,0.2852846384048462,-0.010640330612659454,-0.8654055595397949,-0.10838668048381805,-0.08357536047697067,0.006600355263799429,0.030920122090687598,-0.039371437025242484,1.464888402354898,0.06960153579711914,-1.6738157272338867,4.854459285736084,1.446943759918213,5.503198146820068,-0.07843718,0.22748627,-0.06780566
619,21.051,0.28173011541366577,-0.012809024192392826,-0.8651307821273804,-0.11533208191394806,-0.06892094761133194,-0.004976860713213682,0.02783377221982716,-0.041146363151563836,1.4650846773272368,0.06940895318984985,-1.4044795036315918,4.949372291564941,1.625659704208374,5.504029273986816,-0.06507621,0.22932793,-0.075324535
620,21.0847,0.2779528498649597,-0.014418386854231358,-0.8652310371398926,-0.12122116982936859,-0.053904104977846146,-0.016326554119586945,0.024986058227394633,-0.042307472258513966,1.4652627096461086,0.06877990067005157,-1.1327226161956787,5.011014461517334,1.7885549068450928,5.500458717346191,-0.05205645,0.23029082,-0.08219648
621,21.1182,0.27402105927467346,-0.015460493043065071,-0.8657944202423096,-0.12590117752552032,-0.0385429672896862,-0.02740064263343811,0.020825256014741726,-0.04336793052101591,1.4655030599344883,0.0676940307021141,-0.8536706566810608,5.054076671600342,1.9264912605285645,5.497251510620117,-0.03897507,0.23074824,-0.08795562
622,21.152,0.270018994808197,-0.01590886153280735,-0.8668259382247925,-0.1294873207807541,-0.023200303316116333,-0.03796651214361191,0.017451745597856987,-0.043726350391848544,1.4657007996454265,0.0661480501294136,-0.5816805362701416,5.0581440925598145,2.040238618850708,5.4870100021362305,-0.0265121,0.23054239,-0.09299092
623,21.1861,0.26594266295433044,-0.015811536461114883,-0.868287205696106,-0.13198798894882202,-0.007957184687256813,-0.04811364412307739,0.014499644013071761,-0.04374143054152112,1.4658547303564333,0.06418565660715103,-0.3130262792110443,5.0296854972839355,2.1310386657714844,5.4708147048950195,-0.014302643,0.22981392,-0.09737037
624,21.2197,0.26073238253593445,-0.014887825585901737,-0.8707237243652344,-0.1336466372013092,0.010968244634568691,-0.059661008417606354,0.01038588092346968,-0.04327938873714918,1.4660617911311868,0.06112470105290413,0.03120286390185356,4.954455852508545,2.2042930126190186,5.445639133453369,0.0014385094,0.22840953,-0.10162196
625,21.254,0.25642576813697815,-0.013506959192454815,-0.8731237649917603,-0.13374505937099457,0.025906352326273918,-0.06789575517177582,0.0071990185677020665,-0.042593824493535534,1.4661880249668566,0.058224666863679886,0.31540969014167786,4.856788158416748,2.231215238571167,5.419422149658203,0.014727533,0.22677968,-0.1041829
626,21.2876,0.2520620822906494,-0.011523617431521416,-0.8758519887924194,-0.13300995528697968,0.04037248715758324,-0.0755610466003418,0.0033979743082849616,-0.04135843399811821,1.466340357781209,0.05498171225190163,0.6149349212646484,4.7270121574401855,2.2356221675872803,5.388489723205566,0.029198889,0.22445221,-0.10615381
627,21.3219,0.24769386649131775,-0.008985491469502449,-0.8788745403289795,-0.13145826756954193,0.05436091125011444,-0.08236493170261383,0.0008763385789558619,-0.04028214657188711,1.46641665734644,0.051522742956876755,0.9098026156425476,4.547540187835693,2.212380886077881,5.344356536865234,0.044265434,0.2212555,-0.10764093
628,21.3558,0.24335230886936188,-0.005942352116107941,-0.8821653127670288,-0.12891611456871033,0.06775227189064026,-0.0885118916630745,-0.0026073012862148264,-0.0385075366959452,1.4665077374557207,0.04799741879105568,1.2211254835128784,4.3342108726501465,2.166006326675415,5.295903205871582,0.06109525,0.21684888,-0.10836945
629,21.39,0.23903732001781464,-0.0024581809993833303,-0.8857213258743286,-0.12558580935001373,0.08056123554706573,-0.09383401274681091,-0.005275740844798386,-0.0369118746004998,1.466551945929816,0.04460875317454338,1.5323642492294312,4.071584701538086,2.087202310562134,5.235349655151367,0.079394154,0.21095508,-0.10814117
630,21.4239,0.23373109102249146,0.0024393973872065544,-0.8904759883880615,-0.1204843521118164,0.09578482806682587,-0.0994940921664238,-0.007512155857476296,-0.035431003070415225,1.466590828081731,0.04094091057777405,1.9181954860687256,3.67021107673645,1.9427947998046875,5.141666412353516,0.10483508,0.20058793,-0.106179506
631,21.4591,0.22965236008167267,0.006768536753952503,-0.8944559097290039,-0.11555442214012146,0.10698135197162628,-0.10316713154315948,-0.010623336064461171,-0.033186008205748865,1.4666093370513071,0.038740430027246475,2.24295973777771,3.3083131313323975,1.800877332687378,5.063103675842285,0.12790763,0.18866077,-0.10269733
632,21.4929,0.2257874608039856,0.011492636054754257,-0.8985570669174194,-0.10993367433547974,0.11762606352567673,-0.1058148518204689,-0.013075210692150849,-0.03126921257532655,1.4666104023157431,0.03738981857895851,2.5533623695373535,2.886004686355591,1.627816915512085,4.972326755523682,0.15259926,0.1724793,-0.09728492
633,21.527,0.2221965491771698,0.016597788780927658,-0.9027059078216553,-0.10358813405036926,0.12743930518627167,-0.10765661299228668,-0.016167498580004325,-0.028720567412120715,1.4665705880574464,0.03704976290464401,2.845201253890991,2.406913995742798,1.4298875331878662,4.873100757598877,0.17819867,0.15074816,-0.089555725
634,21.5608,0.2189227044582367,0.022048216313123703,-0.9068334102630615,-0.09649324417114258,0.13651910424232483,-0.10827180743217468,-0.01839951781643765,-0.026824816996093827,1.4665290427444413,0.037794001400470734,3.129859447479248,1.8826667070388794,1.2162306308746338,4.774497032165527,0.20325701,0.122262746,-0.07898355
635,21.5948,0.21600832045078278,0.02781199850142002,-0.9108502864837646,-0.08849886804819107,0.1449594795703888,-0.10774341970682144,-0.02103010719802846,-0.02446927389845936,1.4664530094953194,0.03954728692770004,3.376467704772949,1.29872727394104,0.9854308366775513,4.67380428314209,0.22513145,0.086594746,-0.065705195
636,21.629,0.21285519003868103,0.035396311432123184,-0.9157029390335083,-0.07754573971033096,0.15409928560256958,-0.10486550629138947,-0.024508461897780952,-0.02119729545783659,1.4663448851550622,0.04301077127456665,3.639385223388672,0.5082410573959351,0.6690777540206909,4.558328628540039,0.24359246,0.034017745,-0.044782918
637,21.6629,0.21072779595851898,0.041722748428583145,-0.9193953275680542,-0.0680379718542099,0.16043515503406525,-0.1005835086107254,-0.027018824120316896,-0.01856580725937788,1.4662274397509898,0.04658667370676994,3.8027853965759277,-0.17212337255477905,0.3957435190677643,4.478760242462158,0.24840556,-0.011243444,-0.02585076
638,21.7,0.2089156210422516,0.048238638788461685,-0.9228085279464722,-0.0578954815864563,0.1657266467809677,-0.09437115490436554,-0.030663913510254364,-0.014223514779625277,1.4660346268880682,0.05066647753119469,3.9501535892486572,-0.8675591945648193,0.1300337314605713,4.421743392944336,0.24405412,-0.0536008,-0.008033933
639,21.7339,0.20741112530231476,0.05487202852964401,-0.9259295463562012,-0.04704330116510391,0.16970902681350708,-0.08588754385709763,-0.03348044147020314,-0.010108039360666057,1.4658637851041394,0.05510164424777031,4.0460615158081055,-1.57950758934021,-0.14427709579467773,4.385756015777588,0.2327552,-0.090863325,0.008299736
640,21.7677,0.20622529089450836,0.06159317120909691,-0.9286844730377197,-0.03567726910114288,0.17238403856754303,-0.07580842077732086,-0.03662218509173723,-0.00417853954170608,1.465609453220037,0.05971614271402359,4.121748447418213,-2.288923978805542,-0.39199352264404297,4.375341415405273,0.21780884,-0.12095544,0.020714426
641,21.8018,0.20542947947978973,0.06835612654685974,-0.9310159683227539,-0.023599565029144287,0.17375457286834717,-0.06444329023361206,-0.038390769565712836,0.0004054959569469278,1.4654155750926792,0.06433288007974625,4.126694679260254,-2.992133378982544,-0.6252076029777527,4.387494087219238,0.20089062,-0.14565931,0.030435579
642,21.8357,0.20503750443458557,0.07679620385169983,-0.9332530498504639,-0.00788188073784113,0.17284369468688965,-0.048817411065101624,-0.04009701526423457,0.0073378961767658945,1.4650846773272368,0.06992101669311523,4.079576015472412,-3.8315393924713135,-0.8625454902648926,4.4391608238220215,0.1801033,-0.1691531,0.038079273
643,21.8698,0.2052491456270218,0.08344468474388123,-0.9345012903213501,0.004917086102068424,0.17010942101478577,-0.036196041852235794,-0.04061217048759677,0.013052088004045696,1.4648284812303711,0.07414626330137253,3.9912612438201904,-4.462585926055908,-1.0068421363830566,4.504029273986816,0.16435423,-0.1837627,0.041460272
644,21.9038,0.20593038201332092,0.08990562707185745,-0.9352865219116211,0.017813222482800484,0.1656520515680313,-0.02410109154880047,-0.04049890707867355,0.017968152298872067,1.4646097025468212,0.07809494435787201,3.8524065017700195,-5.036650657653809,-1.1147410869598389,4.582856178283691,0.14958973,-0.19557418,0.043285627
645,21.938,0.20715780556201935,0.09610363841056824,-0.9356492757797241,0.03052804246544838,0.1595168560743332,-0.012724406085908413,-0.03934886673500406,0.024638650943788396,1.4643127600852774,0.08169835805892944,3.6869585514068604,-5.567437171936035,-1.1771337985992432,4.669514179229736,0.13593906,-0.20527276,0.043401208
646,21.9719,0.20896610617637634,0.10197944194078445,-0.9356364011764526,0.04304587095975876,0.15173779428005219,-0.0025783455930650234,-0.03774322194666007,0.0295583417150054,1.4640634882072459,0.08493020385503769,3.4595718383789062,-6.013657569885254,-1.2163949012756348,4.752457618713379,0.12279129,-0.21344398,0.043173753
647,22.0058,0.21125690639019012,0.10744856297969818,-0.9353219270706177,0.05511835962533951,0.1422756016254425,0.006039886269718409,-0.035918399000602556,0.03346438552166241,1.4638881190494641,0.08781733363866806,3.189582347869873,-6.371164798736572,-1.2330029010772705,4.825104713439941,0.11027659,-0.22027658,0.04262983
648,22.0398,0.2148023396730423,0.11362398415803909,-0.9345134496688843,0.06930863112211227,0.12841717898845673,0.015044194646179676,-0.03276279861902165,0.0382748097061859,1.46366241614708,0.09087390452623367,2.805182933807373,-6.7178425788879395,-1.2203595638275146,4.899076461791992,0.09500617,-0.22752044,0.04133124
649,22.0743,0.21814735233783722,0.11796297132968903,-0.933599591255188,0.07960744947195053,0.11600513011217117,0.02088780142366886,-0.029911666209658655,0.041460378972408604,1.4635147438646352,0.09286827594041824,2.4609551429748535,-6.915909290313721,-1.1921929121017456,4.943795680999756,0.0827279,-0.23248643,0.040076967
650,22.1079,0.2218422293663025,0.12172704935073853,-0.9325146675109863,0.08892801403999329,0.10239357501268387,0.025609483942389488,-0.025996530204592548,0.044641549861643474,1.463349894193159,0.09449048340320587,2.0912349224090576,-7.044724464416504,-1.1546262502670288,4.977811813354492,0.07028208,-0.2367586,0.0388046
651,22.142,0.2258242517709732,0.1249149963259697,-0.9313622713088989,0.09725718945264816,0.08798861503601074,0.029303301125764847,-0.023119515198385347,0.04637347841992766,1.4632486940717362,0.09579623490571976,1.7030775547027588,-7.1362128257751465,-1.1087262630462646,5.001130104064941,0.057381906,-0.24044089,0.037356388
652,22.1759,0.22997747361660004,0.1274784952402115,-0.9301332235336304,0.10436740517616272,0.07299694418907166,0.032371170818805695,-0.01888984530441867,0.048142254308606615,1.4631241912907749,0.09675083309412003,1.3040645122528076,-7.176259994506836,-1.0632944107055664,5.016483783721924,0.04423028,-0.243399,0.03606402
653,22.2101,0.23425675928592682,0.12936946749687195,-0.9288486242294312,0.11033767461776733,0.05740945786237717,0.034800935536623,-0.015525414602375423,0.049026565270945836,1.463040434874492,0.09731068462133408,0.9020242094993591,-7.1550164222717285,-1.020267367362976,5.028306007385254,0.030961372,-0.2455911,0.03501999
654,22.2438,0.23976226150989532,0.1308213472366333,-0.9271838665008545,0.11618880182504654,0.03739885240793228,0.03682401403784752,-0.01257543002259735,0.04942215704493109,1.4629687958411688,0.09747553616762161,0.4007940888404846,-7.049621105194092,-0.9679105281829834,5.041455268859863,0.014058932,-0.24728444,0.03395207
655,22.2778,0.2442368119955063,0.13129869103431702,-0.9258053302764893,0.11973249167203903,0.021363338455557823,0.037748366594314575,-0.008414682425552735,0.049484108829789056,1.4628589404462031,0.0972161665558815,-0.00979231670498848,-6.936269283294678,-0.9266418218612671,5.0459160804748535,-0.0003498306,-0.24779828,0.033104286
656,22.3119,0.24874836206436157,0.131127268075943,-0.92431640625,0.12210433930158615,0.005383780691772699,0.038506921380758286,-0.0051889186723699,0.04916490400600784,1.4628004840602757,0.09654275327920914,-0.4118557572364807,-6.7673420906066895,-0.8864595890045166,5.053206443786621,-0.0150585575,-0.24743229,0.032411356
657,22.3458,0.2532464861869812,0.13031728565692902,-0.9228358268737793,0.12319686263799667,-0.010601519607007504,0.03883730620145798,-0.002418582773394761,0.048653215053251944,1.462742427148512,0.0955086424946785,-0.802679717540741,-6.544978618621826,-0.853888750076294,5.062616348266602,-0.030180138,-0.24608615,0.032105558
658,22.3796,0.2618192136287689,0.12689536809921265,-0.9200434684753418,0.12233017385005951,-0.04143568128347397,0.03868771344423294,0.0014372981574914071,0.04752874521723643,1.4626402949207076,0.0924619734287262,-1.5190781354904175,-5.939380168914795,-0.8159428834915161,5.094435691833496,-0.061405417,-0.24008647,0.032982707
659,22.4133,0.2618192136287689,0.12689536809921265,-0.9200434684753418,0.12233017385005951,-0.04143568128347397,0.03868771344423294,0.0044496241134666025,0.04640957257507664,1.4625786427414722,0.0924619734287262,-1.5461671352386475,-5.970614433288574,-0.8241740465164185,5.0840911865234375,-0.062121116,-0.2398843,0.033113245
660,22.4471,0.27049320936203003,0.1204560324549675,-0.9170769453048706,0.11678185313940048,-0.07428494840860367,0.038617487996816635,0.008080064556962686,0.04471500317345922,1.4625125963464383,0.08759371191263199,-1.9520752429962158,-5.489152908325195,-0.8247689008712769,5.111607551574707,-0.08293975,-0.23322307,0.03504277
661,22.4807,0.2739518880844116,0.11679861694574356,-0.9159091711044312,0.11278513073921204,-0.08798245340585709,0.038669291883707047,0.010610500876363749,0.0433424265923892,1.4624480146900039,0.08502303808927536,-2.5050406455993652,-4.550080299377441,-0.8671959638595581,5.1651177406311035,-0.11892579,-0.21601321,0.041169778
662,22.5149,0.27719298005104065,0.1127098947763443,-0.9147210121154785,0.10791129618883133,-0.10100462287664413,0.03885703533887863,0.013443320932340547,0.04164054182015246,1.462403673057854,0.08223208785057068,-2.535792589187622,-4.581970691680908,-0.8794620037078857,5.154964923858643,-0.11938326,-0.21571583,0.041404426
663,22.5491,0.2801608443260193,0.10818755626678467,-0.9135390520095825,0.10199262946844101,-0.11333383619785309,0.03972418233752251,0.016882055909391607,0.03928022791909647,1.4623382924530925,0.07922068238258362,-2.979783535003662,-3.449312210083008,-0.9642963409423828,5.212789058685303,-0.15989228,-0.18508673,0.051743202
664,22.5829,0.2828800678253174,0.10322978347539902,-0.9123793840408325,0.0954090803861618,-0.1248357817530632,0.04101002588868141,0.019322172056690207,0.037445921622844755,1.4622958150337058,0.07602343708276749,-3.1677331924438477,-2.8309385776519775,-1.0257554054260254,5.238107681274414,-0.18120135,-0.16193596,0.058675483
665,22.617,0.28597474098205566,0.09652569144964218,-0.9108880758285522,0.0861353948712349,-0.13798083364963531,0.043752141296863556,0.022705023303038935,0.034581569115383036,1.4622275049517452,0.07190440595149994,-3.368913173675537,-2.0334560871124268,-1.1158642768859863,5.2674126625061035,-0.20591411,-0.12428854,0.06820366
666,22.6514,0.2881675362586975,0.09079208225011826,-0.9096235036849976,0.07791262865066528,-0.1476309597492218,0.04687705636024475,0.025431794411873637,0.031999359800063805,1.4621719780430171,0.06856101751327515,-3.4958600997924805,-1.3894405364990234,-1.193534255027771,5.291374683380127,-0.22144435,-0.088013746,0.07560412
667,22.6857,0.290056049823761,0.08476018160581589,-0.908198356628418,0.06897886097431183,-0.15616129338741302,0.05083277076482773,0.027908398986998224,0.029447435619765813,1.462123375353123,0.06519235670566559,-3.583164691925049,-0.7601948976516724,-1.2634295225143433,5.318019866943359,-0.23119044,-0.049048763,0.08151811
668,22.7199,0.29161012172698975,0.07846444845199585,-0.9065796136856079,0.05931422486901283,-0.16368454694747925,0.05549260973930359,0.031490294477100556,0.025249865139313,1.4620631879124875,0.061853036284446716,-3.650996685028076,-0.16624370217323303,-1.3317439556121826,5.343506813049316,-0.23464876,-0.010684446,0.08559089
669,22.7538,0.2927953600883484,0.07196986675262451,-0.9047585725784302,0.04884360730648041,-0.16991068422794342,0.060638997703790665,0.034309210959651996,0.021335528082573916,1.4620115225873398,0.058625925332307816,-3.6680331230163574,0.39504769444465637,-1.3795788288116455,5.372666358947754,-0.23281696,0.02507442,0.08756447
670,22.7882,0.2936217486858368,0.06533434242010117,-0.9027292728424072,0.037635717540979385,-0.17475153505802155,0.06581033766269684,0.03759582846389179,0.01569271209340014,1.461917246684751,0.055628370493650436,-3.6618900299072266,0.9145288467407227,-1.4118592739105225,5.398698806762695,-0.22717667,0.056735624,0.087589055
671,22.8218,0.29408130049705505,0.05694401264190674,-0.8999360799789429,0.022790491580963135,-0.1787058562040329,0.0716438740491867,0.03956137866761398,0.011326701875486317,1.4618249681529798,0.0523318350315094,-3.557220458984375,1.5166116952896118,-1.3910518884658813,5.433866024017334,-0.2163961,0.09225991,0.08462174
672,22.8557,0.2939881384372711,0.050262175500392914,-0.8975504636764526,0.010260461829602718,-0.17984305322170258,0.07533468306064606,0.04177389128935978,0.0047029219420521625,1.461709520119725,0.05019509792327881,-3.46238374710083,1.9587841033935547,-1.3550326824188232,5.451060771942139,-0.20597142,0.11652479,0.08060863
673,22.8915,0.2935142517089844,0.04368256777524948,-0.8950932025909424,-0.0025967780966311693,-0.17918534576892853,0.07807754725217819,0.04295542767410865,-0.0007896628283724657,1.4616169752718446,0.048619259148836136,-3.317885398864746,2.3711941242218018,-1.2827045917510986,5.466027736663818,-0.19402502,0.13866392,0.075010665
674,22.926,0.29264047741889954,0.037245187908411026,-0.892471432685852,-0.015567119233310223,-0.1766328364610672,0.07987838983535767,0.043476296210246915,-0.005644527798382262,1.4615316209589075,0.04760916158556938,-3.1335411071777344,2.7547214031219482,-1.1725631952285767,5.479469299316406,-0.18075861,0.15890637,0.06763942
675,22.9597,0.29136985540390015,0.030958808958530426,-0.8897126913070679,-0.028414709493517876,-0.17246660590171814,0.08055658638477325,0.043448570206585664,-0.012449852614524406,1.461441606114063,0.04719436541199684,-2.9349639415740967,3.124732732772827,-1.041027545928955,5.491883754730225,-0.166323,0.17707711,0.05899453
676,22.9938,0.289736807346344,0.0249039139598608,-0.8868638277053833,-0.040987323969602585,-0.1665692776441574,0.07979672402143478,0.04278789403559665,-0.017669626504836396,1.4614033897524203,0.04738854244351387,-2.6978354454040527,3.4644129276275635,-0.8719481229782104,5.50813627243042,-0.15066011,0.19346948,0.048693776
677,23.028,0.2871881425380707,0.017729714512825012,-0.8833390474319458,-0.05612888187170029,-0.15666204690933228,0.0772705152630806,0.04119379238610247,-0.02376206314861041,1.4614003271171667,0.048374224454164505,-2.3674330711364746,3.852073907852173,-0.6339069604873657,5.53423547744751,-0.1296332,0.21092747,0.034710754
678,23.0618,0.28473326563835144,0.012373415753245354,-0.8806395530700684,-0.06756165623664856,-0.14703622460365295,0.07370264828205109,0.0396333922079654,-0.027695793427631232,1.4614159066095436,0.049594856798648834,-2.0771939754486084,4.129609107971191,-0.4238673746585846,5.559079170227051,-0.111869805,0.22240512,0.022827893
679,23.0958,0.28192591667175293,0.007384993135929108,-0.8780375719070435,-0.07820878177881241,-0.13607707619667053,0.06900686770677567,0.036854995305280594,-0.03276599025114054,1.4614972661808456,0.05108863115310669,-1.7750380039215088,4.395884990692139,-0.2068876326084137,5.5880126953125,-0.09351663,0.23159412,0.01089973
680,23.131,0.27883851528167725,0.0028183700051158667,-0.8756090402603149,-0.08816869556903839,-0.12399998307228088,0.06277133524417877,0.03418470817869079,-0.036284238271784584,1.461591941557598,0.05275774374604225,-1.4583971500396729,4.625614643096924,0.026580065488815308,5.61614990234375,-0.07517281,0.23842646,-0.0013700646
681,23.166,0.27550145983695984,-0.001289081759750843,-0.8733882904052734,-0.09701996296644211,-0.11069979518651962,0.055812954902648926,0.031594032923937546,-0.038994940948510935,1.4617053922200354,0.054482489824295044,-1.1405664682388306,4.8163628578186035,0.2651219069957733,5.6413984298706055,-0.0575269,0.24292354,-0.013371989
682,23.2,0.27194803953170776,-0.004886385053396225,-0.8714194297790527,-0.10488750785589218,-0.09655924886465073,0.04800640791654587,0.02758913798716276,-0.04222342455898675,1.4618585239827149,0.05613715574145317,-0.822120726108551,4.986886501312256,0.4988226592540741,5.6661834716796875,-0.04046862,0.24547783,-0.02455438
683,23.2339,0.2672909200191498,-0.008540978655219078,-0.8693698644638062,-0.11295896768569946,-0.07752927392721176,0.0368843749165535,0.024128391359523816,-0.044222980000877876,1.4620277678699893,0.05790159851312637,-0.44390588998794556,5.1173996925354,0.803083062171936,5.680698871612549,-0.021345666,0.24607536,-0.038617067
684,23.2677,0.2634289860725403,-0.010732738301157951,-0.8681068420410156,-0.11795561760663986,-0.06167689710855484,0.027206825092434883,0.019628870426321058,-0.04603958043706977,1.462229236006454,0.058929070830345154,-0.14714889228343964,5.191685676574707,1.0402352809906006,5.6883463859558105,-0.006945024,0.24503331,-0.04909625
685,23.3022,0.25947633385658264,-0.012271368876099586,-0.8671931028366089,-0.12183806300163269,-0.045414116233587265,0.016967304050922394,0.016392323471466654,-0.04683229946385628,1.462385430404387,0.059557195752859116,0.13445307314395905,5.2101054191589355,1.2798912525177002,5.681979179382324,0.0062633106,0.24270555,-0.059621964
686,23.3358,0.2555391788482666,-0.013117553666234016,-0.8666599988937378,-0.12440215051174164,-0.02882586419582367,0.0064962864853441715,0.011759005741217235,-0.04734199104579462,1.4625657264101855,0.05972060561180115,0.4106142818927765,5.198793411254883,1.5129071474075317,5.670614719390869,0.01890488,0.23935495,-0.06965497
687,23.3694,0.25165238976478577,-0.013338721357285976,-0.8665298223495483,-0.12569081783294678,-0.012221766635775566,-0.004238294903188944,0.008139965395692101,-0.04725810979383553,1.4627320408202609,0.05943802371621132,0.6690643429756165,5.141082286834717,1.7418158054351807,5.64654016494751,0.030583207,0.23500098,-0.07961912
688,23.4029,0.24783256649971008,-0.012902410700917244,-0.8667936325073242,-0.12570703029632568,0.004271196201443672,-0.014957857318222523,0.005046022914981686,-0.046779223495568845,1.462872123093599,0.05865703895688057,0.9150877594947815,5.042403697967529,1.9625084400177002,5.61190128326416,0.04168826,0.22971462,-0.08940515
689,23.4367,0.24310648441314697,-0.011510791257023811,-0.8676314353942871,-0.12419608235359192,0.02451639249920845,-0.02848615124821663,0.0008382334641058304,-0.045615892313584185,1.4630247222240604,0.05705270543694496,1.2221653461456299,4.874832630157471,2.2242236137390137,5.559505462646484,0.055594474,0.22174884,-0.101176605
690,23.4708,0.2393939197063446,-0.009772096760571003,-0.8686892986297607,-0.1217227503657341,0.040185488760471344,-0.03896227851510048,-0.0022745817001244336,-0.044273463548291696,1.4631369744640073,0.05533187836408615,1.465118646621704,4.703244686126709,2.4143917560577393,5.5104570388793945,0.06676606,0.2143288,-0.110024825
691,23.5059,0.2357769012451172,-0.007515098433941603,-0.8700559139251709,-0.11826180666685104,0.0551958829164505,-0.04958213493227959,-0.004823960012853012,-0.04284502716335726,1.4632208640383448,0.05328848212957382,1.701596975326538,4.496842384338379,2.588379144668579,5.453868865966797,0.077905245,0.20588167,-0.11850534
692,23.5397,0.2322757989168167,-0.004767490550875664,-0.8718572854995728,-0.1138732060790062,0.06960485130548477,-0.06028680503368378,-0.008176038744895066,-0.04041192574075803,1.4632982288680116,0.05093621835112572,1.9475048780441284,4.262660503387451,2.735734701156616,5.395590782165527,0.08972137,0.19638036,-0.12603503
693,23.5739,0.22894614934921265,-0.0015746467979624867,-0.8740586042404175,-0.1087036058306694,0.08331054449081421,-0.07074417173862457,-0.010647513614029347,-0.03822675213207758,1.4633377768101994,0.0483689084649086,2.181138277053833,3.990600347518921,2.8455708026885986,5.329560279846191,0.10164391,0.18596722,-0.13260734
694,23.6084,0.22584617137908936,0.002063718158751726,-0.876672625541687,-0.10274403542280197,0.09601978212594986,-0.08093167096376419,-0.013426066561309275,-0.03519002028127668,1.4633501605092682,0.045635588467121124,2.402017593383789,3.6817898750305176,2.912832736968994,5.257575511932373,0.113871954,0.17454186,-0.13808806
695,23.642,0.22230300307273865,0.0072284871712327,-0.8805540800094604,-0.09442822635173798,0.11067356914281845,-0.09294465184211731,-0.015224656330332209,-0.032986192061398065,1.463338176284363,0.04215170815587044,2.6709611415863037,3.2396721839904785,2.9305002689361572,5.16097354888916,0.13041072,0.15817825,-0.14308281
696,23.6757,0.219732403755188,0.01176622323691845,-0.8840979337692261,-0.0871899425983429,0.12157072871923447,-0.10213453322649002,-0.017567966572006426,-0.029604691120945787,1.463280119372599,0.039602696895599365,2.8854618072509766,2.8363394737243652,2.8974175453186035,5.078768730163574,0.14495383,0.14248613,-0.14555444
697,23.7099,0.2174520194530487,0.016587626188993454,-0.88798987865448,-0.07924721390008926,0.1313248723745346,-0.11094565689563751,-0.019312950861415806,-0.026746636573343186,1.4632178014030912,0.03753085061907768,3.0724306106567383,2.3927459716796875,2.8150923252105713,4.991341590881348,0.15984975,0.124487706,-0.14646117
698,23.744,0.21548964083194733,0.021638404577970505,-0.8922088146209717,-0.07098904252052307,0.14008930325508118,-0.11895587295293808,-0.020774554004894738,-0.02416888389166063,1.4631759897739771,0.03619447350502014,3.233384132385254,1.9084796905517578,2.679368019104004,4.9001898765563965,0.17524736,0.103438385,-0.14522004
699,23.7783,0.21253319084644318,0.03231242299079895,-0.901544451713562,-0.053052011877298355,0.1538756638765335,-0.13214923441410065,-0.022779672956750617,-0.020370152993366208,1.4630955623090567,0.03665149211883545,3.3812408447265625,1.3892159461975098,2.4996232986450195,4.811525344848633,0.1908834,0.07842632,-0.14111286
700,23.8119,0.21253319084644318,0.03231242299079895,-0.901544451713562,-0.053052011877298355,0.1538756638765335,-0.13214923441410065,-0.02433045870723358,-0.01722707883158438,1.4630024848289584,0.03665149211883545,3.4869120121002197,0.835357666015625,2.2621710300445557,4.723544597625732,0.205618,0.049259797,-0.13339685
701,23.8467,0.21134483814239502,0.03930577263236046,-0.9077348709106445,-0.04122401028871536,0.1603759080171585,-0.13816317915916443,-0.025687474521278057,-0.014353439590118314,1.4629067441877701,0.039293549954891205,3.555342674255371,0.0935165286064148,1.9027032852172852,4.618204116821289,0.22036089,0.005796174,-0.11792995
702,23.881,0.2104387879371643,0.05077251419425011,-0.9178466796875,-0.021440943703055382,0.16711243987083435,-0.14265309274196625,-0.02756432481594379,-0.01007125756900124,1.4627638655952873,0.04669422656297684,3.5350534915924072,-1.1539380550384521,1.207489013671875,4.4836907386779785,0.22604045,-0.07378578,-0.077209964
703,23.915,0.21046000719070435,0.056531649082899094,-0.9227968454360962,-0.011164040304720402,0.16855256259441376,-0.14072541892528534,-0.029438643026979346,-0.005476182727975629,1.4626115327809348,0.051327694207429886,3.5865859985351562,-1.1537044048309326,1.232169508934021,4.48999547958374,0.22620043,-0.072762355,-0.07771102
704,23.9488,0.21081362664699554,0.06226828694343567,-0.9275341033935547,-0.0005590184009633958,0.1688695251941681,-0.13433986902236938,-0.030916254265323177,-0.0012903821711842038,1.4624420225775512,0.05624287575483322,3.4160144329071045,-2.3835039138793945,0.42316362261772156,4.428176403045654,0.20397517,-0.14232247,-0.025267713
705,23.9829,0.2114720642566681,0.06792371720075607,-0.9319589138031006,0.010096121579408646,0.1676231473684311,-0.12660501897335052,-0.03211357196012537,0.002874794491618619,1.4622779718544023,0.061241284012794495,3.2972521781921387,-2.957244634628296,0.031718552112579346,4.427836894989014,0.18610708,-0.166916,-0.0017902929
706,24.0169,0.21269142627716064,0.0748048648238182,-0.9369068145751953,0.02347533591091633,0.16397598385810852,-0.1105770468711853,-0.03348776100201166,0.009163263198311733,1.4620283005022074,0.06734336912631989,3.121901750564575,-3.6198089122772217,-0.45606300234794617,4.459219455718994,0.16253811,-0.18846105,0.023744378
707,24.0514,0.21401453018188477,0.0800730362534523,-0.9401774406433105,0.03412790969014168,0.15920689702033997,-0.0944698303937912,-0.034043452449997305,0.014513813902606126,1.4618220386757808,0.07180788367986679,2.952601909637451,-4.095719814300537,-0.813748836517334,4.505645275115967,0.14433374,-0.20021342,0.03977895
708,24.0862,0.21566417813301086,0.08508401364088058,-0.9427176713943481,0.04458552598953247,0.15275190770626068,-0.07649745047092438,-0.03403408977429,0.019347979752128756,1.461629758445077,0.07573656737804413,2.749943733215332,-4.5143818855285645,-1.131343960762024,4.5658721923828125,0.12717757,-0.20877813,0.052321643
709,24.1198,0.21764852106571198,0.08974306285381317,-0.9444786310195923,0.054676249623298645,0.14464648067951202,-0.057691097259521484,-0.03311824532016856,0.026046901399897876,1.4613759591931925,0.0790150985121727,2.5450949668884277,-4.8933587074279785,-1.384528636932373,4.636273384094238,0.11188661,-0.2151202,0.060866185
710,24.1539,0.2200145423412323,0.09400906413793564,-0.9454795122146606,0.06439823657274246,0.1349112093448639,-0.03895699977874756,-0.031699356783860974,0.030982111326248396,1.4611888721266144,0.08160795271396637,2.2922048568725586,-5.195896148681641,-1.5942834615707397,4.70825719833374,0.09715066,-0.22021799,0.06757061
711,24.1877,0.22280701994895935,0.09788373857736588,-0.9457367658615112,0.0736474096775055,0.12388485670089722,-0.0213092640042305,-0.02915290664795986,0.03636416223281138,1.460975819239408,0.0835242047905922,2.013329029083252,-5.457225322723389,-1.7416894435882568,4.777814865112305,0.08289499,-0.22469087,0.07171075
712,24.2219,0.22690662741661072,0.10213016718626022,-0.9450441598892212,0.0843406394124031,0.10824176669120789,-0.0013929532142356038,-0.027004276602862337,0.03957637975469169,1.4608477211909752,0.08499725908041,1.5937491655349731,-5.651534080505371,-1.8674639463424683,4.856039524078369,0.064662896,-0.22929867,0.07576828
713,24.2557,0.23056836426258087,0.10497494041919708,-0.943827748298645,0.09187337756156921,0.09466280043125153,0.01266957726329565,-0.023501830698217634,0.043267525186730715,1.460670887294594,0.08554647862911224,1.2454655170440674,-5.774445056915283,-1.9077608585357666,4.909123420715332,0.050158475,-0.23255348,0.07683101
714,24.2902,0.23451510071754456,0.10729493200778961,-0.9421285390853882,0.09871907532215118,0.08029188960790634,0.025219757109880447,-0.020478620631732693,0.045497202713939915,1.4605529092583034,0.0856160819530487,0.8693621754646301,-5.819310665130615,-1.9183429479599,4.955758094787598,0.035118844,-0.23507747,0.07749358
715,24.324,0.23872070014476776,0.10908099263906479,-0.9399549961090088,0.10460775345563889,0.065241239964962,0.036198247224092484,-0.017659891402695395,0.046963705657705676,1.4604659570487124,0.08523279428482056,0.4766852557659149,-5.799191951751709,-1.896012544631958,4.997113227844238,0.019472873,-0.2369004,0.077453226
716,24.3578,0.24311226606369019,0.11034757643938065,-0.9374539852142334,0.10939887166023254,0.049767013639211655,0.04548455774784088,-0.013499933911450747,0.04833549993520549,1.4603196163468126,0.08453091979026794,0.0735989362001419,-5.74725341796875,-1.8449982404708862,5.030834674835205,0.003048037,-0.23801759,0.07640903
717,24.3921,0.2476552575826645,0.1110626757144928,-0.9347095489501953,0.11309042572975159,0.034134458750486374,0.05334275960922241,-0.010101142189561672,0.0488954961334219,1.4602583636417408,0.0835566446185112,-0.33352744579315186,-5.627743721008301,-1.7764230966567993,5.062520980834961,-0.014106522,-0.23802507,0.0751337
718,24.4258,0.25347697734832764,0.11117078363895416,-0.930980920791626,0.11629340052604675,0.014315477572381496,0.06095314398407936,-0.007129578202724202,0.0490299857684709,1.460185792502036,0.08200307935476303,-0.8360539674758911,-5.381870269775391,-1.66255521774292,5.103733062744141,-0.036704294,-0.23627391,0.0729892
719,24.46,0.2581562399864197,0.11060936748981476,-0.9277814626693726,0.11767259985208511,-0.001475706696510315,0.0658431127667427,-0.0028280544540417773,0.04872766288928727,1.4600916497575018,0.08050570636987686,-1.2380030155181885,-5.1551361083984375,-1.554702639579773,5.1324968338012695,-0.056018647,-0.23326579,0.07034905
720,24.4938,0.26281702518463135,0.10946667939424515,-0.9244431257247925,0.1178193986415863,-0.01695365644991398,0.06938587874174118,0.0005885839581542189,0.04810911043660274,1.460013485979508,0.07882137596607208,-1.6207778453826904,-4.864726543426514,-1.4318079948425293,5.164278030395508,-0.07611039,-0.22844356,0.06723653
721,24.528,0.26739442348480225,0.10772587358951569,-0.9210735559463501,0.11693691462278366,-0.032264869660139084,0.0718359649181366,0.004865717546507614,0.046927307735744855,1.4599271995601895,0.07699114084243774,-1.9928417205810547,-4.53045129776001,-1.3061820268630981,5.195152282714844,-0.09732878,-0.22126359,0.06379288
722,24.5619,0.2718767523765564,0.1053914725780487,-0.9177522659301758,0.11502519249916077,-0.04715675488114357,0.07323601096868515,0.007827513661839109,0.04585124501373073,1.4598686100162077,0.07506577670574188,-2.3350071907043457,-4.124236106872559,-1.1778675317764282,5.2311248779296875,-0.119534574,-0.21112947,0.060297843
723,24.5957,0.2761940062046051,0.10249926149845123,-0.9145686626434326,0.11201487481594086,-0.06156777963042259,0.07376990467309952,0.012046711403027158,0.043993511222264726,1.4597768641166544,0.07310298085212708,-2.6637377738952637,-3.686052083969116,-1.062660574913025,5.262383460998535,-0.14258915,-0.19731335,0.056883927
724,24.6298,0.2813030481338501,0.09822463989257812,-0.910608172416687,0.10680893808603287,-0.07882492989301682,0.07333836704492569,0.015414839321677492,0.04223894579471486,1.4597016298158596,0.07063999772071838,-3.0172393321990967,-3.0606133937835693,-0.9116896390914917,5.305477142333984,-0.17169024,-0.17415836,0.051877957
725,24.6637,0.28509268164634705,0.09430775791406631,-0.9075073003768921,0.10128289461135864,-0.09190613031387329,0.07237829267978668,0.018329763801823593,0.0404882211447996,1.4596213355089938,0.0686987042427063,-3.265462875366211,-2.5316457748413086,-0.7989166378974915,5.3345489501953125,-0.1939842,-0.15039194,0.04745949
726,24.6979,0.28860893845558167,0.08999995142221451,-0.9045013189315796,0.09469005465507507,-0.10418281704187393,0.07073254883289337,0.02249243438842876,0.037645088621679854,1.4595663412324835,0.0668509230017662,-3.496589183807373,-2.0019545555114746,-0.6981552839279175,5.3538618087768555,-0.21377091,-0.12239346,0.042683106
727,24.7318,0.2918144166469574,0.08531701564788818,-0.9016306400299072,0.08710187673568726,-0.11560246348381042,0.06829260289669037,0.025827363299318274,0.03497093783091483,1.4594923053541795,0.0651169866323471,-3.6876468658447266,-1.4540554285049438,-0.6007802486419678,5.368730545043945,-0.22994712,-0.09066917,0.03746229
728,24.7658,0.29469212889671326,0.08027476072311401,-0.8989067077636719,0.07857678085565567,-0.12610264122486115,0.06564871221780777,0.028730722794371243,0.03233859450807486,1.4594334494940886,0.06352213025093079,-3.840017080307007,-0.9038726091384888,-0.5131102800369263,5.378808498382568,-0.24131683,-0.056801744,0.032245208
729,24.8,0.2972138822078705,0.07488638907670975,-0.8963608741760254,0.06900860369205475,-0.13565734028816223,0.06250157207250595,0.03275097043871141,0.028095390346224613,1.459328121472976,0.062087349593639374,-3.974628448486328,-0.3726150691509247,-0.44495531916618347,5.379693508148193,-0.24737671,-0.023191173,0.027693553
730,24.834,0.29986628890037537,0.06771229207515717,-0.8933180570602417,0.05575304478406906,-0.14567603170871735,0.057946011424064636,0.03577179198259369,0.02424459672921374,1.4592515555916363,0.060588397085666656,-4.065561771392822,0.27519938349723816,-0.34606418013572693,5.380476474761963,-0.24853452,0.016823394,0.021155477
731,24.8681,0.3015252351760864,0.061699364334344864,-0.8909802436828613,0.04419312626123428,-0.15219055116176605,0.05380239337682724,0.039230597415469325,0.018820199480723894,1.459127052810675,0.059654805809259415,-4.118686199188232,0.7576192617416382,-0.2755568325519562,5.373998641967773,-0.2453443,0.045130305,0.01641453
732,24.9019,0.3027508556842804,0.055543623864650726,-0.8886884450912476,0.03199731931090355,-0.15722444653511047,0.04931792989373207,0.04133035429337469,0.01466935291323976,1.4590448942910461,0.05900290235877037,-4.112438201904297,1.215515375137329,-0.1831338107585907,5.368608474731445,-0.23952857,0.07079758,0.010666611
733,24.9357,0.3035109043121338,0.049272846430540085,-0.8865764141082764,0.01915219984948635,-0.16066646575927734,0.04472639784216881,0.04373661604561296,0.00828235348799752,1.4589078746529616,0.05862206593155861,-4.085920810699463,1.6502797603607178,-0.10197201371192932,5.358587741851807,-0.23174456,0.09360029,0.0057836315
734,24.9699,0.3038018047809601,0.04294855520129204,-0.8846403360366821,0.005918615497648716,-0.16240374743938446,0.039947304874658585,0.045064235138531084,0.0030246979516994296,1.4588161287534083,0.05851501226425171,-4.004847526550293,2.0641391277313232,-0.007185190916061401,5.349858283996582,-0.22221996,0.11453442,0.00039869006
735,25.0039,0.303616464138031,0.036643870174884796,-0.882879376411438,-0.007597621530294418,-0.1622951179742813,0.03501821309328079,0.04576171286683363,-0.0016082512532311771,1.4587435576137036,0.05866293981671333,-3.878772735595703,2.4544296264648438,0.09618088603019714,5.342724800109863,-0.21121074,0.133651,-0.005237336
736,25.0379,0.3026646375656128,0.02891429513692856,-0.8809843063354492,-0.024819977581501007,-0.1597297489643097,0.028836995363235474,0.04600889166669581,-0.008070498503133067,1.4586872317566484,0.05909491330385208,-3.6729297637939453,2.913947820663452,0.21661677956581116,5.338484287261963,-0.19564146,0.15521368,-0.011538261
737,25.0721,0.3013063669204712,0.022950666025280952,-0.8797527551651001,-0.038341961801052094,-0.1557171791791916,0.023667437955737114,0.045593201348858865,-0.012990325553296475,1.4586311722157024,0.05954108014702797,-3.4675159454345703,3.2554538249969482,0.30817005038261414,5.342495918273926,-0.18188073,0.17075749,-0.016164364
738,25.1059,0.29946470260620117,0.017226386815309525,-0.8788129091262817,-0.051782239228487015,-0.15004503726959229,0.018201950937509537,0.04476689736401294,-0.017109834204890942,1.4586206527293966,0.06005069240927696,-3.2251815795898438,3.5728871822357178,0.39284858107566833,5.3539910316467285,-0.1669608,0.1849608,-0.020336937
739,25.1397,0.29714134335517883,0.011793423444032669,-0.8780328035354614,-0.06470011919736862,-0.14296360313892365,0.012824309058487415,0.042957458334439834,-0.022593832166338923,1.4586534096108044,0.06058289110660553,-2.960336208343506,3.880711317062378,0.4647955000400543,5.373754024505615,-0.15094472,0.19787377,-0.02369948
740,25.1739,0.29437676072120667,0.006695988122373819,-0.8774394989013672,-0.07696246355772018,-0.13441802561283112,0.007467766758054495,0.04095294275501843,-0.02660290285647917,1.4587028112490255,0.06111053004860878,-2.6620583534240723,4.161285400390625,0.5366874933242798,5.400435447692871,-0.13393351,0.20936264,-0.027001828
741,25.2078,0.2912072241306305,0.0019957541953772306,-0.8770513534545898,-0.08850311487913132,-0.1246664971113205,0.0022541622165590525,0.037914588040428264,-0.031046501567979466,1.4588061418993206,0.0615883506834507,-2.3404526710510254,4.415668964385986,0.6009713411331177,5.431535720825195,-0.116241746,0.21931016,-0.029848054
742,25.2419,0.286731094121933,-0.0032131769694387913,-0.876827597618103,-0.10156424343585968,-0.11072654277086258,-0.003605474252253771,0.035523056897969495,-0.0337637081834305,1.4589046788596534,0.062033966183662415,-1.9181666374206543,4.700129508972168,0.6637433767318726,5.47477388381958,-0.09366631,0.2295128,-0.032411363
743,25.276,0.2827853262424469,-0.006800603587180376,-0.8768424987792969,-0.11092408001422882,-0.09845484793186188,-0.008207032456994057,0.031695266334874184,-0.037114811636753044,1.459092964348722,0.062224771827459335,-1.5677440166473389,4.895297527313232,0.7069209814071655,5.509726524353027,-0.07553802,0.23586826,-0.034061305
744,25.3102,0.27855169773101807,-0.009881430305540562,-0.8769963979721069,-0.11931521445512772,-0.08547887206077576,-0.012570926919579506,0.028388240278187055,-0.0393482800073264,1.4592500908530368,0.062271613627672195,-1.2053501605987549,5.0706939697265625,0.7408818006515503,5.546758651733398,-0.057240825,0.24080199,-0.035183705
745,25.3439,0.2741076648235321,-0.012440155260264874,-0.8773224353790283,-0.1264365315437317,-0.07189760357141495,-0.016591062769293785,0.025336084979604313,-0.04097443529725321,1.4594024236673893,0.06217570975422859,-0.8467312455177307,5.199003219604492,0.771526575088501,5.577756881713867,-0.039762307,0.24414401,-0.036230713
746,25.3779,0.2695290744304657,-0.014404546469449997,-0.8778032064437866,-0.1324043720960617,-0.05771397799253464,-0.02014012075960636,0.02076260306950301,-0.04278803551602956,1.45961294655156,0.06188671290874481,-0.4857625961303711,5.304429531097412,0.7925641536712646,5.608805179595947,-0.022550538,0.24624732,-0.036793172
747,25.4119,0.2648763358592987,-0.015741268172860146,-0.8783791065216064,-0.1370881199836731,-0.04304239898920059,-0.023303605616092682,0.017014711500299276,-0.043787902702543,1.459798169405375,0.06137616187334061,-0.13833029568195343,5.359865665435791,0.8186807632446289,5.629660129547119,-0.0063760863,0.24705337,-0.03773562
748,25.4459,0.25897449254989624,-0.016621539369225502,-0.879231333732605,-0.14113986492156982,-0.02441388927400112,-0.026798350736498833,0.013733513944996714,-0.04437397707349617,1.459919742709137,0.06047926843166351,0.2762858271598816,5.364964008331299,0.8585706949234009,5.639925956726074,0.012696377,0.24654035,-0.039454564
749,25.4798,0.24937811493873596,-0.016136813908815384,-0.8807723522186279,-0.14355210959911346,0.005621256306767464,-0.031169142574071884,0.009070868153242796,-0.044710600635282184,1.4601205450553292,0.05837654694914818,0.6150786280632019,5.346153259277344,0.8948650360107422,5.646489143371582,0.02818713,0.24499747,-0.041008864
750,25.5139,0.24937811493873596,-0.016136813908815384,-0.8807723522186279,-0.14355210959911346,0.005621256306767464,-0.031169142574071884,0.005444167058394483,-0.044578782483701666,1.4602663531250109,0.05837654694914818,0.9428821206092834,5.280468463897705,0.9422658681869507,5.639538288116455,0.043282278,0.24239583,-0.043253988
751,25.548,0.23989175260066986,-0.013280683197081089,-0.8825387954711914,-0.1412850171327591,0.03531504049897194,-0.03482430428266525,0.0010889451136015713,-0.04396546896822403,1.4604256101581976,0.05547461658716202,1.261698603630066,5.171046733856201,1.0013866424560547,5.618959426879883,0.058238093,0.23868768,-0.04622249
752,25.5816,0.23526254296302795,-0.010953652672469616,-0.8835080862045288,-0.13856281340122223,0.049758777022361755,-0.03662882372736931,-0.0018523771706269636,-0.04327272667323478,1.4605096328905898,0.053755976259708405,1.87092125415802,4.809292316436768,1.155993103981018,5.531821250915527,0.0884465,0.22735594,-0.05464877
753,25.6157,0.22959566116333008,-0.007317167241126299,-0.8848419189453125,-0.13385631144046783,0.06725157052278519,-0.03922678530216217,-0.005846645600511114,-0.04192649041982131,1.4606005798418158,0.05154396966099739,2.262629270553589,4.507996082305908,1.271209478378296,5.459264755249023,0.10874508,0.21666051,-0.061096083
754,25.6501,0.2251972258090973,-0.003872632747516036,-0.8860220909118652,-0.1290692389011383,0.08061762154102325,-0.042479824274778366,-0.008933801701779683,-0.04054953626770947,1.4606317388265697,0.04983261227607727,2.576103687286377,4.217658519744873,1.3779971599578857,5.388209819793701,0.1255246,0.20551185,-0.06714502
755,25.6838,0.22093690931797028,-4.748815263155848e-05,-0.8872785568237305,-0.12342996150255203,0.09348166733980179,-0.046385958790779114,-0.011612875179372144,-0.03912070456980073,1.460666892552959,0.0483342781662941,2.886910915374756,3.8827006816864014,1.490019679069519,5.30712890625,0.14256108,0.19173506,-0.073579974
756,25.7182,0.21686415374279022,0.004123736638575792,-0.8886878490447998,-0.11680907011032104,0.1055065244436264,-0.05067780241370201,-0.015470167533621189,-0.036717713512276214,1.4606960541668952,0.04712871462106705,3.204847574234009,3.5208942890167236,1.5974314212799072,5.226477146148682,0.15954341,0.17527682,-0.079523176
757,25.7519,0.21302352845668793,0.008558893576264381,-0.890244722366333,-0.10937108844518661,0.11661983281373978,-0.05525824427604675,-0.018423380155923683,-0.03449778149018102,1.4606851352064258,0.04632401838898659,3.5060272216796875,3.1202454566955566,1.687969446182251,5.139949321746826,0.17573279,0.15639623,-0.084606186
758,25.7858,0.20940248668193817,0.013277619145810604,-0.8919535875320435,-0.10120135545730591,0.12680408358573914,-0.060113586485385895,-0.020905385954634086,-0.032394264977830524,1.4606763467748287,0.04597253352403641,3.79182767868042,2.6830122470855713,1.7575643062591553,5.050196170806885,0.19087246,0.13505708,-0.08847201
759,25.8203,0.20520232617855072,0.01955009251832962,-0.8942631483078003,-0.08990146219730377,0.13821087777614594,-0.06630236655473709,-0.024311200723600945,-0.029015851639767054,1.4606518456928,0.04625679552555084,4.132519245147705,2.092524766921997,1.8173162937164307,4.940341472625732,0.2076291,0.10513418,-0.091306955
760,25.854,0.20221589505672455,0.024859784170985222,-0.8961974382400513,-0.08005926012992859,0.14620576798915863,-0.07110416144132614,-0.026875192352588357,-0.026044019776374626,1.4606121645925578,0.047005072236061096,4.3743577003479,1.5829706192016602,1.8391697406768799,4.855292320251465,0.21861583,0.0791116,-0.09191558
761,25.8879,0.19954127073287964,0.03039444237947464,-0.8982875347137451,-0.06954940408468246,0.15299463272094727,-0.07554800808429718,-0.028980113266294953,-0.023252760637862576,1.4605402592431256,0.04827268049120903,4.580008506774902,1.0437477827072144,1.823542594909668,4.774769306182861,0.2272295,0.05178381,-0.090472035
762,25.9218,0.19720804691314697,0.036112166941165924,-0.9004924297332764,-0.05858689919114113,0.15860381722450256,-0.07977902144193649,-0.03177224001275588,-0.01896491523823988,1.4604514428207716,0.050030387938022614,4.765925884246826,0.4838656783103943,1.785367488861084,4.705180644989014,0.23306127,0.023661792,-0.08730728
763,25.9557,0.1952163279056549,0.041981905698776245,-0.9028205871582031,-0.04708616062998772,0.1629888415336609,-0.0833013728260994,-0.03429321742894931,-0.01424675190043352,1.4603250758270472,0.0522596649825573,4.914281368255615,-0.09989961981773376,1.7123453617095947,4.646624565124512,0.23603551,-0.004798231,-0.08224484
764,25.9898,0.19361300766468048,0.048006270080804825,-0.9052305221557617,-0.035194579511880875,0.16618575155735016,-0.08590453118085861,-0.03603722591949053,-0.010177098456683175,1.460184194605382,0.05487358570098877,5.00938081741333,-0.7094063758850098,1.599764108657837,4.599847793579102,0.23601279,-0.03342309,-0.07537155
765,26.0238,0.19220875203609467,0.05564234405755997,-0.908312201499939,-0.01970810256898403,0.1681341826915741,-0.08771534264087677,-0.03732756491833675,-0.006488987051721966,1.4600619555113474,0.058551836758852005,5.043582439422607,-1.481229305267334,1.4096426963806152,4.564487934112549,0.23168343,-0.068042174,-0.06475375
766,26.0578,0.1916184425354004,0.06183650344610214,-0.9107910394668579,-0.006987917702645063,0.16823291778564453,-0.08748311549425125,-0.038736123302447266,-0.001072315701173763,1.459869009490371,0.061716850847005844,5.040424346923828,-2.1135823726654053,1.241431474685669,4.560134410858154,0.22482452,-0.094274834,-0.055373162
767,26.0922,0.19148117303848267,0.06806685775518417,-0.9132612943649292,0.005740523338317871,0.1669878214597702,-0.0857805386185646,-0.039467477272053464,0.0033910487890791295,1.459682455056011,0.06505192816257477,4.9821038246154785,-2.7443387508392334,1.0483887195587158,4.572595119476318,0.21534887,-0.11862262,-0.04531606
768,26.1269,0.19176648557186127,0.07424864172935486,-0.9156720638275146,0.018561456352472305,0.16442136466503143,-0.08272646367549896,-0.03981707958296441,0.009065052891331256,1.4594548879408638,0.0685015320777893,4.87727689743042,-3.357445478439331,0.8457725048065186,4.602303981781006,0.20385621,-0.14033161,-0.03535087
769,26.1609,0.19244885444641113,0.0803629532456398,-0.9179834127426147,0.03111865743994713,0.160519078373909,-0.0784720778465271,-0.039689980219940385,0.013039615879706258,1.4592600777071245,0.07202788442373276,4.753338813781738,-3.9587466716766357,0.650375485420227,4.6480889320373535,0.19104937,-0.15911259,-0.026140327
770,26.1949,0.1935863196849823,0.08631555736064911,-0.9201005697250366,0.043513450771570206,0.15520061552524567,-0.0732145607471466,-0.03888521455041047,0.018645568934025754,1.459020260050963,0.07546988129615784,4.580098628997803,-4.513277530670166,0.4612208306789398,4.705187797546387,0.17761458,-0.17502329,-0.01788598
771,26.2288,0.1956218183040619,0.09342055767774582,-0.9224201440811157,0.058379024267196655,0.1467045098543167,-0.06513623893260956,-0.03779179134704039,0.022952416404145085,1.4588074734798655,0.0795450210571289,4.315409183502197,-5.132779598236084,0.24248042702674866,4.785666465759277,0.16077761,-0.19123009,-0.009034004
772,26.2628,0.19776742160320282,0.09879806637763977,-0.9239001274108887,0.06990433484315872,0.13835759460926056,-0.05783328786492348,-0.036476410311569014,0.026525835551840397,1.4586479501305698,0.0825081318616867,4.05826997756958,-5.55488920211792,0.08913639187812805,4.852222442626953,0.14746636,-0.20184939,-0.0032389713
773,26.2971,0.20038479566574097,0.1038491353392601,-0.9249855279922485,0.08072064071893692,0.12895849347114563,-0.05030287429690361,-0.03407539581891605,0.03125627959928285,1.4584307693436738,0.08512719720602036,3.775564670562744,-5.935586452484131,-0.033427804708480835,4.916757583618164,0.13417621,-0.21093917,0.001187959
774,26.331,0.20344416797161102,0.10856857895851135,-0.9257351160049438,0.09083234518766403,0.11844176799058914,-0.042509909719228745,-0.03180608712573511,0.03461168156105235,1.4582765723165583,0.08743970096111298,3.4517979621887207,-6.240318775177002,-0.1398766040802002,4.97314453125,0.120984204,-0.2187208,0.0049026217
775,26.3666,0.20683346688747406,0.11289834976196289,-0.9261804819107056,0.10009374469518661,0.10704334080219269,-0.035174984484910965,-0.028596420412836387,0.038249721896479516,1.4580914826207978,0.08946920931339264,3.1016995906829834,-6.477686882019043,-0.22532197833061218,5.019523620605469,0.107914895,-0.22537285,0.007839443
776,26.401,0.21058407425880432,0.11683832108974457,-0.9263131618499756,0.10860352218151093,0.09471508115530014,-0.02820778824388981,-0.02617013709874669,0.040376846915774645,1.4580071935722967,0.09119579941034317,2.727113723754883,-6.67683744430542,-0.28736379742622375,5.056861400604248,0.09445499,-0.2312557,0.009952993
777,26.4353,0.21566426753997803,0.12119926512241364,-0.9261757135391235,0.1180465817451477,0.07855123281478882,-0.02009684592485428,-0.022500234537590248,0.04286004489519178,1.4578857534265892,0.09302275627851486,2.227501392364502,-6.831503391265869,-0.34767597913742065,5.090630531311035,0.07740947,-0.23740637,0.012082333
778,26.4689,0.21997219324111938,0.12420447915792465,-0.925879955291748,0.12435390800237656,0.06498507410287857,-0.01418426912277937,-0.019448216558251213,0.04437053160883588,1.457798002268671,0.0942363440990448,1.8144276142120361,-6.923719882965088,-0.38327351212501526,5.1059889793396,0.06328423,-0.2414879,0.013367946
779,26.5029,0.22448624670505524,0.12673130631446838,-0.9254125356674194,0.12969808280467987,0.05106040835380554,-0.00892020296305418,-0.016754634054204326,0.04539024766784881,1.4577295590286559,0.09518399089574814,1.3929288387298584,-6.95639705657959,-0.40805357694625854,5.115870952606201,0.04900393,-0.24472952,0.014355528
780,26.5367,0.22917042672634125,0.1287556290626526,-0.9248623847961426,0.13394810259342194,0.03688712418079376,-0.004362969193607569,-0.012819252823367112,0.04631203430015249,1.4576696379041292,0.09588542580604553,0.9608799815177917,-6.96221399307251,-0.42798370122909546,5.116945266723633,0.034116212,-0.24719462,0.015195636
781,26.5711,0.23399709165096283,0.13028515875339508,-0.9242346286773682,0.13745924830436707,0.022686559706926346,-0.00029984768480062485,-0.009661204622237395,0.04672743749593441,1.457610648885984,0.09635286033153534,0.5270488858222961,-6.919677257537842,-0.4431689977645874,5.115340232849121,0.01894808,-0.24877124,0.015932491
782,26.6059,0.23893195390701294,0.1313401609659195,-0.9235619306564331,0.139910027384758,0.008509062230587006,0.003216078970581293,-0.006912190396665378,0.04684809533807181,1.4575812209559385,0.09662209451198578,0.09711191058158875,-6.836231708526611,-0.4576185941696167,5.111009120941162,0.0035430824,-0.24941671,0.016696
783,26.6399,0.2451457679271698,0.1319265067577362,-0.9226396083831787,0.14140528440475464,-0.009163266979157925,0.006846471689641476,-0.0030590659935520372,0.04664192505780765,1.457530620895227,0.09661892056465149,-0.4312782287597656,-6.682512283325195,-0.47687798738479614,5.102154731750488,-0.016060414,-0.24885075,0.017758507
784,26.674,0.2501524090766907,0.13181433081626892,-0.9218368530273438,0.14161494374275208,-0.023119235411286354,0.009425065480172634,-3.048307799652301e-05,0.04622057136146508,1.457508649816234,0.09634746611118317,-0.8454383015632629,-6.516068935394287,-0.49433016777038574,5.095647811889648,-0.032076396,-0.24722327,0.01875516
785,26.7077,0.2551584839820862,0.13118258118629456,-0.9209576845169067,0.14095601439476013,-0.036977726966142654,0.011541018262505531,0.003710940469153207,0.04538595332059106,1.4574812192570061,0.09583083540201187,-1.2554361820220947,-6.31701135635376,-0.513653576374054,5.08890438079834,-0.04857743,-0.24442835,0.01987514
786,26.742,0.26012736558914185,0.13006950914859772,-0.9200257062911987,0.13939347863197327,-0.050482895225286484,0.013618092983961105,0.0063203845077333815,0.04461259214597806,1.4574761592509349,0.09511518478393555,-1.6412333250045776,-6.070560932159424,-0.5358420610427856,5.0888237953186035,-0.06501172,-0.24046403,0.021225508
787,26.7757,0.26504266262054443,0.12852545082569122,-0.9190292358398438,0.13697221875190735,-0.06356210261583328,0.015369904227554798,0.009910068703726894,0.04327930135217591,1.4574639087099206,0.09424791485071182,-2.018537759780884,-5.801271915435791,-0.5621495842933655,5.088878154754639,-0.081813805,-0.23513265,0.022784611
788,26.8094,0.26983630657196045,0.1265375316143036,-0.9180412292480469,0.13367196917533875,-0.07608786970376968,0.016974320635199547,0.012742209445566262,0.04201733750250664,1.4574680366096102,0.09323347359895706,-2.3670120239257812,-5.4910969734191895,-0.5942399501800537,5.0953264236450195,-0.09847787,-0.22845323,0.024722936
789,26.8439,0.275605708360672,0.12346753478050232,-0.9167628288269043,0.12820905447006226,-0.09119683504104614,0.01886952668428421,0.015158664030757886,0.040776021473663895,1.457461112390776,0.09176678210496902,-2.756873846054077,-5.043265342712402,-0.6395776271820068,5.113287925720215,-0.11917858,-0.21801838,0.027648691
790,26.8778,0.2799990475177765,0.1205822080373764,-0.9157460927963257,0.12314077466726303,-0.10263301432132721,0.020458512008190155,0.01851052586081272,0.03883215522687984,1.4574990624363096,0.09047017991542816,-3.0546131134033203,-4.663453102111816,-0.6893901824951172,5.126910209655762,-0.13594742,-0.20754983,0.03068173
791,26.9117,0.28407859802246094,0.11736168712377548,-0.9147351980209351,0.11702487617731094,-0.11344129592180252,0.021955333650112152,0.021077655026459384,0.03709250350143443,1.457509448764561,0.08905582875013351,-3.312479257583618,-4.249185085296631,-0.7439335584640503,5.144627094268799,-0.15225896,-0.19531488,0.0341951
792,26.9459,0.2878243625164032,0.1138162687420845,-0.9136475324630737,0.11007802933454514,-0.12351363897323608,0.023635363206267357,0.023292749666105797,0.035443478315646565,1.4575189029864306,0.08748576790094376,-3.535189151763916,-3.8077054023742676,-0.7982289791107178,5.1645965576171875,-0.16812639,-0.1810867,0.037962142
793,26.9798,0.29431283473968506,0.10582681000232697,-0.9112368822097778,0.09391045570373535,-0.14137348532676697,0.027793245390057564,0.026352767531688078,0.03289121499842851,1.4575300882630091,0.08390437066555023,-3.877732753753662,-2.8528692722320557,-0.8999868631362915,5.205955982208252,-0.1979439,-0.14562841,0.045941
794,27.0138,0.29431283473968506,0.10582681000232697,-0.9112368822097778,0.09391045570373535,-0.14137348532676697,0.027793245390057564,0.02870802142667292,0.030660823827270953,1.4575489967067485,0.08390437066555023,-3.906177520751953,-2.8745882511138916,-0.9150428771972656,5.198397159576416,-0.1978628,-0.14560887,0.046350416
795,27.048,0.2999815344810486,0.09534165263175964,-0.9081500768661499,0.0724390372633934,-0.15795764327049255,0.03404492512345314,0.031540016526890174,0.027630916326763382,1.4575468661778765,0.0791061744093895,-4.153692722320557,-1.7189878225326538,-1.0246517658233643,5.2357258796691895,-0.22522326,-0.09320768,0.055559095
796,27.0824,0.3019397258758545,0.0902259573340416,-0.9066542387008667,0.06206923723220825,-0.16409483551979065,0.03719015792012215,0.03346657638777792,0.025291988857617485,1.4575565867158553,0.07677667587995529,-4.229649066925049,-1.2044676542282104,-1.0725091695785522,5.246744155883789,-0.23359488,-0.06652029,0.059232492
797,27.1168,0.3035285174846649,0.0848633199930191,-0.9050197601318359,0.051119614392519,-0.16927531361579895,0.04072494059801102,0.03605874342886053,0.02159672176767264,1.4575524588161657,0.07434291392564774,-4.288857936859131,-0.7033203840255737,-1.1196327209472656,5.254759788513184,-0.23890461,-0.039177444,0.062367518
798,27.1505,0.3047485649585724,0.07933101803064346,-0.9032135009765625,0.03952471539378166,-0.17338241636753082,0.04438766464591026,0.038077756591466054,0.01822450235973821,1.4575378114301702,0.07186873257160187,-4.311020851135254,-0.22126612067222595,-1.1488407850265503,5.263772964477539,-0.24127287,-0.012383496,0.06429663
799,27.1849,0.30554500222206116,0.07365734875202179,-0.9011867046356201,0.027607731521129608,-0.1762879192829132,0.04815975949168205,0.03970638362777959,0.01500500795823872,1.4575231640441748,0.0693407654762268,-4.296959400177002,0.23466375470161438,-1.1541274785995483,5.274458408355713,-0.24110751,0.013167263,0.06475947
800,27.2189,0.30593371391296387,0.06641975045204163,-0.8984775543212891,0.012126361019909382,-0.17833620309829712,0.052610624581575394,0.04169120013751282,0.010043576298123929,1.4575183703542127,0.06619015336036682,-4.238630771636963,0.7694510221481323,-1.1386860609054565,5.286868095397949,-0.23781238,0.043170776,0.06388706
801,27.253,0.305752158164978,0.06058354303240776,-0.8962085247039795,-0.0005836780765093863,-0.1785178780555725,0.05584167689085007,0.042947900082839975,0.005832518363166084,1.4574900076886033,0.06373932212591171,-4.153866291046143,1.1687771081924438,-1.104037880897522,5.295839309692383,-0.23314531,0.065600306,0.06196667
802,27.287,0.3050834834575653,0.054725829511880875,-0.8938635587692261,-0.013470746576786041,-0.17727743089199066,0.05823546275496483,0.04396103730172257,0.0004538614265469981,1.457449793956143,0.06134305149316788,-4.027236461639404,1.5466278791427612,-1.0392957925796509,5.303441047668457,-0.22688991,0.08713525,0.05855274
803,27.3208,0.3039062023162842,0.04889221489429474,-0.891484260559082,-0.02655228041112423,-0.17470206320285797,0.05988425016403198,0.04431965690963696,-0.0033772557472419857,1.4574107786461734,0.059026528149843216,-3.8760340213775635,1.9153187274932861,-0.960690975189209,5.30764627456665,-0.21879293,0.108115196,0.054228727
804,27.3549,0.302259236574173,0.04310525953769684,-0.8890756368637085,-0.03968065604567528,-0.17100466787815094,0.06077652797102928,0.044273284617155954,-0.008812457263423744,1.457382948612782,0.056867580860853195,-3.676382064819336,2.270573854446411,-0.8539477586746216,5.31285285949707,-0.2086671,0.12887509,0.048469063
805,27.3908,0.30009475350379944,0.03741712495684624,-0.8866773843765259,-0.052651163190603256,-0.1659308522939682,0.06062164530158043,0.04375133001063564,-0.013042964596717574,1.4573585806888079,0.05486331135034561,-3.4328718185424805,2.610727548599243,-0.7215715646743774,5.319548606872559,-0.19626386,0.14926031,0.04125363
806,27.426,0.29669785499572754,0.03052488900721073,-0.8837666511535645,-0.06845635920763016,-0.1577334702014923,0.059289880096912384,0.04297069507729537,-0.016641366484091893,1.4573608443757344,0.05266262963414192,-3.079331636428833,3.0212924480438232,-0.5384989976882935,5.333215713500977,-0.17707618,0.17373864,0.030966247
807,27.4598,0.2934598922729492,0.02525167353451252,-0.8815637826919556,-0.080579973757267,-0.1497458517551422,0.05712195113301277,0.041333063227546006,-0.021523846861156142,1.4573772228164386,0.05119910463690758,-2.7608606815338135,3.341001272201538,-0.3827544152736664,5.350810527801514,-0.15863393,0.19196774,0.02199236
808,27.4938,0.28980687260627747,0.020249752327799797,-0.8795052766799927,-0.09212742000818253,-0.14053434133529663,0.05363831669092178,0.03959931206839079,-0.025190187444354604,1.457427023928823,0.05004382133483887,-2.4045870304107666,3.635800838470459,-0.2097114622592926,5.374113082885742,-0.13774927,0.20828062,0.012013539
809,27.5278,0.28578105568885803,0.015577094629406929,-0.8776447772979736,-0.10298404097557068,-0.1302044689655304,0.049510132521390915,0.03690302375106449,-0.029464950065122286,1.4574797545184066,0.049202367663383484,-2.0226731300354004,3.9202768802642822,-0.039500266313552856,5.404486179351807,-0.11462501,0.22216234,0.0022384825
810,27.5618,0.28138795495033264,0.01125114131718874,-0.8760124444961548,-0.1131129339337349,-0.11893744021654129,0.04423660412430763,0.03469124349861846,-0.03226476668923082,1.4575363466915707,0.0486515536904335,-1.6131454706192017,4.169533729553223,0.13898709416389465,5.436877727508545,-0.09016278,0.23304577,-0.00776834
811,27.5958,0.27670544385910034,0.007285281550139189,-0.8746194839477539,-0.12226087599992752,-0.10677599906921387,0.03810836747288704,0.0310337371200985,-0.03591020145787215,1.4576436720835009,0.04842286929488182,-1.189266562461853,4.410281658172607,0.31156858801841736,5.474484443664551,-0.06493857,0.24081849,-0.017012853
812,27.6302,0.2704648971557617,0.002833208767697215,-0.873318076133728,-0.13243117928504944,-0.09058047086000443,0.029558543115854263,0.027693887602976145,-0.038484292293055854,1.4577392795666348,0.04853874444961548,-0.6460742354393005,4.647231578826904,0.5193688869476318,5.516844749450684,-0.034215797,0.24611527,-0.02750554
813,27.6638,0.2651909589767456,-0.0003127709205728024,-0.8726437091827393,-0.13910795748233795,-0.07692193239927292,0.02197243645787239,0.02453920684420916,-0.04047816355049535,1.457834753891714,0.048930540680885315,-0.2108221799135208,4.804032802581787,0.6729230880737305,5.549172401428223,-0.010854785,0.24734941,-0.034647375
814,27.6978,0.25973379611968994,-0.003041650401428342,-0.8723235130310059,-0.1445631980895996,-0.062593974173069,0.013897670432925224,0.01969178760707418,-0.04283053374136234,1.457999869879299,0.04954361170530319,0.2238665372133255,4.941079616546631,0.8085757493972778,5.58225679397583,0.011166964,0.2464721,-0.040333565
815,27.7319,0.25418493151664734,-0.005292861722409725,-0.8723719120025635,-0.14859026670455933,-0.0479847714304924,0.005593299400061369,0.015529494648389208,-0.04425393924855005,1.4581447458425993,0.0503096841275692,0.6426119208335876,5.027105808258057,0.9311380386352539,5.605990886688232,0.03117756,0.24389976,-0.045175962
816,27.7659,0.24861207604408264,-0.00705453148111701,-0.8727532625198364,-0.15123680233955383,-0.032914046198129654,-0.0024223029613494873,0.011748850358966705,-0.045155107188351626,1.4582828307451199,0.05119345709681511,1.0431928634643555,5.0663347244262695,1.0394575595855713,5.619727611541748,0.049430784,0.24006386,-0.04925379
817,27.7998,0.2430667132139206,-0.008331896737217903,-0.8734025955200195,-0.15240730345249176,-0.017841624096035957,-0.010180694982409477,0.006313095664695241,-0.045871152142879075,1.4584795051916222,0.05217553302645683,1.434657096862793,5.085104465484619,1.1337388753890991,5.6323561668396,0.06637165,0.23525257,-0.052450247
818,27.8338,0.23629260063171387,-0.009279000572860241,-0.8746590614318848,-0.15164393186569214,0.000901455117855221,-0.019115127623081207,0.001983636162408293,-0.04592529753679175,1.4586271774740671,0.053475845605134964,1.8843451738357544,5.038294792175293,1.235857367515564,5.627660751342773,0.08535276,0.22821318,-0.055979043
819,27.8677,0.23104819655418396,-0.009494232013821602,-0.8759775161743164,-0.1494842767715454,0.015786590054631233,-0.0256197527050972,-0.0017137779711282662,-0.04564039339561291,1.458751280780865,0.05450316518545151,2.2254514694213867,4.9683942794799805,1.3032164573669434,5.616031646728516,0.09938863,0.22188842,-0.05820163
820,27.902,0.2260269820690155,-0.009236624464392662,-0.8775403499603271,-0.14583581686019897,0.030170129612088203,-0.03163376450538635,-0.006775237337608053,-0.044700409882923425,1.4588780472487526,0.055477600544691086,2.55519437789917,4.883455276489258,1.3596205711364746,5.603865623474121,0.11252852,0.21506308,-0.059876498
821,27.9359,0.2212931513786316,-0.008515944704413414,-0.879313588142395,-0.14088600873947144,0.044225141406059265,-0.03724708780646324,-0.011524051474936896,-0.04316677863493086,1.4589824431634837,0.056355636566877365,2.8648250102996826,4.767733097076416,1.4126323461532593,5.583316802978516,0.1248003,0.20769665,-0.06153847
822,27.9699,0.21689766645431519,-0.007342416327446699,-0.8812441825866699,-0.1348283737897873,0.057669561356306076,-0.04225919768214226,-0.015014022134350258,-0.04163171593785237,1.4590460927135367,0.05709721893072128,3.1464028358459473,4.618701457977295,1.4591476917266846,5.551821231842041,0.13618599,0.1999116,-0.063156396
823,28.0039,0.21283896267414093,-0.005749977193772793,-0.8832964897155762,-0.12763522565364838,0.07041474431753159,-0.04647358879446983,-0.01779776824575584,-0.04005261953662511,1.4590816459140892,0.05770551785826683,3.4038493633270264,4.443362236022949,1.4972364902496338,5.513385772705078,0.14686753,0.19171989,-0.06460199
824,28.0378,0.2082781344652176,-0.0031953896395862103,-0.8859875202178955,-0.11709575355052948,0.08530222624540329,-0.051071397960186005,-0.02132378936783155,-0.03752120585790993,1.4590965596161936,0.05824713781476021,3.697615146636963,4.194443225860596,1.5405962467193604,5.46021842956543,0.15938197,0.18079725,-0.06640585
825,28.0719,0.2050175666809082,-0.0007006795494817197,-0.8882291316986084,-0.10771898180246353,0.0963788628578186,-0.054406195878982544,-0.0237673041664119,-0.03530888881205669,1.4590925648745585,0.05850508064031601,3.910090923309326,3.9667327404022217,1.5709365606307983,5.411421775817871,0.16891134,0.1713582,-0.067862615
826,28.1058,0.2021653950214386,0.0021720784716308117,-0.8905531167984009,-0.09775124490261078,0.10680103302001953,-0.05722860246896744,-0.025655067179763156,-0.033269053058678104,1.4590496879810082,0.05858005955815315,4.096079349517822,3.71191668510437,1.5903198719024658,5.356267929077148,0.178029,0.16133204,-0.069120504
827,28.14,0.19973823428153992,0.005360564216971397,-0.8929768800735474,-0.08715906739234924,0.11621532589197159,-0.05989878252148628,-0.02799373457458385,-0.0301972194963532,1.4589843073762467,0.05850556120276451,4.265092849731445,3.4384241104125977,1.6028133630752563,5.3008317947387695,0.18679893,0.15059319,-0.07019867
828,28.174,0.1977895349264145,0.008829432539641857,-0.895476222038269,-0.07591302692890167,0.12487538903951645,-0.062390364706516266,-0.02954076901300008,-0.027632227101362403,1.4589100051818336,0.05826536566019058,4.394191265106201,3.140408754348755,1.6016407012939453,5.240635871887207,0.19500268,0.13936311,-0.07107662
829,28.2077,0.19633567333221436,0.0125625841319561,-0.8980286121368408,-0.06425178796052933,0.1325027197599411,-0.06465505808591843,-0.031174813917656245,-0.02434403666760378,1.458788831352235,0.05785968527197838,4.495117664337158,2.8199727535247803,1.589452862739563,5.180273056030273,0.20287111,0.12726942,-0.07173429
830,28.242,0.19522430002689362,0.017582539469003677,-0.9012941122055054,-0.049162521958351135,0.14102226495742798,-0.06711529940366745,-0.03208340958018562,-0.0220175532347702,1.45868816386303,0.057147007435560226,4.548390865325928,2.3827643394470215,1.5398728847503662,5.100560665130615,0.21211913,0.111122794,-0.071813636
831,28.2758,0.19488076865673065,0.02186521887779236,-0.9039434194564819,-0.03683488070964813,0.14675983786582947,-0.06880542635917664,-0.03307099501676567,-0.018669418789944176,1.4585293063040068,0.05646892637014389,4.562659740447998,1.9950764179229736,1.4866840839385986,5.03931999206543,0.21948683,0.09597319,-0.07151697
832,28.3098,0.1950388103723526,0.02630731090903282,-0.9065636396408081,-0.024337163195014,0.1515911966562271,-0.07028935849666595,-0.03366193797908664,-0.01594958542380859,1.4583868271856875,0.055730581283569336,4.526549816131592,1.5811121463775635,1.4122368097305298,4.981453895568848,0.22640003,0.07908095,-0.07063448
833,28.3439,0.195638045668602,0.030862439423799515,-0.9092321395874023,-0.011640765704214573,0.15542300045490265,-0.07149198651313782,-0.03403901870290125,-0.01356157048622657,1.458229700681373,0.05506139621138573,4.4437336921691895,1.1440393924713135,1.309563398361206,4.9303460121154785,0.2328098,0.05993689,-0.06860879
834,28.3778,0.1967281997203827,0.0354638397693634,-0.9119383096694946,0.0010655235964804888,0.15831682085990906,-0.07248055189847946,-0.03438739762418644,-0.01009007446657833,1.458002000408171,0.05447236821055412,4.324628829956055,0.6785951852798462,1.1879689693450928,4.887983798980713,0.23835683,0.037401546,-0.06547626
835,28.4119,0.1983019858598709,0.040108006447553635,-0.9146792888641357,0.013840798288583755,0.16022492945194244,-0.07326842099428177,-0.03453562958657917,-0.007283444935446782,1.4578026628005787,0.054018404334783554,4.148021221160889,0.1993902623653412,1.0389119386672974,4.855616569519043,0.24224617,0.011644474,-0.06067289
836,28.4459,0.2009434998035431,0.045944780111312866,-0.918102502822876,0.029735282063484192,0.1613788902759552,-0.07336574792861938,-0.03457120567367235,-0.004754743311794821,1.457633152597195,0.053710754960775375,3.8445897102355957,-0.41125741600990295,0.8157128095626831,4.8302741050720215,0.24322802,-0.026018206,-0.05160608
837,28.4797,0.20674309134483337,0.05524745211005211,-0.9236322641372681,0.054936666041612625,0.16003146767616272,-0.07177002727985382,-0.03448485059473193,-0.0010655319224751666,1.457356982792154,0.05412844568490982,3.1788887977600098,-1.3826110363006592,0.40189608931541443,4.823044776916504,0.22772937,-0.09904754,-0.028791048
838,28.5139,0.20674309134483337,0.05524745211005211,-0.9236322641372681,0.054936666041612625,0.16003146767616272,-0.07177002727985382,-0.03425479092725191,0.002038634730144795,1.4571500551754548,0.05412844568490982,3.2156567573547363,-1.4158005714416504,0.4192030131816864,4.823547840118408,0.2271935,-0.10002954,-0.02961765
839,28.5479,0.21433432400226593,0.0642792358994484,-0.928752064704895,0.07937587052583694,0.15490545332431793,-0.06522507965564728,-0.03380001247863425,0.0063020492678065665,1.4568469874434038,0.05582261458039284,2.818195104598999,-1.8963381052017212,0.2078143060207367,4.834199905395508,0.20702772,-0.1393071,-0.0152662685
840,28.5819,0.2186681628227234,0.06857490539550781,-0.9309182167053223,0.09109020233154297,0.15079335868358612,-0.05986357107758522,-0.03326159620762588,0.009714178641389355,1.4566304724467802,0.05708448588848114,1.883601188659668,-2.751159429550171,-0.2163916975259781,4.884199142456055,0.14093722,-0.2058508,0.016191138
841,28.6157,0.22449572384357452,0.0736754760146141,-0.9333076477050781,0.10495804250240326,0.14382396638393402,-0.05150790140032768,-0.032129438574557356,0.014976091854465344,1.4563135562770608,0.059086766093969345,1.2698826789855957,-3.2256596088409424,-0.44606083631515503,4.927395820617676,0.09083036,-0.2307204,0.031905204
842,28.6499,0.22941869497299194,0.07753228396177292,-0.9348709583282471,0.11544480174779892,0.13697446882724762,-0.04156038537621498,-0.03070503438196087,0.01950104909697026,1.4560594907090674,0.0609494112432003,0.7690066695213318,-3.562525749206543,-0.630949854850769,4.967826843261719,0.051976886,-0.24078985,0.042645674
843,28.6839,0.23453207314014435,0.0811256691813469,-0.936070442199707,0.12488618493080139,0.1287672370672226,-0.02969685010612011,-0.028764725951945593,0.02383927401427669,1.4558357851775006,0.06294097006320953,0.2683592438697815,-3.8446221351623535,-0.8097570538520813,5.008121490478516,0.01703597,-0.24406414,0.051404964
844,28.718,0.23983022570610046,0.08440090715885162,-0.9368976354598999,0.13310061395168304,0.11899980902671814,-0.017632361501455307,-0.02461151374839941,0.030325848096409425,1.455540440612611,0.06498882919549942,-0.2043484002351761,-4.115081310272217,-0.9546588659286499,5.043243885040283,-0.012079312,-0.24324805,0.05643118
845,28.7517,0.24529646337032318,0.08731680363416672,-0.9373588562011719,0.14000025391578674,0.10788943618535995,-0.006047010887414217,-0.020393549279661475,0.03529149920237631,1.4553502909107792,0.06704781204462051,-0.6813426613807678,-4.298343181610107,-1.0816190242767334,5.071013450622559,-0.037984014,-0.23962733,0.060298927
846,28.7863,0.25093013048171997,0.08977270871400833,-0.9374743700027466,0.14547713100910187,0.09536288678646088,0.00474775955080986,-0.016234663294636662,0.039225063033829,1.4552119396921495,0.06904813647270203,-1.1527881622314453,-4.390011310577393,-1.1901865005493164,5.092690467834473,-0.061419163,-0.23389451,0.0634117
847,28.8238,0.25668469071388245,0.09166956692934036,-0.9372471570968628,0.1492530107498169,0.08162939548492432,0.014706196263432503,-0.009791621493353718,0.04390578919267103,1.4550320431605146,0.07090987265110016,-1.600207805633545,-4.448351860046387,-1.27397882938385,5.1058502197265625,-0.08170876,-0.22713882,0.06505107
848,28.858,0.2639290690422058,0.09326815605163574,-0.9365568161010742,0.15169638395309448,0.0631808415055275,0.02562597021460533,-0.003048990714193671,0.04732900813548048,1.4549011487929373,0.07307140529155731,-2.139514446258545,-4.381211280822754,-1.3666832447052002,5.120288848876953,-0.10563143,-0.21630779,0.06747545
849,28.8919,0.2696937322616577,0.09386921674013138,-0.935804009437561,0.15159092843532562,0.047631364315748215,0.03325264900922775,0.0022999014961289014,0.049133120842873426,1.4547936902429526,0.07467570900917053,-2.5411882400512695,-4.24821662902832,-1.4389466047286987,5.131130218505859,-0.123235464,-0.20601816,0.06978202
850,28.926,0.2753330171108246,0.09387097507715225,-0.9348068237304688,0.14985159039497375,0.031814705580472946,0.040016863495111465,0.006863914880272538,0.05004999311072807,1.454709268036397,0.0760822594165802,-2.9098758697509766,-4.044246673583984,-1.5040562152862549,5.146130561828613,-0.13978034,-0.19427158,0.07224964
851,28.9599,0.28076496720314026,0.0932847335934639,-0.9336458444595337,0.1462329924106598,0.015727028250694275,0.04604283720254898,0.013056799510521074,0.05037221063549244,1.4545639925989333,0.07730110734701157,-3.246730089187622,-3.8163859844207764,-1.5700520277023315,5.158775806427002,-0.15458202,-0.18170425,0.07475269
852,28.9938,0.2858782708644867,0.09207836538553238,-0.9324096441268921,0.14111171662807465,-0.00022097784676589072,0.05146536976099014,0.017729949184121293,0.04980671334514933,1.4544437508757162,0.07828990370035172,-3.5427067279815674,-3.5124292373657227,-1.6421207189559937,5.178345680236816,-0.16863307,-0.16719186,0.078165054
853,29.0277,0.2906186282634735,0.09026871621608734,-0.9310333728790283,0.1345178484916687,-0.015928512439131737,0.056707318872213364,0.023127011580734998,0.048219494302597324,1.454300739125179,0.07897153496742249,-3.8064303398132324,-3.172666311264038,-1.7195968627929688,5.198391914367676,-0.18142574,-0.15121867,0.08196108
854,29.0624,0.296002060174942,0.0872248113155365,-0.929115891456604,0.12424134463071823,-0.03486883267760277,0.06272217631340027,0.02660901564341874,0.0465861443165381,1.4542028679551184,0.0794043019413948,-4.0648274421691895,-2.6510987281799316,-1.807025671005249,5.2330322265625,-0.19623712,-0.12798673,0.08723753
855,29.0969,0.29979145526885986,0.08419696986675262,-0.9274271726608276,0.11457796394824982,-0.04915957897901535,0.06728097051382065,0.031002351350532996,0.04363405937650969,1.4540464072410764,0.07937728613615036,-4.245700836181641,-2.2204530239105225,-1.8798151016235352,5.254039764404297,-0.206228,-0.10785489,0.09130896
856,29.1309,0.3031575381755829,0.08077801018953323,-0.9255280494689941,0.10392896085977554,-0.06251080334186554,0.07179120928049088,0.03409342000994992,0.04076147395620934,1.4539063249677382,0.07908010482788086,-4.386194705963135,-1.761505126953125,-1.938620686531067,5.275590896606445,-0.21463911,-0.08619952,0.0948667
857,29.1659,0.306034654378891,0.07700839638710022,-0.9234287738800049,0.09238851815462112,-0.07490930706262589,0.07634444534778595,0.03649207302773005,0.037927321279390205,1.4537988664177535,0.07849368453025818,-4.487978935241699,-1.2919421195983887,-1.9849419593811035,5.295365333557129,-0.22110228,-0.063648105,0.09778905
858,29.1999,0.30839329957962036,0.0729072093963623,-0.9210747480392456,0.08010810613632202,-0.08600788563489914,0.08104190230369568,0.03942063060400329,0.03343663871205514,1.4536406746490027,0.07758509367704391,-4.569234848022461,-0.8301674127578735,-2.0225062370300293,5.310025691986084,-0.22551495,-0.040972978,0.09982096
859,29.2339,0.3102470934391022,0.06852260231971741,-0.9186255931854248,0.06721241772174835,-0.09588456153869629,0.08541537821292877,0.041394145323860494,0.02950731097121136,1.453545866114196,0.07646344602108002,-4.609987735748291,-0.3746275007724762,-2.044868230819702,5.323934555053711,-0.22789876,-0.018520037,0.10108985
860,29.2677,0.3118594288825989,0.06267309188842773,-0.915412425994873,0.050264276564121246,-0.10614071041345596,0.09048523753881454,0.04331331907391247,0.02428352881539934,1.4534338801903581,0.07478766143321991,-4.615516185760498,0.16987302899360657,-2.0534679889678955,5.3391265869140625,-0.22828476,0.0084019685,0.101565115
861,29.3034,0.31255385279655457,0.05769869685173035,-0.9126347303390503,0.03643115609884262,-0.1129983589053154,0.09427819401025772,0.04433127911108163,0.020467472805857187,1.453372494327232,0.07320043444633484,-4.578210353851318,0.5859849452972412,-2.034733772277832,5.3525238037109375,-0.22690657,0.029042752,0.10084606
862,29.337,0.31277230381965637,0.05251389741897583,-0.9097793102264404,0.022295108065009117,-0.11845333874225616,0.09771902859210968,0.045241655762590004,0.01490014495001955,1.453293265284802,0.07153304666280746,-4.520674228668213,0.9892733097076416,-2.0062015056610107,5.364205360412598,-0.22407049,0.049034048,0.09943883
863,29.3709,0.31254076957702637,0.04716554656624794,-0.9068475961685181,0.008173803798854351,-0.12255820631980896,0.10023414343595505,0.04557734721799449,0.010352801549898453,1.4532518531298513,0.06986077129840851,-4.423058986663818,1.3728199005126953,-1.9461156129837036,5.375482559204102,-0.22011884,0.06832003,0.096850775
864,29.4061,0.31184840202331543,0.04171053692698479,-0.9038404226303101,-0.00600672559812665,-0.12524163722991943,0.10240195691585541,0.045575986509125026,0.006403499060581772,1.4532162999292986,0.06822580844163895,-4.285777568817139,1.7393115758895874,-1.8608152866363525,5.3852620124816895,-0.2149099,0.08721761,0.0933104
865,29.4399,0.31067171692848206,0.0362052395939827,-0.9007995128631592,-0.019906723871827126,-0.12647193670272827,0.10362554341554642,0.045113474490373125,0.0008178484483849275,1.4532170988776256,0.06666188687086105,-4.124986171722412,2.1046700477600098,-1.7550585269927979,5.391761302947998,-0.20823546,0.10624688,0.088597976
866,29.4741,0.3084734380245209,0.029347525909543037,-0.8969604969024658,-0.037156905978918076,-0.12595234811306,0.10401999205350876,0.04438751758316354,-0.0035267001761388134,1.4532366731116377,0.06482088565826416,-3.8534047603607178,2.534862518310547,-1.5783565044403076,5.398986339569092,-0.19761115,0.12999338,0.080941625
867,29.5077,0.3061005473136902,0.02397107519209385,-0.893911600112915,-0.05069733411073685,-0.1240917518734932,0.10373087227344513,0.04302707086862098,-0.008732356451855806,1.453279550005188,0.06344633549451828,-3.6005167961120605,2.882566452026367,-1.42621910572052,5.406623840332031,-0.18644965,0.1492712,0.07385552
868,29.5417,0.3032758831977844,0.01874212920665741,-0.8908076286315918,-0.06378420442342758,-0.12084580212831497,0.10231125354766846,0.04181035579034784,-0.012246429759431686,1.453339737445824,0.06226765364408493,-3.305833339691162,3.207530975341797,-1.2426254749298096,5.4186625480651855,-0.17323123,0.16808002,0.06511567
869,29.5758,0.3000277876853943,0.01382015272974968,-0.8877863883972168,-0.07625167071819305,-0.1162087619304657,0.10013457387685776,0.039706962033078844,-0.01708668238846137,1.4534417365155738,0.06128062680363655,-2.987859010696411,3.525029182434082,-1.0535998344421387,5.437056541442871,-0.15760292,0.18593745,0.055575047
870,29.6098,0.2964123785495758,0.009221168234944344,-0.8848928213119507,-0.08806980401277542,-0.11025106906890869,0.09690311551094055,0.037709707728817106,-0.02072086218060522,1.453532150834582,0.060511671006679535,-2.6396868228912354,3.8154404163360596,-0.8505803346633911,5.461552143096924,-0.13990621,0.20222239,0.04508166
871,29.644,0.29244276881217957,0.004979325458407402,-0.8820974826812744,-0.09923046827316284,-0.10322025418281555,0.0926586389541626,0.03576689426290147,-0.023771806573129817,1.4536117793511754,0.059935249388217926,-2.266939640045166,4.0825581550598145,-0.6354770660400391,5.490936279296875,-0.12025536,0.21656927,0.033710435
872,29.6779,0.28705787658691406,0.00020513725758064538,-0.8788390159606934,-0.11198998242616653,-0.09267674386501312,0.08561845123767853,0.032593065792015735,-0.02785127002042682,1.4537740990196157,0.05948461964726448,-1.7790656089782715,4.390743732452393,-0.3546806871891022,5.532224655151367,-0.0936205,0.23105592,0.018664507
873,29.7117,0.27749931812286377,-0.005987918935716152,-0.8743283748626709,-0.12940020859241486,-0.07246463745832443,0.0719669833779335,0.02976663212116862,-0.030839399181333774,1.4539095207610464,0.05908205360174179,-0.9669638276100159,4.748518466949463,0.10990497469902039,5.588980197906494,-0.049872097,0.24490945,-0.0056684557
874,29.746,0.27749931812286377,-0.005987918935716152,-0.8743283748626709,-0.12940020859241486,-0.07246463745832443,0.0719669833779335,0.02711927106649412,-0.03323543689169966,1.4540546630404556,0.05908205360174179,-0.9636823534965515,4.784641742706299,0.09885725378990173,5.597202301025391,-0.049351517,0.24502817,-0.005062618
875,29.7797,0.26703426241874695,-0.010197500698268414,-0.8709861040115356,-0.14213576912879944,-0.04878154397010803,0.05154773220419884,0.022910621419787655,-0.03635960573063382,1.454236290626799,0.058751821517944336,-0.16276012361049652,5.004871845245361,0.5897903442382812,5.630573272705078,-0.008070007,0.24815261,-0.02924311
876,29.8137,0.26151493191719055,-0.011498037725687027,-0.8698474168777466,-0.14675982296466827,-0.03571606054902077,0.040948402136564255,0.019111925891601458,-0.03854413019379857,1.4543872918606064,0.05848756805062294,0.2353476732969284,5.068105220794678,0.8166613578796387,5.640488624572754,0.011449382,0.24655722,-0.039729595
877,29.8479,0.2543919086456299,-0.012293556705117226,-0.8689471483230591,-0.15072402358055115,-0.018704360350966454,0.02612512744963169,0.01421318150653631,-0.04069617657523196,1.454568120498623,0.05797729268670082,0.7261469960212708,5.082388877868652,1.103730320930481,5.637402534484863,0.03456985,0.24195845,-0.052545544
878,29.8818,0.24864372611045837,-0.012301808223128319,-0.8685692548751831,-0.15240322053432465,-0.004543971735984087,0.014184699393808842,0.010612757281209211,-0.041812819214356166,1.4546910253829302,0.057505492120981216,1.1093339920043945,5.037267208099365,1.333917498588562,5.620914459228516,0.05205535,0.23637311,-0.06259391
879,29.9157,0.24287199974060059,-0.011661472730338573,-0.868583083152771,-0.15276890993118286,0.00991998054087162,0.001833443297073245,0.005309921373062521,-0.04281199980465107,1.4548517471547164,0.05686609447002411,1.4948116540908813,4.960958480834961,1.557084560394287,5.598404884338379,0.06907398,0.2292417,-0.07195156
880,29.9498,0.23712025582790375,-0.01036537904292345,-0.8690574169158936,-0.15156474709510803,0.02443222887814045,-0.010078653693199158,0.0010334148889257727,-0.04301955159973071,1.454960803601355,0.05604640394449234,1.8729746341705322,4.827674388885498,1.7664687633514404,5.561211585998535,0.08558213,0.22059171,-0.080715545
881,29.9839,0.2314480096101761,-0.00838380679488182,-0.8700473308563232,-0.14898568391799927,0.03900190442800522,-0.021459760144352913,-0.002643551485958928,-0.04282729217497301,1.4550231215708629,0.05502989515662193,2.2459282875061035,4.6416449546813965,1.9517943859100342,5.510405540466309,0.10183788,0.21046767,-0.08850087
